subject_id,source_file,condition,channel_index,channel_semantic,dtype,sample_count,nan_count,inf_count,constant_channel,min,max,mean,std,median,mad,max_abs,abs_gt_1000_count,robust_extreme_count_mad20,quality_status,notes
1,data/limb/subject01/StaticP1/subject1_limb_EMG.mat,StaticP1,1,EMG electrode 1,float64,75600,0,0,False,-0.000202594,0.000136797,-3.916925935582011e-07,1.4182494408350908e-05,-1.67849e-07,4.699779e-06,0.000202594,0,13,ok,extreme thresholds are audit flags only; units differ by modality
1,data/limb/subject01/StaticP1/subject1_limb_EMG.mat,StaticP1,2,EMG electrode 2,float64,75600,0,0,False,-8.44282e-05,0.000106584,3.7991169993253967e-06,1.066740014170124e-05,3.52483e-06,3.6926899999999995e-06,0.000106584,0,0,ok,extreme thresholds are audit flags only; units differ by modality
1,data/limb/subject01/StaticP1/subject1_limb_EMG.mat,StaticP1,3,EMG electrode 3,float64,75600,0,0,False,-5.33761e-05,8.20783e-05,8.508852218822752e-06,5.507236339981052e-06,8.56031e-06,2.3498899999999986e-06,8.20783e-05,0,1,ok,extreme thresholds are audit flags only; units differ by modality
1,data/limb/subject01/StaticP1/subject1_limb_EMG.mat,StaticP1,4,EMG electrode 4,float64,75600,0,0,False,-7.15038e-05,9.9031e-06,-2.1350682844629633e-05,4.770084815089473e-06,-2.13169e-05,2.3498999999999993e-06,7.15038e-05,0,0,ok,extreme thresholds are audit flags only; units differ by modality
1,data/limb/subject01/StaticP1/subject1_limb_EMG.mat,StaticP1,5,EMG electrode 5,float64,75600,0,0,False,-5.52224e-05,8.56031e-06,-1.9285449604179898e-05,3.5448611414562023e-06,-1.93027e-05,2.1821000000000007e-06,5.52224e-05,0,0,ok,extreme thresholds are audit flags only; units differ by modality
1,data/limb/subject01/StaticP1/subject1_limb_EMG.mat,StaticP1,6,EMG electrode 6,float64,75600,0,0,False,-4.11231e-05,2.16526e-05,-8.17382888637566e-06,5.606656387351064e-06,-8.22461e-06,3.0212799999999996e-06,4.11231e-05,0,0,ok,extreme thresholds are audit flags only; units differ by modality
1,data/limb/subject01/StaticP1/subject1_limb_EMG.mat,StaticP1,7,ACC.X electrode 1,float64,75600,0,0,False,-0.7949454536455497,-0.008407751679338042,-0.5304325301750861,0.20968078947572685,-0.5969316466608641,0.07683253432269721,0.7949454536455497,0,0,ok,extreme thresholds are audit flags only; units differ by modality
1,data/limb/subject01/StaticP1/subject1_limb_EMG.mat,StaticP1,8,ACC.Y electrode 1,float64,75600,0,0,False,-1.1186498183050682,-0.09088451982044843,-0.7608028921298988,0.12086734188151088,-0.726331218243702,0.04569744751672056,1.1186498183050682,0,0,ok,extreme thresholds are audit flags only; units differ by modality
1,data/limb/subject01/StaticP1/subject1_limb_EMG.mat,StaticP1,9,ACC.Z electrode 1,float64,75600,0,0,False,-0.02967046113828947,0.31956103258906465,0.21268186068911685,0.09411685646868491,0.2500394155726948,0.031290736227601396,0.31956103258906465,0,0,ok,extreme thresholds are audit flags only; units differ by modality
1,data/limb/subject01/StaticP1/subject1_limb_EMG.mat,StaticP1,10,GYRO.X electrode 1,float64,75600,0,0,False,-26.481210345934578,11.126200029262618,-12.803700522094818,2.1074779327509487,-12.873064257723062,0.8388562717288783,26.481210345934578,0,0,ok,extreme thresholds are audit flags only; units differ by modality
1,data/limb/subject01/StaticP1/subject1_limb_EMG.mat,StaticP1,11,GYRO.Y electrode 1,float64,75600,0,0,False,-56.25522940455533,49.61117380637939,0.24957202670415288,4.836871293707433,0.1247713230889688,1.871312090086982,56.25522940455533,0,9,ok,extreme thresholds are audit flags only; units differ by modality
1,data/limb/subject01/StaticP1/subject1_limb_EMG.mat,StaticP1,12,GYRO.Z electrode 1,float64,75600,0,0,False,-18.26339492703794,58.93925829797348,-1.433204248586373,3.23193693968431,-1.6341037143217982,0.7824914970402593,58.93925829797348,0,302,ok,extreme thresholds are audit flags only; units differ by modality
1,data/limb/subject01/StaticP1/subject1_limb_EMG.mat,StaticP1,13,ACC.X electrode 2,float64,75600,0,0,False,-0.6325498596625969,-0.011593805549624702,-0.48234377889789476,0.1180014646628365,-0.5351378915119254,0.017716581404122078,0.6325498596625969,0,0,ok,extreme thresholds are audit flags only; units differ by modality
1,data/limb/subject01/StaticP1/subject1_limb_EMG.mat,StaticP1,14,ACC.Y electrode 2,float64,75600,0,0,False,-1.1247627366737092,-0.08901870862675657,-0.6703159812390601,0.15027494824163815,-0.6151268625878205,0.04147817836682399,1.1247627366737092,0,0,ok,extreme thresholds are audit flags only; units differ by modality
1,data/limb/subject01/StaticP1/subject1_limb_EMG.mat,StaticP1,15,ACC.Z electrode 2,float64,75600,0,0,False,-0.7935026824521942,-0.021573658953538518,-0.5940739833840731,0.18707651131737646,-0.6649286907209345,0.05786806641283848,0.7935026824521942,0,0,ok,extreme thresholds are audit flags only; units differ by modality
1,data/limb/subject01/StaticP1/subject1_limb_EMG.mat,StaticP1,16,GYRO.X electrode 2,float64,75600,0,0,False,-68.37950230166452,7.994707405022337,-10.115463633507936,3.128196313279621,-9.959622912990806,0.8051897723417207,68.37950230166452,0,257,ok,extreme thresholds are audit flags only; units differ by modality
1,data/limb/subject01/StaticP1/subject1_limb_EMG.mat,StaticP1,17,GYRO.Y electrode 2,float64,75600,0,0,False,-36.87177819442386,46.189565503783385,-2.834636711804688,4.989910721401222,-2.940875564819824,1.816097717397168,46.189565503783385,0,0,ok,extreme thresholds are audit flags only; units differ by modality
1,data/limb/subject01/StaticP1/subject1_limb_EMG.mat,StaticP1,18,GYRO.Z electrode 2,float64,75600,0,0,False,-13.919999081849056,32.849955095844074,-3.579635568925943,2.351491539979591,-3.686960773466553,0.764550406992315,32.849955095844074,0,181,ok,extreme thresholds are audit flags only; units differ by modality
1,data/limb/subject01/StaticP1/subject1_limb_EMG.mat,StaticP1,19,ACC.X electrode 3,float64,75600,0,0,False,0.017321681966444874,0.7089270148212565,0.4849704724324368,0.16709528194919274,0.5555639707470942,0.04292219290773158,0.7089270148212565,0,0,ok,extreme thresholds are audit flags only; units differ by modality
1,data/limb/subject01/StaticP1/subject1_limb_EMG.mat,StaticP1,20,ACC.Y electrode 3,float64,75600,0,0,False,-1.0556389125220598,-0.08740564959822436,-0.6287223887025792,0.15526020805467794,-0.5648089827772746,0.05146923943534365,1.0556389125220598,0,0,ok,extreme thresholds are audit flags only; units differ by modality
1,data/limb/subject01/StaticP1/subject1_limb_EMG.mat,StaticP1,21,ACC.Z electrode 3,float64,75600,0,0,False,-0.9622095098057625,-0.029419165326696327,-0.62375057796693,0.11495524578379447,-0.6679367064149062,0.021998929357268104,0.9622095098057625,0,0,ok,extreme thresholds are audit flags only; units differ by modality
1,data/limb/subject01/StaticP1/subject1_limb_EMG.mat,StaticP1,22,GYRO.X electrode 3,float64,75600,0,0,False,-41.12525942672072,61.58831567914897,17.014649199204165,3.3889553845693494,17.099437095964543,1.2379885531600436,61.58831567914897,0,74,ok,extreme thresholds are audit flags only; units differ by modality
1,data/limb/subject01/StaticP1/subject1_limb_EMG.mat,StaticP1,23,GYRO.Y electrode 3,float64,75600,0,0,False,-67.93345601293102,84.60804574577544,2.7548788640944424,5.67489973147639,2.8203071683664307,2.2557092875076763,84.60804574577544,0,22,ok,extreme thresholds are audit flags only; units differ by modality
1,data/limb/subject01/StaticP1/subject1_limb_EMG.mat,StaticP1,24,GYRO.Z electrode 3,float64,75600,0,0,False,-45.36208783361122,22.175210277220785,1.8246622779550599,3.122587104980313,2.0008604130434575,1.0350802517917217,45.36208783361122,0,125,ok,extreme thresholds are audit flags only; units differ by modality
1,data/limb/subject01/StaticP1/subject1_limb_EMG.mat,StaticP1,25,ACC.X electrode 4,float64,75600,0,0,False,0.017998039485948084,0.7373511952644181,0.5416389971305456,0.1428059291408807,0.604082077886769,0.02561412155952969,0.7373511952644181,0,0,ok,extreme thresholds are audit flags only; units differ by modality
1,data/limb/subject01/StaticP1/subject1_limb_EMG.mat,StaticP1,26,ACC.Y electrode 4,float64,75600,0,0,False,-1.1089883863376508,-0.09085753146190637,-0.7221999813901384,0.1292160955702214,-0.6813913815846738,0.04964464521789913,1.1089883863376508,0,0,ok,extreme thresholds are audit flags only; units differ by modality
1,data/limb/subject01/StaticP1/subject1_limb_EMG.mat,StaticP1,27,ACC.Z electrode 4,float64,75600,0,0,False,-0.11487131980535598,0.5362930262898231,0.28709633957497815,0.16560476288488038,0.3683711590943091,0.0391919358392529,0.5362930262898231,0,0,ok,extreme thresholds are audit flags only; units differ by modality
1,data/limb/subject01/StaticP1/subject1_limb_EMG.mat,StaticP1,28,GYRO.X electrode 4,float64,75600,0,0,False,-13.986623250683474,54.75436699370663,3.4497543908010573,2.983741007542064,3.2764481429592935,0.975102652242192,54.75436699370663,0,107,ok,extreme thresholds are audit flags only; units differ by modality
1,data/limb/subject01/StaticP1/subject1_limb_EMG.mat,StaticP1,29,GYRO.Y electrode 4,float64,75600,0,0,False,-29.359573397785727,67.87771505398953,6.228681222270261,5.0425308262497035,6.123364881101697,1.8319789385095984,67.87771505398953,0,15,ok,extreme thresholds are audit flags only; units differ by modality
1,data/limb/subject01/StaticP1/subject1_limb_EMG.mat,StaticP1,30,GYRO.Z electrode 4,float64,75600,0,0,False,-36.54688437566672,16.92725689540056,3.4020951019781625,2.6665281349315078,3.523975381288765,0.9446613432655275,36.54688437566672,0,139,ok,extreme thresholds are audit flags only; units differ by modality
1,data/limb/subject01/StaticP1/subject1_limb_EMG.mat,StaticP1,31,ACC.X electrode 5,float64,75600,0,0,False,-0.22899760470189562,0.022395283866042264,-0.08739587590802766,0.021830089971222672,-0.09011317807781538,0.013534101052900364,0.22899760470189562,0,0,ok,extreme thresholds are audit flags only; units differ by modality
1,data/limb/subject01/StaticP1/subject1_limb_EMG.mat,StaticP1,32,ACC.Y electrode 5,float64,75600,0,0,False,-1.1456067234816438,0.13961076289287944,-0.9780919533670993,0.06812736897159073,-0.9830732857773274,0.005359822076098808,1.1456067234816438,0,376,ok,extreme thresholds are audit flags only; units differ by modality
1,data/limb/subject01/StaticP1/subject1_limb_EMG.mat,StaticP1,33,ACC.Z electrode 5,float64,75600,0,0,False,-0.32002567848489244,0.03941620093709299,-0.2182049070057367,0.03759020768388628,-0.22317712093347367,0.030193546124166165,0.32002567848489244,0,0,ok,extreme thresholds are audit flags only; units differ by modality
1,data/limb/subject01/StaticP1/subject1_limb_EMG.mat,StaticP1,34,GYRO.X electrode 5,float64,75600,0,0,False,-8.947805669430892,24.292986240201646,5.027912907620805,1.5292083606287061,5.0120656950577995,0.6128096214376422,24.292986240201646,0,24,ok,extreme thresholds are audit flags only; units differ by modality
1,data/limb/subject01/StaticP1/subject1_limb_EMG.mat,StaticP1,35,GYRO.Y electrode 5,float64,75600,0,0,False,-15.577471209797709,27.66180660051835,5.120147101234702,2.5329069008073892,5.152304600387435,1.0062021126154725,27.66180660051835,0,0,ok,extreme thresholds are audit flags only; units differ by modality
1,data/limb/subject01/StaticP1/subject1_limb_EMG.mat,StaticP1,36,GYRO.Z electrode 5,float64,75600,0,0,False,-22.298463602031973,15.26851540941539,-2.1648681558288163,1.5985646489619232,-2.1347922325031408,0.7065778741817017,22.298463602031973,0,0,ok,extreme thresholds are audit flags only; units differ by modality
1,data/limb/subject01/StaticP1/subject1_limb_EMG.mat,StaticP1,37,ACC.X electrode 6,float64,75600,0,0,False,-0.02110110213644701,0.25679084322964163,0.16849407602759173,0.036750011070080635,0.1800540018098133,0.01918749748385029,0.25679084322964163,0,0,ok,extreme thresholds are audit flags only; units differ by modality
1,data/limb/subject01/StaticP1/subject1_limb_EMG.mat,StaticP1,38,ACC.Y electrode 6,float64,75600,0,0,False,-1.101320181876658,0.13539068720561104,-0.9275011868639901,0.06560535129782083,-0.9329206813813752,0.011867531898795747,1.101320181876658,0,359,ok,extreme thresholds are audit flags only; units differ by modality
1,data/limb/subject01/StaticP1/subject1_limb_EMG.mat,StaticP1,39,ACC.Z electrode 6,float64,75600,0,0,False,-0.4470776889865102,0.05075056862728507,-0.36786810036251394,0.04472698121429394,-0.352782862734637,0.022588662861080744,0.4470776889865102,0,0,ok,extreme thresholds are audit flags only; units differ by modality
1,data/limb/subject01/StaticP1/subject1_limb_EMG.mat,StaticP1,40,GYRO.X electrode 6,float64,75600,0,0,False,-16.840626422713516,6.246765986200315,-0.8857666475221517,1.4208550390511754,-0.8467000814314543,0.6935180005367496,16.840626422713516,0,0,ok,extreme thresholds are audit flags only; units differ by modality
1,data/limb/subject01/StaticP1/subject1_limb_EMG.mat,StaticP1,41,GYRO.Y electrode 6,float64,75600,0,0,False,-16.594129889966933,28.498802257636832,5.773908356010257,2.819899290172447,5.827952604331987,1.1336569354830601,28.498802257636832,0,0,ok,extreme thresholds are audit flags only; units differ by modality
1,data/limb/subject01/StaticP1/subject1_limb_EMG.mat,StaticP1,42,GYRO.Z electrode 6,float64,75600,0,0,False,-11.452287643251333,8.480833546778674,-0.9053875304760608,1.5676389207103292,-0.8489864378975509,0.7984777515973839,11.452287643251333,0,0,ok,extreme thresholds are audit flags only; units differ by modality
1,data/limb/subject01/StaticP2/subject1_limb_EMG.mat,StaticP2,1,EMG electrode 1,float64,75600,0,0,False,-0.000299275,0.000196384,-4.5686529652116404e-07,2.0267191019420653e-05,-1.67849e-07,4.699779e-06,0.000299275,0,134,ok,extreme thresholds are audit flags only; units differ by modality
1,data/limb/subject01/StaticP2/subject1_limb_EMG.mat,StaticP2,2,EMG electrode 2,float64,75600,0,0,False,-0.000246571,0.000277791,3.876722774708995e-06,1.271447463180944e-05,3.69268e-06,3.5248399999999995e-06,0.000277791,0,103,ok,extreme thresholds are audit flags only; units differ by modality
1,data/limb/subject01/StaticP2/subject1_limb_EMG.mat,StaticP2,3,EMG electrode 3,float64,75600,0,0,False,-8.61067e-05,0.000123873,8.479605079153438e-06,6.95072197886161e-06,8.56031e-06,2.6855899999999995e-06,0.000123873,0,22,ok,extreme thresholds are audit flags only; units differ by modality
1,data/limb/subject01/StaticP2/subject1_limb_EMG.mat,StaticP2,4,EMG electrode 4,float64,75600,0,0,False,-0.000595697,0.00106584,-2.148727478129629e-05,1.5623488500278598e-05,-2.13169e-05,2.6856e-06,0.00106584,0,120,ok,extreme thresholds are audit flags only; units differ by modality
1,data/limb/subject01/StaticP2/subject1_limb_EMG.mat,StaticP2,5,EMG electrode 5,float64,75600,0,0,False,-3.81018e-05,0.0,-1.9231810772089947e-05,4.07513809598016e-06,-1.93027e-05,2.5178000000000015e-06,3.81018e-05,0,0,ok,extreme thresholds are audit flags only; units differ by modality
1,data/limb/subject01/StaticP2/subject1_limb_EMG.mat,StaticP2,6,EMG electrode 6,float64,75600,0,0,False,-0.00014519,5.01869e-05,-8.396626816309524e-06,6.821927873756948e-06,-8.22461e-06,3.6926900000000004e-06,0.00014519,0,13,ok,extreme thresholds are audit flags only; units differ by modality
1,data/limb/subject01/StaticP2/subject1_limb_EMG.mat,StaticP2,7,ACC.X electrode 1,float64,75600,0,0,False,-1.1492211960520191,0.0024490663352737738,-0.7877289839603135,0.2672782693313511,-0.893083398329387,0.019002084861163893,1.1492211960520191,0,10283,ok,extreme thresholds are audit flags only; units differ by modality
1,data/limb/subject01/StaticP2/subject1_limb_EMG.mat,StaticP2,8,ACC.Y electrode 1,float64,75600,0,0,False,-1.1987451573045242,-0.023192303825671605,-0.39131644792365944,0.24385918987435584,-0.3096159744052107,0.04746548083264726,1.1987451573045242,0,0,ok,extreme thresholds are audit flags only; units differ by modality
1,data/limb/subject01/StaticP2/subject1_limb_EMG.mat,StaticP2,9,ACC.Z electrode 1,float64,75600,0,0,False,-0.17558849754633155,0.3517649136631794,0.23944207183183017,0.09369520064359925,0.27109027583514667,0.018264353347137302,0.3517649136631794,0,0,ok,extreme thresholds are audit flags only; units differ by modality
1,data/limb/subject01/StaticP2/subject1_limb_EMG.mat,StaticP2,10,GYRO.X electrode 1,float64,75600,0,0,False,-95.50794491935945,6.800460531544801,-12.680563608955124,2.450916830739253,-12.771707395953044,1.1682390883049791,95.50794491935945,0,1,ok,extreme thresholds are audit flags only; units differ by modality
1,data/limb/subject01/StaticP2/subject1_limb_EMG.mat,StaticP2,11,GYRO.Y electrode 1,float64,75600,0,0,False,-59.84771571690294,126.86558731541274,0.38785941778792526,5.515640021866539,0.38748296060847676,1.835575752178893,126.86558731541274,0,40,ok,extreme thresholds are audit flags only; units differ by modality
1,data/limb/subject01/StaticP2/subject1_limb_EMG.mat,StaticP2,12,GYRO.Z electrode 1,float64,75600,0,0,False,-152.52797275532293,70.23294125488115,-1.8360281360290387,2.4483228689573586,-1.7782765744546571,0.886631460191023,152.52797275532293,0,13,ok,extreme thresholds are audit flags only; units differ by modality
1,data/limb/subject01/StaticP2/subject1_limb_EMG.mat,StaticP2,13,ACC.X electrode 2,float64,75600,0,0,False,-0.7475442986820569,0.0027945682858636716,-0.5379154479814826,0.1271282663695845,-0.5823902099597831,0.025942737029847507,0.7475442986820569,0,0,ok,extreme thresholds are audit flags only; units differ by modality
1,data/limb/subject01/StaticP2/subject1_limb_EMG.mat,StaticP2,14,ACC.Y electrode 2,float64,75600,0,0,False,-1.1717278163372682,-0.01733654585598517,-0.27727432776215954,0.2779465729323767,-0.17810031592412828,0.04233690665994677,1.1717278163372682,0,0,ok,extreme thresholds are audit flags only; units differ by modality
1,data/limb/subject01/StaticP2/subject1_limb_EMG.mat,StaticP2,15,ACC.Z electrode 2,float64,75600,0,0,False,-0.9682097248437592,-0.018729088833313857,-0.7952152988382053,0.22734588982387707,-0.8792157208131466,0.01594551859341803,0.9682097248437592,0,10283,ok,extreme thresholds are audit flags only; units differ by modality
1,data/limb/subject01/StaticP2/subject1_limb_EMG.mat,StaticP2,16,GYRO.X electrode 2,float64,75600,0,0,False,-70.05076335797054,115.08889293259196,-9.704760353794903,2.3114179458043487,-9.762666031423489,1.0343690054657824,115.08889293259196,0,13,ok,extreme thresholds are audit flags only; units differ by modality
1,data/limb/subject01/StaticP2/subject1_limb_EMG.mat,StaticP2,17,GYRO.Y electrode 2,float64,75600,0,0,False,-55.817464968461294,66.99776819669405,-2.557730626870392,5.419408659509807,-2.6543990636411063,1.9327476522079015,66.99776819669405,0,5,ok,extreme thresholds are audit flags only; units differ by modality
1,data/limb/subject01/StaticP2/subject1_limb_EMG.mat,StaticP2,18,GYRO.Z electrode 2,float64,75600,0,0,False,-123.1430726033165,29.71929072171299,-3.488629739951574,2.461563558818202,-3.5953366830432767,1.0367746562615845,123.1430726033165,0,6,ok,extreme thresholds are audit flags only; units differ by modality
1,data/limb/subject01/StaticP2/subject1_limb_EMG.mat,StaticP2,19,ACC.X electrode 3,float64,75600,0,0,False,0.020806873689774394,0.9300786517657541,0.6943854652944903,0.22064954236361284,0.7759890994707057,0.03942815316002568,0.9300786517657541,0,0,ok,extreme thresholds are audit flags only; units differ by modality
1,data/limb/subject01/StaticP2/subject1_limb_EMG.mat,StaticP2,20,ACC.Y electrode 3,float64,75600,0,0,False,-1.1452761875458832,0.09080532028790426,-0.20823591769893623,0.29300765411239466,-0.10371557737624817,0.0383606318922534,1.1452761875458832,0,0,ok,extreme thresholds are audit flags only; units differ by modality
1,data/limb/subject01/StaticP2/subject1_limb_EMG.mat,StaticP2,21,ACC.Z electrode 3,float64,75600,0,0,False,-1.02265780425927,-0.01918995548703797,-0.648076046401506,0.12152197649623148,-0.6750863915180133,0.044069908182526096,1.02265780425927,0,0,ok,extreme thresholds are audit flags only; units differ by modality
1,data/limb/subject01/StaticP2/subject1_limb_EMG.mat,StaticP2,22,GYRO.X electrode 3,float64,75600,0,0,False,-18.914354882010382,104.7979213356109,17.00281717517601,3.2947342232740806,17.032286906514294,1.623866043942983,104.7979213356109,0,1,ok,extreme thresholds are audit flags only; units differ by modality
1,data/limb/subject01/StaticP2/subject1_limb_EMG.mat,StaticP2,23,GYRO.Y electrode 3,float64,75600,0,0,False,-54.451611631105244,59.371227631504915,2.9478226316324827,6.650375704831542,3.0952441996632816,2.6909291209567923,59.371227631504915,0,0,ok,extreme thresholds are audit flags only; units differ by modality
1,data/limb/subject01/StaticP2/subject1_limb_EMG.mat,StaticP2,24,GYRO.Z electrode 3,float64,75600,0,0,False,-65.6531080731605,123.11403987145822,2.3516802121331386,3.056856130954606,2.2500241045396434,1.3155451549329178,123.11403987145822,0,13,ok,extreme thresholds are audit flags only; units differ by modality
1,data/limb/subject01/StaticP2/subject1_limb_EMG.mat,StaticP2,25,ACC.X electrode 4,float64,75600,0,0,False,0.009501903635996602,0.7862693244160154,0.6336513380861281,0.15961650714679151,0.6977785319009928,0.0272731054498897,0.7862693244160154,0,0,ok,extreme thresholds are audit flags only; units differ by modality
1,data/limb/subject01/StaticP2/subject1_limb_EMG.mat,StaticP2,26,ACC.Y electrode 4,float64,75600,0,0,False,-1.1972548294231649,-0.019297012210645698,-0.3542342460387784,0.25049889108976925,-0.2722987562215142,0.03496572085566067,1.1972548294231649,0,0,ok,extreme thresholds are audit flags only; units differ by modality
1,data/limb/subject01/StaticP2/subject1_limb_EMG.mat,StaticP2,27,ACC.Z electrode 4,float64,75600,0,0,False,-0.11965489191036963,0.8147847977270832,0.5127476345519041,0.22118435016015436,0.5940462134508866,0.02641270335450141,0.8147847977270832,0,0,ok,extreme thresholds are audit flags only; units differ by modality
1,data/limb/subject01/StaticP2/subject1_limb_EMG.mat,StaticP2,28,GYRO.X electrode 4,float64,75600,0,0,False,-93.23912680220435,57.94692769405204,2.963452757753436,2.8435048351627543,3.0842800645818604,1.2220584352071366,93.23912680220435,0,13,ok,extreme thresholds are audit flags only; units differ by modality
1,data/limb/subject01/StaticP2/subject1_limb_EMG.mat,StaticP2,29,GYRO.Y electrode 4,float64,75600,0,0,False,-49.80081828456326,79.89581260026846,6.374548648823507,5.710606424438027,6.3112085457466875,1.873339658132565,79.89581260026846,0,52,ok,extreme thresholds are audit flags only; units differ by modality
1,data/limb/subject01/StaticP2/subject1_limb_EMG.mat,StaticP2,30,GYRO.Z electrode 4,float64,75600,0,0,False,-37.54683153831016,134.96378582564142,3.4053462039949047,2.705813886975142,3.4874195723908707,1.0763246632495942,134.96378582564142,0,13,ok,extreme thresholds are audit flags only; units differ by modality
1,data/limb/subject01/StaticP2/subject1_limb_EMG.mat,StaticP2,31,ACC.X electrode 5,float64,75600,0,0,False,-0.24381598219456505,0.14344692127848657,-0.09041148034610379,0.029261231333186043,-0.08355699162840048,0.015140519445679526,0.24381598219456505,0,0,ok,extreme thresholds are audit flags only; units differ by modality
1,data/limb/subject01/StaticP2/subject1_limb_EMG.mat,StaticP2,32,ACC.Y electrode 5,float64,75600,0,0,False,-1.1812326352503746,0.1391212628962955,-0.9805406458537075,0.06263803072290833,-0.985195254536446,0.005329570044955545,1.1812326352503746,0,348,ok,extreme thresholds are audit flags only; units differ by modality
1,data/limb/subject01/StaticP2/subject1_limb_EMG.mat,StaticP2,33,ACC.Z electrode 5,float64,75600,0,0,False,-0.31296530620695456,0.0343127966967302,-0.20971477918447312,0.027343264885843155,-0.21051372994854445,0.018541922479576423,0.31296530620695456,0,0,ok,extreme thresholds are audit flags only; units differ by modality
1,data/limb/subject01/StaticP2/subject1_limb_EMG.mat,StaticP2,34,GYRO.X electrode 5,float64,75600,0,0,False,-16.353844681707802,20.75911343243246,5.0464767668244175,2.3624541529382483,5.0539408645330965,0.8030976836946286,20.75911343243246,0,0,ok,extreme thresholds are audit flags only; units differ by modality
1,data/limb/subject01/StaticP2/subject1_limb_EMG.mat,StaticP2,35,GYRO.Y electrode 5,float64,75600,0,0,False,-19.342308967845145,43.307584877540656,5.391149863571871,3.7750715920853763,5.3691657544166125,1.4428246519373071,43.307584877540656,0,0,ok,extreme thresholds are audit flags only; units differ by modality
1,data/limb/subject01/StaticP2/subject1_limb_EMG.mat,StaticP2,36,GYRO.Z electrode 5,float64,75600,0,0,False,-14.560345442177598,23.997250156915175,-2.103599714514972,1.8780656680236723,-2.1924609218414544,0.7493741766399995,23.997250156915175,0,57,ok,extreme thresholds are audit flags only; units differ by modality
1,data/limb/subject01/StaticP2/subject1_limb_EMG.mat,StaticP2,37,ACC.X electrode 6,float64,75600,0,0,False,-0.07577844508928899,0.2866004447511397,0.18326291939014985,0.04142647984339546,0.18722427956098625,0.017654620299821247,0.2866004447511397,0,0,ok,extreme thresholds are audit flags only; units differ by modality
1,data/limb/subject01/StaticP2/subject1_limb_EMG.mat,StaticP2,38,ACC.Y electrode 6,float64,75600,0,0,False,-1.1037851581574007,0.1348204752911348,-0.9424894728843142,0.06006536858855867,-0.9459492127144076,0.005313669302115687,1.1037851581574007,0,306,ok,extreme thresholds are audit flags only; units differ by modality
1,data/limb/subject01/StaticP2/subject1_limb_EMG.mat,StaticP2,39,ACC.Z electrode 6,float64,75600,0,0,False,-0.45485682539862105,0.055980857591595386,-0.31119224909292387,0.0380486146691212,-0.32076949631433127,0.025857654886530135,0.45485682539862105,0,0,ok,extreme thresholds are audit flags only; units differ by modality
1,data/limb/subject01/StaticP2/subject1_limb_EMG.mat,StaticP2,40,GYRO.X electrode 6,float64,75600,0,0,False,-21.062865228487343,21.5209357762786,-0.9088779886344593,2.194678136471366,-0.9152495651935703,0.8012199887344595,21.5209357762786,0,0,ok,extreme thresholds are audit flags only; units differ by modality
1,data/limb/subject01/StaticP2/subject1_limb_EMG.mat,StaticP2,41,GYRO.Y electrode 6,float64,75600,0,0,False,-17.645648140288078,45.483732314179186,6.089909928656559,4.20208583196549,6.040652734046465,1.5579959050769525,45.483732314179186,0,0,ok,extreme thresholds are audit flags only; units differ by modality
1,data/limb/subject01/StaticP2/subject1_limb_EMG.mat,StaticP2,42,GYRO.Z electrode 6,float64,75600,0,0,False,-15.178303829488865,15.805655465310823,-0.828134839453182,1.864260630464954,-0.8220061353029618,0.8266550555610594,15.805655465310823,0,0,ok,extreme thresholds are audit flags only; units differ by modality
1,data/limb/subject01/StaticP3/subject1_limb_EMG.mat,StaticP3,1,EMG electrode 1,float64,75600,0,0,False,-0.000219883,0.000159289,-5.526479843650794e-07,1.8348180917352657e-05,-3.35698e-07,5.539022e-06,0.000219883,0,22,ok,extreme thresholds are audit flags only; units differ by modality
1,data/limb/subject01/StaticP3/subject1_limb_EMG.mat,StaticP3,2,EMG electrode 2,float64,75600,0,0,False,-9.41634e-05,0.000140154,3.872015835462962e-06,1.2325526722296997e-05,3.52483e-06,4.028378e-06,0.000140154,0,6,ok,extreme thresholds are audit flags only; units differ by modality
1,data/limb/subject01/StaticP3/subject1_limb_EMG.mat,StaticP3,3,EMG electrode 3,float64,75600,0,0,False,-6.09293e-05,6.74754e-05,8.52556164468254e-06,7.554993956144505e-06,8.56031e-06,3.3569899999999995e-06,6.74754e-05,0,0,ok,extreme thresholds are audit flags only; units differ by modality
1,data/limb/subject01/StaticP3/subject1_limb_EMG.mat,StaticP3,4,EMG electrode 4,float64,75600,0,0,False,-8.10712e-05,3.64233e-05,-2.1509303347367723e-05,5.686956329546463e-06,-2.16526e-05,3.021200000000001e-06,8.10712e-05,0,0,ok,extreme thresholds are audit flags only; units differ by modality
1,data/limb/subject01/StaticP3/subject1_limb_EMG.mat,StaticP3,5,EMG electrode 5,float64,75600,0,0,False,-4.64942e-05,6.04257e-06,-1.9163551251203704e-05,5.564047049783525e-06,-1.91348e-05,3.357000000000002e-06,4.64942e-05,0,0,ok,extreme thresholds are audit flags only; units differ by modality
1,data/limb/subject01/StaticP3/subject1_limb_EMG.mat,StaticP3,6,EMG electrode 6,float64,75600,0,0,False,-5.18654e-05,3.87732e-05,-8.319975618783069e-06,5.805633744566938e-06,-8.22461e-06,3.6926799999999997e-06,5.18654e-05,0,0,ok,extreme thresholds are audit flags only; units differ by modality
1,data/limb/subject01/StaticP3/subject1_limb_EMG.mat,StaticP3,7,ACC.X electrode 1,float64,75600,0,0,False,-0.9276643082621487,0.06362675476112971,-0.6729722684042312,0.21620318878785091,-0.7423352457115686,0.044725867041734924,0.9276643082621487,0,0,ok,extreme thresholds are audit flags only; units differ by modality
1,data/limb/subject01/StaticP3/subject1_limb_EMG.mat,StaticP3,8,ACC.Y electrode 1,float64,75600,0,0,False,-1.2444723701563025,0.5565263003360191,0.20149484339775514,0.45096792795385277,0.36191377163145205,0.0410328149810254,1.2444723701563025,0,9311,ok,extreme thresholds are audit flags only; units differ by modality
1,data/limb/subject01/StaticP3/subject1_limb_EMG.mat,StaticP3,9,ACC.Z electrode 1,float64,75600,0,0,False,-0.1651500742263918,0.5762948443209752,0.42917382061212545,0.15254248022445407,0.49041510148853074,0.027217940201355595,0.5762948443209752,0,0,ok,extreme thresholds are audit flags only; units differ by modality
1,data/limb/subject01/StaticP3/subject1_limb_EMG.mat,StaticP3,10,GYRO.X electrode 1,float64,75600,0,0,False,-34.41517450112426,43.94356939255772,-12.949706226276078,3.185962537611771,-12.892417793963965,1.0219097811739717,43.94356939255772,0,178,ok,extreme thresholds are audit flags only; units differ by modality
1,data/limb/subject01/StaticP3/subject1_limb_EMG.mat,StaticP3,11,GYRO.Y electrode 1,float64,75600,0,0,False,-65.42762992976662,96.08133938618731,0.4052143595835947,5.713326590240188,0.3434462109164332,1.3716926333790416,96.08133938618731,0,228,ok,extreme thresholds are audit flags only; units differ by modality
1,data/limb/subject01/StaticP3/subject1_limb_EMG.mat,StaticP3,12,GYRO.Z electrode 1,float64,75600,0,0,False,-30.280774000262742,184.44265035882768,-1.7785616324145659,4.10874502935553,-1.9516164679409616,0.9719849430143245,184.44265035882768,0,34,ok,extreme thresholds are audit flags only; units differ by modality
1,data/limb/subject01/StaticP3/subject1_limb_EMG.mat,StaticP3,13,ACC.X electrode 2,float64,75600,0,0,False,-0.6628559443874962,0.0025198721780795943,-0.534080459789869,0.10894402731322367,-0.5717791123830867,0.016068354497780046,0.6628559443874962,0,86,ok,extreme thresholds are audit flags only; units differ by modality
1,data/limb/subject01/StaticP3/subject1_limb_EMG.mat,StaticP3,14,ACC.Y electrode 2,float64,75600,0,0,False,-1.19465348260216,0.6698845411670598,0.3265101472028079,0.487747164356961,0.5050260784675125,0.04263595481952426,1.19465348260216,0,9311,ok,extreme thresholds are audit flags only; units differ by modality
1,data/limb/subject01/StaticP3/subject1_limb_EMG.mat,StaticP3,15,ACC.Z electrode 2,float64,75600,0,0,False,-0.8779780492494637,-0.01119151208963551,-0.6693089579834595,0.17640506962632588,-0.7279306810461219,0.03368294011207035,0.8779780492494637,0,0,ok,extreme thresholds are audit flags only; units differ by modality
1,data/limb/subject01/StaticP3/subject1_limb_EMG.mat,StaticP3,16,GYRO.X electrode 2,float64,75600,0,0,False,-178.07442027649802,18.207250399649006,-9.773579098309652,3.903048854109916,-9.654095661905593,1.0351710628968158,178.07442027649802,0,34,ok,extreme thresholds are audit flags only; units differ by modality
1,data/limb/subject01/StaticP3/subject1_limb_EMG.mat,StaticP3,17,GYRO.Y electrode 2,float64,75600,0,0,False,-91.58599757345824,87.13582132751205,-2.673254814333676,6.028975846110001,-2.7396888627067817,1.6011037025562351,91.58599757345824,0,177,ok,extreme thresholds are audit flags only; units differ by modality
1,data/limb/subject01/StaticP3/subject1_limb_EMG.mat,StaticP3,18,GYRO.Z electrode 2,float64,75600,0,0,False,-28.068370592677308,108.82928524436889,-3.7149121029089582,3.6268111609440434,-3.70248580762301,0.9074399833371918,108.82928524436889,0,221,ok,extreme thresholds are audit flags only; units differ by modality
1,data/limb/subject01/StaticP3/subject1_limb_EMG.mat,StaticP3,19,ACC.X electrode 3,float64,75600,0,0,False,-0.16759271706345832,0.7598341893433026,0.49738970309379943,0.1494879688884734,0.5296532264362152,0.05306052824770102,0.7598341893433026,0,0,ok,extreme thresholds are audit flags only; units differ by modality
1,data/limb/subject01/StaticP3/subject1_limb_EMG.mat,StaticP3,20,ACC.Y electrode 3,float64,75600,0,0,False,-1.3363487819584157,0.697955034149179,0.37568119977303027,0.49479117923849275,0.5553486558479859,0.041782734090103135,1.3363487819584157,0,9311,ok,extreme thresholds are audit flags only; units differ by modality
1,data/limb/subject01/StaticP3/subject1_limb_EMG.mat,StaticP3,21,ACC.Z electrode 3,float64,75600,0,0,False,-0.8581276214049423,-0.0288561081496799,-0.6601649067302332,0.10435312998479912,-0.6883426663543375,0.021382859864868042,0.8581276214049423,0,1,ok,extreme thresholds are audit flags only; units differ by modality
1,data/limb/subject01/StaticP3/subject1_limb_EMG.mat,StaticP3,22,GYRO.X electrode 3,float64,75600,0,0,False,-110.42533204538556,54.67444504184007,17.16129502571802,4.73567815300152,17.24942207396574,1.2216441528269204,110.42533204538556,0,197,ok,extreme thresholds are audit flags only; units differ by modality
1,data/limb/subject01/StaticP3/subject1_limb_EMG.mat,StaticP3,23,GYRO.Y electrode 3,float64,75600,0,0,False,-54.3048235455868,88.29108152691627,3.0383941205741416,6.3031997027205735,2.843417871516699,1.7372344766789491,88.29108152691627,0,147,ok,extreme thresholds are audit flags only; units differ by modality
1,data/limb/subject01/StaticP3/subject1_limb_EMG.mat,StaticP3,24,GYRO.Z electrode 3,float64,75600,0,0,False,-168.10898884744068,42.895229979764196,2.1653979638839758,4.152858197786032,2.2999677322519334,1.1138084541404418,168.10898884744068,0,81,ok,extreme thresholds are audit flags only; units differ by modality
1,data/limb/subject01/StaticP3/subject1_limb_EMG.mat,StaticP3,25,ACC.X electrode 4,float64,75600,0,0,False,0.01928825060579766,0.9105213716459879,0.6305147374624159,0.144363536860866,0.6789395801802205,0.015078636702884063,0.9105213716459879,0,1239,ok,extreme thresholds are audit flags only; units differ by modality
1,data/limb/subject01/StaticP3/subject1_limb_EMG.mat,StaticP3,26,ACC.Y electrode 4,float64,75600,0,0,False,-1.2933498623726931,0.9101531161352128,0.21097755657679423,0.4496829064841074,0.3598187304044923,0.059837628775363444,1.2933498623726931,0,0,ok,extreme thresholds are audit flags only; units differ by modality
1,data/limb/subject01/StaticP3/subject1_limb_EMG.mat,StaticP3,27,ACC.Z electrode 4,float64,75600,0,0,False,-0.18811451931768214,0.9730430385416435,0.4690778896617244,0.2023363441809536,0.5317654315999296,0.05090820119761502,0.9730430385416435,0,0,ok,extreme thresholds are audit flags only; units differ by modality
1,data/limb/subject01/StaticP3/subject1_limb_EMG.mat,StaticP3,28,GYRO.X electrode 4,float64,75600,0,0,False,-190.21383808202026,126.71854488600982,3.0123905578603956,5.088710397863486,2.9082842074317306,1.4905020647799203,190.21383808202026,0,75,ok,extreme thresholds are audit flags only; units differ by modality
1,data/limb/subject01/StaticP3/subject1_limb_EMG.mat,StaticP3,29,GYRO.Y electrode 4,float64,75600,0,0,False,-67.9084652918544,126.42602977379023,6.392656155195025,7.15508108293411,6.136924720788862,1.3671625836297037,126.42602977379023,0,516,ok,extreme thresholds are audit flags only; units differ by modality
1,data/limb/subject01/StaticP3/subject1_limb_EMG.mat,StaticP3,30,GYRO.Z electrode 4,float64,75600,0,0,False,-142.43377254333274,60.130165411932154,3.649242720556842,4.579095329465544,3.631991512101335,1.3333033758371813,142.43377254333274,0,94,ok,extreme thresholds are audit flags only; units differ by modality
1,data/limb/subject01/StaticP3/subject1_limb_EMG.mat,StaticP3,31,ACC.X electrode 5,float64,75600,0,0,False,-0.31563349025544124,0.17884637377982604,-0.14538563217430323,0.038253904101789936,-0.15209355718553802,0.014215001266204771,0.31563349025544124,0,0,ok,extreme thresholds are audit flags only; units differ by modality
1,data/limb/subject01/StaticP3/subject1_limb_EMG.mat,StaticP3,32,ACC.Y electrode 5,float64,75600,0,0,False,-1.3560557494430345,0.1362786419655625,-0.9323813908540683,0.06207703848070154,-0.9312903536729543,0.007039100838072021,1.3560557494430345,0,367,ok,extreme thresholds are audit flags only; units differ by modality
1,data/limb/subject01/StaticP3/subject1_limb_EMG.mat,StaticP3,33,ACC.Z electrode 5,float64,75600,0,0,False,-0.45587260414217495,0.03783547905295794,-0.3813038519697878,0.06551220112372369,-0.40199273359070065,0.01640779389727537,0.45587260414217495,0,0,ok,extreme thresholds are audit flags only; units differ by modality
1,data/limb/subject01/StaticP3/subject1_limb_EMG.mat,StaticP3,34,GYRO.X electrode 5,float64,75600,0,0,False,-34.19712678201708,27.14832510718986,4.925030495961762,2.257802158172283,5.0660199169029445,0.7218235046659616,34.19712678201708,0,40,ok,extreme thresholds are audit flags only; units differ by modality
1,data/limb/subject01/StaticP3/subject1_limb_EMG.mat,StaticP3,35,GYRO.Y electrode 5,float64,75600,0,0,False,-25.682840827943387,84.13596731187076,5.324850571324203,4.374701733446133,5.387691052759478,1.2982209482433515,84.13596731187076,0,91,ok,extreme thresholds are audit flags only; units differ by modality
1,data/limb/subject01/StaticP3/subject1_limb_EMG.mat,StaticP3,36,GYRO.Z electrode 5,float64,75600,0,0,False,-24.13733845167145,35.55238058996295,-2.229721197299494,2.7463807652759615,-2.1462164953126415,0.7479585424774366,35.55238058996295,0,187,ok,extreme thresholds are audit flags only; units differ by modality
1,data/limb/subject01/StaticP3/subject1_limb_EMG.mat,StaticP3,37,ACC.X electrode 6,float64,75600,0,0,False,-0.09056962688388352,0.5413801135347742,0.3032529327804634,0.07254404811144795,0.32607020096962036,0.026472034639792114,0.5413801135347742,0,0,ok,extreme thresholds are audit flags only; units differ by modality
1,data/limb/subject01/StaticP3/subject1_limb_EMG.mat,StaticP3,38,ACC.Y electrode 6,float64,75600,0,0,False,-1.2413482339797928,0.2537005738455638,-0.9252883512584773,0.06210263559351618,-0.9256249046701166,0.012051609819462794,1.2413482339797928,0,309,ok,extreme thresholds are audit flags only; units differ by modality
1,data/limb/subject01/StaticP3/subject1_limb_EMG.mat,StaticP3,39,ACC.Z electrode 6,float64,75600,0,0,False,-1.2655011322802878,0.0485691292842156,-0.22889016772976878,0.05817013617571554,-0.23072474293548045,0.03323406555535499,1.2655011322802878,0,3,ok,extreme thresholds are audit flags only; units differ by modality
1,data/limb/subject01/StaticP3/subject1_limb_EMG.mat,StaticP3,40,GYRO.X electrode 6,float64,75600,0,0,False,-77.8934110709215,67.36047731088041,-0.7810244219062243,3.3740937830220505,-0.8693251009400464,0.948727936287987,77.8934110709215,0,204,ok,extreme thresholds are audit flags only; units differ by modality
1,data/limb/subject01/StaticP3/subject1_limb_EMG.mat,StaticP3,41,GYRO.Y electrode 6,float64,75600,0,0,False,-28.683216595324307,107.47486164328356,6.119908677889782,5.157884220985347,6.261123828230241,1.2477849132321728,107.47486164328356,0,124,ok,extreme thresholds are audit flags only; units differ by modality
1,data/limb/subject01/StaticP3/subject1_limb_EMG.mat,StaticP3,42,GYRO.Z electrode 6,float64,75600,0,0,False,-41.677992364658046,19.27896970532957,-0.806061767888667,3.052424297914932,-0.9022364340163411,1.061801791207642,41.677992364658046,0,23,ok,extreme thresholds are audit flags only; units differ by modality
1,data/limb/subject01/StaticP4/subject1_limb_EMG.mat,StaticP4,1,EMG electrode 1,float64,75600,0,0,False,-0.000152575,0.00010457,-5.265736847883599e-07,1.312753808823631e-05,-1.67849e-07,4.364081e-06,0.000152575,0,6,ok,extreme thresholds are audit flags only; units differ by modality
1,data/limb/subject01/StaticP4/subject1_limb_EMG.mat,StaticP4,2,EMG electrode 2,float64,75600,0,0,False,-0.000109941,0.000160632,3.881369707486772e-06,1.50896178655783e-05,3.52483e-06,5.706880000000001e-06,0.000160632,0,0,ok,extreme thresholds are audit flags only; units differ by modality
1,data/limb/subject01/StaticP4/subject1_limb_EMG.mat,StaticP4,3,EMG electrode 3,float64,75600,0,0,False,-6.37827e-05,9.71847e-05,8.453530763743388e-06,6.2302651721587735e-06,8.39246e-06,3.0212800000000005e-06,9.71847e-05,0,0,ok,extreme thresholds are audit flags only; units differ by modality
1,data/limb/subject01/StaticP4/subject1_limb_EMG.mat,StaticP4,4,EMG electrode 4,float64,75600,0,0,False,-0.000214343,0.000377661,-2.134915788292328e-05,7.303464153540276e-06,-2.13169e-05,3.1892e-06,0.000377661,0,36,ok,extreme thresholds are audit flags only; units differ by modality
1,data/limb/subject01/StaticP4/subject1_limb_EMG.mat,StaticP4,5,EMG electrode 5,float64,75600,0,0,False,-8.20783e-05,3.0045e-05,-1.9151582355582014e-05,5.316812685927581e-06,-1.91348e-05,3.189100000000003e-06,8.20783e-05,0,0,ok,extreme thresholds are audit flags only; units differ by modality
1,data/limb/subject01/StaticP4/subject1_limb_EMG.mat,StaticP4,6,EMG electrode 6,float64,75600,0,0,False,-2.76951e-05,1.99741e-05,-8.184576388571427e-06,2.867930053473636e-06,-8.22461e-06,1.8463900000000008e-06,2.76951e-05,0,0,ok,extreme thresholds are audit flags only; units differ by modality
1,data/limb/subject01/StaticP4/subject1_limb_EMG.mat,StaticP4,7,ACC.X electrode 1,float64,75600,0,0,False,-0.2467231733586616,0.06484889719121437,-0.12939294314996383,0.025756434088414548,-0.12825217233140196,0.019071545113197294,0.2467231733586616,0,0,ok,extreme thresholds are audit flags only; units differ by modality
1,data/limb/subject01/StaticP4/subject1_limb_EMG.mat,StaticP4,8,ACC.Y electrode 1,float64,75600,0,0,False,-1.1350680176595613,-0.09027038637140564,-0.9851969801883979,0.009319277689090999,-0.9845841739438355,0.004532319424919107,1.1350680176595613,0,6,ok,extreme thresholds are audit flags only; units differ by modality
1,data/limb/subject01/StaticP4/subject1_limb_EMG.mat,StaticP4,9,ACC.Z electrode 1,float64,75600,0,0,False,-0.01673548582760179,0.12580888007678143,0.06428589952834352,0.01818819619474842,0.06642084089110482,0.01009927746559957,0.12580888007678143,0,0,ok,extreme thresholds are audit flags only; units differ by modality
1,data/limb/subject01/StaticP4/subject1_limb_EMG.mat,StaticP4,10,GYRO.X electrode 1,float64,75600,0,0,False,-44.45977628188505,-0.8053501288751898,-12.876922877005237,1.3967903806281188,-12.89843299559071,0.722979605880588,44.45977628188505,0,1,ok,extreme thresholds are audit flags only; units differ by modality
1,data/limb/subject01/StaticP4/subject1_limb_EMG.mat,StaticP4,11,GYRO.Y electrode 1,float64,75600,0,0,False,-25.964656729210084,39.314030277877315,0.15899757101366996,4.68623224642222,0.3993094906897182,2.511810548288243,39.314030277877315,0,0,ok,extreme thresholds are audit flags only; units differ by modality
1,data/limb/subject01/StaticP4/subject1_limb_EMG.mat,StaticP4,12,GYRO.Z electrode 1,float64,75600,0,0,False,-12.39959371181494,28.95846744711162,-1.68342949752571,1.7856741800054943,-1.7586156034533404,0.8574791117059108,28.95846744711162,0,1,ok,extreme thresholds are audit flags only; units differ by modality
1,data/limb/subject01/StaticP4/subject1_limb_EMG.mat,StaticP4,13,ACC.X electrode 2,float64,75600,0,0,False,-0.3888220592418572,-0.010562271524608754,-0.28752023844759583,0.022972565274086133,-0.2890515935043375,0.012170942438628013,0.3888220592418572,0,0,ok,extreme thresholds are audit flags only; units differ by modality
1,data/limb/subject01/StaticP4/subject1_limb_EMG.mat,StaticP4,14,ACC.Y electrode 2,float64,75600,0,0,False,-1.1008076337530173,-0.08646367349871781,-0.9518201850059699,0.009595868285228043,-0.951016372812028,0.004276280188581505,1.1008076337530173,0,8,ok,extreme thresholds are audit flags only; units differ by modality
1,data/limb/subject01/StaticP4/subject1_limb_EMG.mat,StaticP4,15,ACC.Z electrode 2,float64,75600,0,0,False,-0.32887768944608,-0.017710739282647183,-0.2256411065578279,0.017136044338839588,-0.22747705798240436,0.012457122185566771,0.32887768944608,0,0,ok,extreme thresholds are audit flags only; units differ by modality
1,data/limb/subject01/StaticP4/subject1_limb_EMG.mat,StaticP4,16,GYRO.X electrode 2,float64,75600,0,0,False,-47.729751090336244,-0.08081833315934339,-9.949428471605284,1.7816952346695998,-9.852763514527812,0.8556374200284225,47.729751090336244,0,1,ok,extreme thresholds are audit flags only; units differ by modality
1,data/limb/subject01/StaticP4/subject1_limb_EMG.mat,StaticP4,17,GYRO.Y electrode 2,float64,75600,0,0,False,-40.29211889573871,41.965783955571524,-2.936508626952078,4.616030691060936,-2.8067677348755256,2.407483478059706,41.965783955571524,0,0,ok,extreme thresholds are audit flags only; units differ by modality
1,data/limb/subject01/StaticP4/subject1_limb_EMG.mat,StaticP4,18,GYRO.Z electrode 2,float64,75600,0,0,False,-28.444470331648656,3.6014677757952214,-3.635004597208281,1.465100670857693,-3.6891770956171603,0.7857182542077801,28.444470331648656,0,1,ok,extreme thresholds are audit flags only; units differ by modality
1,data/limb/subject01/StaticP4/subject1_limb_EMG.mat,StaticP4,19,ACC.X electrode 3,float64,75600,0,0,False,0.010324349329205602,0.24126416425318886,0.1507568540715837,0.03182776839027443,0.1573591292448253,0.023518100057778324,0.24126416425318886,0,0,ok,extreme thresholds are audit flags only; units differ by modality
1,data/limb/subject01/StaticP4/subject1_limb_EMG.mat,StaticP4,20,ACC.Y electrode 3,float64,75600,0,0,False,-1.0762592737837675,-0.08299945375481475,-0.9163090890315545,0.014260164503424985,-0.9159968531533771,0.00876016875229707,1.0762592737837675,0,2,ok,extreme thresholds are audit flags only; units differ by modality
1,data/limb/subject01/StaticP4/subject1_limb_EMG.mat,StaticP4,21,ACC.Z electrode 3,float64,75600,0,0,False,-0.6279592245197406,-0.02903741045155704,-0.4354145614627296,0.024905540833374172,-0.437235001308169,0.013320530436953748,0.6279592245197406,0,1,ok,extreme thresholds are audit flags only; units differ by modality
1,data/limb/subject01/StaticP4/subject1_limb_EMG.mat,StaticP4,22,GYRO.X electrode 3,float64,75600,0,0,False,0.48375969639817207,66.24245820110951,17.092603052965305,2.7414120988508475,17.065883375849765,1.309874109740357,66.24245820110951,0,1,ok,extreme thresholds are audit flags only; units differ by modality
1,data/limb/subject01/StaticP4/subject1_limb_EMG.mat,StaticP4,23,GYRO.Y electrode 3,float64,75600,0,0,False,-47.41309055461022,31.68731075478109,2.6672139934960497,6.344057828381374,2.931544406532623,3.1406684542163648,47.41309055461022,0,0,ok,extreme thresholds are audit flags only; units differ by modality
1,data/limb/subject01/StaticP4/subject1_limb_EMG.mat,StaticP4,24,GYRO.Z electrode 3,float64,75600,0,0,False,-48.09267910986131,11.831637197741276,2.1225799591105194,2.041070099810897,2.238955570179043,1.0235883825318983,48.09267910986131,0,1,ok,extreme thresholds are audit flags only; units differ by modality
1,data/limb/subject01/StaticP4/subject1_limb_EMG.mat,StaticP4,25,ACC.X electrode 4,float64,75600,0,0,False,0.019904955721016748,0.3976609184503087,0.27773604949567204,0.019672890753708837,0.28026989279044107,0.008989115753956806,0.3976609184503087,0,0,ok,extreme thresholds are audit flags only; units differ by modality
1,data/limb/subject01/StaticP4/subject1_limb_EMG.mat,StaticP4,26,ACC.Y electrode 4,float64,75600,0,0,False,-1.1144198891711987,-0.08701037456987971,-0.9650589908201562,0.009097390252002924,-0.9643864073510195,0.003951645494584322,1.1144198891711987,0,9,ok,extreme thresholds are audit flags only; units differ by modality
1,data/limb/subject01/StaticP4/subject1_limb_EMG.mat,StaticP4,27,ACC.Z electrode 4,float64,75600,0,0,False,-0.16146623672564558,0.08379321000118184,-0.036807282121059826,0.02149214081751159,-0.03457191436920975,0.016597965633334377,0.16146623672564558,0,0,ok,extreme thresholds are audit flags only; units differ by modality
1,data/limb/subject01/StaticP4/subject1_limb_EMG.mat,StaticP4,28,GYRO.X electrode 4,float64,75600,0,0,False,-8.819905696077926,45.7441229111949,3.3162187953475346,2.039003700823977,3.2234872781130384,0.9338931235114656,45.7441229111949,0,1,ok,extreme thresholds are audit flags only; units differ by modality
1,data/limb/subject01/StaticP4/subject1_limb_EMG.mat,StaticP4,29,GYRO.Y electrode 4,float64,75600,0,0,False,-59.95009918527779,34.86789661696462,6.284769878069076,5.325520490008672,6.466633221402749,2.778085861604348,59.95009918527779,0,0,ok,extreme thresholds are audit flags only; units differ by modality
1,data/limb/subject01/StaticP4/subject1_limb_EMG.mat,StaticP4,30,GYRO.Z electrode 4,float64,75600,0,0,False,-5.431716935529999,28.021749513855,3.5617749214227237,1.4151699810383824,3.566779006570404,0.760086890274829,28.021749513855,0,1,ok,extreme thresholds are audit flags only; units differ by modality
1,data/limb/subject01/StaticP4/subject1_limb_EMG.mat,StaticP4,31,ACC.X electrode 5,float64,75600,0,0,False,-0.1664063547165426,0.0320276404861156,-0.07281001336123052,0.02522608172742178,-0.07644565625694041,0.014351550796618408,0.1664063547165426,0,0,ok,extreme thresholds are audit flags only; units differ by modality
1,data/limb/subject01/StaticP4/subject1_limb_EMG.mat,StaticP4,32,ACC.Y electrode 5,float64,75600,0,0,False,-1.1361112163216922,0.13831017527070172,-0.9731611202536157,0.06281730963303313,-0.976708301089245,0.005251835589007547,1.1361112163216922,0,320,ok,extreme thresholds are audit flags only; units differ by modality
1,data/limb/subject01/StaticP4/subject1_limb_EMG.mat,StaticP4,33,ACC.Z electrode 5,float64,75600,0,0,False,-0.35512938451318055,0.04355895279277194,-0.2593756548413253,0.029759667058016283,-0.2581826192283767,0.02145629359959586,0.35512938451318055,0,0,ok,extreme thresholds are audit flags only; units differ by modality
1,data/limb/subject01/StaticP4/subject1_limb_EMG.mat,StaticP4,34,GYRO.X electrode 5,float64,75600,0,0,False,-4.849933521096303,30.47128485714037,5.010873370650594,1.7295315079855758,5.066237350140287,0.8351973707142868,30.47128485714037,0,1,ok,extreme thresholds are audit flags only; units differ by modality
1,data/limb/subject01/StaticP4/subject1_limb_EMG.mat,StaticP4,35,GYRO.Y electrode 5,float64,75600,0,0,False,-32.13159862208801,30.264585395337686,5.122396338663568,3.359847315733779,5.369461313917829,1.5021428467540914,32.13159862208801,0,0,ok,extreme thresholds are audit flags only; units differ by modality
1,data/limb/subject01/StaticP4/subject1_limb_EMG.mat,StaticP4,36,GYRO.Z electrode 5,float64,75600,0,0,False,-32.27149492414633,10.757235676437405,-2.2092656535739867,1.5802313232747192,-2.1747169833864968,0.7783736468581375,32.27149492414633,0,1,ok,extreme thresholds are audit flags only; units differ by modality
1,data/limb/subject01/StaticP4/subject1_limb_EMG.mat,StaticP4,37,ACC.X electrode 6,float64,75600,0,0,False,-0.02568170873474301,0.23622621593950358,0.13964960095844658,0.017103872538213237,0.13832382766289808,0.010083053684647722,0.23622621593950358,0,0,ok,extreme thresholds are audit flags only; units differ by modality
1,data/limb/subject01/StaticP4/subject1_limb_EMG.mat,StaticP4,38,ACC.Y electrode 6,float64,75600,0,0,False,-1.0879722281657562,0.13237041069922428,-0.9501409928987635,0.061213874574697985,-0.9546432713332236,0.004696197697286908,1.0879722281657562,0,318,ok,extreme thresholds are audit flags only; units differ by modality
1,data/limb/subject01/StaticP4/subject1_limb_EMG.mat,StaticP4,39,ACC.Z electrode 6,float64,75600,0,0,False,-0.44530703154010054,0.05440273939730924,-0.3151069520881928,0.028224795644808946,-0.31482127273633564,0.013318129239904553,0.44530703154010054,0,0,ok,extreme thresholds are audit flags only; units differ by modality
1,data/limb/subject01/StaticP4/subject1_limb_EMG.mat,StaticP4,40,GYRO.X electrode 6,float64,75600,0,0,False,-13.45100514700193,7.871143859049461,-0.9394877496701204,1.4829451703589667,-0.9979557319103227,0.7280731492758474,13.45100514700193,0,0,ok,extreme thresholds are audit flags only; units differ by modality
1,data/limb/subject01/StaticP4/subject1_limb_EMG.mat,StaticP4,41,GYRO.Y electrode 6,float64,75600,0,0,False,-52.84243114704271,24.003073260137096,5.896504722866633,3.7253514194500306,6.1646083000718725,1.8051432471528899,52.84243114704271,0,1,ok,extreme thresholds are audit flags only; units differ by modality
1,data/limb/subject01/StaticP4/subject1_limb_EMG.mat,StaticP4,42,GYRO.Z electrode 6,float64,75600,0,0,False,-10.811017785831375,10.587865876421109,-0.7924896780051905,1.430996699145936,-0.7275813005571294,0.6856895323321046,10.811017785831375,0,0,ok,extreme thresholds are audit flags only; units differ by modality
1,data/limb/subject01/StaticP9/subject1_limb_EMG.mat,StaticP9,1,EMG electrode 1,float64,75600,0,0,False,-0.000189166,0.000138811,-5.214204601719577e-07,1.560992052153793e-05,-1.67849e-07,5.371181e-06,0.000189166,0,2,ok,extreme thresholds are audit flags only; units differ by modality
1,data/limb/subject01/StaticP9/subject1_limb_EMG.mat,StaticP9,2,EMG electrode 2,float64,75600,0,0,False,-8.14069e-05,0.000121187,3.948864691150794e-06,1.1048549875583118e-05,3.69268e-06,4.196230000000001e-06,0.000121187,0,0,ok,extreme thresholds are audit flags only; units differ by modality
1,data/limb/subject01/StaticP9/subject1_limb_EMG.mat,StaticP9,3,EMG electrode 3,float64,75600,0,0,False,-6.32792e-05,9.03029e-05,8.489771610674602e-06,6.990279764896795e-06,8.39246e-06,3.189139999999999e-06,9.03029e-05,0,0,ok,extreme thresholds are audit flags only; units differ by modality
1,data/limb/subject01/StaticP9/subject1_limb_EMG.mat,StaticP9,4,EMG electrode 4,float64,75600,0,0,False,-5.55581e-05,1.49386e-05,-2.1390223376402116e-05,5.065395333427189e-06,-2.13169e-05,3.021200000000001e-06,5.55581e-05,0,0,ok,extreme thresholds are audit flags only; units differ by modality
1,data/limb/subject01/StaticP9/subject1_limb_EMG.mat,StaticP9,5,EMG electrode 5,float64,75600,0,0,False,-5.28725e-05,1.69528e-05,-1.9040374161230157e-05,7.7560816343279e-06,-1.8967e-05,5.0354999999999995e-06,5.28725e-05,0,0,ok,extreme thresholds are audit flags only; units differ by modality
1,data/limb/subject01/StaticP9/subject1_limb_EMG.mat,StaticP9,6,EMG electrode 6,float64,75600,0,0,False,-8.47639e-05,3.3402e-05,-8.19203055431217e-06,6.4479372672712796e-06,-8.05676e-06,3.860529999999999e-06,8.47639e-05,0,0,ok,extreme thresholds are audit flags only; units differ by modality
1,data/limb/subject01/StaticP9/subject1_limb_EMG.mat,StaticP9,7,ACC.X electrode 1,float64,75600,0,0,False,-0.8816665153160328,0.17547249248717012,-0.5294047903184032,0.22069101886465523,-0.6293101657299047,0.05562584163883816,0.8816665153160328,0,0,ok,extreme thresholds are audit flags only; units differ by modality
1,data/limb/subject01/StaticP9/subject1_limb_EMG.mat,StaticP9,8,ACC.Y electrode 1,float64,75600,0,0,False,-1.1815676593730382,0.05768531109002261,-0.3333882318493604,0.3338650701940579,-0.20369482493696545,0.05635243576086306,1.1815676593730382,0,0,ok,extreme thresholds are audit flags only; units differ by modality
1,data/limb/subject01/StaticP9/subject1_limb_EMG.mat,StaticP9,9,ACC.Z electrode 1,float64,75600,0,0,False,-0.22431317841214407,0.8138388511970629,0.5531171779502833,0.2713046238715262,0.661089626011395,0.04073767622963653,0.8138388511970629,0,0,ok,extreme thresholds are audit flags only; units differ by modality
1,data/limb/subject01/StaticP9/subject1_limb_EMG.mat,StaticP9,10,GYRO.X electrode 1,float64,75600,0,0,False,-41.683040418819935,16.616869728957656,-12.94891964777854,2.684011448193265,-13.053355339856687,0.998654325048614,41.683040418819935,0,5,ok,extreme thresholds are audit flags only; units differ by modality
1,data/limb/subject01/StaticP9/subject1_limb_EMG.mat,StaticP9,11,GYRO.Y electrode 1,float64,75600,0,0,False,-92.57007807025461,146.53063692452835,-0.013754234611221527,8.161258187596989,0.07560202323665083,2.604061630900584,146.53063692452835,0,44,ok,extreme thresholds are audit flags only; units differ by modality
1,data/limb/subject01/StaticP9/subject1_limb_EMG.mat,StaticP9,12,GYRO.Z electrode 1,float64,75600,0,0,False,-60.09132094350812,18.830336694469196,-1.5365814703985619,2.699400839869534,-1.6669795688742486,0.949889032385661,60.09132094350812,0,1,ok,extreme thresholds are audit flags only; units differ by modality
1,data/limb/subject01/StaticP9/subject1_limb_EMG.mat,StaticP9,13,ACC.X electrode 2,float64,75600,0,0,False,-1.0606941666597078,0.03578610777216911,-0.722135196687158,0.250212516100425,-0.8213482859486247,0.04446803215314443,1.0606941666597078,0,0,ok,extreme thresholds are audit flags only; units differ by modality
1,data/limb/subject01/StaticP9/subject1_limb_EMG.mat,StaticP9,14,ACC.Y electrode 2,float64,75600,0,0,False,-1.1090051781842738,0.05622973314417237,-0.2611649490085436,0.3575677777325234,-0.10954707030534198,0.06177181096641389,1.1090051781842738,0,0,ok,extreme thresholds are audit flags only; units differ by modality
1,data/limb/subject01/StaticP9/subject1_limb_EMG.mat,StaticP9,15,ACC.Z electrode 2,float64,75600,0,0,False,-0.7470041416944353,-0.09610039333794022,-0.5338571101284317,0.17688825624434582,-0.5960836732637558,0.078353619461067,0.7470041416944353,0,0,ok,extreme thresholds are audit flags only; units differ by modality
1,data/limb/subject01/StaticP9/subject1_limb_EMG.mat,StaticP9,16,GYRO.X electrode 2,float64,75600,0,0,False,-32.82697828991548,60.08029096942336,-10.111902782707796,2.6274294730929415,-10.010617777337277,1.0070678776225508,60.08029096942336,0,1,ok,extreme thresholds are audit flags only; units differ by modality
1,data/limb/subject01/StaticP9/subject1_limb_EMG.mat,StaticP9,17,GYRO.Y electrode 2,float64,75600,0,0,False,-81.45718528472929,149.03260629914848,-2.844678893722373,8.369572916276109,-2.784153772702262,2.696946706358081,149.03260629914848,0,1,ok,extreme thresholds are audit flags only; units differ by modality
1,data/limb/subject01/StaticP9/subject1_limb_EMG.mat,StaticP9,18,GYRO.Z electrode 2,float64,75600,0,0,False,-34.37314632808582,26.069737563821512,-3.6791459413293457,2.785087117424201,-3.7833005096348717,0.965828420977229,34.37314632808582,0,86,ok,extreme thresholds are audit flags only; units differ by modality
1,data/limb/subject01/StaticP9/subject1_limb_EMG.mat,StaticP9,19,ACC.X electrode 3,float64,75600,0,0,False,-0.050024021569110975,0.8099820825143111,0.42086505905025723,0.1509109229989435,0.48083386366696135,0.04490276146743241,0.8099820825143111,0,0,ok,extreme thresholds are audit flags only; units differ by modality
1,data/limb/subject01/StaticP9/subject1_limb_EMG.mat,StaticP9,20,ACC.Y electrode 3,float64,75600,0,0,False,-1.167747068365401,0.19959094490986706,-0.16785383314334756,0.3896565472107474,-0.008311958730996737,0.061943081171958285,1.167747068365401,0,0,ok,extreme thresholds are audit flags only; units differ by modality
1,data/limb/subject01/StaticP9/subject1_limb_EMG.mat,StaticP9,21,ACC.Z electrode 3,float64,75600,0,0,False,-1.0907881121294123,-0.13407747790567467,-0.8311386462372164,0.22876422640215285,-0.9358846560766518,0.028124378352288815,1.0907881121294123,0,0,ok,extreme thresholds are audit flags only; units differ by modality
1,data/limb/subject01/StaticP9/subject1_limb_EMG.mat,StaticP9,22,GYRO.X electrode 3,float64,75600,0,0,False,-16.502587787367467,47.3606621338402,17.120295054919282,3.4550703524776525,17.219943443451676,1.4360605638998187,47.3606621338402,0,0,ok,extreme thresholds are audit flags only; units differ by modality
1,data/limb/subject01/StaticP9/subject1_limb_EMG.mat,StaticP9,23,GYRO.Y electrode 3,float64,75600,0,0,False,-95.75975897637814,136.99751054245252,2.7153767956863497,8.705226607372841,2.804421496278744,2.8747718444967116,136.99751054245252,0,59,ok,extreme thresholds are audit flags only; units differ by modality
1,data/limb/subject01/StaticP9/subject1_limb_EMG.mat,StaticP9,24,GYRO.Z electrode 3,float64,75600,0,0,False,-27.024324021706285,76.65194916525213,1.9100825108266337,3.1330982102436313,2.0617165040129555,1.134034713376576,76.65194916525213,0,1,ok,extreme thresholds are audit flags only; units differ by modality
1,data/limb/subject01/StaticP9/subject1_limb_EMG.mat,StaticP9,25,ACC.X electrode 4,float64,75600,0,0,False,0.01184166017370584,1.090406052824014,0.7967335154029976,0.2763242247424726,0.9266584992586286,0.02206042592585411,1.090406052824014,0,11666,ok,extreme thresholds are audit flags only; units differ by modality
1,data/limb/subject01/StaticP9/subject1_limb_EMG.mat,StaticP9,26,ACC.Y electrode 4,float64,75600,0,0,False,-1.1691270763639805,0.09743943478394484,-0.25046199989469203,0.3650295690880726,-0.102608010598101,0.058767224184189795,1.1691270763639805,0,0,ok,extreme thresholds are audit flags only; units differ by modality
1,data/limb/subject01/StaticP9/subject1_limb_EMG.mat,StaticP9,27,ACC.Z electrode 4,float64,75600,0,0,False,-0.21341122219681555,0.4183184700289895,0.2050112633519752,0.138745032736724,0.258293758646156,0.042605526980705744,0.4183184700289895,0,0,ok,extreme thresholds are audit flags only; units differ by modality
1,data/limb/subject01/StaticP9/subject1_limb_EMG.mat,StaticP9,28,GYRO.X electrode 4,float64,75600,0,0,False,-57.3813359648882,32.66459675732429,3.485676707892302,3.412911720415842,3.3308307276746265,1.1790697731265987,57.3813359648882,0,30,ok,extreme thresholds are audit flags only; units differ by modality
1,data/limb/subject01/StaticP9/subject1_limb_EMG.mat,StaticP9,29,GYRO.Y electrode 4,float64,75600,0,0,False,-87.79704630358857,186.18498371514548,6.706445422065612,9.493236638345916,6.32423402265257,2.4486783985617695,186.18498371514548,0,168,ok,extreme thresholds are audit flags only; units differ by modality
1,data/limb/subject01/StaticP9/subject1_limb_EMG.mat,StaticP9,30,GYRO.Z electrode 4,float64,75600,0,0,False,-43.999473521549135,49.6949545065073,3.5167329358817816,3.0988100850844065,3.658400787742284,1.1019936021272145,49.6949545065073,0,44,ok,extreme thresholds are audit flags only; units differ by modality
1,data/limb/subject01/StaticP9/subject1_limb_EMG.mat,StaticP9,31,ACC.X electrode 5,float64,75600,0,0,False,-0.8271111924493123,0.2074127155653124,-0.6128206637799432,0.26293734026320614,-0.7382213105613986,0.024904316816849126,0.8271111924493123,0,425,ok,extreme thresholds are audit flags only; units differ by modality
1,data/limb/subject01/StaticP9/subject1_limb_EMG.mat,StaticP9,32,ACC.Y electrode 5,float64,75600,0,0,False,-1.1818553373202352,0.2603546222385906,-0.3684235013055821,0.3036788769605032,-0.23351512636650154,0.042657884275988225,1.1818553373202352,0,0,ok,extreme thresholds are audit flags only; units differ by modality
1,data/limb/subject01/StaticP9/subject1_limb_EMG.mat,StaticP9,33,ACC.Z electrode 5,float64,75600,0,0,False,-0.7901074684570677,0.07564236535965652,-0.6190621757306177,0.1873533205729829,-0.7041101131950946,0.016355455777839423,0.7901074684570677,0,1779,ok,extreme thresholds are audit flags only; units differ by modality
1,data/limb/subject01/StaticP9/subject1_limb_EMG.mat,StaticP9,34,GYRO.X electrode 5,float64,75600,0,0,False,-25.268987375832587,40.08796177620734,4.9775395205157915,3.2782140633765984,5.082364304606804,1.1614800564467676,40.08796177620734,0,21,ok,extreme thresholds are audit flags only; units differ by modality
1,data/limb/subject01/StaticP9/subject1_limb_EMG.mat,StaticP9,35,GYRO.Y electrode 5,float64,75600,0,0,False,-50.85926308069415,94.42502044704854,5.393405918660856,5.682590606244952,5.320974857289911,1.6401791186627257,94.42502044704854,0,80,ok,extreme thresholds are audit flags only; units differ by modality
1,data/limb/subject01/StaticP9/subject1_limb_EMG.mat,StaticP9,36,GYRO.Z electrode 5,float64,75600,0,0,False,-43.54818859258312,38.953329297589235,-2.0416421294651577,2.5542511277170004,-2.089117602196376,0.9393725061608007,43.54818859258312,0,83,ok,extreme thresholds are audit flags only; units differ by modality
1,data/limb/subject01/StaticP9/subject1_limb_EMG.mat,StaticP9,37,ACC.X electrode 6,float64,75600,0,0,False,-0.1079214397574785,0.8409419341118337,0.6464158560050924,0.2611349516501759,0.7712210612743255,0.01444526790428663,0.8409419341118337,0,15117,ok,extreme thresholds are audit flags only; units differ by modality
1,data/limb/subject01/StaticP9/subject1_limb_EMG.mat,StaticP9,38,ACC.Y electrode 6,float64,75600,0,0,False,-1.08241337913462,0.13522403618371126,-0.45190786753049733,0.25048182286369014,-0.35114559725280386,0.036810227854915833,1.08241337913462,0,0,ok,extreme thresholds are audit flags only; units differ by modality
1,data/limb/subject01/StaticP9/subject1_limb_EMG.mat,StaticP9,39,ACC.Z electrode 6,float64,75600,0,0,False,-0.5263109214968354,0.5355608780387188,0.30281622270259384,0.31757906091214,0.45098731846804185,0.020425459346475744,0.5355608780387188,0,14888,ok,extreme thresholds are audit flags only; units differ by modality
1,data/limb/subject01/StaticP9/subject1_limb_EMG.mat,StaticP9,40,GYRO.X electrode 6,float64,75600,0,0,False,-39.14129033928726,22.703155669917724,-0.896636587272656,2.697798216769693,-0.9016864788541845,0.8549669736005502,39.14129033928726,0,6,ok,extreme thresholds are audit flags only; units differ by modality
1,data/limb/subject01/StaticP9/subject1_limb_EMG.mat,StaticP9,41,GYRO.Y electrode 6,float64,75600,0,0,False,-54.517757836882254,99.62249912014474,6.164490081042283,6.364030239572084,6.114161371331644,1.4162180313041453,99.62249912014474,0,404,ok,extreme thresholds are audit flags only; units differ by modality
1,data/limb/subject01/StaticP9/subject1_limb_EMG.mat,StaticP9,42,GYRO.Z electrode 6,float64,75600,0,0,False,-31.367740544511506,52.61507297606611,-0.793697291187232,2.429670349292116,-0.737826503565618,0.9138106676564981,52.61507297606611,0,25,ok,extreme thresholds are audit flags only; units differ by modality
1,data/limb/subject01/StaticP10/subject1_limb_EMG.mat,StaticP10,1,EMG electrode 1,float64,75600,0,0,False,-0.000136797,0.000178424,-4.85424094563492e-07,1.3305009194686266e-05,-5.03548e-07,5.035482e-06,0.000178424,0,1,ok,extreme thresholds are audit flags only; units differ by modality
1,data/limb/subject01/StaticP10/subject1_limb_EMG.mat,StaticP10,2,EMG electrode 2,float64,75600,0,0,False,-0.000103563,0.000197726,3.957072916203703e-06,1.3536176374606222e-05,3.86053e-06,4.699780000000001e-06,0.000197726,0,7,ok,extreme thresholds are audit flags only; units differ by modality
1,data/limb/subject01/StaticP10/subject1_limb_EMG.mat,StaticP10,3,EMG electrode 3,float64,75600,0,0,False,-0.00011397,0.000146532,8.5603193315873e-06,8.745523452238105e-06,8.39246e-06,3.52484e-06,0.000146532,0,8,ok,extreme thresholds are audit flags only; units differ by modality
1,data/limb/subject01/StaticP10/subject1_limb_EMG.mat,StaticP10,4,EMG electrode 4,float64,75600,0,0,False,-0.000162646,0.0003691,-2.129468760406085e-05,6.913004322139745e-06,-2.13169e-05,2.6856e-06,0.0003691,0,46,ok,extreme thresholds are audit flags only; units differ by modality
1,data/limb/subject01/StaticP10/subject1_limb_EMG.mat,StaticP10,5,EMG electrode 5,float64,75600,0,0,False,-4.86763e-05,5.03548e-06,-1.8994178689656084e-05,5.569118307730323e-06,-1.8967e-05,3.3569999999999985e-06,4.86763e-05,0,0,ok,extreme thresholds are audit flags only; units differ by modality
1,data/limb/subject01/StaticP10/subject1_limb_EMG.mat,StaticP10,6,EMG electrode 6,float64,75600,0,0,False,-7.67071e-05,4.51514e-05,-8.219250357222223e-06,8.699919795227751e-06,-7.88891e-06,4.531889999999999e-06,7.67071e-05,0,0,ok,extreme thresholds are audit flags only; units differ by modality
1,data/limb/subject01/StaticP10/subject1_limb_EMG.mat,StaticP10,7,ACC.X electrode 1,float64,75600,0,0,False,-0.29560616057810474,0.06221604891550633,-0.1251466049559451,0.05027690352471856,-0.12876303062698768,0.03670564117327242,0.29560616057810474,0,0,ok,extreme thresholds are audit flags only; units differ by modality
1,data/limb/subject01/StaticP10/subject1_limb_EMG.mat,StaticP10,8,ACC.Y electrode 1,float64,75600,0,0,False,-1.1748003646597827,1.0705041213898938,0.5680597643274194,0.7780071119269913,0.9514990738988929,0.01572925104462436,1.1748003646597827,0,15120,ok,extreme thresholds are audit flags only; units differ by modality
1,data/limb/subject01/StaticP10/subject1_limb_EMG.mat,StaticP10,9,ACC.Z electrode 1,float64,75600,0,0,False,-0.3921943295240218,0.31368797568009155,0.18097582282976327,0.07081374844622496,0.20747861452991437,0.023900311069393304,0.3921943295240218,0,0,ok,extreme thresholds are audit flags only; units differ by modality
1,data/limb/subject01/StaticP10/subject1_limb_EMG.mat,StaticP10,10,GYRO.X electrode 1,float64,75600,0,0,False,-56.56066221050241,3.8713297831869746,-13.050603139991317,3.8238798443613526,-12.842206351178636,1.8014132729633747,56.56066221050241,0,0,ok,extreme thresholds are audit flags only; units differ by modality
1,data/limb/subject01/StaticP10/subject1_limb_EMG.mat,StaticP10,11,GYRO.Y electrode 1,float64,75600,0,0,False,-63.2163683718195,53.22534325410223,-0.29809322761969365,8.721473099274785,0.21557323178625976,3.321559356913874,63.2163683718195,0,0,ok,extreme thresholds are audit flags only; units differ by modality
1,data/limb/subject01/StaticP10/subject1_limb_EMG.mat,StaticP10,12,GYRO.Z electrode 1,float64,75600,0,0,False,-29.10846200487936,50.75599019549458,-1.636692506567007,4.583320112470744,-1.7468751090446606,1.5223775197009304,50.75599019549458,0,80,ok,extreme thresholds are audit flags only; units differ by modality
1,data/limb/subject01/StaticP10/subject1_limb_EMG.mat,StaticP10,13,ACC.X electrode 2,float64,75600,0,0,False,-0.41488886533445035,0.014242243482927647,-0.2278400200822344,0.048893709484783186,-0.2354653440977012,0.03337615417155976,0.41488886533445035,0,0,ok,extreme thresholds are audit flags only; units differ by modality
1,data/limb/subject01/StaticP10/subject1_limb_EMG.mat,StaticP10,14,ACC.Y electrode 2,float64,75600,0,0,False,-1.0873033089223156,1.074942969452521,0.5924866355734277,0.7747640128068174,0.9753353265061229,0.01307439004316252,1.0873033089223156,0,15120,ok,extreme thresholds are audit flags only; units differ by modality
1,data/limb/subject01/StaticP10/subject1_limb_EMG.mat,StaticP10,15,ACC.Z electrode 2,float64,75600,0,0,False,-0.3002518564611311,0.011341924582762281,-0.11605204883190788,0.06825298320005534,-0.1117724510834967,0.04194090068630375,0.3002518564611311,0,0,ok,extreme thresholds are audit flags only; units differ by modality
1,data/limb/subject01/StaticP10/subject1_limb_EMG.mat,StaticP10,16,GYRO.X electrode 2,float64,75600,0,0,False,-71.18026117307625,14.707638852189614,-10.107714168230599,4.789696177114116,-9.961071698089242,1.5288731206005348,71.18026117307625,0,162,ok,extreme thresholds are audit flags only; units differ by modality
1,data/limb/subject01/StaticP10/subject1_limb_EMG.mat,StaticP10,17,GYRO.Y electrode 2,float64,75600,0,0,False,-107.01198185617646,64.53874788537388,-3.4767918140054235,9.05720024151832,-3.0339723777353003,3.173473633571775,107.01198185617646,0,1,ok,extreme thresholds are audit flags only; units differ by modality
1,data/limb/subject01/StaticP10/subject1_limb_EMG.mat,StaticP10,18,GYRO.Z electrode 2,float64,75600,0,0,False,-28.616846701062553,13.060985392424076,-3.8616122448093613,3.673318494987255,-3.6587345105122644,1.5597656313919863,28.616846701062553,0,0,ok,extreme thresholds are audit flags only; units differ by modality
1,data/limb/subject01/StaticP10/subject1_limb_EMG.mat,StaticP10,19,ACC.X electrode 3,float64,75600,0,0,False,-0.19769174214748766,0.300093767783472,-0.014856651244708117,0.09108587873362224,-0.03308207206219645,0.03995386448369456,0.300093767783472,0,0,ok,extreme thresholds are audit flags only; units differ by modality
1,data/limb/subject01/StaticP10/subject1_limb_EMG.mat,StaticP10,20,ACC.Y electrode 3,float64,75600,0,0,False,-1.0866672198601877,1.0935054539373976,0.6083607227749153,0.76702605211355,0.9871700985242496,0.013057528584910771,1.0935054539373976,0,15120,ok,extreme thresholds are audit flags only; units differ by modality
1,data/limb/subject01/StaticP10/subject1_limb_EMG.mat,StaticP10,21,ACC.Z electrode 3,float64,75600,0,0,False,-0.5651359788499825,-0.017401625924588594,-0.2588479574995409,0.08559390657715962,-0.23587300119508042,0.03412523392980592,0.5651359788499825,0,0,ok,extreme thresholds are audit flags only; units differ by modality
1,data/limb/subject01/StaticP10/subject1_limb_EMG.mat,StaticP10,22,GYRO.X electrode 3,float64,75600,0,0,False,-3.6527927430434053,47.37691480943367,17.196185682795697,4.197397536614137,17.023649517715345,2.0513629554904114,47.37691480943367,0,0,ok,extreme thresholds are audit flags only; units differ by modality
1,data/limb/subject01/StaticP10/subject1_limb_EMG.mat,StaticP10,23,GYRO.Y electrode 3,float64,75600,0,0,False,-96.95540885372516,50.00542897439634,2.2493618535050897,8.79671290373225,2.6054947996486364,3.472395858826121,96.95540885372516,0,0,ok,extreme thresholds are audit flags only; units differ by modality
1,data/limb/subject01/StaticP10/subject1_limb_EMG.mat,StaticP10,24,GYRO.Z electrode 3,float64,75600,0,0,False,-71.2516898409565,28.628201517475063,1.908747095478974,4.883903700378612,2.1280306999250937,1.619712631427144,71.2516898409565,0,147,ok,extreme thresholds are audit flags only; units differ by modality
1,data/limb/subject01/StaticP10/subject1_limb_EMG.mat,StaticP10,25,ACC.X electrode 4,float64,75600,0,0,False,-0.2657457146388677,0.3993250752539579,0.19211775883056223,0.053972545543049026,0.18520869414204882,0.031012994390920465,0.3993250752539579,0,0,ok,extreme thresholds are audit flags only; units differ by modality
1,data/limb/subject01/StaticP10/subject1_limb_EMG.mat,StaticP10,26,ACC.Y electrode 4,float64,75600,0,0,False,-1.1710335925163067,1.0943643667913625,0.5847396766104627,0.7758579443222742,0.9669068511138017,0.016618520861889585,1.1710335925163067,0,15120,ok,extreme thresholds are audit flags only; units differ by modality
1,data/limb/subject01/StaticP10/subject1_limb_EMG.mat,StaticP10,27,ACC.Z electrode 4,float64,75600,0,0,False,-0.13902786882871607,0.18057947739325406,0.02607765016594377,0.056107809439166725,0.03539616313937841,0.043603992500908205,0.18057947739325406,0,0,ok,extreme thresholds are audit flags only; units differ by modality
1,data/limb/subject01/StaticP10/subject1_limb_EMG.mat,StaticP10,28,GYRO.X electrode 4,float64,75600,0,0,False,-20.59574783183464,77.45821836020535,3.354917590796163,4.941781937643479,3.2125873422226343,2.0291241622362266,77.45821836020535,0,1,ok,extreme thresholds are audit flags only; units differ by modality
1,data/limb/subject01/StaticP10/subject1_limb_EMG.mat,StaticP10,29,GYRO.Y electrode 4,float64,75600,0,0,False,-61.22802596383123,65.2700777943905,5.6951472301111545,9.392874940995501,6.041431259615554,3.5681342272229006,65.2700777943905,0,0,ok,extreme thresholds are audit flags only; units differ by modality
1,data/limb/subject01/StaticP10/subject1_limb_EMG.mat,StaticP10,30,GYRO.Z electrode 4,float64,75600,0,0,False,-18.019798711630138,39.61272237278603,3.591870068472302,4.2229628314115315,3.4012219782209847,1.9197654693428035,39.61272237278603,0,0,ok,extreme thresholds are audit flags only; units differ by modality
1,data/limb/subject01/StaticP10/subject1_limb_EMG.mat,StaticP10,31,ACC.X electrode 5,float64,75600,0,0,False,-0.7310892829856336,0.24412514856314188,-0.4981774421854904,0.20771687257403246,-0.5990652049786452,0.03684287208230158,0.7310892829856336,0,0,ok,extreme thresholds are audit flags only; units differ by modality
1,data/limb/subject01/StaticP10/subject1_limb_EMG.mat,StaticP10,32,ACC.Y electrode 5,float64,75600,0,0,False,-1.1426069849723897,0.1404094540988424,-0.18952934483720454,0.3919557821182937,-0.016283104923515063,0.06323369033794982,1.1426069849723897,0,0,ok,extreme thresholds are audit flags only; units differ by modality
1,data/limb/subject01/StaticP10/subject1_limb_EMG.mat,StaticP10,33,ACC.Z electrode 5,float64,75600,0,0,False,-0.9937005587281621,0.18196293100377384,-0.7528679761953073,0.2563865075307613,-0.8647236883237162,0.02291421263715837,0.9937005587281621,0,325,ok,extreme thresholds are audit flags only; units differ by modality
1,data/limb/subject01/StaticP10/subject1_limb_EMG.mat,StaticP10,34,GYRO.X electrode 5,float64,75600,0,0,False,-20.358663246321395,33.7177511515211,5.515101183151172,3.924029860781221,5.456390502027162,1.5846445094912434,33.7177511515211,0,0,ok,extreme thresholds are audit flags only; units differ by modality
1,data/limb/subject01/StaticP10/subject1_limb_EMG.mat,StaticP10,35,GYRO.Y electrode 5,float64,75600,0,0,False,-96.19693394135312,37.101242093839474,5.211968654883785,5.438389296880625,5.430130409907271,1.539594659657828,96.19693394135312,0,47,ok,extreme thresholds are audit flags only; units differ by modality
1,data/limb/subject01/StaticP10/subject1_limb_EMG.mat,StaticP10,36,GYRO.Z electrode 5,float64,75600,0,0,False,-28.003209215082652,19.756713864386395,-1.8700773360338787,4.557301167397198,-1.8707981449836826,1.700337971931587,28.003209215082652,0,0,ok,extreme thresholds are audit flags only; units differ by modality
1,data/limb/subject01/StaticP10/subject1_limb_EMG.mat,StaticP10,37,ACC.X electrode 6,float64,75600,0,0,False,-0.10493301775591021,0.80970440874035,0.6262190626412277,0.22494475587106258,0.7349181720159332,0.018902286183840156,0.80970440874035,0,5614,ok,extreme thresholds are audit flags only; units differ by modality
1,data/limb/subject01/StaticP10/subject1_limb_EMG.mat,StaticP10,38,ACC.Y electrode 6,float64,75600,0,0,False,-1.0937651885252628,0.13393153963875015,-0.29114119815961365,0.3246240584106392,-0.16141996390941848,0.08843177291731852,1.0937651885252628,0,0,ok,extreme thresholds are audit flags only; units differ by modality
1,data/limb/subject01/StaticP10/subject1_limb_EMG.mat,StaticP10,39,ACC.Z electrode 6,float64,75600,0,0,False,-0.6294893570166128,0.6551929245194029,0.4000573233222862,0.37859661084826157,0.5852374278565196,0.013424770230600125,0.6551929245194029,0,15120,ok,extreme thresholds are audit flags only; units differ by modality
1,data/limb/subject01/StaticP10/subject1_limb_EMG.mat,StaticP10,40,GYRO.X electrode 6,float64,75600,0,0,False,-19.16442526049788,20.855178873454246,-1.5764250599698055,4.219897630835211,-1.483631303372638,1.6603675873637969,20.855178873454246,0,0,ok,extreme thresholds are audit flags only; units differ by modality
1,data/limb/subject01/StaticP10/subject1_limb_EMG.mat,StaticP10,41,GYRO.Y electrode 6,float64,75600,0,0,False,-94.6105628692085,41.430264562623165,5.916289050951763,5.992531670693357,6.202815212283587,1.5335137769792686,94.6105628692085,0,50,ok,extreme thresholds are audit flags only; units differ by modality
1,data/limb/subject01/StaticP10/subject1_limb_EMG.mat,StaticP10,42,GYRO.Z electrode 6,float64,75600,0,0,False,-20.9236504925279,20.328459005061926,-0.9335052110360533,3.8885237590557473,-0.9854217742454301,1.4738244401485117,20.9236504925279,0,0,ok,extreme thresholds are audit flags only; units differ by modality
1,data/limb/subject01/StaticP14/subject1_limb_EMG.mat,StaticP14,1,EMG electrode 1,float64,75600,0,0,False,-0.000147372,0.000150561,-4.781105857010582e-07,1.4292551391692252e-05,-5.03548e-07,5.035478e-06,0.000150561,0,2,ok,extreme thresholds are audit flags only; units differ by modality
1,data/limb/subject01/StaticP14/subject1_limb_EMG.mat,StaticP14,2,EMG electrode 2,float64,75600,0,0,False,-0.000142504,0.000166339,3.88885183404762e-06,1.5357605988385582e-05,3.52483e-06,4.69978e-06,0.000166339,0,11,ok,extreme thresholds are audit flags only; units differ by modality
1,data/limb/subject01/StaticP14/subject1_limb_EMG.mat,StaticP14,3,EMG electrode 3,float64,75600,0,0,False,-4.85084e-05,0.000122026,8.591429044179893e-06,7.159679459052503e-06,8.56031e-06,3.189089999999999e-06,0.000122026,0,1,ok,extreme thresholds are audit flags only; units differ by modality
1,data/limb/subject01/StaticP14/subject1_limb_EMG.mat,StaticP14,4,EMG electrode 4,float64,75600,0,0,False,-4.88441e-05,1.7792e-05,-2.1249233892619048e-05,4.460773328529662e-06,-2.13169e-05,2.3498999999999993e-06,4.88441e-05,0,0,ok,extreme thresholds are audit flags only; units differ by modality
1,data/limb/subject01/StaticP14/subject1_limb_EMG.mat,StaticP14,5,EMG electrode 5,float64,75600,0,0,False,-9.65133e-05,2.97093e-05,-1.9051162884986773e-05,1.0152305029969365e-05,-1.86313e-05,5.706800000000001e-06,9.65133e-05,0,0,ok,extreme thresholds are audit flags only; units differ by modality
1,data/limb/subject01/StaticP14/subject1_limb_EMG.mat,StaticP14,6,EMG electrode 6,float64,75600,0,0,False,-9.98703e-05,5.75723e-05,-8.24801490388889e-06,1.2676937635044089e-05,-7.72107e-06,6.5461299999999994e-06,9.98703e-05,0,0,ok,extreme thresholds are audit flags only; units differ by modality
1,data/limb/subject01/StaticP14/subject1_limb_EMG.mat,StaticP14,7,ACC.X electrode 1,float64,75600,0,0,False,-0.6729158553774753,0.05160500930172247,-0.2883042401168634,0.14190902513948866,-0.27210020720781924,0.13662190043292263,0.6729158553774753,0,0,ok,extreme thresholds are audit flags only; units differ by modality
1,data/limb/subject01/StaticP14/subject1_limb_EMG.mat,StaticP14,8,ACC.Y electrode 1,float64,75600,0,0,False,-1.1578499238143114,0.752338967597571,0.2500338015534144,0.6235224771527021,0.5362367809604991,0.06081522438555481,1.1578499238143114,0,0,ok,extreme thresholds are audit flags only; units differ by modality
1,data/limb/subject01/StaticP14/subject1_limb_EMG.mat,StaticP14,9,ACC.Z electrode 1,float64,75600,0,0,False,-0.06561079443036669,0.9058372225128782,0.5540564113382392,0.2752219768737054,0.6661877699731263,0.05853986841731207,0.9058372225128782,0,0,ok,extreme thresholds are audit flags only; units differ by modality
1,data/limb/subject01/StaticP14/subject1_limb_EMG.mat,StaticP14,10,GYRO.X electrode 1,float64,75600,0,0,False,-33.76321552857194,1.4710079508863962,-12.958702947197256,2.8394024846351655,-12.934714286797131,1.43803744191508,33.76321552857194,0,0,ok,extreme thresholds are audit flags only; units differ by modality
1,data/limb/subject01/StaticP14/subject1_limb_EMG.mat,StaticP14,11,GYRO.Y electrode 1,float64,75600,0,0,False,-73.58735315426438,67.43422726831129,0.4708279933875817,9.384732587166116,0.47511205784414356,3.8528615932861117,73.58735315426438,0,0,ok,extreme thresholds are audit flags only; units differ by modality
1,data/limb/subject01/StaticP14/subject1_limb_EMG.mat,StaticP14,12,GYRO.Z electrode 1,float64,75600,0,0,False,-14.717098605254375,12.437568998936461,-1.9983714945009379,2.889727153325639,-2.0372378605711474,1.5691204498280613,14.717098605254375,0,0,ok,extreme thresholds are audit flags only; units differ by modality
1,data/limb/subject01/StaticP14/subject1_limb_EMG.mat,StaticP14,13,ACC.X electrode 2,float64,75600,0,0,False,-0.9155866976664883,-0.07766580592565886,-0.6570561758200814,0.21677525606487713,-0.7525253396975033,0.042042159512683586,0.9155866976664883,0,0,ok,extreme thresholds are audit flags only; units differ by modality
1,data/limb/subject01/StaticP14/subject1_limb_EMG.mat,StaticP14,14,ACC.Y electrode 2,float64,75600,0,0,False,-1.1389068331488883,0.7543545334917311,0.2970456581318113,0.6342512221845176,0.5980582126031301,0.06314428775861147,1.1389068331488883,0,0,ok,extreme thresholds are audit flags only; units differ by modality
1,data/limb/subject01/StaticP14/subject1_limb_EMG.mat,StaticP14,15,ACC.Z electrode 2,float64,75600,0,0,False,-0.48274667871499705,-0.029849925257446105,-0.27975357269671103,0.08303683995230023,-0.24746128150899915,0.05665659503686808,0.48274667871499705,0,0,ok,extreme thresholds are audit flags only; units differ by modality
1,data/limb/subject01/StaticP14/subject1_limb_EMG.mat,StaticP14,16,GYRO.X electrode 2,float64,75600,0,0,False,-27.01308591685715,5.067001998541654,-9.573180970241042,2.99980858894767,-9.55257756026159,1.560055630645702,27.01308591685715,0,0,ok,extreme thresholds are audit flags only; units differ by modality
1,data/limb/subject01/StaticP14/subject1_limb_EMG.mat,StaticP14,17,GYRO.Y electrode 2,float64,75600,0,0,False,-100.96108046864482,71.83154111350002,-2.5696571145741762,9.278593177447787,-2.6823683391927484,3.783010747120443,100.96108046864482,0,0,ok,extreme thresholds are audit flags only; units differ by modality
1,data/limb/subject01/StaticP14/subject1_limb_EMG.mat,StaticP14,18,GYRO.Z electrode 2,float64,75600,0,0,False,-18.665575455380758,16.7628509535573,-3.706396312445283,2.919670231507509,-3.707356259971294,1.3750367188740984,18.665575455380758,0,0,ok,extreme thresholds are audit flags only; units differ by modality
1,data/limb/subject01/StaticP14/subject1_limb_EMG.mat,StaticP14,19,ACC.X electrode 3,float64,75600,0,0,False,-0.17957990772335955,0.3789091192652624,0.13602773215340103,0.09597983627861126,0.1488639905828826,0.06548276425491563,0.3789091192652624,0,0,ok,extreme thresholds are audit flags only; units differ by modality
1,data/limb/subject01/StaticP14/subject1_limb_EMG.mat,StaticP14,20,ACC.Y electrode 3,float64,75600,0,0,False,-1.1088517444200088,0.8692117161362529,0.34953230537511826,0.6450824874117591,0.6459413293213547,0.049167844936017224,1.1088517444200088,0,15117,ok,extreme thresholds are audit flags only; units differ by modality
1,data/limb/subject01/StaticP14/subject1_limb_EMG.mat,StaticP14,21,ACC.Z electrode 3,float64,75600,0,0,False,-0.9739260998822298,-0.08570193240281405,-0.7159807859244418,0.17566081081776236,-0.7871488687094252,0.052454937970629334,0.9739260998822298,0,0,ok,extreme thresholds are audit flags only; units differ by modality
1,data/limb/subject01/StaticP14/subject1_limb_EMG.mat,StaticP14,22,GYRO.X electrode 3,float64,75600,0,0,False,-20.93877939690817,40.395050955166916,17.05795244915366,3.7301707732175844,17.01364719900922,1.8082917453181704,40.395050955166916,0,0,ok,extreme thresholds are audit flags only; units differ by modality
1,data/limb/subject01/StaticP14/subject1_limb_EMG.mat,StaticP14,23,GYRO.Y electrode 3,float64,75600,0,0,False,-94.29029637808706,78.47811697216979,2.9967652871426105,9.797967304326821,2.8756060550420686,4.067275778211033,94.29029637808706,0,0,ok,extreme thresholds are audit flags only; units differ by modality
1,data/limb/subject01/StaticP14/subject1_limb_EMG.mat,StaticP14,24,GYRO.Z electrode 3,float64,75600,0,0,False,-16.04521181929127,24.723024313699508,2.5029108592983715,3.2908404090639114,2.4629822700185313,1.695764325044494,24.723024313699508,0,0,ok,extreme thresholds are audit flags only; units differ by modality
1,data/limb/subject01/StaticP14/subject1_limb_EMG.mat,StaticP14,25,ACC.X electrode 4,float64,75600,0,0,False,0.07780112184744065,1.0022364858386814,0.6538328759136105,0.20984084556877786,0.7424834272551315,0.054923179302604264,1.0022364858386814,0,0,ok,extreme thresholds are audit flags only; units differ by modality
1,data/limb/subject01/StaticP14/subject1_limb_EMG.mat,StaticP14,26,ACC.Y electrode 4,float64,75600,0,0,False,-1.121444067207852,0.8738382342401618,0.31368625620380414,0.6454233655508781,0.6128035769699716,0.052009531285489186,1.121444067207852,0,14896,ok,extreme thresholds are audit flags only; units differ by modality
1,data/limb/subject01/StaticP14/subject1_limb_EMG.mat,StaticP14,27,ACC.Z electrode 4,float64,75600,0,0,False,-0.2794917059299398,0.17927410662172175,0.00025852873599999094,0.08224369454217043,-0.006989033917298348,0.07035970339893896,0.2794917059299398,0,0,ok,extreme thresholds are audit flags only; units differ by modality
1,data/limb/subject01/StaticP14/subject1_limb_EMG.mat,StaticP14,28,GYRO.X electrode 4,float64,75600,0,0,False,-15.986351867201964,23.378278576054118,2.968657381900712,3.1050578411079974,2.9264159315518152,1.7217907088462365,23.378278576054118,0,0,ok,extreme thresholds are audit flags only; units differ by modality
1,data/limb/subject01/StaticP14/subject1_limb_EMG.mat,StaticP14,29,GYRO.Y electrode 4,float64,75600,0,0,False,-71.83343670223996,105.35974324313607,6.535441367056301,9.403660110902194,6.397083219399548,3.818965144858492,105.35974324313607,0,0,ok,extreme thresholds are audit flags only; units differ by modality
1,data/limb/subject01/StaticP14/subject1_limb_EMG.mat,StaticP14,30,GYRO.Z electrode 4,float64,75600,0,0,False,-18.092125262796,22.274013131525145,3.6692027041832525,2.971207608260775,3.6617237882849842,1.4776741167385443,22.274013131525145,0,0,ok,extreme thresholds are audit flags only; units differ by modality
1,data/limb/subject01/StaticP14/subject1_limb_EMG.mat,StaticP14,31,ACC.X electrode 5,float64,75600,0,0,False,-0.9779703341643202,0.07873991017989612,-0.7042028863991083,0.3148032599390867,-0.8510843752798796,0.023431980356836246,0.9779703341643202,0,14080,ok,extreme thresholds are audit flags only; units differ by modality
1,data/limb/subject01/StaticP14/subject1_limb_EMG.mat,StaticP14,32,ACC.Y electrode 5,float64,75600,0,0,False,-1.1266522687182725,0.48909895103359524,0.06969905712531307,0.5218026005799801,0.3082258476542027,0.057046655911664856,1.1266522687182725,0,0,ok,extreme thresholds are audit flags only; units differ by modality
1,data/limb/subject01/StaticP14/subject1_limb_EMG.mat,StaticP14,33,ACC.Z electrode 5,float64,75600,0,0,False,-0.6511075334948669,0.04080066119123026,-0.4274858893241095,0.10762343878997917,-0.439636087875348,0.06070042115097851,0.6511075334948669,0,0,ok,extreme thresholds are audit flags only; units differ by modality
1,data/limb/subject01/StaticP14/subject1_limb_EMG.mat,StaticP14,34,GYRO.X electrode 5,float64,75600,0,0,False,-13.444085150975738,23.461600145700125,5.204271390546249,3.2103965141853776,5.329446450156343,1.7769741817475164,23.461600145700125,0,0,ok,extreme thresholds are audit flags only; units differ by modality
1,data/limb/subject01/StaticP14/subject1_limb_EMG.mat,StaticP14,35,GYRO.Y electrode 5,float64,75600,0,0,False,-28.669786704202938,55.34148117365123,5.643965849986476,5.521886744863944,5.512793450103403,1.8702221107399746,55.34148117365123,0,0,ok,extreme thresholds are audit flags only; units differ by modality
1,data/limb/subject01/StaticP14/subject1_limb_EMG.mat,StaticP14,36,GYRO.Z electrode 5,float64,75600,0,0,False,-21.31459129497225,20.956266441653717,-2.121596191622295,2.663874406290182,-2.112718993634279,1.2567275942066838,21.31459129497225,0,0,ok,extreme thresholds are audit flags only; units differ by modality
1,data/limb/subject01/StaticP14/subject1_limb_EMG.mat,StaticP14,37,ACC.X electrode 6,float64,75600,0,0,False,-0.03202204666864288,0.9932707282485598,0.7222087974602904,0.2860738944192372,0.8592433856492019,0.03309550592775018,0.9932707282485598,0,0,ok,extreme thresholds are audit flags only; units differ by modality
1,data/limb/subject01/StaticP14/subject1_limb_EMG.mat,StaticP14,38,ACC.Y electrode 6,float64,75600,0,0,False,-1.1008540153906825,0.5780473378661545,0.13366954003351164,0.5367242839728513,0.36821161665389524,0.08201287926596462,1.1008540153906825,0,0,ok,extreme thresholds are audit flags only; units differ by modality
1,data/limb/subject01/StaticP14/subject1_limb_EMG.mat,StaticP14,39,ACC.Z electrode 6,float64,75600,0,0,False,-0.5223279342728814,0.3519429663683701,0.10580070925061304,0.23854579402121479,0.1934559094277559,0.059665725032831574,0.5223279342728814,0,0,ok,extreme thresholds are audit flags only; units differ by modality
1,data/limb/subject01/StaticP14/subject1_limb_EMG.mat,StaticP14,40,GYRO.X electrode 6,float64,75600,0,0,False,-15.082656271611352,13.181847887665125,-1.1700210966778068,2.636900569334276,-1.270213095980635,1.4145225643433692,15.082656271611352,0,0,ok,extreme thresholds are audit flags only; units differ by modality
1,data/limb/subject01/StaticP14/subject1_limb_EMG.mat,StaticP14,41,GYRO.Y electrode 6,float64,75600,0,0,False,-37.56573970906462,73.51264998730566,6.349293466881101,6.351474203545263,6.233416163248826,1.8102804011547518,73.51264998730566,0,124,ok,extreme thresholds are audit flags only; units differ by modality
1,data/limb/subject01/StaticP14/subject1_limb_EMG.mat,StaticP14,42,GYRO.Z electrode 6,float64,75600,0,0,False,-27.823613199652215,25.20447373937722,-0.6219033554226392,2.962718038082254,-0.720350734670266,1.318887710193168,27.823613199652215,0,0,ok,extreme thresholds are audit flags only; units differ by modality
1,data/limb/subject01/Dynamic/subject1_limb_EMG.mat,Dynamic,1,EMG electrode 1,float64,575894,0,0,False,-0.000248081,0.000185641,-6.410392875511813e-07,1.1252745419741391e-05,-8.39246e-07,6.042573999999999e-06,0.000248081,0,8,ok,extreme thresholds are audit flags only; units differ by modality
1,data/limb/subject01/Dynamic/subject1_limb_EMG.mat,Dynamic,2,EMG electrode 2,float64,575894,0,0,False,-0.000189502,0.000285847,3.9920846275772975e-06,1.0677183125473876e-05,3.86053e-06,4.1962280000000005e-06,0.000285847,0,67,ok,extreme thresholds are audit flags only; units differ by modality
1,data/limb/subject01/Dynamic/subject1_limb_EMG.mat,Dynamic,3,EMG electrode 3,float64,575894,0,0,False,-0.000233143,0.000235492,8.389953976426218e-06,4.983784140731221e-06,8.39246e-06,2.51774e-06,0.000235492,0,47,ok,extreme thresholds are audit flags only; units differ by modality
1,data/limb/subject01/Dynamic/subject1_limb_EMG.mat,Dynamic,4,EMG electrode 4,float64,575894,0,0,False,-0.000582605,0.000432883,-2.124580419060973e-05,5.807188510008056e-06,-2.13169e-05,2.3498000000000025e-06,0.000582605,0,242,ok,extreme thresholds are audit flags only; units differ by modality
1,data/limb/subject01/Dynamic/subject1_limb_EMG.mat,Dynamic,5,EMG electrode 5,float64,575894,0,0,False,-0.000320424,0.000172885,-1.9079372105278053e-05,1.0062172511348601e-05,-1.8967e-05,3.6926999999999994e-06,0.000320424,0,191,ok,extreme thresholds are audit flags only; units differ by modality
1,data/limb/subject01/Dynamic/subject1_limb_EMG.mat,Dynamic,6,EMG electrode 6,float64,575894,0,0,False,-0.000114305,0.000107927,-8.370673125340773e-06,9.98900865137957e-06,-8.22461e-06,4.36408e-06,0.000114305,0,0,ok,extreme thresholds are audit flags only; units differ by modality
1,data/limb/subject01/Dynamic/subject1_limb_EMG.mat,Dynamic,7,ACC.X electrode 1,float64,575894,0,0,False,-2.133467445381015,1.5108703417839102,-0.439320255360569,0.33632823052746974,-0.4476405754507823,0.321684933498937,2.133467445381015,0,0,ok,extreme thresholds are audit flags only; units differ by modality
1,data/limb/subject01/Dynamic/subject1_limb_EMG.mat,Dynamic,8,ACC.Y electrode 1,float64,575894,0,0,False,-2.951611953042547,1.1627268363508567,-0.17493332975804216,0.6959165025896824,-0.1379529896321358,0.7179526339123128,2.951611953042547,0,0,ok,extreme thresholds are audit flags only; units differ by modality
1,data/limb/subject01/Dynamic/subject1_limb_EMG.mat,Dynamic,9,ACC.Z electrode 1,float64,575894,0,0,False,-0.4206883199254537,1.1546686228792422,0.3192865579551185,0.2131133054313574,0.304403731418599,0.18273990453772132,1.1546686228792422,0,0,ok,extreme thresholds are audit flags only; units differ by modality
1,data/limb/subject01/Dynamic/subject1_limb_EMG.mat,Dynamic,10,GYRO.X electrode 1,float64,575894,0,0,False,-329.43817956811193,53.15279141586837,-13.511329268135498,20.502798658359946,-11.481717602434674,2.8184257195310662,329.43817956811193,0,6585,ok,extreme thresholds are audit flags only; units differ by modality
1,data/limb/subject01/Dynamic/subject1_limb_EMG.mat,Dynamic,11,GYRO.Y electrode 1,float64,575894,0,0,False,-284.96451093075314,649.5764252497084,1.1286623338959254,26.047853845292817,-0.500966138001959,4.441377911620456,649.5764252497084,0,4615,ok,extreme thresholds are audit flags only; units differ by modality
1,data/limb/subject01/Dynamic/subject1_limb_EMG.mat,Dynamic,12,GYRO.Z electrode 1,float64,575894,0,0,False,-505.67906767068735,141.62029226956395,0.028038884586202684,35.3386525637172,1.5899320937935606,5.793083467049817,505.67906767068735,0,4961,ok,extreme thresholds are audit flags only; units differ by modality
1,data/limb/subject01/Dynamic/subject1_limb_EMG.mat,Dynamic,13,ACC.X electrode 2,float64,575894,0,0,False,-2.3262049503330258,0.5579905238430967,-0.4988903631247637,0.2128600650454348,-0.5573923260053433,0.17095248173634447,2.3262049503330258,0,0,ok,extreme thresholds are audit flags only; units differ by modality
1,data/limb/subject01/Dynamic/subject1_limb_EMG.mat,Dynamic,14,ACC.Y electrode 2,float64,575894,0,0,False,-1.8271291928778821,1.1529762357981106,-0.09978033236910008,0.6971601814940743,-0.0039013218036625264,0.6748694349609202,1.8271291928778821,0,0,ok,extreme thresholds are audit flags only; units differ by modality
1,data/limb/subject01/Dynamic/subject1_limb_EMG.mat,Dynamic,15,ACC.Z electrode 2,float64,575894,0,0,False,-1.94626299387205,0.40432039519146,-0.4605493092991559,0.2994948010470617,-0.4423627650071562,0.23155529841330483,1.94626299387205,0,0,ok,extreme thresholds are audit flags only; units differ by modality
1,data/limb/subject01/Dynamic/subject1_limb_EMG.mat,Dynamic,16,GYRO.X electrode 2,float64,575894,0,0,False,-162.48728332535367,467.75359488551413,-11.41248500465291,34.06946340041273,-12.932633549245368,5.515769290439021,467.75359488551413,0,5002,ok,extreme thresholds are audit flags only; units differ by modality
1,data/limb/subject01/Dynamic/subject1_limb_EMG.mat,Dynamic,17,GYRO.Y electrode 2,float64,575894,0,0,False,-509.36658234123365,436.4497072409914,-1.749623553241306,26.54652250394742,-2.974096326098116,4.157747617135695,509.36658234123365,0,5184,ok,extreme thresholds are audit flags only; units differ by modality
1,data/limb/subject01/Dynamic/subject1_limb_EMG.mat,Dynamic,18,GYRO.Z electrode 2,float64,575894,0,0,False,-343.43445590707654,85.2953710920466,-3.7588228931226544,24.043789862545303,-1.5310642155822456,3.817811233505449,343.43445590707654,0,5671,ok,extreme thresholds are audit flags only; units differ by modality
1,data/limb/subject01/Dynamic/subject1_limb_EMG.mat,Dynamic,19,ACC.X electrode 3,float64,575894,0,0,False,-1.9394306441615663,1.3646535400806483,0.34053538358043184,0.29228098481389675,0.3088087959756703,0.20318251021168524,1.9394306441615663,0,0,ok,extreme thresholds are audit flags only; units differ by modality
1,data/limb/subject01/Dynamic/subject1_limb_EMG.mat,Dynamic,20,ACC.Y electrode 3,float64,575894,0,0,False,-2.100075063204007,1.1443196297941114,-0.04892815739380973,0.700835172746677,0.06169391420372891,0.6760370729016218,2.100075063204007,0,0,ok,extreme thresholds are audit flags only; units differ by modality
1,data/limb/subject01/Dynamic/subject1_limb_EMG.mat,Dynamic,21,ACC.Z electrode 3,float64,575894,0,0,False,-2.08576261117491,0.22183302339178732,-0.599963018626266,0.20845678596514522,-0.6616952803203844,0.14347899215565563,2.08576261117491,0,0,ok,extreme thresholds are audit flags only; units differ by modality
1,data/limb/subject01/Dynamic/subject1_limb_EMG.mat,Dynamic,22,GYRO.X electrode 3,float64,575894,0,0,False,-111.80973591989289,407.4690495859501,17.285354292764485,26.806535368429188,14.67894945754119,4.437997877277171,407.4690495859501,0,5245,ok,extreme thresholds are audit flags only; units differ by modality
1,data/limb/subject01/Dynamic/subject1_limb_EMG.mat,Dynamic,23,GYRO.Y electrode 3,float64,575894,0,0,False,-252.3259971989725,542.3275300295873,3.910276032843419,23.52360448435064,2.705988666989896,5.104144158148895,542.3275300295873,0,2503,ok,extreme thresholds are audit flags only; units differ by modality
1,data/limb/subject01/Dynamic/subject1_limb_EMG.mat,Dynamic,24,GYRO.Z electrode 3,float64,575894,0,0,False,-155.24756805826928,506.55154371020217,0.5573501858858366,32.51943278451519,-0.9846219241109337,5.480168681670623,506.55154371020217,0,4940,ok,extreme thresholds are audit flags only; units differ by modality
1,data/limb/subject01/Dynamic/subject1_limb_EMG.mat,Dynamic,25,ACC.X electrode 4,float64,575894,0,0,False,-0.9900563172838227,1.4603593964352355,0.5387379711016889,0.24389051153769825,0.6087134254188753,0.18416855206184302,1.4603593964352355,0,0,ok,extreme thresholds are audit flags only; units differ by modality
1,data/limb/subject01/Dynamic/subject1_limb_EMG.mat,Dynamic,26,ACC.Y electrode 4,float64,575894,0,0,False,-3.0606865545857826,1.1841510778051716,-0.13397926576595467,0.7033435578920473,-0.11058439638931539,0.7288273028430998,3.0606865545857826,0,0,ok,extreme thresholds are audit flags only; units differ by modality
1,data/limb/subject01/Dynamic/subject1_limb_EMG.mat,Dynamic,27,ACC.Z electrode 4,float64,575894,0,0,False,-1.2781868488483958,0.8442939780493555,0.20518254196887653,0.2648372104313814,0.1628327279487529,0.21956519190595167,1.2781868488483958,0,0,ok,extreme thresholds are audit flags only; units differ by modality
1,data/limb/subject01/Dynamic/subject1_limb_EMG.mat,Dynamic,28,GYRO.X electrode 4,float64,575894,0,0,False,-427.4147106821704,125.96395644339039,4.929707232133679,26.83390950117316,5.925859718567743,4.878849037445862,427.4147106821704,0,4514,ok,extreme thresholds are audit flags only; units differ by modality
1,data/limb/subject01/Dynamic/subject1_limb_EMG.mat,Dynamic,29,GYRO.Y electrode 4,float64,575894,0,0,False,-548.7181364674019,556.179948672985,7.357305063865508,25.422027195853925,6.850303890325577,4.982862060051714,556.179948672985,0,3017,ok,extreme thresholds are audit flags only; units differ by modality
1,data/limb/subject01/Dynamic/subject1_limb_EMG.mat,Dynamic,30,GYRO.Z electrode 4,float64,575894,0,0,False,-91.50312815581462,465.5358639721021,3.678935688686258,30.95115113407231,0.9257243194022682,4.529815265513097,465.5358639721021,0,5798,ok,extreme thresholds are audit flags only; units differ by modality
1,data/limb/subject01/Dynamic/subject1_limb_EMG.mat,Dynamic,31,ACC.X electrode 5,float64,575894,0,0,False,-1.170005752453429,1.4500548576653296,-0.32467013680852114,0.30826073662866116,-0.13209510610101827,0.08188549497366732,1.4500548576653296,0,0,ok,extreme thresholds are audit flags only; units differ by modality
1,data/limb/subject01/Dynamic/subject1_limb_EMG.mat,Dynamic,32,ACC.Y electrode 5,float64,575894,0,0,False,-2.808008016017129,0.594798434379213,-0.6187421794565203,0.5126564360157376,-0.9676096841325176,0.026134575345323485,2.808008016017129,0,176151,ok,extreme thresholds are audit flags only; units differ by modality
1,data/limb/subject01/Dynamic/subject1_limb_EMG.mat,Dynamic,33,ACC.Z electrode 5,float64,575894,0,0,False,-1.2986388979283225,1.6156307581533864,-0.39465964176257273,0.2486109630677893,-0.26652162336189655,0.08018563213670886,1.6156307581533864,0,0,ok,extreme thresholds are audit flags only; units differ by modality
1,data/limb/subject01/Dynamic/subject1_limb_EMG.mat,Dynamic,34,GYRO.X electrode 5,float64,575894,0,0,False,-104.78601820541623,345.5356322576936,5.011105811549155,25.405871012938047,4.4542157514163305,2.207193990857217,345.5356322576936,0,11640,ok,extreme thresholds are audit flags only; units differ by modality
1,data/limb/subject01/Dynamic/subject1_limb_EMG.mat,Dynamic,35,GYRO.Y electrode 5,float64,575894,0,0,False,-268.9254965821364,233.51105145465883,5.12429337843548,16.83185270764409,5.369461313917829,3.3296744226520483,268.9254965821364,0,2943,ok,extreme thresholds are audit flags only; units differ by modality
1,data/limb/subject01/Dynamic/subject1_limb_EMG.mat,Dynamic,36,GYRO.Z electrode 5,float64,575894,0,0,False,-284.9677868207733,96.85657937938647,-1.4997830290303091,16.236597331054615,-1.5092289938976005,1.7532951443466787,284.9677868207733,0,8755,ok,extreme thresholds are audit flags only; units differ by modality
1,data/limb/subject01/Dynamic/subject1_limb_EMG.mat,Dynamic,37,ACC.X electrode 6,float64,575894,0,0,False,-0.6278632791199747,1.9960023000478737,0.4243618259909424,0.28517202832871197,0.2555710909773451,0.09772449496402923,1.9960023000478737,0,0,ok,extreme thresholds are audit flags only; units differ by modality
1,data/limb/subject01/Dynamic/subject1_limb_EMG.mat,Dynamic,38,ACC.Y electrode 6,float64,575894,0,0,False,-1.6859922275835286,0.7852467434474977,-0.5906051934365362,0.5047515920860485,-0.9182127215698588,0.02994078430935948,1.6859922275835286,0,103797,ok,extreme thresholds are audit flags only; units differ by modality
1,data/limb/subject01/Dynamic/subject1_limb_EMG.mat,Dynamic,39,ACC.Z electrode 6,float64,575894,0,0,False,-2.4874898790745883,0.6766839991499815,-0.07038707188274818,0.3700587752363454,-0.2735001039800309,0.13833298093523158,2.4874898790745883,0,0,ok,extreme thresholds are audit flags only; units differ by modality
1,data/limb/subject01/Dynamic/subject1_limb_EMG.mat,Dynamic,40,GYRO.X electrode 6,float64,575894,0,0,False,-334.49885799095887,153.6242947373071,-0.5058337920894462,23.46542836168882,0.023481354213419025,2.5684419047044083,334.49885799095887,0,10210,ok,extreme thresholds are audit flags only; units differ by modality
1,data/limb/subject01/Dynamic/subject1_limb_EMG.mat,Dynamic,41,GYRO.Y electrode 6,float64,575894,0,0,False,-364.3147710074814,333.4395218133483,5.846271604399324,17.516558088536527,6.284716883149508,3.208905775109943,364.3147710074814,0,4067,ok,extreme thresholds are audit flags only; units differ by modality
1,data/limb/subject01/Dynamic/subject1_limb_EMG.mat,Dynamic,42,GYRO.Z electrode 6,float64,575894,0,0,False,-54.18959409769228,288.8540201972703,-1.0417583439135265,21.20381254389793,-1.5621004202609534,2.07117137720811,288.8540201972703,0,10126,ok,extreme thresholds are audit flags only; units differ by modality
2,data/limb/subject02/StaticP1/subject2_limb_EMG.mat,StaticP1,1,EMG electrode 1,float64,75600,0,0,False,-0.000506737,0.000400992,-3.03205713042328e-07,4.289869357611738e-05,-8.39246e-07,1.8799146e-05,0.000506737,0,0,ok,extreme thresholds are audit flags only; units differ by modality
2,data/limb/subject02/StaticP1/subject2_limb_EMG.mat,StaticP1,2,EMG electrode 2,float64,75600,0,0,False,-0.000817426,0.000765225,3.957354400357142e-06,4.2017398036539385e-05,3.69268e-06,1.074232e-05,0.000817426,0,151,ok,extreme thresholds are audit flags only; units differ by modality
2,data/limb/subject02/StaticP1/subject2_limb_EMG.mat,StaticP1,3,EMG electrode 3,float64,75600,0,0,False,-0.00044799,0.000728801,8.352638546626982e-06,4.460242403615097e-05,7.55322e-06,9.735259999999999e-06,0.000728801,0,218,ok,extreme thresholds are audit flags only; units differ by modality
2,data/limb/subject02/StaticP1/subject2_limb_EMG.mat,StaticP1,4,EMG electrode 4,float64,75600,0,0,False,-0.000276112,0.000147875,-2.178671700585979e-05,1.730952698129941e-05,-2.13169e-05,6.3782999999999996e-06,0.000276112,0,5,ok,extreme thresholds are audit flags only; units differ by modality
2,data/limb/subject02/StaticP1/subject2_limb_EMG.mat,StaticP1,5,EMG electrode 5,float64,75600,0,0,False,-6.8986e-05,2.31632e-05,-1.9398410729748674e-05,5.5889330024470064e-06,-1.93027e-05,3.021300000000001e-06,6.8986e-05,0,0,ok,extreme thresholds are audit flags only; units differ by modality
2,data/limb/subject02/StaticP1/subject2_limb_EMG.mat,StaticP1,6,EMG electrode 6,float64,75600,0,0,False,-0.000214679,0.000343587,-8.550527523253969e-06,3.312091005922729e-05,-9.9031e-06,1.275654e-05,0.000343587,0,0,ok,extreme thresholds are audit flags only; units differ by modality
2,data/limb/subject02/StaticP1/subject2_limb_EMG.mat,StaticP1,7,ACC.X electrode 1,float64,75600,0,0,False,-0.8680166839570724,0.040277307985702566,-0.5344986484573131,0.2639889661855611,-0.6486046507186187,0.038442742254312545,0.8680166839570724,0,0,ok,extreme thresholds are audit flags only; units differ by modality
2,data/limb/subject02/StaticP1/subject2_limb_EMG.mat,StaticP1,8,ACC.Y electrode 1,float64,75600,0,0,False,-1.1383285739459388,-0.09108497177729477,-0.7439329637645287,0.13489539595112046,-0.7025014040943002,0.0427628136657171,1.1383285739459388,0,0,ok,extreme thresholds are audit flags only; units differ by modality
2,data/limb/subject02/StaticP1/subject2_limb_EMG.mat,StaticP1,9,ACC.Z electrode 1,float64,75600,0,0,False,-0.00043411368439427294,0.38863994811685504,0.200728731528484,0.09251473784893297,0.21978157249890415,0.0462741159530094,0.38863994811685504,0,0,ok,extreme thresholds are audit flags only; units differ by modality
2,data/limb/subject02/StaticP1/subject2_limb_EMG.mat,StaticP1,10,GYRO.X electrode 1,float64,75600,0,0,False,-45.64382172466639,15.408706767904183,-12.921125110419238,2.4087793916937184,-12.956279859448777,1.0767256360102513,45.64382172466639,0,10,ok,extreme thresholds are audit flags only; units differ by modality
2,data/limb/subject02/StaticP1/subject2_limb_EMG.mat,StaticP1,11,GYRO.Y electrode 1,float64,75600,0,0,False,-54.05490775165055,75.34490996881786,0.2744762898684947,6.20900498391896,0.4453164807565241,2.665418696128876,75.34490996881786,0,0,ok,extreme thresholds are audit flags only; units differ by modality
2,data/limb/subject02/StaticP1/subject2_limb_EMG.mat,StaticP1,12,GYRO.Z electrode 1,float64,75600,0,0,False,-33.707768436863056,9.233474402054949,-1.943784329717791,1.577413319950541,-1.8601760521448547,0.719305523819251,33.707768436863056,0,46,ok,extreme thresholds are audit flags only; units differ by modality
2,data/limb/subject02/StaticP1/subject2_limb_EMG.mat,StaticP1,13,ACC.X electrode 2,float64,75600,0,0,False,-0.15986353568370387,0.2423396237939903,-0.04475457439575647,0.04284272533875594,-0.04099863811363996,0.02974557530868227,0.2423396237939903,0,0,ok,extreme thresholds are audit flags only; units differ by modality
2,data/limb/subject02/StaticP1/subject2_limb_EMG.mat,StaticP1,14,ACC.Y electrode 2,float64,75600,0,0,False,-1.1111501109824982,-0.087932897322196,-0.570306093055246,0.2064251600800423,-0.5066848828443788,0.04825262185568194,1.1111501109824982,0,0,ok,extreme thresholds are audit flags only; units differ by modality
2,data/limb/subject02/StaticP1/subject2_limb_EMG.mat,StaticP1,15,ACC.Z electrode 2,float64,75600,0,0,False,-1.09376787396487,-0.027258981108323876,-0.8454262790624717,0.2585852768564707,-0.9585978320601369,0.029617076357431493,1.09376787396487,0,3,ok,extreme thresholds are audit flags only; units differ by modality
2,data/limb/subject02/StaticP1/subject2_limb_EMG.mat,StaticP1,16,GYRO.X electrode 2,float64,75600,0,0,False,-26.481210345934578,15.36001471189623,-9.760258431949362,1.8042035292990695,-9.823677065334158,0.8302799262696592,26.481210345934578,0,6,ok,extreme thresholds are audit flags only; units differ by modality
2,data/limb/subject02/StaticP1/subject2_limb_EMG.mat,StaticP1,17,GYRO.Y electrode 2,float64,75600,0,0,False,-39.27645899861664,32.62559912123171,-2.7053744413851164,3.9661194700712445,-2.650890628342909,1.858853009752842,39.27645899861664,0,0,ok,extreme thresholds are audit flags only; units differ by modality
2,data/limb/subject02/StaticP1/subject2_limb_EMG.mat,StaticP1,18,GYRO.Z electrode 2,float64,75600,0,0,False,-15.375084170935779,16.100797150588473,-3.611054576840511,1.5191588788784243,-3.5851063710293887,0.7266337239284186,16.100797150588473,0,0,ok,extreme thresholds are audit flags only; units differ by modality
2,data/limb/subject02/StaticP1/subject2_limb_EMG.mat,StaticP1,19,ACC.X electrode 3,float64,75600,0,0,False,0.030781018020666517,1.1462809489094947,0.7883618484426588,0.2030382709257694,0.8858497919231834,0.017417556027618797,1.1462809489094947,0,3209,ok,extreme thresholds are audit flags only; units differ by modality
2,data/limb/subject02/StaticP1/subject2_limb_EMG.mat,StaticP1,20,ACC.Y electrode 3,float64,75600,0,0,False,-1.0240589279356278,-0.08060487468187785,-0.46208204623844634,0.22028873264217208,-0.38279541426047714,0.06412579493535461,1.0240589279356278,0,0,ok,extreme thresholds are audit flags only; units differ by modality
2,data/limb/subject02/StaticP1/subject2_limb_EMG.mat,StaticP1,21,ACC.Z electrode 3,float64,75600,0,0,False,-0.5574250000353224,-0.025337718695430337,-0.34826126787516676,0.05021528505951469,-0.33150438105197894,0.028566635604827084,0.5574250000353224,0,0,ok,extreme thresholds are audit flags only; units differ by modality
2,data/limb/subject02/StaticP1/subject2_limb_EMG.mat,StaticP1,22,GYRO.X electrode 3,float64,75600,0,0,False,0.8315687710015138,38.93316083079137,17.162915688636524,2.26495180012281,17.155180403956265,1.0404240196230603,38.93316083079137,0,0,ok,extreme thresholds are audit flags only; units differ by modality
2,data/limb/subject02/StaticP1/subject2_limb_EMG.mat,StaticP1,23,GYRO.Y electrode 3,float64,75600,0,0,False,-56.686235148701776,59.253469053454346,3.1507222345406007,5.538877389661897,3.1836126417936796,2.206682548046274,59.253469053454346,0,0,ok,extreme thresholds are audit flags only; units differ by modality
2,data/limb/subject02/StaticP1/subject2_limb_EMG.mat,StaticP1,24,GYRO.Z electrode 3,float64,75600,0,0,False,-13.911756566175205,33.251069347649974,2.3457091948266564,1.8012156132509005,2.2668160775083823,0.8089094564216145,33.251069347649974,0,37,ok,extreme thresholds are audit flags only; units differ by modality
2,data/limb/subject02/StaticP1/subject2_limb_EMG.mat,StaticP1,25,ACC.X electrode 4,float64,75600,0,0,False,0.012538282194505214,0.8068083387385848,0.49421397690386043,0.15139952385534985,0.5453383917184935,0.03566133412845707,0.8068083387385848,0,0,ok,extreme thresholds are audit flags only; units differ by modality
2,data/limb/subject02/StaticP1/subject2_limb_EMG.mat,StaticP1,26,ACC.Y electrode 4,float64,75600,0,0,False,-1.1274895912356704,-0.08933678611517894,-0.6788698449358787,0.1594104482211417,-0.6224273969153968,0.05701558911546367,1.1274895912356704,0,0,ok,extreme thresholds are audit flags only; units differ by modality
2,data/limb/subject02/StaticP1/subject2_limb_EMG.mat,StaticP1,27,ACC.Z electrode 4,float64,75600,0,0,False,-0.05578241338895379,0.6468227225840711,0.38915311734962976,0.2034800356512218,0.47947692188150404,0.04412511932053487,0.6468227225840711,0,0,ok,extreme thresholds are audit flags only; units differ by modality
2,data/limb/subject02/StaticP1/subject2_limb_EMG.mat,StaticP1,28,GYRO.X electrode 4,float64,75600,0,0,False,-32.57718050884538,17.11640577194705,3.099799157594088,1.9783234093527793,3.187973687677548,0.9450469527629457,32.57718050884538,0,14,ok,extreme thresholds are audit flags only; units differ by modality
2,data/limb/subject02/StaticP1/subject2_limb_EMG.mat,StaticP1,29,GYRO.Y electrode 4,float64,75600,0,0,False,-118.53402184584775,63.552604560539585,6.416659046815924,5.066994770228734,6.467759991611698,2.2850133678966458,118.53402184584775,0,18,ok,extreme thresholds are audit flags only; units differ by modality
2,data/limb/subject02/StaticP1/subject2_limb_EMG.mat,StaticP1,30,GYRO.Z electrode 4,float64,75600,0,0,False,-15.980496025339042,41.33674733198183,3.538387023007885,1.9216749448071315,3.517101615142968,0.8641963482651063,41.33674733198183,0,20,ok,extreme thresholds are audit flags only; units differ by modality
2,data/limb/subject02/StaticP1/subject2_limb_EMG.mat,StaticP1,31,ACC.X electrode 5,float64,75600,0,0,False,-0.16600237452827588,0.20912465000471564,-0.0038554153014103134,0.02579570165347214,-0.004470073379290361,0.01815117481480443,0.20912465000471564,0,0,ok,extreme thresholds are audit flags only; units differ by modality
2,data/limb/subject02/StaticP1/subject2_limb_EMG.mat,StaticP1,32,ACC.Y electrode 5,float64,75600,0,0,False,-1.1337800146910075,-0.08897539600026268,-0.9939672936177629,0.010852482882203396,-0.9940598714311542,0.004807148326100463,1.1337800146910075,0,3,ok,extreme thresholds are audit flags only; units differ by modality
2,data/limb/subject02/StaticP1/subject2_limb_EMG.mat,StaticP1,33,ACC.Z electrode 5,float64,75600,0,0,False,-0.3063034189742983,-0.013040393996586177,-0.16315855714425156,0.03571617419650586,-0.15401515279560132,0.018860761776085186,0.3063034189742983,0,0,ok,extreme thresholds are audit flags only; units differ by modality
2,data/limb/subject02/StaticP1/subject2_limb_EMG.mat,StaticP1,34,GYRO.X electrode 5,float64,75600,0,0,False,-10.258211292549918,24.419360936833332,5.155091472525446,1.5910029898312392,5.128797492478711,0.7277123430588719,24.419360936833332,0,0,ok,extreme thresholds are audit flags only; units differ by modality
2,data/limb/subject02/StaticP1/subject2_limb_EMG.mat,StaticP1,35,GYRO.Y electrode 5,float64,75600,0,0,False,-78.348040921286,59.942712202864165,5.663360474129002,4.666921387467841,5.713887375121243,1.8440605720243115,78.348040921286,0,43,ok,extreme thresholds are audit flags only; units differ by modality
2,data/limb/subject02/StaticP1/subject2_limb_EMG.mat,StaticP1,36,GYRO.Z electrode 5,float64,75600,0,0,False,-21.966456783271994,28.47003406786161,-2.1772052457987683,1.6513724800798244,-2.2041165787567074,0.7516901968781687,28.47003406786161,0,14,ok,extreme thresholds are audit flags only; units differ by modality
2,data/limb/subject02/StaticP1/subject2_limb_EMG.mat,StaticP1,37,ACC.X electrode 6,float64,75600,0,0,False,-0.1291667899811645,0.2838819291643752,0.14736812760333093,0.027539499389883107,0.14807375789946967,0.01967480162495905,0.2838819291643752,0,0,ok,extreme thresholds are audit flags only; units differ by modality
2,data/limb/subject02/StaticP1/subject2_limb_EMG.mat,StaticP1,38,ACC.Y electrode 6,float64,75600,0,0,False,-1.1299147676456502,-0.09036155863909742,-0.9835742330174951,0.010485168888119002,-0.9839486217472195,0.004963557927836926,1.1299147676456502,0,3,ok,extreme thresholds are audit flags only; units differ by modality
2,data/limb/subject02/StaticP1/subject2_limb_EMG.mat,StaticP1,39,ACC.Z electrode 6,float64,75600,0,0,False,-0.15827984713189108,0.056990597587634945,-0.0575968085677927,0.03437623341143773,-0.06503447838076903,0.024810942551078727,0.15827984713189108,0,0,ok,extreme thresholds are audit flags only; units differ by modality
2,data/limb/subject02/StaticP1/subject2_limb_EMG.mat,StaticP1,40,GYRO.X electrode 6,float64,75600,0,0,False,-8.091887108920956,21.02112753395579,-1.0796263190353101,1.215353343260835,-1.0838625769704793,0.5671023554286171,21.02112753395579,0,10,ok,extreme thresholds are audit flags only; units differ by modality
2,data/limb/subject02/StaticP1/subject2_limb_EMG.mat,StaticP1,41,GYRO.Y electrode 6,float64,75600,0,0,False,-36.446912575624175,36.61969869224156,6.465875931515229,4.255735247894651,6.4379310387494115,1.8128467379118258,36.61969869224156,0,0,ok,extreme thresholds are audit flags only; units differ by modality
2,data/limb/subject02/StaticP1/subject2_limb_EMG.mat,StaticP1,42,GYRO.Z electrode 6,float64,75600,0,0,False,-14.599526641727318,5.2171790152039925,-0.7742870234105272,1.123624159988371,-0.7319136376054212,0.548463351683554,14.599526641727318,0,0,ok,extreme thresholds are audit flags only; units differ by modality
2,data/limb/subject02/StaticP2/subject2_limb_EMG.mat,StaticP2,1,EMG electrode 1,float64,75600,0,0,False,-0.000588479,0.000560281,-1.5084901604497351e-07,4.7558827873145215e-05,-5.03548e-07,1.7456352e-05,0.000588479,0,2,ok,extreme thresholds are audit flags only; units differ by modality
2,data/limb/subject02/StaticP2/subject2_limb_EMG.mat,StaticP2,2,EMG electrode 2,float64,75600,0,0,False,-0.000791745,0.000769924,3.898341015013228e-06,3.837497748708369e-05,3.69268e-06,9.23172e-06,0.000791745,0,178,ok,extreme thresholds are audit flags only; units differ by modality
2,data/limb/subject02/StaticP2/subject2_limb_EMG.mat,StaticP2,3,EMG electrode 3,float64,75600,0,0,False,-0.000700771,0.000834714,8.520239136560847e-06,4.3519249077160286e-05,7.72107e-06,8.89601e-06,0.000834714,0,259,ok,extreme thresholds are audit flags only; units differ by modality
2,data/limb/subject02/StaticP2/subject2_limb_EMG.mat,StaticP2,4,EMG electrode 4,float64,75600,0,0,False,-0.000239353,0.000130755,-2.1619773851031748e-05,1.4530164080770936e-05,-2.13169e-05,5.706800000000001e-06,0.000239353,0,4,ok,extreme thresholds are audit flags only; units differ by modality
2,data/limb/subject02/StaticP2/subject2_limb_EMG.mat,StaticP2,5,EMG electrode 5,float64,75600,0,0,False,-0.000140658,7.9057e-05,-1.9308556951137565e-05,9.909437102377987e-06,-1.8967e-05,4.0284e-06,0.000140658,0,1,ok,extreme thresholds are audit flags only; units differ by modality
2,data/limb/subject02/StaticP2/subject2_limb_EMG.mat,StaticP2,6,EMG electrode 6,float64,75600,0,0,False,-0.000375143,0.00041677,-8.499659560396826e-06,4.232773058967448e-05,-9.23171e-06,1.6449189999999998e-05,0.00041677,0,0,ok,extreme thresholds are audit flags only; units differ by modality
2,data/limb/subject02/StaticP2/subject2_limb_EMG.mat,StaticP2,7,ACC.X electrode 1,float64,75600,0,0,False,-1.2223086267752645,0.019012966055969662,-0.7257581454816293,0.34823229605171274,-0.8917127351359538,0.03762330413274362,1.2223086267752645,0,0,ok,extreme thresholds are audit flags only; units differ by modality
2,data/limb/subject02/StaticP2/subject2_limb_EMG.mat,StaticP2,8,ACC.Y electrode 1,float64,75600,0,0,False,-1.1340736258414201,-0.023008929458631717,-0.4098968860619683,0.29808266883756673,-0.27918163199343754,0.05609173277592619,1.1340736258414201,0,0,ok,extreme thresholds are audit flags only; units differ by modality
2,data/limb/subject02/StaticP2/subject2_limb_EMG.mat,StaticP2,9,ACC.Z electrode 1,float64,75600,0,0,False,0.005452394625284231,0.4635352880545769,0.2364176574449326,0.10547129443930832,0.25683873286057973,0.04137170444058888,0.4635352880545769,0,0,ok,extreme thresholds are audit flags only; units differ by modality
2,data/limb/subject02/StaticP2/subject2_limb_EMG.mat,StaticP2,10,GYRO.X electrode 1,float64,75600,0,0,False,-45.80630243573623,22.35651629482827,-12.969720892063933,3.199722269396744,-12.899327158712577,1.305872337366563,45.80630243573623,0,0,ok,extreme thresholds are audit flags only; units differ by modality
2,data/limb/subject02/StaticP2/subject2_limb_EMG.mat,StaticP2,11,GYRO.Y electrode 1,float64,75600,0,0,False,-82.67297052095373,74.93686701528263,0.23892383722481988,6.637458606393086,0.47771841488575906,2.8579909812204516,82.67297052095373,0,0,ok,extreme thresholds are audit flags only; units differ by modality
2,data/limb/subject02/StaticP2/subject2_limb_EMG.mat,StaticP2,12,GYRO.Z electrode 1,float64,75600,0,0,False,-41.372135171199766,24.20050332825375,-2.0488668521605127,2.60249392258932,-1.9173815306136992,0.9488989787526889,41.372135171199766,0,43,ok,extreme thresholds are audit flags only; units differ by modality
2,data/limb/subject02/StaticP2/subject2_limb_EMG.mat,StaticP2,13,ACC.X electrode 2,float64,75600,0,0,False,-0.28534791513582236,0.2971614955622421,-0.05457201961835049,0.05005763062114899,-0.04274114423317703,0.03736305915247372,0.2971614955622421,0,0,ok,extreme thresholds are audit flags only; units differ by modality
2,data/limb/subject02/StaticP2/subject2_limb_EMG.mat,StaticP2,14,ACC.Y electrode 2,float64,75600,0,0,False,-1.1000146028609423,0.269903217797676,-0.16236557499864016,0.4045699919659502,-0.005818619954818056,0.07378723681504468,1.1000146028609423,0,0,ok,extreme thresholds are audit flags only; units differ by modality
2,data/limb/subject02/StaticP2/subject2_limb_EMG.mat,StaticP2,15,ACC.Z electrode 2,float64,75600,0,0,False,-1.2289466367379798,-0.03658535560161572,-0.9430368524183957,0.2926712878968606,-1.0861805274452523,0.011152248606644766,1.2289466367379798,0,15120,ok,extreme thresholds are audit flags only; units differ by modality
2,data/limb/subject02/StaticP2/subject2_limb_EMG.mat,StaticP2,16,GYRO.X electrode 2,float64,75600,0,0,False,-46.68830394106574,29.99825282228663,-9.414636559156602,3.069385815933257,-9.692881671552012,1.056732007736997,46.68830394106574,0,54,ok,extreme thresholds are audit flags only; units differ by modality
2,data/limb/subject02/StaticP2/subject2_limb_EMG.mat,StaticP2,17,GYRO.Y electrode 2,float64,75600,0,0,False,-49.85255018220191,50.04366364361056,-2.951243926132083,4.843579419812907,-2.8383826159724874,1.998642907027928,50.04366364361056,0,0,ok,extreme thresholds are audit flags only; units differ by modality
2,data/limb/subject02/StaticP2/subject2_limb_EMG.mat,StaticP2,18,GYRO.Z electrode 2,float64,75600,0,0,False,-30.493702950015237,22.103995048807427,-3.6255553772312377,2.425792206495086,-3.539441336639637,0.9254929812923534,30.493702950015237,0,0,ok,extreme thresholds are audit flags only; units differ by modality
2,data/limb/subject02/StaticP2/subject2_limb_EMG.mat,StaticP2,19,ACC.X electrode 3,float64,75600,0,0,False,0.04030749271595861,1.2590910023610293,0.8418668034075525,0.22004649488575598,0.9461884912324667,0.016634372668745068,1.2590910023610293,0,14275,ok,extreme thresholds are audit flags only; units differ by modality
2,data/limb/subject02/StaticP2/subject2_limb_EMG.mat,StaticP2,20,ACC.Y electrode 3,float64,75600,0,0,False,-1.0127009546352848,0.434626702921898,-0.056781768291171354,0.41433869343797075,0.12220756626355198,0.06104413772129623,1.0127009546352848,0,0,ok,extreme thresholds are audit flags only; units differ by modality
2,data/limb/subject02/StaticP2/subject2_limb_EMG.mat,StaticP2,21,ACC.Z electrode 3,float64,75600,0,0,False,-0.5526149439562303,-0.026076554377477943,-0.34231862794488477,0.03746572736726342,-0.34727436813766155,0.025664624907791617,0.5526149439562303,0,0,ok,extreme thresholds are audit flags only; units differ by modality
2,data/limb/subject02/StaticP2/subject2_limb_EMG.mat,StaticP2,22,GYRO.X electrode 3,float64,75600,0,0,False,-10.82679680341561,85.45022047622217,17.168299752897365,3.5408396061292655,17.01573149669094,1.2833732000923384,85.45022047622217,0,50,ok,extreme thresholds are audit flags only; units differ by modality
2,data/limb/subject02/StaticP2/subject2_limb_EMG.mat,StaticP2,23,GYRO.Y electrode 3,float64,75600,0,0,False,-57.875212247482395,60.191735352707376,2.7324168262112667,5.59577125971958,2.9436755215887276,2.2005560796581074,60.191735352707376,0,0,ok,extreme thresholds are audit flags only; units differ by modality
2,data/limb/subject02/StaticP2/subject2_limb_EMG.mat,StaticP2,24,GYRO.Z electrode 3,float64,75600,0,0,False,-24.38189804238722,56.56491284492172,2.546797997845624,3.4709374367278762,2.3141873720151604,1.3772896099441916,56.56491284492172,0,36,ok,extreme thresholds are audit flags only; units differ by modality
2,data/limb/subject02/StaticP2/subject2_limb_EMG.mat,StaticP2,25,ACC.X electrode 4,float64,75600,0,0,False,0.023459640970700704,1.041455962846474,0.6213750240188296,0.2056629729581314,0.7135623305791852,0.034869555466610136,1.041455962846474,0,0,ok,extreme thresholds are audit flags only; units differ by modality
2,data/limb/subject02/StaticP2/subject2_limb_EMG.mat,StaticP2,26,ACC.Y electrode 4,float64,75600,0,0,False,-1.1225366438518403,0.10461613282586857,-0.3284335798993978,0.3294683487716298,-0.18143420389608161,0.055438291752211266,1.1225366438518403,0,0,ok,extreme thresholds are audit flags only; units differ by modality
2,data/limb/subject02/StaticP2/subject2_limb_EMG.mat,StaticP2,27,ACC.Z electrode 4,float64,75600,0,0,False,-0.02991423206751424,0.768582922283629,0.4782677270958079,0.2393605449207501,0.5856341578336954,0.035702898846904974,0.768582922283629,0,0,ok,extreme thresholds are audit flags only; units differ by modality
2,data/limb/subject02/StaticP2/subject2_limb_EMG.mat,StaticP2,28,GYRO.X electrode 4,float64,75600,0,0,False,-33.68115277812522,29.389227475722034,2.8771463545037617,3.067036783901012,3.1132308748831257,1.1848435879638837,33.68115277812522,0,5,ok,extreme thresholds are audit flags only; units differ by modality
2,data/limb/subject02/StaticP2/subject2_limb_EMG.mat,StaticP2,29,GYRO.Y electrode 4,float64,75600,0,0,False,-60.64381273409763,80.23686453921408,6.17595141489657,6.022836317538426,6.406748957701028,2.340993369788952,80.23686453921408,0,8,ok,extreme thresholds are audit flags only; units differ by modality
2,data/limb/subject02/StaticP2/subject2_limb_EMG.mat,StaticP2,30,GYRO.Z electrode 4,float64,75600,0,0,False,-24.91133982728939,40.72242718681333,3.703257098953575,3.053077194532947,3.4988905822598397,1.0689949257560811,40.72242718681333,0,11,ok,extreme thresholds are audit flags only; units differ by modality
2,data/limb/subject02/StaticP2/subject2_limb_EMG.mat,StaticP2,31,ACC.X electrode 5,float64,75600,0,0,False,-0.3361299631468092,0.15962698052585628,-0.10893506231200277,0.06229232298242289,-0.10608224856882299,0.03991102877684563,0.3361299631468092,0,0,ok,extreme thresholds are audit flags only; units differ by modality
2,data/limb/subject02/StaticP2/subject2_limb_EMG.mat,StaticP2,32,ACC.Y electrode 5,float64,75600,0,0,False,-1.134006775776485,-0.09053397718027816,-0.9848491377850647,0.01747144221692131,-0.9876001234706888,0.009573466113660944,1.134006775776485,0,3,ok,extreme thresholds are audit flags only; units differ by modality
2,data/limb/subject02/StaticP2/subject2_limb_EMG.mat,StaticP2,33,ACC.Z electrode 5,float64,75600,0,0,False,-0.3711171624678957,-0.012987627034011932,-0.17233696874795612,0.04996553206287451,-0.16161410900418466,0.04093900219999704,0.3711171624678957,0,0,ok,extreme thresholds are audit flags only; units differ by modality
2,data/limb/subject02/StaticP2/subject2_limb_EMG.mat,StaticP2,34,GYRO.X electrode 5,float64,75600,0,0,False,-20.247867130477715,17.02081444625503,5.281172405485732,1.8316094848596687,5.256769097939668,0.8543334009707317,20.247867130477715,0,3,ok,extreme thresholds are audit flags only; units differ by modality
2,data/limb/subject02/StaticP2/subject2_limb_EMG.mat,StaticP2,35,GYRO.Y electrode 5,float64,75600,0,0,False,-58.27089098533668,63.13514810038035,5.722833070076755,5.4209855902198285,5.742998642473392,2.578513556008004,63.13514810038035,0,0,ok,extreme thresholds are audit flags only; units differ by modality
2,data/limb/subject02/StaticP2/subject2_limb_EMG.mat,StaticP2,36,GYRO.Z electrode 5,float64,75600,0,0,False,-18.121988222329936,25.50495374952241,-2.090366444358534,2.1991905869091997,-2.1343414994729923,0.9191804918974289,25.50495374952241,0,14,ok,extreme thresholds are audit flags only; units differ by modality
2,data/limb/subject02/StaticP2/subject2_limb_EMG.mat,StaticP2,37,ACC.X electrode 6,float64,75600,0,0,False,-0.05081547673163719,0.4433727304025217,0.21932795159391963,0.05479125545671483,0.23746471054898483,0.02133423480355995,0.4433727304025217,0,0,ok,extreme thresholds are audit flags only; units differ by modality
2,data/limb/subject02/StaticP2/subject2_limb_EMG.mat,StaticP2,38,ACC.Y electrode 6,float64,75600,0,0,False,-1.1244685670343033,-0.08924110947422075,-0.9640382471049763,0.01908351625267619,-0.9624378594358322,0.011480004180200953,1.1244685670343033,0,3,ok,extreme thresholds are audit flags only; units differ by modality
2,data/limb/subject02/StaticP2/subject2_limb_EMG.mat,StaticP2,39,ACC.Z electrode 6,float64,75600,0,0,False,-0.18024612440645754,0.16981861397808432,-0.002447991076683323,0.07038829941209906,-0.024317137885446115,0.03882732452359292,0.18024612440645754,0,0,ok,extreme thresholds are audit flags only; units differ by modality
2,data/limb/subject02/StaticP2/subject2_limb_EMG.mat,StaticP2,40,GYRO.X electrode 6,float64,75600,0,0,False,-13.91991451060339,43.634187310038534,-1.0758185309218005,2.0664172706350534,-1.0996203053315843,0.7915168866479069,43.634187310038534,0,46,ok,extreme thresholds are audit flags only; units differ by modality
2,data/limb/subject02/StaticP2/subject2_limb_EMG.mat,StaticP2,41,GYRO.Y electrode 6,float64,75600,0,0,False,-57.851812924063964,75.5354680949927,6.61765621372967,5.181348055138711,6.572591522843602,1.9027422823127775,75.5354680949927,0,82,ok,extreme thresholds are audit flags only; units differ by modality
2,data/limb/subject02/StaticP2/subject2_limb_EMG.mat,StaticP2,42,GYRO.Z electrode 6,float64,75600,0,0,False,-15.941339667988885,11.049000986036557,-0.7847225427247365,1.7843793388916775,-0.7481293094235295,0.727157125824119,15.941339667988885,0,0,ok,extreme thresholds are audit flags only; units differ by modality
2,data/limb/subject02/StaticP3/subject2_limb_EMG.mat,StaticP3,1,EMG electrode 1,float64,75600,0,0,False,-0.000650752,0.000379339,-2.1177854956349212e-07,4.59758616339889e-05,-6.71397e-07,1.9974103e-05,0.000650752,0,2,ok,extreme thresholds are audit flags only; units differ by modality
2,data/limb/subject02/StaticP3/subject2_limb_EMG.mat,StaticP3,2,EMG electrode 2,float64,75600,0,0,False,-0.000526543,0.000465782,3.913092326732805e-06,2.7866826988983414e-05,3.52483e-06,9.399569999999999e-06,0.000526543,0,39,ok,extreme thresholds are audit flags only; units differ by modality
2,data/limb/subject02/StaticP3/subject2_limb_EMG.mat,StaticP3,3,EMG electrode 3,float64,75600,0,0,False,-0.000628092,0.000871977,8.52924413728836e-06,4.5086231220346385e-05,7.72107e-06,8.89601e-06,0.000871977,0,344,ok,extreme thresholds are audit flags only; units differ by modality
2,data/limb/subject02/StaticP3/subject2_limb_EMG.mat,StaticP3,4,EMG electrode 4,float64,75600,0,0,False,-0.000374975,0.000284504,-2.154839987137566e-05,1.923837128148695e-05,-2.13169e-05,7.0497e-06,0.000374975,0,32,ok,extreme thresholds are audit flags only; units differ by modality
2,data/limb/subject02/StaticP3/subject2_limb_EMG.mat,StaticP3,5,EMG electrode 5,float64,75600,0,0,False,-0.000172213,0.000103059,-1.92382458651455e-05,1.3824895554952922e-05,-1.84634e-05,5.538999999999999e-06,0.000172213,0,0,ok,extreme thresholds are audit flags only; units differ by modality
2,data/limb/subject02/StaticP3/subject2_limb_EMG.mat,StaticP3,6,EMG electrode 6,float64,75600,0,0,False,-0.000610636,0.000568338,-8.580662613571428e-06,5.935201456002321e-05,-8.72816e-06,2.500954e-05,0.000610636,0,0,ok,extreme thresholds are audit flags only; units differ by modality
2,data/limb/subject02/StaticP3/subject2_limb_EMG.mat,StaticP3,7,ACC.X electrode 1,float64,75600,0,0,False,-1.1294071166862059,0.005123633874122219,-0.7726679150345737,0.3761662311329125,-0.9539182895049125,0.017952602330537915,1.1294071166862059,0,15120,ok,extreme thresholds are audit flags only; units differ by modality
2,data/limb/subject02/StaticP3/subject2_limb_EMG.mat,StaticP3,8,ACC.Y electrode 1,float64,75600,0,0,False,-1.1375348298835573,0.19472108547044886,-0.2366388671571997,0.3887575436464896,-0.058522901063721544,0.09539936320071706,1.1375348298835573,0,0,ok,extreme thresholds are audit flags only; units differ by modality
2,data/limb/subject02/StaticP3/subject2_limb_EMG.mat,StaticP3,9,ACC.Z electrode 1,float64,75600,0,0,False,0.017871608875112844,0.30992861749977046,0.1721610192777972,0.07311160678179834,0.1901568396484163,0.030422505802680036,0.30992861749977046,0,0,ok,extreme thresholds are audit flags only; units differ by modality
2,data/limb/subject02/StaticP3/subject2_limb_EMG.mat,StaticP3,10,GYRO.X electrode 1,float64,75600,0,0,False,-47.84513843750578,32.12099630003431,-12.79931362234804,3.9471581525997315,-12.928340987198709,1.4989131664816853,47.84513843750578,0,8,ok,extreme thresholds are audit flags only; units differ by modality
2,data/limb/subject02/StaticP3/subject2_limb_EMG.mat,StaticP3,11,GYRO.Y electrode 1,float64,75600,0,0,False,-48.5692660080144,57.26845026731106,0.17757196905542075,5.143554824778977,0.28841414464624465,2.227310793490792,57.26845026731106,0,0,ok,extreme thresholds are audit flags only; units differ by modality
2,data/limb/subject02/StaticP3/subject2_limb_EMG.mat,StaticP3,12,GYRO.Z electrode 1,float64,75600,0,0,False,-40.76042534310887,15.253457106869003,-2.0155918574854375,2.842076542316743,-1.7654172813752238,1.0396779193608274,40.76042534310887,0,49,ok,extreme thresholds are audit flags only; units differ by modality
2,data/limb/subject02/StaticP3/subject2_limb_EMG.mat,StaticP3,13,ACC.X electrode 2,float64,75600,0,0,False,-0.29826746572142304,0.3324607968832854,-0.04736481103294137,0.04364923121627031,-0.04499176927284443,0.03175629312744862,0.3324607968832854,0,0,ok,extreme thresholds are audit flags only; units differ by modality
2,data/limb/subject02/StaticP3/subject2_limb_EMG.mat,StaticP3,14,ACC.Y electrode 2,float64,75600,0,0,False,-1.103097302574769,0.545705415516761,0.09509441240732933,0.5364818214101381,0.3236469565367489,0.1053133238715418,1.103097302574769,0,0,ok,extreme thresholds are audit flags only; units differ by modality
2,data/limb/subject02/StaticP3/subject2_limb_EMG.mat,StaticP3,15,ACC.Z electrode 2,float64,75600,0,0,False,-1.209021696041322,-0.09548250402328094,-0.885590490324035,0.27156424347537195,-1.0017272296221136,0.04145437823741638,1.209021696041322,0,0,ok,extreme thresholds are audit flags only; units differ by modality
2,data/limb/subject02/StaticP3/subject2_limb_EMG.mat,StaticP3,16,GYRO.X electrode 2,float64,75600,0,0,False,-51.05775108561352,22.663146541616896,-9.314718491914178,3.3448207645469865,-9.634574372857212,1.2873713499802744,51.05775108561352,0,7,ok,extreme thresholds are audit flags only; units differ by modality
2,data/limb/subject02/StaticP3/subject2_limb_EMG.mat,StaticP3,17,GYRO.Y electrode 2,float64,75600,0,0,False,-83.1055488177751,39.168604106607766,-3.0565551114040423,4.880998977751126,-2.8264807853268463,2.0721855705327163,83.1055488177751,0,7,ok,extreme thresholds are audit flags only; units differ by modality
2,data/limb/subject02/StaticP3/subject2_limb_EMG.mat,StaticP3,18,GYRO.Z electrode 2,float64,75600,0,0,False,-34.685024634516374,35.28438353073907,-3.499498691119654,2.9737095130735676,-3.578770745851691,1.1851118504804756,35.28438353073907,0,3,ok,extreme thresholds are audit flags only; units differ by modality
2,data/limb/subject02/StaticP3/subject2_limb_EMG.mat,StaticP3,19,ACC.X electrode 3,float64,75600,0,0,False,0.07985596083608103,1.2199201786793599,0.7729737276669565,0.19539716227259551,0.8477303365674596,0.0483720924782568,1.2199201786793599,0,0,ok,extreme thresholds are audit flags only; units differ by modality
2,data/limb/subject02/StaticP3/subject2_limb_EMG.mat,StaticP3,20,ACC.Y electrode 3,float64,75600,0,0,False,-1.0250337255515187,0.6548406688404599,0.16519809524115472,0.5327900720230754,0.4162564998135756,0.09924085897079665,1.0250337255515187,0,0,ok,extreme thresholds are audit flags only; units differ by modality
2,data/limb/subject02/StaticP3/subject2_limb_EMG.mat,StaticP3,21,ACC.Z electrode 3,float64,75600,0,0,False,-0.4627306121560907,-0.02305421940789434,-0.3181687807129876,0.03675607568425566,-0.316568173814064,0.0259181658370104,0.4627306121560907,0,0,ok,extreme thresholds are audit flags only; units differ by modality
2,data/limb/subject02/StaticP3/subject2_limb_EMG.mat,StaticP3,22,GYRO.X electrode 3,float64,75600,0,0,False,-5.7445929102999465,58.937281690074684,17.077980591023287,3.22216535218429,17.03672240245068,1.3511584429976127,58.937281690074684,0,9,ok,extreme thresholds are audit flags only; units differ by modality
2,data/limb/subject02/StaticP3/subject2_limb_EMG.mat,StaticP3,23,GYRO.Y electrode 3,float64,75600,0,0,False,-46.50488237402252,70.94042571016884,3.1728649543179808,6.034188310064634,3.0503649483219895,2.335718640222783,70.94042571016884,0,0,ok,extreme thresholds are audit flags only; units differ by modality
2,data/limb/subject02/StaticP3/subject2_limb_EMG.mat,StaticP3,24,GYRO.Z electrode 3,float64,75600,0,0,False,-19.83521091853629,45.32234324743946,2.5220442917085095,3.0793075506223304,2.2259408283873743,1.1743840579328062,45.32234324743946,0,31,ok,extreme thresholds are audit flags only; units differ by modality
2,data/limb/subject02/StaticP3/subject2_limb_EMG.mat,StaticP3,25,ACC.X electrode 4,float64,75600,0,0,False,0.0639792846040227,0.9128156002841487,0.5970625006708231,0.19878871507879603,0.6871263142035168,0.02587798484168502,0.9128156002841487,0,0,ok,extreme thresholds are audit flags only; units differ by modality
2,data/limb/subject02/StaticP3/subject2_limb_EMG.mat,StaticP3,26,ACC.Y electrode 4,float64,75600,0,0,False,-1.1266388461055583,0.2477428683978093,-0.13849817009828813,0.43116784789010554,0.0666902725136761,0.10057601926438879,1.1266388461055583,0,0,ok,extreme thresholds are audit flags only; units differ by modality
2,data/limb/subject02/StaticP3/subject2_limb_EMG.mat,StaticP3,27,ACC.Z electrode 4,float64,75600,0,0,False,-0.027997474546548457,0.7686450981456427,0.507686904774822,0.25673904620722526,0.6263310763531602,0.024712155901631783,0.7686450981456427,0,0,ok,extreme thresholds are audit flags only; units differ by modality
2,data/limb/subject02/StaticP3/subject2_limb_EMG.mat,StaticP3,28,GYRO.X electrode 4,float64,75600,0,0,False,-35.07975208809159,23.8326020785164,2.8770844765702734,3.1007874986422492,3.1714211421933785,1.2970976713559788,35.07975208809159,0,0,ok,extreme thresholds are audit flags only; units differ by modality
2,data/limb/subject02/StaticP3/subject2_limb_EMG.mat,StaticP3,29,GYRO.Y electrode 4,float64,75600,0,0,False,-97.18204237962092,55.26682966646609,6.154937751928256,5.509101322067615,6.578992506424521,1.8279857018134225,97.18204237962092,0,99,ok,extreme thresholds are audit flags only; units differ by modality
2,data/limb/subject02/StaticP3/subject2_limb_EMG.mat,StaticP3,30,GYRO.Z electrode 4,float64,75600,0,0,False,-28.052026525059713,50.338756105836914,3.601510235771475,3.585824783150359,3.436720194991497,1.3177915767997912,50.338756105836914,0,18,ok,extreme thresholds are audit flags only; units differ by modality
2,data/limb/subject02/StaticP3/subject2_limb_EMG.mat,StaticP3,31,ACC.X electrode 5,float64,75600,0,0,False,-0.3324372851536198,0.1531995552183985,-0.022946047061406048,0.04512012970326029,-0.023462459552573485,0.03647692434716164,0.3324372851536198,0,0,ok,extreme thresholds are audit flags only; units differ by modality
2,data/limb/subject02/StaticP3/subject2_limb_EMG.mat,StaticP3,32,ACC.Y electrode 5,float64,75600,0,0,False,-1.145008917249485,-0.09168774381906965,-0.9966938589718336,0.014868813226713216,-0.9969097378637383,0.005700306780417219,1.145008917249485,0,3,ok,extreme thresholds are audit flags only; units differ by modality
2,data/limb/subject02/StaticP3/subject2_limb_EMG.mat,StaticP3,33,ACC.Z electrode 5,float64,75600,0,0,False,-0.1830447927367968,0.09479476490868514,-0.05687095420231207,0.044055813159950157,-0.06775837316274681,0.025249283019361086,0.1830447927367968,0,0,ok,extreme thresholds are audit flags only; units differ by modality
2,data/limb/subject02/StaticP3/subject2_limb_EMG.mat,StaticP3,34,GYRO.X electrode 5,float64,75600,0,0,False,-11.227050926041741,22.334188985241543,5.09695590864916,2.0990115635578928,5.08672417795988,0.7952227202965854,22.334188985241543,0,0,ok,extreme thresholds are audit flags only; units differ by modality
2,data/limb/subject02/StaticP3/subject2_limb_EMG.mat,StaticP3,35,GYRO.Y electrode 5,float64,75600,0,0,False,-46.169545258867814,57.097971058782825,5.582266573700961,4.373110456494464,5.692684427224368,1.74841373826332,57.097971058782825,0,2,ok,extreme thresholds are audit flags only; units differ by modality
2,data/limb/subject02/StaticP3/subject2_limb_EMG.mat,StaticP3,36,GYRO.Z electrode 5,float64,75600,0,0,False,-13.003142054489567,18.186678190062675,-2.2531776194344175,2.1083623939340894,-2.276010669584222,0.8108382666954511,18.186678190062675,0,0,ok,extreme thresholds are audit flags only; units differ by modality
2,data/limb/subject02/StaticP3/subject2_limb_EMG.mat,StaticP3,37,ACC.X electrode 6,float64,75600,0,0,False,0.020653462974885874,0.5035098634057098,0.21894792927352802,0.051483781679893696,0.23275690999388324,0.023472356882886167,0.5035098634057098,0,0,ok,extreme thresholds are audit flags only; units differ by modality
2,data/limb/subject02/StaticP3/subject2_limb_EMG.mat,StaticP3,38,ACC.Y electrode 6,float64,75600,0,0,False,-1.1376822877910833,-0.08774052232863498,-0.9623896272210053,0.021637325138287193,-0.9606757376285945,0.01308106358102612,1.1376822877910833,0,3,ok,extreme thresholds are audit flags only; units differ by modality
2,data/limb/subject02/StaticP3/subject2_limb_EMG.mat,StaticP3,39,ACC.Z electrode 6,float64,75600,0,0,False,-0.3716452412176526,-0.014343244074457279,-0.17746176445154452,0.05655625928112337,-0.16959583158986752,0.03404721034417127,0.3716452412176526,0,0,ok,extreme thresholds are audit flags only; units differ by modality
2,data/limb/subject02/StaticP3/subject2_limb_EMG.mat,StaticP3,40,GYRO.X electrode 6,float64,75600,0,0,False,-21.757590475580297,58.131562664341985,-1.2012472719761509,3.074342675418532,-1.2328424408167538,1.1405139722454878,58.131562664341985,0,58,ok,extreme thresholds are audit flags only; units differ by modality
2,data/limb/subject02/StaticP3/subject2_limb_EMG.mat,StaticP3,41,GYRO.Y electrode 6,float64,75600,0,0,False,-65.23466670331466,77.23185221798825,6.9459367604763385,6.393672814061261,6.690346724941222,2.6033835026614804,77.23185221798825,0,0,ok,extreme thresholds are audit flags only; units differ by modality
2,data/limb/subject02/StaticP3/subject2_limb_EMG.mat,StaticP3,42,GYRO.Z electrode 6,float64,75600,0,0,False,-45.332558591737914,31.884759903512897,-0.6712792079446258,2.3944601439271134,-0.6240623089474522,0.8749015589491725,45.332558591737914,0,55,ok,extreme thresholds are audit flags only; units differ by modality
2,data/limb/subject02/StaticP4/subject2_limb_EMG.mat,StaticP4,1,EMG electrode 1,float64,75600,0,0,False,-0.000432212,0.000500526,-1.4863335466931217e-07,3.5288800666918994e-05,-3.35698e-07,1.1581602e-05,0.000500526,0,9,ok,extreme thresholds are audit flags only; units differ by modality
2,data/limb/subject02/StaticP4/subject2_limb_EMG.mat,StaticP4,2,EMG electrode 2,float64,75600,0,0,False,-0.00146281,0.0014383,3.97672374957672e-06,7.776361031320173e-05,3.69268e-06,1.05745e-05,0.00146281,0,1069,ok,extreme thresholds are audit flags only; units differ by modality
2,data/limb/subject02/StaticP4/subject2_limb_EMG.mat,StaticP4,3,EMG electrode 3,float64,75600,0,0,False,-0.000614496,0.000853849,8.57334447436508e-06,5.159978174018856e-05,7.88891e-06,1.107809e-05,0.000853849,0,217,ok,extreme thresholds are audit flags only; units differ by modality
2,data/limb/subject02/StaticP4/subject2_limb_EMG.mat,StaticP4,4,EMG electrode 4,float64,75600,0,0,False,-0.000204608,9.76883e-05,-2.141668954685185e-05,1.2197752884439503e-05,-2.13169e-05,5.035399999999999e-06,0.000204608,0,8,ok,extreme thresholds are audit flags only; units differ by modality
2,data/limb/subject02/StaticP4/subject2_limb_EMG.mat,StaticP4,5,EMG electrode 5,float64,75600,0,0,False,-0.000212665,0.00014049,-1.9251792259497355e-05,1.0867912846720371e-05,-1.91348e-05,3.860500000000001e-06,0.000212665,0,20,ok,extreme thresholds are audit flags only; units differ by modality
2,data/limb/subject02/StaticP4/subject2_limb_EMG.mat,StaticP4,6,EMG electrode 6,float64,75600,0,0,False,-0.000306325,0.000489281,-8.54281262813492e-06,2.8102098326003582e-05,-9.56741e-06,6.54612e-06,0.000489281,0,88,ok,extreme thresholds are audit flags only; units differ by modality
2,data/limb/subject02/StaticP4/subject2_limb_EMG.mat,StaticP4,7,ACC.X electrode 1,float64,75600,0,0,False,-0.821644810450584,1.0647132027559396,0.07326091085055099,0.06906117296920058,0.07586971487786354,0.03718543403495394,1.0647132027559396,0,0,ok,extreme thresholds are audit flags only; units differ by modality
2,data/limb/subject02/StaticP4/subject2_limb_EMG.mat,StaticP4,8,ACC.Y electrode 1,float64,75600,0,0,False,-1.1986777348794362,-0.08987619891639594,-0.9948318715331043,0.013310200292961401,-0.9946052360409776,0.005543943050281275,1.1986777348794362,0,22,ok,extreme thresholds are audit flags only; units differ by modality
2,data/limb/subject02/StaticP4/subject2_limb_EMG.mat,StaticP4,9,ACC.Z electrode 1,float64,75600,0,0,False,-0.2998218359880584,0.2956037046368716,0.019475592862107694,0.032750083486524494,0.024919059697452582,0.019335001185005155,0.2998218359880584,0,0,ok,extreme thresholds are audit flags only; units differ by modality
2,data/limb/subject02/StaticP4/subject2_limb_EMG.mat,StaticP4,10,GYRO.X electrode 1,float64,75600,0,0,False,-71.8215177182954,13.592789585708267,-13.292275434651687,2.9479571273549303,-13.106090325832657,1.089035632168387,71.8215177182954,0,25,ok,extreme thresholds are audit flags only; units differ by modality
2,data/limb/subject02/StaticP4/subject2_limb_EMG.mat,StaticP4,11,GYRO.Y electrode 1,float64,75600,0,0,False,-261.34055922154215,174.4426205547614,0.2432726312469491,11.688537623705686,0.46798876950986934,3.0243797851040277,261.34055922154215,0,236,ok,extreme thresholds are audit flags only; units differ by modality
2,data/limb/subject02/StaticP4/subject2_limb_EMG.mat,StaticP4,12,GYRO.Z electrode 1,float64,75600,0,0,False,-82.03801236308146,13.21250800596005,-2.256638403224328,3.333612291968529,-1.8702065968369612,1.00638046584722,82.03801236308146,0,52,ok,extreme thresholds are audit flags only; units differ by modality
2,data/limb/subject02/StaticP4/subject2_limb_EMG.mat,StaticP4,13,ACC.X electrode 2,float64,75600,0,0,False,-1.875357825850174,0.7508859203855118,-0.13948879587060053,0.050583180322972904,-0.13493071444969917,0.017278131463436805,1.875357825850174,0,65,ok,extreme thresholds are audit flags only; units differ by modality
2,data/limb/subject02/StaticP4/subject2_limb_EMG.mat,StaticP4,14,ACC.Y electrode 2,float64,75600,0,0,False,-1.1672850755584199,-0.08898086231535227,-0.9796646900548605,0.014640598819334863,-0.9802843684586164,0.008584047800440087,1.1672850755584199,0,3,ok,extreme thresholds are audit flags only; units differ by modality
2,data/limb/subject02/StaticP4/subject2_limb_EMG.mat,StaticP4,15,ACC.Z electrode 2,float64,75600,0,0,False,-0.39578391381626216,0.07178831155181752,-0.2470759581903658,0.05676932922659278,-0.240172145174337,0.026102701286300392,0.39578391381626216,0,0,ok,extreme thresholds are audit flags only; units differ by modality
2,data/limb/subject02/StaticP4/subject2_limb_EMG.mat,StaticP4,16,GYRO.X electrode 2,float64,75600,0,0,False,-23.945456028736608,81.44407660090444,-9.280631111916799,3.9415083551444146,-9.803961258352864,1.0373370901440202,81.44407660090444,0,124,ok,extreme thresholds are audit flags only; units differ by modality
2,data/limb/subject02/StaticP4/subject2_limb_EMG.mat,StaticP4,17,GYRO.Y electrode 2,float64,75600,0,0,False,-209.65394464311078,213.55850606565204,-2.7100401938635432,8.67454238087106,-2.440661504490782,2.2162914584846027,213.55850606565204,0,217,ok,extreme thresholds are audit flags only; units differ by modality
2,data/limb/subject02/StaticP4/subject2_limb_EMG.mat,StaticP4,18,GYRO.Z electrode 2,float64,75600,0,0,False,-24.18240604176292,39.64729103044896,-3.639609872898622,2.0066257147840068,-3.7032927340031723,0.692249196568973,39.64729103044896,0,90,ok,extreme thresholds are audit flags only; units differ by modality
2,data/limb/subject02/StaticP4/subject2_limb_EMG.mat,StaticP4,19,ACC.X electrode 3,float64,75600,0,0,False,-1.0511121351732517,0.8812263800656005,0.3039018016932261,0.07085520064538685,0.3013120270944849,0.03947189888520994,1.0511121351732517,0,22,ok,extreme thresholds are audit flags only; units differ by modality
2,data/limb/subject02/StaticP4/subject2_limb_EMG.mat,StaticP4,20,ACC.Y electrode 3,float64,75600,0,0,False,-1.4131102119069525,-0.08243653825354054,-0.9130133095561245,0.026290658739025037,-0.9139312812045284,0.015682326172034466,1.4131102119069525,0,13,ok,extreme thresholds are audit flags only; units differ by modality
2,data/limb/subject02/StaticP4/subject2_limb_EMG.mat,StaticP4,21,ACC.Z electrode 3,float64,75600,0,0,False,-0.8109447534028803,-0.025921289644582436,-0.33580370139642063,0.02944835121660967,-0.3320523652298753,0.015798957954766185,0.8109447534028803,0,8,ok,extreme thresholds are audit flags only; units differ by modality
2,data/limb/subject02/StaticP4/subject2_limb_EMG.mat,StaticP4,22,GYRO.X electrode 3,float64,75600,0,0,False,-47.986633744210586,67.29713359915144,17.203435232308614,3.1173767509958017,17.139693284017333,1.092300362714159,67.29713359915144,0,59,ok,extreme thresholds are audit flags only; units differ by modality
2,data/limb/subject02/StaticP4/subject2_limb_EMG.mat,StaticP4,23,GYRO.Y electrode 3,float64,75600,0,0,False,-240.16152433263673,186.95014610394858,2.8135982207762082,9.81355880911553,3.0703460445377067,2.39024773310216,240.16152433263673,0,264,ok,extreme thresholds are audit flags only; units differ by modality
2,data/limb/subject02/StaticP4/subject2_limb_EMG.mat,StaticP4,24,GYRO.Z electrode 3,float64,75600,0,0,False,-17.879662039336992,112.04175644624459,2.6757249555613214,3.8399011085274553,2.2576183960285907,1.0387075552071878,112.04175644624459,0,110,ok,extreme thresholds are audit flags only; units differ by modality
2,data/limb/subject02/StaticP4/subject2_limb_EMG.mat,StaticP4,25,ACC.X electrode 4,float64,75600,0,0,False,-0.6284709606064952,1.009681228316884,0.1712574271648584,0.0568686198550818,0.17248874359787528,0.032322068883020846,1.009681228316884,0,0,ok,extreme thresholds are audit flags only; units differ by modality
2,data/limb/subject02/StaticP4/subject2_limb_EMG.mat,StaticP4,26,ACC.Y electrode 4,float64,75600,0,0,False,-1.2292899635906476,-0.09012492187636435,-0.9905196520169355,0.016533843760798268,-0.9891800565724174,0.007600770725407657,1.2292899635906476,0,19,ok,extreme thresholds are audit flags only; units differ by modality
2,data/limb/subject02/StaticP4/subject2_limb_EMG.mat,StaticP4,27,ACC.Z electrode 4,float64,75600,0,0,False,-0.5616968773362797,0.052557467592471846,-0.09867128785117535,0.05014483554870058,-0.10797178895318867,0.03004475358656361,0.5616968773362797,0,0,ok,extreme thresholds are audit flags only; units differ by modality
2,data/limb/subject02/StaticP4/subject2_limb_EMG.mat,StaticP4,28,GYRO.X electrode 4,float64,75600,0,0,False,-67.46989018441838,25.08742753934966,2.839448350939957,3.4004770031273415,3.186341881337131,1.1404357949401738,67.46989018441838,0,89,ok,extreme thresholds are audit flags only; units differ by modality
2,data/limb/subject02/StaticP4/subject2_limb_EMG.mat,StaticP4,29,GYRO.Y electrode 4,float64,75600,0,0,False,-127.53930779913817,135.84454314218985,6.51056408830172,9.14068426692169,6.74215852897708,2.6843105785596895,135.84454314218985,0,193,ok,extreme thresholds are audit flags only; units differ by modality
2,data/limb/subject02/StaticP4/subject2_limb_EMG.mat,StaticP4,30,GYRO.Z electrode 4,float64,75600,0,0,False,-11.029156211768383,51.17525987745726,3.8169327715100803,2.3319002416101267,3.595999526086769,0.7540554195761315,51.17525987745726,0,85,ok,extreme thresholds are audit flags only; units differ by modality
2,data/limb/subject02/StaticP4/subject2_limb_EMG.mat,StaticP4,31,ACC.X electrode 5,float64,75600,0,0,False,-1.2649539303454806,1.1511642332375915,0.03526717458934573,0.05802679143414222,0.0415318593708372,0.02961772205322852,1.2649539303454806,0,55,ok,extreme thresholds are audit flags only; units differ by modality
2,data/limb/subject02/StaticP4/subject2_limb_EMG.mat,StaticP4,32,ACC.Y electrode 5,float64,75600,0,0,False,-1.2852551814315911,-0.09120090578189187,-0.9965702710410682,0.01649396731554726,-0.9964075615024564,0.00594496970069347,1.2852551814315911,0,69,ok,extreme thresholds are audit flags only; units differ by modality
2,data/limb/subject02/StaticP4/subject2_limb_EMG.mat,StaticP4,33,ACC.Z electrode 5,float64,75600,0,0,False,-0.23423559103837355,0.4648315817829314,-0.06244716274311605,0.046664122479636014,-0.07349194605790837,0.02279106408229073,0.4648315817829314,0,0,ok,extreme thresholds are audit flags only; units differ by modality
2,data/limb/subject02/StaticP4/subject2_limb_EMG.mat,StaticP4,34,GYRO.X electrode 5,float64,75600,0,0,False,-38.66300026949447,39.45990053101196,5.368191667375604,3.05723094180407,5.200298653727286,1.075595198204407,39.45990053101196,0,44,ok,extreme thresholds are audit flags only; units differ by modality
2,data/limb/subject02/StaticP4/subject2_limb_EMG.mat,StaticP4,35,GYRO.Y electrode 5,float64,75600,0,0,False,-286.7814717791541,268.48470624791963,5.789150468315787,12.084914663329545,5.8837192226407815,2.5216439096347094,286.7814717791541,0,272,ok,extreme thresholds are audit flags only; units differ by modality
2,data/limb/subject02/StaticP4/subject2_limb_EMG.mat,StaticP4,36,GYRO.Z electrode 5,float64,75600,0,0,False,-44.173815064892366,70.21200680058234,-2.174659721915358,3.0280536408024155,-2.188779255020449,0.9425034810785753,70.21200680058234,0,125,ok,extreme thresholds are audit flags only; units differ by modality
2,data/limb/subject02/StaticP4/subject2_limb_EMG.mat,StaticP4,37,ACC.X electrode 6,float64,75600,0,0,False,-0.8699649871182079,1.2502261254603844,0.12172062290656507,0.0640186668377256,0.12632721394800933,0.021312939745415253,1.2502261254603844,0,148,ok,extreme thresholds are audit flags only; units differ by modality
2,data/limb/subject02/StaticP4/subject2_limb_EMG.mat,StaticP4,38,ACC.Y electrode 6,float64,75600,0,0,False,-1.2439456297975515,-0.0895335129114952,-0.9846095742206533,0.01796261697872355,-0.9845530811107615,0.006330448057442539,1.2439456297975515,0,111,ok,extreme thresholds are audit flags only; units differ by modality
2,data/limb/subject02/StaticP4/subject2_limb_EMG.mat,StaticP4,39,ACC.Z electrode 6,float64,75600,0,0,False,-0.4405524961305223,0.06876971076321636,-0.13645871939207233,0.059627269470487826,-0.13524042293011634,0.037886735585366774,0.4405524961305223,0,0,ok,extreme thresholds are audit flags only; units differ by modality
2,data/limb/subject02/StaticP4/subject2_limb_EMG.mat,StaticP4,40,GYRO.X electrode 6,float64,75600,0,0,False,-39.48701100185664,63.3433380023013,-1.291640661713168,2.596466732159215,-1.1505585916868313,0.8652627270942368,63.3433380023013,0,77,ok,extreme thresholds are audit flags only; units differ by modality
2,data/limb/subject02/StaticP4/subject2_limb_EMG.mat,StaticP4,41,GYRO.Y electrode 6,float64,75600,0,0,False,-219.05855265568394,236.3211948825755,6.5132053254127085,13.271857650279754,6.406748957701028,2.462832796036647,236.3211948825755,0,441,ok,extreme thresholds are audit flags only; units differ by modality
2,data/limb/subject02/StaticP4/subject2_limb_EMG.mat,StaticP4,42,GYRO.Z electrode 6,float64,75600,0,0,False,-33.18514062664691,15.867092544285503,-0.7319037860514325,1.6732163197322198,-0.704777784328513,0.6335809394737641,33.18514062664691,0,35,ok,extreme thresholds are audit flags only; units differ by modality
2,data/limb/subject02/StaticP9/subject2_limb_EMG.mat,StaticP9,1,EMG electrode 1,float64,75600,0,0,False,-0.00035668,0.000412909,-1.515173904100529e-07,3.511275424614905e-05,-5.03548e-07,1.3092248000000001e-05,0.000412909,0,1,ok,extreme thresholds are audit flags only; units differ by modality
2,data/limb/subject02/StaticP9/subject2_limb_EMG.mat,StaticP9,2,EMG electrode 2,float64,75600,0,0,False,-0.000992828,0.00073904,3.937865588002645e-06,5.173707896298917e-05,3.69268e-06,1.12459e-05,0.000992828,0,215,ok,extreme thresholds are audit flags only; units differ by modality
2,data/limb/subject02/StaticP9/subject2_limb_EMG.mat,StaticP9,3,EMG electrode 3,float64,75600,0,0,False,-0.000555077,0.000938445,8.580266945277776e-06,5.095381766518031e-05,7.55322e-06,1.3595789999999999e-05,0.000938445,0,45,ok,extreme thresholds are audit flags only; units differ by modality
2,data/limb/subject02/StaticP9/subject2_limb_EMG.mat,StaticP9,4,EMG electrode 4,float64,75600,0,0,False,-0.000181109,0.000143343,-2.139845709876984e-05,1.3808194473865594e-05,-2.13169e-05,5.706800000000001e-06,0.000181109,0,0,ok,extreme thresholds are audit flags only; units differ by modality
2,data/limb/subject02/StaticP9/subject2_limb_EMG.mat,StaticP9,5,EMG electrode 5,float64,75600,0,0,False,-0.0002318,0.000117662,-1.922530423324074e-05,1.3334535548298416e-05,-1.8967e-05,4.699700000000002e-06,0.0002318,0,18,ok,extreme thresholds are audit flags only; units differ by modality
2,data/limb/subject02/StaticP9/subject2_limb_EMG.mat,StaticP9,6,EMG electrode 6,float64,75600,0,0,False,-0.000319417,0.00057052,-8.431293861150794e-06,5.660895907206097e-05,-1.0071e-05,2.6016600000000004e-05,0.00057052,0,0,ok,extreme thresholds are audit flags only; units differ by modality
2,data/limb/subject02/StaticP9/subject2_limb_EMG.mat,StaticP9,7,ACC.X electrode 1,float64,75600,0,0,False,-0.9063992560899513,0.22644532596491992,-0.238472465204492,0.19746254578057043,-0.22176408027842534,0.13300654407964468,0.9063992560899513,0,0,ok,extreme thresholds are audit flags only; units differ by modality
2,data/limb/subject02/StaticP9/subject2_limb_EMG.mat,StaticP9,8,ACC.Y electrode 1,float64,75600,0,0,False,-1.134395415767931,0.1392893024427994,-0.21151626931922776,0.3943170328039519,-0.02523283434474397,0.04704591603568187,1.134395415767931,0,0,ok,extreme thresholds are audit flags only; units differ by modality
2,data/limb/subject02/StaticP9/subject2_limb_EMG.mat,StaticP9,9,ACC.Z electrode 1,float64,75600,0,0,False,0.0076801721932612185,1.057006070594326,0.7086126150735842,0.3392522565649951,0.8916425924358284,0.04123060555604707,1.057006070594326,0,0,ok,extreme thresholds are audit flags only; units differ by modality
2,data/limb/subject02/StaticP9/subject2_limb_EMG.mat,StaticP9,10,GYRO.X electrode 1,float64,75600,0,0,False,-39.23380403970137,20.10098696269333,-13.461167132009175,3.0347646354918525,-13.132300146094998,1.3170146856130165,39.23380403970137,0,0,ok,extreme thresholds are audit flags only; units differ by modality
2,data/limb/subject02/StaticP9/subject2_limb_EMG.mat,StaticP9,11,GYRO.Y electrode 1,float64,75600,0,0,False,-139.30595193430102,134.53099059045505,0.476868238224708,9.44906086331308,0.19945754667058363,3.2771740695930047,139.30595193430102,0,103,ok,extreme thresholds are audit flags only; units differ by modality
2,data/limb/subject02/StaticP9/subject2_limb_EMG.mat,StaticP9,12,GYRO.Z electrode 1,float64,75600,0,0,False,-52.03771157928432,19.896969786532207,-2.026042766233156,3.2301331429936426,-1.866009488693668,1.2194482070683614,52.03771157928432,0,93,ok,extreme thresholds are audit flags only; units differ by modality
2,data/limb/subject02/StaticP9/subject2_limb_EMG.mat,StaticP9,13,ACC.X electrode 2,float64,75600,0,0,False,-1.2205148615531285,-0.024109441661769274,-0.5597943404147999,0.24145665689569434,-0.6714181742071113,0.10362118727601977,1.2205148615531285,0,0,ok,extreme thresholds are audit flags only; units differ by modality
2,data/limb/subject02/StaticP9/subject2_limb_EMG.mat,StaticP9,14,ACC.Y electrode 2,float64,75600,0,0,False,-1.1009809249122156,0.30292696813336867,-0.10034188486328466,0.4327581341816686,0.10810626667552803,0.03499851612735773,1.1009809249122156,0,15049,ok,extreme thresholds are audit flags only; units differ by modality
2,data/limb/subject02/StaticP9/subject2_limb_EMG.mat,StaticP9,15,ACC.Z electrode 2,float64,75600,0,0,False,-1.127456293128989,-0.03619090919654711,-0.7205195963268194,0.20810221525337502,-0.7940252205067613,0.09328652862387471,1.127456293128989,0,0,ok,extreme thresholds are audit flags only; units differ by modality
2,data/limb/subject02/StaticP9/subject2_limb_EMG.mat,StaticP9,16,GYRO.X electrode 2,float64,75600,0,0,False,-32.05718932703345,40.127935851660624,-9.506956992529954,3.5873800081936,-9.804489763579419,1.3879211388458685,40.127935851660624,0,57,ok,extreme thresholds are audit flags only; units differ by modality
2,data/limb/subject02/StaticP9/subject2_limb_EMG.mat,StaticP9,17,GYRO.Y electrode 2,float64,75600,0,0,False,-132.8943801624826,84.1056228198578,-2.5828959041275037,7.412515107018539,-2.8067240593138596,2.4965916880248002,132.8943801624826,0,97,ok,extreme thresholds are audit flags only; units differ by modality
2,data/limb/subject02/StaticP9/subject2_limb_EMG.mat,StaticP9,18,GYRO.Z electrode 2,float64,75600,0,0,False,-21.76634055111873,22.516068368954254,-3.873107042040253,2.3348479756773894,-3.77025463720578,0.8624161890397635,22.516068368954254,0,19,ok,extreme thresholds are audit flags only; units differ by modality
2,data/limb/subject02/StaticP9/subject2_limb_EMG.mat,StaticP9,19,ACC.X electrode 3,float64,75600,0,0,False,-0.08077229084826902,1.224453525079768,0.5013601580137327,0.14260348943959952,0.49520769908276707,0.09682468553499288,1.224453525079768,0,0,ok,extreme thresholds are audit flags only; units differ by modality
2,data/limb/subject02/StaticP9/subject2_limb_EMG.mat,StaticP9,20,ACC.Y electrode 3,float64,75600,0,0,False,-1.015355710136094,0.6712163311112187,0.06440158705317967,0.47646828502746963,0.29273202113694463,0.038965335419986785,1.015355710136094,0,14689,ok,extreme thresholds are audit flags only; units differ by modality
2,data/limb/subject02/StaticP9/subject2_limb_EMG.mat,StaticP9,21,ACC.Z electrode 3,float64,75600,0,0,False,-1.117121649121595,-0.045040094542143784,-0.7470545907860789,0.23381116429727344,-0.8550702427890936,0.10227281346104572,1.117121649121595,0,0,ok,extreme thresholds are audit flags only; units differ by modality
2,data/limb/subject02/StaticP9/subject2_limb_EMG.mat,StaticP9,22,GYRO.X electrode 3,float64,75600,0,0,False,-34.61075235207761,74.75613263476609,17.433220905152712,4.189528794415489,17.41930132857237,1.4537536619862959,74.75613263476609,0,68,ok,extreme thresholds are audit flags only; units differ by modality
2,data/limb/subject02/StaticP9/subject2_limb_EMG.mat,StaticP9,23,GYRO.Y electrode 3,float64,75600,0,0,False,-164.74939581026567,146.8956360087458,2.92942604767882,9.727643645992721,2.6258016395655472,2.963491131754283,164.74939581026567,0,184,ok,extreme thresholds are audit flags only; units differ by modality
2,data/limb/subject02/StaticP9/subject2_limb_EMG.mat,StaticP9,24,GYRO.Z electrode 3,float64,75600,0,0,False,-27.674339935524337,53.89047062848543,2.5627929020211195,3.8096592362268904,2.221946595916955,1.3596256602747914,53.89047062848543,0,66,ok,extreme thresholds are audit flags only; units differ by modality
2,data/limb/subject02/StaticP9/subject2_limb_EMG.mat,StaticP9,25,ACC.X electrode 4,float64,75600,0,0,False,0.03429928601598573,1.7528161251636765,0.8158603494519309,0.30702390462696894,0.9662926799154472,0.0399195319198512,1.7528161251636765,0,0,ok,extreme thresholds are audit flags only; units differ by modality
2,data/limb/subject02/StaticP9/subject2_limb_EMG.mat,StaticP9,26,ACC.Y electrode 4,float64,75600,0,0,False,-1.1179881878272684,0.31624245558084,-0.13691025250411562,0.4231205055904682,0.065024712706726,0.032697311746129304,1.1179881878272684,0,15115,ok,extreme thresholds are audit flags only; units differ by modality
2,data/limb/subject02/StaticP9/subject2_limb_EMG.mat,StaticP9,27,ACC.Z electrode 4,float64,75600,0,0,False,-0.20809932878102713,0.4866682683094056,0.08317822283764333,0.1454011021038846,0.06087744321007957,0.07592977067118213,0.4866682683094056,0,0,ok,extreme thresholds are audit flags only; units differ by modality
2,data/limb/subject02/StaticP9/subject2_limb_EMG.mat,StaticP9,28,GYRO.X electrode 4,float64,75600,0,0,False,-41.44965517530225,27.061658369702965,2.997537422409835,3.313105733404944,3.2058882007279843,1.2995643402373491,41.44965517530225,0,47,ok,extreme thresholds are audit flags only; units differ by modality
2,data/limb/subject02/StaticP9/subject2_limb_EMG.mat,StaticP9,29,GYRO.Y electrode 4,float64,75600,0,0,False,-132.88661545473934,114.5295121936024,6.794265300396381,7.911684981744508,6.464515743402569,2.7157638241342044,132.88661545473934,0,98,ok,extreme thresholds are audit flags only; units differ by modality
2,data/limb/subject02/StaticP9/subject2_limb_EMG.mat,StaticP9,30,GYRO.Z electrode 4,float64,75600,0,0,False,-14.345931743486693,25.968616300040793,3.922902979217082,2.4733879970247528,3.652568001167592,1.048028424392573,25.968616300040793,0,0,ok,extreme thresholds are audit flags only; units differ by modality
2,data/limb/subject02/StaticP9/subject2_limb_EMG.mat,StaticP9,31,ACC.X electrode 5,float64,75600,0,0,False,-1.4596765136067034,0.055242588061713324,-0.776122434782616,0.36913902854754693,-0.9552886928732602,0.03291221077370371,1.4596765136067034,0,101,ok,extreme thresholds are audit flags only; units differ by modality
2,data/limb/subject02/StaticP9/subject2_limb_EMG.mat,StaticP9,32,ACC.Y electrode 5,float64,75600,0,0,False,-1.132766311605273,0.12957000124630774,-0.2650132034097512,0.36669612632877835,-0.10340218324933459,0.04134909721031598,1.132766311605273,0,0,ok,extreme thresholds are audit flags only; units differ by modality
2,data/limb/subject02/StaticP9/subject2_limb_EMG.mat,StaticP9,33,ACC.Z electrode 5,float64,75600,0,0,False,-0.920052795680223,-0.001873979748575017,-0.30469349560935444,0.11788893966410874,-0.3097549144302195,0.045614049014553765,0.920052795680223,0,0,ok,extreme thresholds are audit flags only; units differ by modality
2,data/limb/subject02/StaticP9/subject2_limb_EMG.mat,StaticP9,34,GYRO.X electrode 5,float64,75600,0,0,False,-85.34294329654334,29.82472410643569,5.643425328316592,3.065609281085018,5.622705235744563,1.1036951463691547,85.34294329654334,0,51,ok,extreme thresholds are audit flags only; units differ by modality
2,data/limb/subject02/StaticP9/subject2_limb_EMG.mat,StaticP9,35,GYRO.Y electrode 5,float64,75600,0,0,False,-224.84622379134086,218.11845632754617,5.875960223703264,11.159208406129263,5.5936904968081755,3.1928654386019373,224.84622379134086,0,173,ok,extreme thresholds are audit flags only; units differ by modality
2,data/limb/subject02/StaticP9/subject2_limb_EMG.mat,StaticP9,36,GYRO.Z electrode 5,float64,75600,0,0,False,-37.18107516160999,26.761296955506754,-2.444669543819707,2.8322948453177306,-2.1552073593778514,1.0906853744673748,37.18107516160999,0,18,ok,extreme thresholds are audit flags only; units differ by modality
2,data/limb/subject02/StaticP9/subject2_limb_EMG.mat,StaticP9,37,ACC.X electrode 6,float64,75600,0,0,False,0.02392000617959304,1.2513061630436495,0.6726832578477006,0.2838081928483895,0.7917790608228141,0.08214911003576492,1.2513061630436495,0,0,ok,extreme thresholds are audit flags only; units differ by modality
2,data/limb/subject02/StaticP9/subject2_limb_EMG.mat,StaticP9,38,ACC.Y electrode 6,float64,75600,0,0,False,-1.1260872471310819,0.21580483219156382,-0.18128416531800584,0.4049664931504683,0.003580608414730485,0.05146441340537882,1.1260872471310819,0,0,ok,extreme thresholds are audit flags only; units differ by modality
2,data/limb/subject02/StaticP9/subject2_limb_EMG.mat,StaticP9,39,ACC.Z electrode 6,float64,75600,0,0,False,-0.1565587358738538,0.9040395398173681,0.38978633698222503,0.23707469577294876,0.43016360807776305,0.11090395569613987,0.9040395398173681,0,0,ok,extreme thresholds are audit flags only; units differ by modality
2,data/limb/subject02/StaticP9/subject2_limb_EMG.mat,StaticP9,40,GYRO.X electrode 6,float64,75600,0,0,False,-17.692940081565624,38.97939336051916,-1.5964619533415632,2.74017022502558,-1.5318264392060836,1.0442801651980202,38.97939336051916,0,68,ok,extreme thresholds are audit flags only; units differ by modality
2,data/limb/subject02/StaticP9/subject2_limb_EMG.mat,StaticP9,41,GYRO.Y electrode 6,float64,75600,0,0,False,-88.43181023223475,194.47381343096853,6.80282015629133,7.543296139446679,6.386717514128632,2.2804319601568093,194.47381343096853,0,161,ok,extreme thresholds are audit flags only; units differ by modality
2,data/limb/subject02/StaticP9/subject2_limb_EMG.mat,StaticP9,42,GYRO.Z electrode 6,float64,75600,0,0,False,-24.284677222872105,27.579373198060498,-0.6372317456816539,1.905070583023085,-0.7802550150135311,0.7007672052982878,27.579373198060498,0,36,ok,extreme thresholds are audit flags only; units differ by modality
2,data/limb/subject02/StaticP10/subject2_limb_EMG.mat,StaticP10,1,EMG electrode 1,float64,75600,0,0,False,-0.000415427,0.000421805,-1.0317614768518517e-07,4.5815212685362114e-05,-5.03548e-07,1.7959852e-05,0.000421805,0,0,ok,extreme thresholds are audit flags only; units differ by modality
2,data/limb/subject02/StaticP10/subject2_limb_EMG.mat,StaticP10,2,EMG electrode 2,float64,75600,0,0,False,-0.000619364,0.000535439,3.958695567830687e-06,3.860543828120213e-05,3.69268e-06,1.225299e-05,0.000619364,0,33,ok,extreme thresholds are audit flags only; units differ by modality
2,data/limb/subject02/StaticP10/subject2_limb_EMG.mat,StaticP10,3,EMG electrode 3,float64,75600,0,0,False,-0.000600397,0.000725277,8.657799309034392e-06,4.514180124663858e-05,7.55322e-06,1.3427980000000003e-05,0.000725277,0,37,ok,extreme thresholds are audit flags only; units differ by modality
2,data/limb/subject02/StaticP10/subject2_limb_EMG.mat,StaticP10,4,EMG electrode 4,float64,75600,0,0,False,-0.00028719,0.000168185,-2.1296298180767194e-05,1.6554065008621788e-05,-2.1149e-05,6.210400000000001e-06,0.00028719,0,11,ok,extreme thresholds are audit flags only; units differ by modality
2,data/limb/subject02/StaticP10/subject2_limb_EMG.mat,StaticP10,5,EMG electrode 5,float64,75600,0,0,False,-0.000216526,8.27497e-05,-1.9230989699021166e-05,1.6107351292925647e-05,-1.82956e-05,6.713899999999997e-06,0.000216526,0,0,ok,extreme thresholds are audit flags only; units differ by modality
2,data/limb/subject02/StaticP10/subject2_limb_EMG.mat,StaticP10,6,EMG electrode 6,float64,75600,0,0,False,-0.000482567,0.00053695,-8.46319276585979e-06,6.563747872742633e-05,-1.05745e-05,2.68559e-05,0.00053695,0,0,ok,extreme thresholds are audit flags only; units differ by modality
2,data/limb/subject02/StaticP10/subject2_limb_EMG.mat,StaticP10,7,ACC.X electrode 1,float64,75600,0,0,False,-0.8440047062964167,0.10401639791069488,-0.32029624053568323,0.1708507324964904,-0.3929094407351934,0.0505559942136902,0.8440047062964167,0,0,ok,extreme thresholds are audit flags only; units differ by modality
2,data/limb/subject02/StaticP10/subject2_limb_EMG.mat,StaticP10,8,ACC.Y electrode 1,float64,75600,0,0,False,-1.1735414567617815,1.2061123709901862,0.49932803414403554,0.7472462670303562,0.8610898541959482,0.03258072760658348,1.2061123709901862,0,15118,ok,extreme thresholds are audit flags only; units differ by modality
2,data/limb/subject02/StaticP10/subject2_limb_EMG.mat,StaticP10,9,ACC.Z electrode 1,float64,75600,0,0,False,-0.019232920621923257,0.6231358977359682,0.19026232774472507,0.07999014719192171,0.2091400961241096,0.04688973519716008,0.6231358977359682,0,0,ok,extreme thresholds are audit flags only; units differ by modality
2,data/limb/subject02/StaticP10/subject2_limb_EMG.mat,StaticP10,10,GYRO.X electrode 1,float64,75600,0,0,False,-271.39625618903585,29.44885945445486,-13.287004234186096,3.594394648450798,-13.126514604290868,1.7520456825923594,271.39625618903585,0,1,ok,extreme thresholds are audit flags only; units differ by modality
2,data/limb/subject02/StaticP10/subject2_limb_EMG.mat,StaticP10,11,GYRO.Y electrode 1,float64,75600,0,0,False,-73.26418386328841,57.899747651519945,-0.18772772223928474,8.240691185628727,0.34010056023329105,3.7753624416752123,73.26418386328841,0,0,ok,extreme thresholds are audit flags only; units differ by modality
2,data/limb/subject02/StaticP10/subject2_limb_EMG.mat,StaticP10,12,GYRO.Z electrode 1,float64,75600,0,0,False,-223.16521867620995,26.054123101829706,-2.1201407630577456,3.8966697164046638,-1.8927525154157472,1.6602394796498103,223.16521867620995,0,1,ok,extreme thresholds are audit flags only; units differ by modality
2,data/limb/subject02/StaticP10/subject2_limb_EMG.mat,StaticP10,13,ACC.X electrode 2,float64,75600,0,0,False,-0.56347449022815,0.11289496191727198,-0.17541450217962862,0.05571481965784464,-0.17159536983883505,0.03813331843476313,0.56347449022815,0,0,ok,extreme thresholds are audit flags only; units differ by modality
2,data/limb/subject02/StaticP10/subject2_limb_EMG.mat,StaticP10,14,ACC.Y electrode 2,float64,75600,0,0,False,-1.142263597367076,1.0967229473389646,0.5720136949203394,0.7673575011137855,0.9483315867414,0.02233065450661753,1.142263597367076,0,15120,ok,extreme thresholds are audit flags only; units differ by modality
2,data/limb/subject02/StaticP10/subject2_limb_EMG.mat,StaticP10,15,ACC.Z electrode 2,float64,75600,0,0,False,-1.206438094365948,-0.034474105813146444,-0.3242322652794385,0.046370204921578895,-0.3247678326687623,0.03149846420905908,1.206438094365948,0,0,ok,extreme thresholds are audit flags only; units differ by modality
2,data/limb/subject02/StaticP10/subject2_limb_EMG.mat,StaticP10,16,GYRO.X electrode 2,float64,75600,0,0,False,-30.33682690016911,278.6598410384305,-9.26770722014047,4.340843115902505,-9.616577365910619,1.804751985482445,278.6598410384305,0,1,ok,extreme thresholds are audit flags only; units differ by modality
2,data/limb/subject02/StaticP10/subject2_limb_EMG.mat,StaticP10,17,GYRO.Y electrode 2,float64,75600,0,0,False,-65.9964797710699,103.07438584385471,-2.931030056654838,5.130197497498046,-2.806261044316114,2.330315147010689,103.07438584385471,0,1,ok,extreme thresholds are audit flags only; units differ by modality
2,data/limb/subject02/StaticP10/subject2_limb_EMG.mat,StaticP10,18,GYRO.Z electrode 2,float64,75600,0,0,False,-133.28821167459776,23.5724946558693,-3.86435199867375,2.8574511881299127,-3.7348386673390594,1.2997636237562846,133.28821167459776,0,1,ok,extreme thresholds are audit flags only; units differ by modality
2,data/limb/subject02/StaticP10/subject2_limb_EMG.mat,StaticP10,19,ACC.X electrode 3,float64,75600,0,0,False,-0.28163355809118346,0.8338747270985454,0.13145375840152332,0.13243813549679292,0.09436542805638043,0.05452081740331616,0.8338747270985454,0,0,ok,extreme thresholds are audit flags only; units differ by modality
2,data/limb/subject02/StaticP10/subject2_limb_EMG.mat,StaticP10,20,ACC.Y electrode 3,float64,75600,0,0,False,-1.061633797075726,1.3233112975269357,0.6134810697652171,0.750290721266827,0.981771481211616,0.020986490091006282,1.3233112975269357,0,15119,ok,extreme thresholds are audit flags only; units differ by modality
2,data/limb/subject02/StaticP10/subject2_limb_EMG.mat,StaticP10,21,ACC.Z electrode 3,float64,75600,0,0,False,-0.5703405002283763,0.07949493029682385,-0.247769570756899,0.06689589700844838,-0.2479683841425001,0.04341562823929526,0.5703405002283763,0,0,ok,extreme thresholds are audit flags only; units differ by modality
2,data/limb/subject02/StaticP10/subject2_limb_EMG.mat,StaticP10,22,GYRO.X electrode 3,float64,75600,0,0,False,-34.35638836606527,151.21342512488283,17.516684283722213,3.9500285240259596,17.25606811107992,1.7578445420840385,151.21342512488283,0,1,ok,extreme thresholds are audit flags only; units differ by modality
2,data/limb/subject02/StaticP10/subject2_limb_EMG.mat,StaticP10,23,GYRO.Y electrode 3,float64,75600,0,0,False,-77.12400082383219,182.30712652610555,2.507616551342229,8.386070374989352,2.825177672230631,3.3736954027561916,182.30712652610555,0,14,ok,extreme thresholds are audit flags only; units differ by modality
2,data/limb/subject02/StaticP10/subject2_limb_EMG.mat,StaticP10,24,GYRO.Z electrode 3,float64,75600,0,0,False,-21.685085388308536,284.21935048360035,2.591749267143303,4.743367532657651,2.3215116962034203,1.984167757131452,284.21935048360035,0,1,ok,extreme thresholds are audit flags only; units differ by modality
2,data/limb/subject02/StaticP10/subject2_limb_EMG.mat,StaticP10,25,ACC.X electrode 4,float64,75600,0,0,False,-0.16165588859326752,0.7689983141530524,0.3481692414865836,0.08490746853000951,0.36356750677753197,0.0574114733707661,0.7689983141530524,0,0,ok,extreme thresholds are audit flags only; units differ by modality
2,data/limb/subject02/StaticP10/subject2_limb_EMG.mat,StaticP10,26,ACC.Y electrode 4,float64,75600,0,0,False,-1.159992196928001,1.1872650552083361,0.5301572115040037,0.7559061565876867,0.8967771792822119,0.03414777966985527,1.1872650552083361,0,15117,ok,extreme thresholds are audit flags only; units differ by modality
2,data/limb/subject02/StaticP10/subject2_limb_EMG.mat,StaticP10,27,ACC.Z electrode 4,float64,75600,0,0,False,-0.21585839812271232,0.28762953984472006,0.03731134930059043,0.05179289327809967,0.04445524207641291,0.040572343407499864,0.28762953984472006,0,0,ok,extreme thresholds are audit flags only; units differ by modality
2,data/limb/subject02/StaticP10/subject2_limb_EMG.mat,StaticP10,28,GYRO.X electrode 4,float64,75600,0,0,False,-60.61280580827412,43.26079571454688,2.9442532284122285,3.9609216353279573,3.1596288173250873,1.8323232059730312,60.61280580827412,0,1,ok,extreme thresholds are audit flags only; units differ by modality
2,data/limb/subject02/StaticP10/subject2_limb_EMG.mat,StaticP10,29,GYRO.Y electrode 4,float64,75600,0,0,False,-136.58153766904283,89.46142106303999,6.096156143944367,8.360750943076082,6.436312947714084,3.3138140292304064,136.58153766904283,0,18,ok,extreme thresholds are audit flags only; units differ by modality
2,data/limb/subject02/StaticP10/subject2_limb_EMG.mat,StaticP10,30,GYRO.Z electrode 4,float64,75600,0,0,False,-44.11270492245736,334.53605852975153,4.035817222900464,4.169424774817558,3.662807754882753,1.7391709971993978,334.53605852975153,0,1,ok,extreme thresholds are audit flags only; units differ by modality
2,data/limb/subject02/StaticP10/subject2_limb_EMG.mat,StaticP10,31,ACC.X electrode 5,float64,75600,0,0,False,-1.0071063871985453,0.09974364550425682,-0.6327639422674308,0.30648715541862576,-0.7778128838848481,0.02737925479539227,1.0071063871985453,0,446,ok,extreme thresholds are audit flags only; units differ by modality
2,data/limb/subject02/StaticP10/subject2_limb_EMG.mat,StaticP10,32,ACC.Y electrode 5,float64,75600,0,0,False,-1.1911380572115808,0.14055572469701963,-0.216768191073442,0.39456330436762527,-0.043266316494303195,0.06703952264318178,1.1911380572115808,0,0,ok,extreme thresholds are audit flags only; units differ by modality
2,data/limb/subject02/StaticP10/subject2_limb_EMG.mat,StaticP10,33,ACC.Z electrode 5,float64,75600,0,0,False,-0.8599533748889987,0.030566693966970718,-0.567635534879676,0.26542491881511254,-0.6901794619953263,0.026325442700830648,0.8599533748889987,0,0,ok,extreme thresholds are audit flags only; units differ by modality
2,data/limb/subject02/StaticP10/subject2_limb_EMG.mat,StaticP10,34,GYRO.X electrode 5,float64,75600,0,0,False,-13.377791998691213,137.91946565459983,5.508336538122046,2.2661812080597015,5.440944175199146,1.1988486412679116,137.91946565459983,0,1,ok,extreme thresholds are audit flags only; units differ by modality
2,data/limb/subject02/StaticP10/subject2_limb_EMG.mat,StaticP10,35,GYRO.Y electrode 5,float64,75600,0,0,False,-124.34417003447422,174.71145473156793,4.878971850397097,8.88581701436222,5.2458654450295885,3.926969214595129,174.71145473156793,0,16,ok,extreme thresholds are audit flags only; units differ by modality
2,data/limb/subject02/StaticP10/subject2_limb_EMG.mat,StaticP10,36,GYRO.Z electrode 5,float64,75600,0,0,False,-140.90854401557831,15.402032271839278,-2.3183679972807227,2.229684617710999,-2.255071643231437,1.0827649535971346,140.90854401557831,0,1,ok,extreme thresholds are audit flags only; units differ by modality
2,data/limb/subject02/StaticP10/subject2_limb_EMG.mat,StaticP10,37,ACC.X electrode 6,float64,75600,0,0,False,0.055225299998529036,0.9345434894195549,0.5137070512910054,0.1775071576262476,0.590372004714878,0.031305184943445974,0.9345434894195549,0,0,ok,extreme thresholds are audit flags only; units differ by modality
2,data/limb/subject02/StaticP10/subject2_limb_EMG.mat,StaticP10,38,ACC.Y electrode 6,float64,75600,0,0,False,-1.135749791122516,0.32098174072006624,-0.12234465680055155,0.4340843529186461,0.06742723049957117,0.07969662603162556,1.135749791122516,0,0,ok,extreme thresholds are audit flags only; units differ by modality
2,data/limb/subject02/StaticP10/subject2_limb_EMG.mat,StaticP10,39,ACC.Z electrode 6,float64,75600,0,0,False,-0.18614199452093766,0.8583964770134094,0.5535092413157161,0.3372454606332949,0.7146879603987251,0.02933532892510543,0.8583964770134094,0,445,ok,extreme thresholds are audit flags only; units differ by modality
2,data/limb/subject02/StaticP10/subject2_limb_EMG.mat,StaticP10,40,GYRO.X electrode 6,float64,75600,0,0,False,-151.26300252756582,28.45226156581473,-1.427044646020023,2.215555292318521,-1.4149594151013094,1.0810860513526295,151.26300252756582,0,1,ok,extreme thresholds are audit flags only; units differ by modality
2,data/limb/subject02/StaticP10/subject2_limb_EMG.mat,StaticP10,41,GYRO.Y electrode 6,float64,75600,0,0,False,-59.787375460307636,109.28477217936768,6.188274970983952,5.733104969969103,6.1308026158733195,2.1768227926811297,109.28477217936768,0,23,ok,extreme thresholds are audit flags only; units differ by modality
2,data/limb/subject02/StaticP10/subject2_limb_EMG.mat,StaticP10,42,GYRO.Z electrode 6,float64,75600,0,0,False,-16.63848844058279,129.80188342939005,-0.613689456650473,1.712024132386683,-0.6032827152114977,0.8519169290569368,129.80188342939005,0,1,ok,extreme thresholds are audit flags only; units differ by modality
2,data/limb/subject02/StaticP14/subject2_limb_EMG.mat,StaticP14,1,EMG electrode 1,float64,75600,0,0,False,-0.000298604,0.000303304,-1.6126186264550264e-07,3.244963660434344e-05,-5.03548e-07,1.2924347999999999e-05,0.000303304,0,0,ok,extreme thresholds are audit flags only; units differ by modality
2,data/limb/subject02/StaticP14/subject2_limb_EMG.mat,StaticP14,2,EMG electrode 2,float64,75600,0,0,False,-0.000797787,0.000686671,3.967105846574075e-06,4.528981443247982e-05,3.69268e-06,1.1749439999999999e-05,0.000797787,0,90,ok,extreme thresholds are audit flags only; units differ by modality
2,data/limb/subject02/StaticP14/subject2_limb_EMG.mat,StaticP14,3,EMG electrode 3,float64,75600,0,0,False,-0.000542321,0.000602075,8.690177116441798e-06,5.1029768584057565e-05,7.55322e-06,1.4938580000000002e-05,0.000602075,0,18,ok,extreme thresholds are audit flags only; units differ by modality
2,data/limb/subject02/StaticP14/subject2_limb_EMG.mat,StaticP14,4,EMG electrode 4,float64,75600,0,0,False,-0.000135119,0.000101549,-2.1398645886732807e-05,1.1360695256220301e-05,-2.16526e-05,5.0354999999999995e-06,0.000135119,0,0,ok,extreme thresholds are audit flags only; units differ by modality
2,data/limb/subject02/StaticP14/subject2_limb_EMG.mat,StaticP14,5,EMG electrode 5,float64,75600,0,0,False,-0.000254292,0.000178759,-1.923003317021164e-05,1.2423361437120372e-05,-1.8967e-05,5.0354999999999995e-06,0.000254292,0,5,ok,extreme thresholds are audit flags only; units differ by modality
2,data/limb/subject02/StaticP14/subject2_limb_EMG.mat,StaticP14,6,EMG electrode 6,float64,75600,0,0,False,-0.00063212,0.000675257,-8.312400650092593e-06,6.235238568642857e-05,-9.9031e-06,2.7359399999999998e-05,0.000675257,0,0,ok,extreme thresholds are audit flags only; units differ by modality
2,data/limb/subject02/StaticP14/subject2_limb_EMG.mat,StaticP14,7,ACC.X electrode 1,float64,75600,0,0,False,-1.2211726762862907,0.2648261128815985,-0.3121812348778685,0.16238604945241517,-0.3635354210219789,0.05910702638002513,1.2211726762862907,0,0,ok,extreme thresholds are audit flags only; units differ by modality
2,data/limb/subject02/StaticP14/subject2_limb_EMG.mat,StaticP14,8,ACC.Y electrode 1,float64,75600,0,0,False,-1.1367172097975469,1.0429910119656862,0.22939018289699947,0.6150385052532734,0.541842046198899,0.051082190052416654,1.1367172097975469,0,14885,ok,extreme thresholds are audit flags only; units differ by modality
2,data/limb/subject02/StaticP14/subject2_limb_EMG.mat,StaticP14,9,ACC.Z electrode 1,float64,75600,0,0,False,0.0075935080016779994,0.8536045196206925,0.5603717745887041,0.2610020283366518,0.665009939049358,0.048975748943316355,0.8536045196206925,0,0,ok,extreme thresholds are audit flags only; units differ by modality
2,data/limb/subject02/StaticP14/subject2_limb_EMG.mat,StaticP14,10,GYRO.X electrode 1,float64,75600,0,0,False,-127.37627128909612,16.764718558897943,-13.085175494430365,3.2372170572666286,-12.909282595227094,1.2273172411347275,127.37627128909612,0,41,ok,extreme thresholds are audit flags only; units differ by modality
2,data/limb/subject02/StaticP14/subject2_limb_EMG.mat,StaticP14,11,GYRO.Y electrode 1,float64,75600,0,0,False,-176.30004517657918,202.30915122424523,0.36327352740059415,10.732465286618584,0.47877017838306807,3.7645528550982155,202.30915122424523,0,88,ok,extreme thresholds are audit flags only; units differ by modality
2,data/limb/subject02/StaticP14/subject2_limb_EMG.mat,StaticP14,12,GYRO.Z electrode 1,float64,75600,0,0,False,-24.82244310269207,14.010260155387279,-2.008788694575003,2.626746541402437,-1.9121302621100313,1.2539306882643215,24.82244310269207,0,0,ok,extreme thresholds are audit flags only; units differ by modality
2,data/limb/subject02/StaticP14/subject2_limb_EMG.mat,StaticP14,13,ACC.X electrode 2,float64,75600,0,0,False,-1.1206834831840151,-0.012857032049078098,-0.455582918140381,0.17269872355773994,-0.5275140157755054,0.046040209836194446,1.1206834831840151,0,0,ok,extreme thresholds are audit flags only; units differ by modality
2,data/limb/subject02/StaticP14/subject2_limb_EMG.mat,StaticP14,14,ACC.Y electrode 2,float64,75600,0,0,False,-1.098828545364161,0.8642001737046449,0.31085320445902576,0.6396015065455626,0.6206293644776129,0.05887058707051401,1.098828545364161,0,0,ok,extreme thresholds are audit flags only; units differ by modality
2,data/limb/subject02/StaticP14/subject2_limb_EMG.mat,StaticP14,15,ACC.Z electrode 2,float64,75600,0,0,False,-0.8560806978181069,-0.03335708470954728,-0.5890725125022578,0.13165664761374818,-0.6344577681835262,0.03409012362360847,0.8560806978181069,0,0,ok,extreme thresholds are audit flags only; units differ by modality
2,data/limb/subject02/StaticP14/subject2_limb_EMG.mat,StaticP14,16,GYRO.X electrode 2,float64,75600,0,0,False,-23.68821147621888,24.991162803306704,-9.683695982963531,2.8847016854125402,-9.823677065334158,1.3190399423643235,24.991162803306704,0,0,ok,extreme thresholds are audit flags only; units differ by modality
2,data/limb/subject02/StaticP14/subject2_limb_EMG.mat,StaticP14,17,GYRO.Y electrode 2,float64,75600,0,0,False,-113.98575504803688,70.00195614663734,-2.844203075189054,7.712901155380091,-2.628079758768185,2.8581622328588736,113.98575504803688,0,30,ok,extreme thresholds are audit flags only; units differ by modality
2,data/limb/subject02/StaticP14/subject2_limb_EMG.mat,StaticP14,18,GYRO.Z electrode 2,float64,75600,0,0,False,-39.75958489226997,19.82393053007919,-3.8047885011834652,2.115318592381583,-3.722013297377024,0.9528563046428171,39.75958489226997,0,29,ok,extreme thresholds are audit flags only; units differ by modality
2,data/limb/subject02/StaticP14/subject2_limb_EMG.mat,StaticP14,19,ACC.X electrode 3,float64,75600,0,0,False,-0.3531464788225168,1.0152414776917245,0.33665637196592346,0.06478868170373812,0.3372136756578882,0.03801153626270942,1.0152414776917245,0,0,ok,extreme thresholds are audit flags only; units differ by modality
2,data/limb/subject02/StaticP14/subject2_limb_EMG.mat,StaticP14,20,ACC.Y electrode 3,float64,75600,0,0,False,-0.9999900011937308,1.0697388256766087,0.45049833505397036,0.6702034682833495,0.7779844404624389,0.06642874243371549,1.0697388256766087,0,0,ok,extreme thresholds are audit flags only; units differ by modality
2,data/limb/subject02/StaticP14/subject2_limb_EMG.mat,StaticP14,21,ACC.Z electrode 3,float64,75600,0,0,False,-0.8700144836594759,-0.028352429162452997,-0.5497197190797415,0.12879138489503944,-0.5714520561816608,0.06994200356511582,0.8700144836594759,0,0,ok,extreme thresholds are audit flags only; units differ by modality
2,data/limb/subject02/StaticP14/subject2_limb_EMG.mat,StaticP14,22,GYRO.X electrode 3,float64,75600,0,0,False,-50.676609119915064,53.19324642368365,17.337662664362586,3.5960838157330053,17.246606424687084,1.4996384771476343,53.19324642368365,0,16,ok,extreme thresholds are audit flags only; units differ by modality
2,data/limb/subject02/StaticP14/subject2_limb_EMG.mat,StaticP14,23,GYRO.Y electrode 3,float64,75600,0,0,False,-116.85425701574884,163.64772597619884,2.7490929777437527,10.026309175263046,2.863933990915073,3.5083394750762826,163.64772597619884,0,71,ok,extreme thresholds are audit flags only; units differ by modality
2,data/limb/subject02/StaticP14/subject2_limb_EMG.mat,StaticP14,24,GYRO.Z electrode 3,float64,75600,0,0,False,-18.15591184307598,48.184191513938174,2.351677009616887,3.006264488652628,2.2407061877016217,1.3797731457545974,48.184191513938174,0,4,ok,extreme thresholds are audit flags only; units differ by modality
2,data/limb/subject02/StaticP14/subject2_limb_EMG.mat,StaticP14,25,ACC.X electrode 4,float64,75600,0,0,False,-0.8000971595082633,1.4447497533945628,0.6453867752263247,0.22552472943026838,0.7321778655315493,0.060617440526767874,1.4447497533945628,0,0,ok,extreme thresholds are audit flags only; units differ by modality
2,data/limb/subject02/StaticP14/subject2_limb_EMG.mat,StaticP14,26,ACC.Y electrode 4,float64,75600,0,0,False,-1.1150295688568048,0.8201311063380725,0.30112642230467107,0.6434871975144753,0.6167424706956045,0.06610018489755454,1.1150295688568048,0,0,ok,extreme thresholds are audit flags only; units differ by modality
2,data/limb/subject02/StaticP14/subject2_limb_EMG.mat,StaticP14,27,ACC.Z electrode 4,float64,75600,0,0,False,-0.1576947031214124,0.5745342616930433,0.07724789741295868,0.06156151181662035,0.08163170168381834,0.04084405087004247,0.5745342616930433,0,0,ok,extreme thresholds are audit flags only; units differ by modality
2,data/limb/subject02/StaticP14/subject2_limb_EMG.mat,StaticP14,28,GYRO.X electrode 4,float64,75600,0,0,False,-19.724025243959613,31.09670805274746,3.0628914474534317,2.7794999816528545,3.1532357599262717,1.3986325538898838,31.09670805274746,0,0,ok,extreme thresholds are audit flags only; units differ by modality
2,data/limb/subject02/StaticP14/subject2_limb_EMG.mat,StaticP14,29,GYRO.Y electrode 4,float64,75600,0,0,False,-139.04932585401693,235.4108612989734,6.246333144368717,8.395600957470892,6.380977123280029,3.166084102472297,235.4108612989734,0,58,ok,extreme thresholds are audit flags only; units differ by modality
2,data/limb/subject02/StaticP14/subject2_limb_EMG.mat,StaticP14,30,GYRO.Z electrode 4,float64,75600,0,0,False,-16.116446790989336,41.54513493329121,3.748174066022553,2.0965869819073464,3.614141221265947,0.9461436317600116,41.54513493329121,0,18,ok,extreme thresholds are audit flags only; units differ by modality
2,data/limb/subject02/StaticP14/subject2_limb_EMG.mat,StaticP14,31,ACC.X electrode 5,float64,75600,0,0,False,-1.2314291013100571,0.08967023518468513,-0.7462204457323817,0.3495758508001891,-0.9122803237876975,0.03229714279164103,1.2314291013100571,0,36,ok,extreme thresholds are audit flags only; units differ by modality
2,data/limb/subject02/StaticP14/subject2_limb_EMG.mat,StaticP14,32,ACC.Y electrode 5,float64,75600,0,0,False,-1.1299529540068882,0.6166257211272433,0.10316459777441564,0.5519024562981261,0.35388562461107625,0.06314055477352057,1.1299529540068882,0,0,ok,extreme thresholds are audit flags only; units differ by modality
2,data/limb/subject02/StaticP14/subject2_limb_EMG.mat,StaticP14,33,ACC.Z electrode 5,float64,75600,0,0,False,-0.42176703996755466,0.23700029969189612,-0.20482736694698642,0.05111140664702148,-0.21277251965126753,0.03661580198428793,0.42176703996755466,0,0,ok,extreme thresholds are audit flags only; units differ by modality
2,data/limb/subject02/StaticP14/subject2_limb_EMG.mat,StaticP14,34,GYRO.X electrode 5,float64,75600,0,0,False,-24.267312817579167,30.974203940210227,5.667083256603377,2.62782822618341,5.6555642213702,1.2158492141736432,30.974203940210227,0,0,ok,extreme thresholds are audit flags only; units differ by modality
2,data/limb/subject02/StaticP14/subject2_limb_EMG.mat,StaticP14,35,GYRO.Y electrode 5,float64,75600,0,0,False,-106.33337042769091,108.43558875846013,5.6034572729269465,8.602940075073873,5.583077030195065,3.508800483031809,108.43558875846013,0,15,ok,extreme thresholds are audit flags only; units differ by modality
2,data/limb/subject02/StaticP14/subject2_limb_EMG.mat,StaticP14,36,GYRO.Z electrode 5,float64,75600,0,0,False,-51.30446031266817,34.70541349393357,-2.3946599013329153,2.621309831180767,-2.2452966067714755,1.0264539994788957,51.30446031266817,0,49,ok,extreme thresholds are audit flags only; units differ by modality
2,data/limb/subject02/StaticP14/subject2_limb_EMG.mat,StaticP14,37,ACC.X electrode 6,float64,75600,0,0,False,-0.3974159202850623,1.4932942291105968,0.6525429073498409,0.2661716667830031,0.7796557553775268,0.04319837426435574,1.4932942291105968,0,0,ok,extreme thresholds are audit flags only; units differ by modality
2,data/limb/subject02/StaticP14/subject2_limb_EMG.mat,StaticP14,38,ACC.Y electrode 6,float64,75600,0,0,False,-1.1265612526756024,0.8188871847122791,0.2175252376763842,0.6049278123206371,0.48601552253436314,0.06855646339739913,1.1265612526756024,0,0,ok,extreme thresholds are audit flags only; units differ by modality
2,data/limb/subject02/StaticP14/subject2_limb_EMG.mat,StaticP14,39,ACC.Z electrode 6,float64,75600,0,0,False,-0.16905870303490547,0.43942618208032824,0.20178199345941902,0.13392672652259088,0.2502542402890793,0.03823859366654253,0.43942618208032824,0,0,ok,extreme thresholds are audit flags only; units differ by modality
2,data/limb/subject02/StaticP14/subject2_limb_EMG.mat,StaticP14,40,GYRO.X electrode 6,float64,75600,0,0,False,-43.254582044571215,11.461117371686687,-1.6338636122164065,2.1986395465191135,-1.5293033076075235,1.0357419965638588,43.254582044571215,0,33,ok,extreme thresholds are audit flags only; units differ by modality
2,data/limb/subject02/StaticP14/subject2_limb_EMG.mat,StaticP14,41,GYRO.Y electrode 6,float64,75600,0,0,False,-77.04118526789345,241.92037371866286,6.305047364551256,7.4093834051933545,6.129115467335035,2.2884637555565446,241.92037371866286,0,104,ok,extreme thresholds are audit flags only; units differ by modality
2,data/limb/subject02/StaticP14/subject2_limb_EMG.mat,StaticP14,42,GYRO.Z electrode 6,float64,75600,0,0,False,-41.79005939158795,29.552536732574385,-0.6036533977120248,1.691402687220291,-0.6885799643264983,0.6864967604798504,41.79005939158795,0,52,ok,extreme thresholds are audit flags only; units differ by modality
2,data/limb/subject02/Dynamic/subject2_limb_EMG.mat,Dynamic,1,EMG electrode 1,float64,664634,0,0,False,-0.000261341,0.000310353,-4.988350518947268e-07,2.0873366912744624e-05,-8.39246e-07,5.539024e-06,0.000310353,0,163,ok,extreme thresholds are audit flags only; units differ by modality
2,data/limb/subject02/Dynamic/subject2_limb_EMG.mat,Dynamic,2,EMG electrode 2,float64,664634,0,0,False,-0.000535943,0.000857877,3.820127308095883e-06,2.4763125920693e-05,3.69268e-06,4.196230000000001e-06,0.000857877,0,4438,ok,extreme thresholds are audit flags only; units differ by modality
2,data/limb/subject02/Dynamic/subject2_limb_EMG.mat,Dynamic,3,EMG electrode 3,float64,664634,0,0,False,-0.000751461,0.000698085,8.273534276863662e-06,2.4775351820316436e-05,7.88891e-06,4.699770000000001e-06,0.000751461,0,2709,ok,extreme thresholds are audit flags only; units differ by modality
2,data/limb/subject02/Dynamic/subject2_limb_EMG.mat,Dynamic,4,EMG electrode 4,float64,664634,0,0,False,-0.000392264,0.000211322,-2.2061762171754675e-05,1.2624461863870718e-05,-2.19883e-05,4.1963000000000025e-06,0.000392264,0,503,ok,extreme thresholds are audit flags only; units differ by modality
2,data/limb/subject02/Dynamic/subject2_limb_EMG.mat,Dynamic,5,EMG electrode 5,float64,664634,0,0,False,-0.000529564,0.000332845,-1.972921445845383e-05,1.0793044524544548e-05,-1.96384e-05,3.357000000000002e-06,0.000529564,0,1027,ok,extreme thresholds are audit flags only; units differ by modality
2,data/limb/subject02/Dynamic/subject2_limb_EMG.mat,Dynamic,6,EMG electrode 6,float64,664634,0,0,False,-0.000353994,0.000566491,-8.647052800998746e-06,3.236966011371145e-05,-9.06386e-06,5.53903e-06,0.000566491,0,2406,ok,extreme thresholds are audit flags only; units differ by modality
2,data/limb/subject02/Dynamic/subject2_limb_EMG.mat,Dynamic,7,ACC.X electrode 1,float64,664634,0,0,False,-1.4360094958138874,0.29042493336680136,-0.34534621179508873,0.3807762507995273,-0.2975631306671911,0.3489249834388359,1.4360094958138874,0,0,ok,extreme thresholds are audit flags only; units differ by modality
2,data/limb/subject02/Dynamic/subject2_limb_EMG.mat,Dynamic,8,ACC.Y electrode 1,float64,664634,0,0,False,-1.2235931999451675,1.2053604371482165,-0.4201011231465315,0.6632196284417171,-0.7807172293305435,0.22410360133733342,1.2235931999451675,0,0,ok,extreme thresholds are audit flags only; units differ by modality
2,data/limb/subject02/Dynamic/subject2_limb_EMG.mat,Dynamic,9,ACC.Z electrode 1,float64,664634,0,0,False,-0.14971330439242175,0.8619637627246539,0.22384596321826536,0.21406624953009726,0.2156104523754662,0.1830234105357344,0.8619637627246539,0,0,ok,extreme thresholds are audit flags only; units differ by modality
2,data/limb/subject02/Dynamic/subject2_limb_EMG.mat,Dynamic,10,GYRO.X electrode 1,float64,664634,0,0,False,-292.03232569385125,80.26964204618014,-13.52921018310159,16.46436199250256,-12.903163737479066,1.7354362964908967,292.03232569385125,0,9544,ok,extreme thresholds are audit flags only; units differ by modality
2,data/limb/subject02/Dynamic/subject2_limb_EMG.mat,Dynamic,11,GYRO.Y electrode 1,float64,664634,0,0,False,-132.5036798067373,198.53388116534464,0.5334689653892304,12.384800130831055,0.5939771162570204,3.018472258721319,198.53388116534464,0,1173,ok,extreme thresholds are audit flags only; units differ by modality
2,data/limb/subject02/Dynamic/subject2_limb_EMG.mat,Dynamic,12,GYRO.Z electrode 1,float64,664634,0,0,False,-344.3333681770944,116.48034064736493,-1.2821989203678674,28.215534793006796,-1.1593197183347206,3.585158833818903,344.3333681770944,0,8652,ok,extreme thresholds are audit flags only; units differ by modality
2,data/limb/subject02/Dynamic/subject2_limb_EMG.mat,Dynamic,13,ACC.X electrode 2,float64,664634,0,0,False,-0.6777593881418199,0.11656123125803557,-0.15027379349325884,0.10753337975919286,-0.11304176407696412,0.039565004690866094,0.6777593881418199,0,0,ok,extreme thresholds are audit flags only; units differ by modality
2,data/limb/subject02/Dynamic/subject2_limb_EMG.mat,Dynamic,14,ACC.Y electrode 2,float64,664634,0,0,False,-1.200178170001236,1.189279868495217,-0.30621429525988325,0.7159105012090582,-0.6046927410854916,0.38479366505539364,1.200178170001236,0,0,ok,extreme thresholds are audit flags only; units differ by modality
2,data/limb/subject02/Dynamic/subject2_limb_EMG.mat,Dynamic,15,ACC.Z electrode 2,float64,664634,0,0,False,-1.8198288454159237,0.1542196849090427,-0.594013324438497,0.34421796175491404,-0.43600042616362017,0.2140250263261989,1.8198288454159237,0,0,ok,extreme thresholds are audit flags only; units differ by modality
2,data/limb/subject02/Dynamic/subject2_limb_EMG.mat,Dynamic,16,GYRO.X electrode 2,float64,664634,0,0,False,-174.3052994002144,373.36110976562543,-10.372631011431515,33.606068377761424,-10.741434970242533,4.364627200580215,373.36110976562543,0,8453,ok,extreme thresholds are audit flags only; units differ by modality
2,data/limb/subject02/Dynamic/subject2_limb_EMG.mat,Dynamic,17,GYRO.Y electrode 2,float64,664634,0,0,False,-104.28658495316495,181.07797125950728,-2.2751165959339406,11.93430144308249,-2.7206155264189134,2.502485309627712,181.07797125950728,0,3345,ok,extreme thresholds are audit flags only; units differ by modality
2,data/limb/subject02/Dynamic/subject2_limb_EMG.mat,Dynamic,18,GYRO.Z electrode 2,float64,664634,0,0,False,-136.11096776020815,63.4081365096798,-4.200189546332906,6.716604241415137,-3.8425149990395626,1.1138555761822713,136.11096776020815,0,5872,ok,extreme thresholds are audit flags only; units differ by modality
2,data/limb/subject02/Dynamic/subject2_limb_EMG.mat,Dynamic,19,ACC.X electrode 3,float64,664634,0,0,False,-0.4446171413433368,1.6052082311448057,0.513040866605687,0.2850220796995716,0.39701553422634844,0.15354107529788605,1.6052082311448057,0,0,ok,extreme thresholds are audit flags only; units differ by modality
2,data/limb/subject02/Dynamic/subject2_limb_EMG.mat,Dynamic,20,ACC.Y electrode 3,float64,664634,0,0,False,-1.1395938086373272,1.2709957347683392,-0.2043557186520932,0.7318910062028429,-0.48336087335920397,0.4374462542745119,1.2709957347683392,0,0,ok,extreme thresholds are audit flags only; units differ by modality
2,data/limb/subject02/Dynamic/subject2_limb_EMG.mat,Dynamic,21,ACC.Z electrode 3,float64,664634,0,0,False,-0.8897527998815427,-0.014322686749196447,-0.3563474546837383,0.0774614912869377,-0.3329522330518281,0.03162844127903422,0.8897527998815427,0,0,ok,extreme thresholds are audit flags only; units differ by modality
2,data/limb/subject02/Dynamic/subject2_limb_EMG.mat,Dynamic,22,GYRO.X electrode 3,float64,664634,0,0,False,-58.717481314219576,175.12332538952447,17.28744966403969,7.739422938119364,16.9994345724403,1.5670179995470432,175.12332538952447,0,3452,ok,extreme thresholds are audit flags only; units differ by modality
2,data/limb/subject02/Dynamic/subject2_limb_EMG.mat,Dynamic,23,GYRO.Y electrode 3,float64,664634,0,0,False,-113.46232734450669,276.0963707067409,3.4088617233714147,12.770473907567132,2.9928727252889757,2.9163014867446986,276.0963707067409,0,2319,ok,extreme thresholds are audit flags only; units differ by modality
2,data/limb/subject02/Dynamic/subject2_limb_EMG.mat,Dynamic,24,GYRO.Z electrode 3,float64,664634,0,0,False,-151.19044178400398,397.09607308081627,1.823999187008652,32.67594761171824,1.456479345224495,3.994960252278175,397.09607308081627,0,8798,ok,extreme thresholds are audit flags only; units differ by modality
2,data/limb/subject02/Dynamic/subject2_limb_EMG.mat,Dynamic,25,ACC.X electrode 4,float64,664634,0,0,False,-0.10310777566550694,1.4783709639413818,0.4376943989285665,0.24987882819501817,0.4169140365998206,0.23713047677671428,1.4783709639413818,0,0,ok,extreme thresholds are audit flags only; units differ by modality
2,data/limb/subject02/Dynamic/subject2_limb_EMG.mat,Dynamic,26,ACC.Y electrode 4,float64,664634,0,0,False,-1.2483333153230374,1.363579084812015,-0.3687906949363227,0.6899084008656916,-0.7113342138206118,0.28689616139497476,1.363579084812015,0,0,ok,extreme thresholds are audit flags only; units differ by modality
2,data/limb/subject02/Dynamic/subject2_limb_EMG.mat,Dynamic,27,ACC.Z electrode 4,float64,664634,0,0,False,-0.3249347339666022,0.7679732060022735,0.18556379111582794,0.2731551643815483,0.04620597251516352,0.15544770897715962,0.7679732060022735,0,0,ok,extreme thresholds are audit flags only; units differ by modality
2,data/limb/subject02/Dynamic/subject2_limb_EMG.mat,Dynamic,28,GYRO.X electrode 4,float64,664634,0,0,False,-231.90010018724792,127.5232064927673,4.2632325078961255,21.416291285487294,3.961119484712747,3.2438611696826984,231.90010018724792,0,7775,ok,extreme thresholds are audit flags only; units differ by modality
2,data/limb/subject02/Dynamic/subject2_limb_EMG.mat,Dynamic,29,GYRO.Y electrode 4,float64,664634,0,0,False,-211.74708174783717,275.58295329727946,6.9553580980647665,14.242246668129384,6.587984336985574,2.797713080330925,275.58295329727946,0,4209,ok,extreme thresholds are audit flags only; units differ by modality
2,data/limb/subject02/Dynamic/subject2_limb_EMG.mat,Dynamic,30,GYRO.Z electrode 4,float64,664634,0,0,False,-81.21312113562625,390.205938712321,3.9612809446579478,24.52896423923635,3.11619227523042,2.389330108974729,390.205938712321,0,8564,ok,extreme thresholds are audit flags only; units differ by modality
2,data/limb/subject02/Dynamic/subject2_limb_EMG.mat,Dynamic,31,ACC.X electrode 5,float64,664634,0,0,False,-1.2146798843593836,0.3892813954610942,-0.25411042759386493,0.3886839707810266,-0.016949936457027748,0.0604028409442464,1.2146798843593836,0,0,ok,extreme thresholds are audit flags only; units differ by modality
2,data/limb/subject02/Dynamic/subject2_limb_EMG.mat,Dynamic,32,ACC.Y electrode 5,float64,664634,0,0,False,-1.2808645955555522,0.5392796884788278,-0.7176754168136947,0.46194888916669863,-0.9928557604356257,0.00917407509484347,1.2808645955555522,0,189133,ok,extreme thresholds are audit flags only; units differ by modality
2,data/limb/subject02/Dynamic/subject2_limb_EMG.mat,Dynamic,33,ACC.Z electrode 5,float64,664634,0,0,False,-0.8401757932565529,0.19453646865778249,-0.222321372097611,0.19971242847308576,-0.12836836642261434,0.056354402284475615,0.8401757932565529,0,0,ok,extreme thresholds are audit flags only; units differ by modality
2,data/limb/subject02/Dynamic/subject2_limb_EMG.mat,Dynamic,34,GYRO.X electrode 5,float64,664634,0,0,False,-94.60520907769624,268.48011874633164,5.007540415565734,18.61715685930441,5.135523847032811,1.3162267540690167,268.48011874633164,0,22428,ok,extreme thresholds are audit flags only; units differ by modality
2,data/limb/subject02/Dynamic/subject2_limb_EMG.mat,Dynamic,35,GYRO.Y electrode 5,float64,664634,0,0,False,-203.8752343338432,194.70629118358758,4.879161149361311,12.643598205253898,5.635656816115064,2.415193317909221,203.8752343338432,0,2678,ok,extreme thresholds are audit flags only; units differ by modality
2,data/limb/subject02/Dynamic/subject2_limb_EMG.mat,Dynamic,36,GYRO.Z electrode 5,float64,664634,0,0,False,-220.1545537728425,88.3916690850117,-1.9307513698980265,17.10290486261449,-1.964070686738371,1.1019299266371991,220.1545537728425,0,23746,ok,extreme thresholds are audit flags only; units differ by modality
2,data/limb/subject02/Dynamic/subject2_limb_EMG.mat,Dynamic,37,ACC.X electrode 6,float64,664634,0,0,False,-0.12067600763269562,0.9474141980128367,0.3004678627791014,0.23799031103129673,0.18268311143240124,0.0822349771640423,0.9474141980128367,0,0,ok,extreme thresholds are audit flags only; units differ by modality
2,data/limb/subject02/Dynamic/subject2_limb_EMG.mat,Dynamic,38,ACC.Y electrode 6,float64,664634,0,0,False,-1.5131319846810753,0.667799127413475,-0.6682616794313471,0.5202097034404699,-0.9767309154227253,0.015367641415403921,1.5131319846810753,0,181807,ok,extreme thresholds are audit flags only; units differ by modality
2,data/limb/subject02/Dynamic/subject2_limb_EMG.mat,Dynamic,39,ACC.Z electrode 6,float64,664634,0,0,False,-0.4719974491550754,0.9125631796189307,0.09188199681766358,0.3272335659456048,-0.09200689399748044,0.06038251484735871,0.9125631796189307,0,0,ok,extreme thresholds are audit flags only; units differ by modality
2,data/limb/subject02/Dynamic/subject2_limb_EMG.mat,Dynamic,40,GYRO.X electrode 6,float64,664634,0,0,False,-306.04205205317186,118.3884787664686,-0.7347441934698615,24.52269335698714,-1.0535401742075678,1.332093340853495,306.04205205317186,0,29870,ok,extreme thresholds are audit flags only; units differ by modality
2,data/limb/subject02/Dynamic/subject2_limb_EMG.mat,Dynamic,41,GYRO.Y electrode 6,float64,664634,0,0,False,-182.38979682945106,197.06642319618328,5.7606134811837535,11.615936611849794,6.186546351641837,2.7033881338710417,197.06642319618328,0,1573,ok,extreme thresholds are audit flags only; units differ by modality
2,data/limb/subject02/Dynamic/subject2_limb_EMG.mat,Dynamic,42,GYRO.Z electrode 6,float64,664634,0,0,False,-52.19009278217927,143.6061936823834,-0.8504525021363241,10.96018362392218,-1.0070952016674473,0.9703938819498233,143.6061936823834,0,14131,ok,extreme thresholds are audit flags only; units differ by modality
3,data/limb/subject03/StaticP1/subject3_limb_EMG.mat,StaticP1,1,EMG electrode 1,float64,75600,0,0,False,-0.000292561,0.000184466,-3.777695824074074e-07,1.962044988037411e-05,-1.67849e-07,5.706879e-06,0.000292561,0,37,ok,extreme thresholds are audit flags only; units differ by modality
3,data/limb/subject03/StaticP1/subject3_limb_EMG.mat,StaticP1,2,EMG electrode 2,float64,75600,0,0,False,-0.00149335,0.0016273,3.958132186851852e-06,0.00012454364578461317,2.85344e-06,2.534524e-05,0.0016273,0,172,ok,extreme thresholds are audit flags only; units differ by modality
3,data/limb/subject03/StaticP1/subject3_limb_EMG.mat,StaticP1,3,EMG electrode 3,float64,75600,0,0,False,-0.000424491,0.000848478,8.382314037949737e-06,4.379960240801884e-05,7.88891e-06,6.21042e-06,0.000848478,0,738,ok,extreme thresholds are audit flags only; units differ by modality
3,data/limb/subject03/StaticP1/subject3_limb_EMG.mat,StaticP1,4,EMG electrode 4,float64,75600,0,0,False,-0.000763378,0.000554406,-2.1388236237619045e-05,4.367101040404935e-05,-2.13169e-05,5.287249999999999e-06,0.000763378,0,1138,ok,extreme thresholds are audit flags only; units differ by modality
3,data/limb/subject03/StaticP1/subject3_limb_EMG.mat,StaticP1,5,EMG electrode 5,float64,75600,0,0,False,-0.000423484,0.000254124,-1.916534754818783e-05,2.562230369758975e-05,-1.8967e-05,5.3711e-06,0.000423484,0,152,ok,extreme thresholds are audit flags only; units differ by modality
3,data/limb/subject03/StaticP1/subject3_limb_EMG.mat,StaticP1,6,EMG electrode 6,float64,75600,0,0,False,-2.38346e-05,8.22461e-06,-8.024067356111111e-06,2.7285022949970788e-06,-8.22461e-06,1.6784900000000003e-06,2.38346e-05,0,0,ok,extreme thresholds are audit flags only; units differ by modality
3,data/limb/subject03/StaticP1/subject3_limb_EMG.mat,StaticP1,7,ACC.X electrode 1,float64,75600,0,0,False,-0.6611130402918506,0.5094125157343632,-0.21581340615769418,0.1222676586741529,-0.2570232847524899,0.041772490962934825,0.6611130402918506,0,0,ok,extreme thresholds are audit flags only; units differ by modality
3,data/limb/subject03/StaticP1/subject3_limb_EMG.mat,StaticP1,8,ACC.Y electrode 1,float64,75600,0,0,False,-1.3617677695959758,-0.08618672634568214,-0.7779478504366016,0.0968728518699107,-0.7600092518886857,0.035415698518586336,1.3617677695959758,0,0,ok,extreme thresholds are audit flags only; units differ by modality
3,data/limb/subject03/StaticP1/subject3_limb_EMG.mat,StaticP1,9,ACC.Z electrode 1,float64,75600,0,0,False,0.02330726254507502,0.6724908212677441,0.4915666032344947,0.13237756777720439,0.5303160267571219,0.039749560006566986,0.6724908212677441,0,0,ok,extreme thresholds are audit flags only; units differ by modality
3,data/limb/subject03/StaticP1/subject3_limb_EMG.mat,StaticP1,10,GYRO.X electrode 1,float64,75600,0,0,False,-124.54934972967952,136.36966530357736,-12.64377356455887,4.7857838484218576,-12.765815854339486,1.0909373487876524,136.36966530357736,0,382,ok,extreme thresholds are audit flags only; units differ by modality
3,data/limb/subject03/StaticP1/subject3_limb_EMG.mat,StaticP1,11,GYRO.Y electrode 1,float64,75600,0,0,False,-138.13130705330818,46.295899914588816,0.11349531863650554,4.750473325008884,0.1684066474743165,1.8205582071336937,138.13130705330818,0,12,ok,extreme thresholds are audit flags only; units differ by modality
3,data/limb/subject03/StaticP1/subject3_limb_EMG.mat,StaticP1,12,GYRO.Z electrode 1,float64,75600,0,0,False,-74.72656952900707,197.0640679015307,-1.6920259527079105,2.7315788332756723,-1.6854805507717292,0.8269224632049852,197.0640679015307,0,70,ok,extreme thresholds are audit flags only; units differ by modality
3,data/limb/subject03/StaticP1/subject3_limb_EMG.mat,StaticP1,13,ACC.X electrode 2,float64,75600,0,0,False,-0.7778756553150064,-0.02361514405970379,-0.5263626540684077,0.1353203964563826,-0.569864360540778,0.0416771200760101,0.7778756553150064,0,0,ok,extreme thresholds are audit flags only; units differ by modality
3,data/limb/subject03/StaticP1/subject3_limb_EMG.mat,StaticP1,14,ACC.Y electrode 2,float64,75600,0,0,False,-1.3995659880356455,-0.0873044476252101,-0.776763383039936,0.09911075297363883,-0.7426492098286439,0.01928393772578746,1.3995659880356455,0,3,ok,extreme thresholds are audit flags only; units differ by modality
3,data/limb/subject03/StaticP1/subject3_limb_EMG.mat,StaticP1,15,ACC.Z electrode 2,float64,75600,0,0,False,-0.5911595691008983,0.3101761394686311,-0.3668173193773119,0.15547429091805487,-0.4186305484811486,0.10304680011719342,0.5911595691008983,0,0,ok,extreme thresholds are audit flags only; units differ by modality
3,data/limb/subject03/StaticP1/subject3_limb_EMG.mat,StaticP1,16,GYRO.X electrode 2,float64,75600,0,0,False,-237.5942314072701,90.3356509953152,-10.131896673950745,3.741561208251125,-10.091956099711147,0.8819071174434931,237.5942314072701,0,322,ok,extreme thresholds are audit flags only; units differ by modality
3,data/limb/subject03/StaticP1/subject3_limb_EMG.mat,StaticP1,17,GYRO.Y electrode 2,float64,75600,0,0,False,-258.42928299033565,33.618819468812355,-2.885199722710989,4.60117459193231,-2.958573462997562,1.8397103058357174,258.42928299033565,0,1,ok,extreme thresholds are audit flags only; units differ by modality
3,data/limb/subject03/StaticP1/subject3_limb_EMG.mat,StaticP1,18,GYRO.Z electrode 2,float64,75600,0,0,False,-101.43615377730083,152.07567779388484,-3.5727655062846115,4.375332342544719,-3.6056106572777393,0.8292131508258018,152.07567779388484,0,439,ok,extreme thresholds are audit flags only; units differ by modality
3,data/limb/subject03/StaticP1/subject3_limb_EMG.mat,StaticP1,19,ACC.X electrode 3,float64,75600,0,0,False,-0.906092699966963,0.33172391084289626,0.12348302158514651,0.11457348942326455,0.17282969136938647,0.03602570329556383,0.906092699966963,0,1,ok,extreme thresholds are audit flags only; units differ by modality
3,data/limb/subject03/StaticP1/subject3_limb_EMG.mat,StaticP1,20,ACC.Y electrode 3,float64,75600,0,0,False,-1.0834781791086523,-0.0862857470842942,-0.7552184633821747,0.10479477444576622,-0.7240119764710035,0.027701235778957,1.0834781791086523,0,0,ok,extreme thresholds are audit flags only; units differ by modality
3,data/limb/subject03/StaticP1/subject3_limb_EMG.mat,StaticP1,21,ACC.Z electrode 3,float64,75600,0,0,False,-0.8441812844073798,-0.031587603639959924,-0.6703356868392474,0.16662720921008067,-0.741064295185448,0.025353945462468164,0.8441812844073798,0,0,ok,extreme thresholds are audit flags only; units differ by modality
3,data/limb/subject03/StaticP1/subject3_limb_EMG.mat,StaticP1,22,GYRO.X electrode 3,float64,75600,0,0,False,-135.39687341498382,140.68520680633569,16.602268341577773,5.014349364072097,16.66834380599482,0.9727201834796801,140.68520680633569,0,435,ok,extreme thresholds are audit flags only; units differ by modality
3,data/limb/subject03/StaticP1/subject3_limb_EMG.mat,StaticP1,23,GYRO.Y electrode 3,float64,75600,0,0,False,-155.34925521825625,31.575728147914454,2.735598401000427,3.244196144045931,2.6763793572080483,1.4117758152774318,155.34925521825625,0,1,ok,extreme thresholds are audit flags only; units differ by modality
3,data/limb/subject03/StaticP1/subject3_limb_EMG.mat,StaticP1,24,GYRO.Z electrode 3,float64,75600,0,0,False,-159.25857921097375,72.07417518593434,2.071670103159735,2.6115782214465257,2.0641493336032983,0.7460336661604778,159.25857921097375,0,78,ok,extreme thresholds are audit flags only; units differ by modality
3,data/limb/subject03/StaticP1/subject3_limb_EMG.mat,StaticP1,25,ACC.X electrode 4,float64,75600,0,0,False,0.02942293043016494,1.2759459416485985,0.6106730888586286,0.15352502425532621,0.6741841540446092,0.03199789610135689,1.2759459416485985,0,0,ok,extreme thresholds are audit flags only; units differ by modality
3,data/limb/subject03/StaticP1/subject3_limb_EMG.mat,StaticP1,26,ACC.Y electrode 4,float64,75600,0,0,False,-1.1770863223890502,-0.08595716715908178,-0.7198311814713637,0.12406681772522339,-0.6863026051702298,0.027814467981942204,1.1770863223890502,0,0,ok,extreme thresholds are audit flags only; units differ by modality
3,data/limb/subject03/StaticP1/subject3_limb_EMG.mat,StaticP1,27,ACC.Z electrode 4,float64,75600,0,0,False,-0.8493548022574481,0.37150570990393456,0.17673210541749698,0.11881282955103688,0.1967155961307393,0.07602942678849907,0.8493548022574481,0,0,ok,extreme thresholds are audit flags only; units differ by modality
3,data/limb/subject03/StaticP1/subject3_limb_EMG.mat,StaticP1,28,GYRO.X electrode 4,float64,75600,0,0,False,-76.96536412844699,204.81374076733366,3.3338499048965464,3.3158015546626287,3.346375391033261,0.9210239580174135,204.81374076733366,0,127,ok,extreme thresholds are audit flags only; units differ by modality
3,data/limb/subject03/StaticP1/subject3_limb_EMG.mat,StaticP1,29,GYRO.Y electrode 4,float64,75600,0,0,False,-246.02590346726936,67.29049853610601,6.745529817590517,5.105316960378564,6.648642949578006,1.8953980402538924,246.02590346726936,0,20,ok,extreme thresholds are audit flags only; units differ by modality
3,data/limb/subject03/StaticP1/subject3_limb_EMG.mat,StaticP1,30,GYRO.Z electrode 4,float64,75600,0,0,False,-84.60406182831424,101.82481153096933,3.375795274339512,4.545380698062273,3.4770020670323074,0.9563403654293738,101.82481153096933,0,439,ok,extreme thresholds are audit flags only; units differ by modality
3,data/limb/subject03/StaticP1/subject3_limb_EMG.mat,StaticP1,31,ACC.X electrode 5,float64,75600,0,0,False,-0.06841730154687392,0.5567837430764725,0.14379015659515407,0.025917526031607522,0.14218562913510147,0.015330034718578772,0.5567837430764725,0,0,ok,extreme thresholds are audit flags only; units differ by modality
3,data/limb/subject03/StaticP1/subject3_limb_EMG.mat,StaticP1,32,ACC.Y electrode 5,float64,75600,0,0,False,-1.1229427939812822,0.13679379337724373,-0.9821417069255627,0.062306979245782115,-0.985884197657362,0.004663857996115961,1.1229427939812822,0,311,ok,extreme thresholds are audit flags only; units differ by modality
3,data/limb/subject03/StaticP1/subject3_limb_EMG.mat,StaticP1,33,ACC.Z electrode 5,float64,75600,0,0,False,-0.2742434568266251,0.03957304340601553,-0.09067447668194124,0.02861422692356645,-0.08698531006904664,0.01900952675714524,0.2742434568266251,0,0,ok,extreme thresholds are audit flags only; units differ by modality
3,data/limb/subject03/StaticP1/subject3_limb_EMG.mat,StaticP1,34,GYRO.X electrode 5,float64,75600,0,0,False,-39.36241947564045,17.775869954730112,5.1524472876270915,2.594856889326901,5.26865354389688,0.7141218316599964,39.36241947564045,0,212,ok,extreme thresholds are audit flags only; units differ by modality
3,data/limb/subject03/StaticP1/subject3_limb_EMG.mat,StaticP1,35,GYRO.Y electrode 5,float64,75600,0,0,False,-65.38778523150474,52.61586230645023,5.576537940007239,3.9503086017526097,5.391585838520344,1.7220579820205644,65.38778523150474,0,1,ok,extreme thresholds are audit flags only; units differ by modality
3,data/limb/subject03/StaticP1/subject3_limb_EMG.mat,StaticP1,36,GYRO.Z electrode 5,float64,75600,0,0,False,-12.080982986461983,58.70738387657061,-1.947071845594799,1.5266411322780307,-1.9917441974547054,0.5928317007406023,58.70738387657061,0,56,ok,extreme thresholds are audit flags only; units differ by modality
3,data/limb/subject03/StaticP1/subject3_limb_EMG.mat,StaticP1,37,ACC.X electrode 6,float64,75600,0,0,False,-1.2804402109239514,0.14039543686607703,0.009533656930601497,0.04301495563916569,0.01379037999463541,0.03182394510211231,1.2804402109239514,0,1,ok,extreme thresholds are audit flags only; units differ by modality
3,data/limb/subject03/StaticP1/subject3_limb_EMG.mat,StaticP1,38,ACC.Y electrode 6,float64,75600,0,0,False,-1.2686963454700821,0.15619926168651713,-0.9507609609966523,0.060740321539403265,-0.9540336765333592,0.006631115776610019,1.2686963454700821,0,310,ok,extreme thresholds are audit flags only; units differ by modality
3,data/limb/subject03/StaticP1/subject3_limb_EMG.mat,StaticP1,39,ACC.Z electrode 6,float64,75600,0,0,False,-0.48909895103359524,0.05108876919018768,-0.3430950422692589,0.03254634585866366,-0.3458861889934151,0.01981343110348016,0.48909895103359524,0,0,ok,extreme thresholds are audit flags only; units differ by modality
3,data/limb/subject03/StaticP1/subject3_limb_EMG.mat,StaticP1,40,GYRO.X electrode 6,float64,75600,0,0,False,-17.208599665504295,57.86985051511827,-0.883737397664254,3.0660908996481577,-1.0162747500285585,0.8471466658267609,57.86985051511827,0,193,ok,extreme thresholds are audit flags only; units differ by modality
3,data/limb/subject03/StaticP1/subject3_limb_EMG.mat,StaticP1,41,GYRO.Y electrode 6,float64,75600,0,0,False,-30.85906471357733,54.802790807449696,6.137001815424918,3.431874173731321,6.00670743459442,1.3047818260381483,54.802790807449696,0,110,ok,extreme thresholds are audit flags only; units differ by modality
3,data/limb/subject03/StaticP1/subject3_limb_EMG.mat,StaticP1,42,GYRO.Z electrode 6,float64,75600,0,0,False,-11.24991607800341,23.343836123028744,-0.7794300773698815,1.5079229810993373,-0.791412682935723,0.675207319228835,23.343836123028744,0,1,ok,extreme thresholds are audit flags only; units differ by modality
3,data/limb/subject03/StaticP2/subject3_limb_EMG.mat,StaticP2,1,EMG electrode 1,float64,75600,0,0,False,-0.000370779,0.000218708,-3.511913001587302e-07,2.6036978345554373e-05,1.67849e-07,7.888918999999999e-06,0.000370779,0,30,ok,extreme thresholds are audit flags only; units differ by modality
3,data/limb/subject03/StaticP2/subject3_limb_EMG.mat,StaticP2,2,EMG electrode 2,float64,75600,0,0,False,-0.00156822,0.00173976,3.960453310343915e-06,0.00012267760899200016,2.85344e-06,2.803084e-05,0.00173976,0,85,ok,extreme thresholds are audit flags only; units differ by modality
3,data/limb/subject03/StaticP2/subject3_limb_EMG.mat,StaticP2,3,EMG electrode 3,float64,75600,0,0,False,-0.000396292,0.00068365,8.340692046613756e-06,3.89354402452682e-05,7.88891e-06,6.546089999999999e-06,0.00068365,0,363,ok,extreme thresholds are audit flags only; units differ by modality
3,data/limb/subject03/StaticP2/subject3_limb_EMG.mat,StaticP2,4,EMG electrode 4,float64,75600,0,0,False,-0.000534432,0.000562127,-2.1280203236679896e-05,4.723721460407439e-05,-2.09812e-05,6.713899999999997e-06,0.000562127,0,791,ok,extreme thresholds are audit flags only; units differ by modality
3,data/limb/subject03/StaticP2/subject3_limb_EMG.mat,StaticP2,5,EMG electrode 5,float64,75600,0,0,False,-0.000296925,0.000203265,-1.920165879752645e-05,2.524107324202087e-05,-1.86313e-05,5.7068999999999995e-06,0.000296925,0,63,ok,extreme thresholds are audit flags only; units differ by modality
3,data/limb/subject03/StaticP2/subject3_limb_EMG.mat,StaticP2,6,EMG electrode 6,float64,75600,0,0,False,-2.36667e-05,7.88891e-06,-8.070157001097884e-06,2.6438197506612298e-06,-8.22461e-06,1.6784900000000003e-06,2.36667e-05,0,0,ok,extreme thresholds are audit flags only; units differ by modality
3,data/limb/subject03/StaticP2/subject3_limb_EMG.mat,StaticP2,7,ACC.X electrode 1,float64,75600,0,0,False,-0.623954650311461,0.25397664746599935,-0.3875961181475045,0.2006555544658154,-0.4679790118677637,0.04076265211067562,0.623954650311461,0,0,ok,extreme thresholds are audit flags only; units differ by modality
3,data/limb/subject03/StaticP2/subject3_limb_EMG.mat,StaticP2,8,ACC.Y electrode 1,float64,75600,0,0,False,-1.0842868176901255,-0.03664779150728307,-0.4509236470935463,0.2554553253357249,-0.32541429807140765,0.048764747247498685,1.0842868176901255,0,0,ok,extreme thresholds are audit flags only; units differ by modality
3,data/limb/subject03/StaticP2/subject3_limb_EMG.mat,StaticP2,9,ACC.Z electrode 1,float64,75600,0,0,False,0.0694873528394027,0.8368461312094215,0.6460785670842173,0.20335921827568834,0.7388089847994475,0.022372258531636158,0.8368461312094215,0,1,ok,extreme thresholds are audit flags only; units differ by modality
3,data/limb/subject03/StaticP2/subject3_limb_EMG.mat,StaticP2,10,GYRO.X electrode 1,float64,75600,0,0,False,-40.08796177620734,8.997065794660383,-12.96348989304054,3.889027065985443,-12.999670358583888,1.4112913552333408,40.08796177620734,0,0,ok,extreme thresholds are audit flags only; units differ by modality
3,data/limb/subject03/StaticP2/subject3_limb_EMG.mat,StaticP2,11,GYRO.Y electrode 1,float64,75600,0,0,False,-43.917099366880215,87.56243536982241,0.13177398649730596,5.819011022491781,0.32895149492165926,2.2565455248529673,87.56243536982241,0,50,ok,extreme thresholds are audit flags only; units differ by modality
3,data/limb/subject03/StaticP2/subject3_limb_EMG.mat,StaticP2,12,GYRO.Z electrode 1,float64,75600,0,0,False,-31.956798353105075,13.48145374402302,-1.67410145138536,2.3975956089304917,-1.6715429148094878,1.041600568645828,31.956798353105075,0,0,ok,extreme thresholds are audit flags only; units differ by modality
3,data/limb/subject03/StaticP2/subject3_limb_EMG.mat,StaticP2,13,ACC.X electrode 2,float64,75600,0,0,False,-1.0157764367409863,-0.07044118937339917,-0.7074115512028776,0.2245975255871236,-0.7772288785028832,0.036627824876274084,1.0157764367409863,0,0,ok,extreme thresholds are audit flags only; units differ by modality
3,data/limb/subject03/StaticP2/subject3_limb_EMG.mat,StaticP2,14,ACC.Y electrode 2,float64,75600,0,0,False,-1.099842118038153,-0.03689796864970216,-0.4239847938583545,0.27399648338674515,-0.2850870417081053,0.044287317912455854,1.099842118038153,0,0,ok,extreme thresholds are audit flags only; units differ by modality
3,data/limb/subject03/StaticP2/subject3_limb_EMG.mat,StaticP2,15,ACC.Z electrode 2,float64,75600,0,0,False,-0.732903788892797,0.04620019086271182,-0.4855828099482002,0.2233028907498598,-0.607627835884851,0.08982073386283429,0.732903788892797,0,0,ok,extreme thresholds are audit flags only; units differ by modality
3,data/limb/subject03/StaticP2/subject3_limb_EMG.mat,StaticP2,16,GYRO.X electrode 2,float64,75600,0,0,False,-28.434425398643842,11.720787605017403,-10.059641568379885,2.3337029992156286,-10.025137654220181,0.9065256483272313,28.434425398643842,0,0,ok,extreme thresholds are audit flags only; units differ by modality
3,data/limb/subject03/StaticP2/subject3_limb_EMG.mat,StaticP2,17,GYRO.Y electrode 2,float64,75600,0,0,False,-62.186294301490854,70.66852922038237,-3.1481603992780367,6.05803165692644,-2.8879086935231486,1.9368504546787015,70.66852922038237,0,63,ok,extreme thresholds are audit flags only; units differ by modality
3,data/limb/subject03/StaticP2/subject3_limb_EMG.mat,StaticP2,18,GYRO.Z electrode 2,float64,75600,0,0,False,-29.28401279003363,18.493665652232576,-3.7792594310879286,3.0381036971749955,-3.7354725534850255,0.9017963131236764,29.28401279003363,0,0,ok,extreme thresholds are audit flags only; units differ by modality
3,data/limb/subject03/StaticP2/subject3_limb_EMG.mat,StaticP2,19,ACC.X electrode 3,float64,75600,0,0,False,-0.3514574594120639,0.4861919096346572,0.24571445601999012,0.17401869909107298,0.2974668275057525,0.03786965887160515,0.4861919096346572,0,0,ok,extreme thresholds are audit flags only; units differ by modality
3,data/limb/subject03/StaticP2/subject3_limb_EMG.mat,StaticP2,20,ACC.Y electrode 3,float64,75600,0,0,False,-1.0817771798850624,-0.034132032243401715,-0.37679720159579616,0.29379324436793564,-0.21939321799757633,0.035574901617352855,1.0817771798850624,0,0,ok,extreme thresholds are audit flags only; units differ by modality
3,data/limb/subject03/StaticP2/subject3_limb_EMG.mat,StaticP2,21,ACC.Z electrode 3,float64,75600,0,0,False,-1.047265729792102,-0.0883577597112457,-0.8591443467587244,0.25651874373103545,-0.9765722034805775,0.022084140721669254,1.047265729792102,0,449,ok,extreme thresholds are audit flags only; units differ by modality
3,data/limb/subject03/StaticP2/subject3_limb_EMG.mat,StaticP2,22,GYRO.X electrode 3,float64,75600,0,0,False,-3.5432151701087546,45.09429163287812,16.96454334287212,3.2487358948650953,16.92177950775794,0.9788235195936039,45.09429163287812,0,0,ok,extreme thresholds are audit flags only; units differ by modality
3,data/limb/subject03/StaticP2/subject3_limb_EMG.mat,StaticP2,23,GYRO.Y electrode 3,float64,75600,0,0,False,-36.195157834680415,93.71413219281321,2.7653093412260388,4.429398804775217,2.8388496909560965,1.368007213674566,93.71413219281321,0,67,ok,extreme thresholds are audit flags only; units differ by modality
3,data/limb/subject03/StaticP2/subject3_limb_EMG.mat,StaticP2,24,GYRO.Z electrode 3,float64,75600,0,0,False,-10.935441171235299,25.078154110017064,2.172295978891963,1.935756061083468,2.1657752833319295,0.8229688994289559,25.078154110017064,0,0,ok,extreme thresholds are audit flags only; units differ by modality
3,data/limb/subject03/StaticP2/subject3_limb_EMG.mat,StaticP2,25,ACC.X electrode 4,float64,75600,0,0,False,0.07848022641712558,1.0486847042014316,0.7893774134868834,0.24132532895381087,0.8962833076490817,0.027140638891678004,1.0486847042014316,0,1,ok,extreme thresholds are audit flags only; units differ by modality
3,data/limb/subject03/StaticP2/subject3_limb_EMG.mat,StaticP2,26,ACC.Y electrode 4,float64,75600,0,0,False,-1.0845167486395662,-0.03176464843144373,-0.3535898933011189,0.3050733773680305,-0.20657611725583455,0.058152978657476206,1.0845167486395662,0,0,ok,extreme thresholds are audit flags only; units differ by modality
3,data/limb/subject03/StaticP2/subject3_limb_EMG.mat,StaticP2,27,ACC.Z electrode 4,float64,75600,0,0,False,-0.1872946890062325,0.40788820967660055,0.22075464471815068,0.1346361077409351,0.2908018350970104,0.051225200454332265,0.40788820967660055,0,0,ok,extreme thresholds are audit flags only; units differ by modality
3,data/limb/subject03/StaticP2/subject3_limb_EMG.mat,StaticP2,28,GYRO.X electrode 4,float64,75600,0,0,False,-31.71839284207953,16.510659567371007,3.2525544166126625,2.716537453762342,3.2713895292660684,1.173477615414107,31.71839284207953,0,7,ok,extreme thresholds are audit flags only; units differ by modality
3,data/limb/subject03/StaticP2/subject3_limb_EMG.mat,StaticP2,29,GYRO.Y electrode 4,float64,75600,0,0,False,-51.11947306308699,90.27949059301461,6.520820097263652,6.30208688766379,6.820984104408714,1.9086711838953123,90.27949059301461,0,68,ok,extreme thresholds are audit flags only; units differ by modality
3,data/limb/subject03/StaticP2/subject3_limb_EMG.mat,StaticP2,30,GYRO.Z electrode 4,float64,75600,0,0,False,-17.570136791613084,32.01228849305922,3.668804933137073,3.2445733267062886,3.611126114265506,0.9571327650426502,32.01228849305922,0,2,ok,extreme thresholds are audit flags only; units differ by modality
3,data/limb/subject03/StaticP2/subject3_limb_EMG.mat,StaticP2,31,ACC.X electrode 5,float64,75600,0,0,False,-0.026773437831544004,0.3947405289548526,0.16114101387275936,0.0289787954091849,0.16083462865770487,0.019867121315821135,0.3947405289548526,0,0,ok,extreme thresholds are audit flags only; units differ by modality
3,data/limb/subject03/StaticP2/subject3_limb_EMG.mat,StaticP2,32,ACC.Y electrode 5,float64,75600,0,0,False,-1.2074419388175879,0.14681580160757846,-0.9751464061390523,0.05130164099708187,-0.977594288346501,0.006691560403561891,1.2074419388175879,0,205,ok,extreme thresholds are audit flags only; units differ by modality
3,data/limb/subject03/StaticP2/subject3_limb_EMG.mat,StaticP2,33,ACC.Z electrode 5,float64,75600,0,0,False,-0.2650442543175765,0.1007968598594142,-0.15987364207720312,0.06034056785117686,-0.1834958294212939,0.019698301606669993,0.2650442543175765,0,0,ok,extreme thresholds are audit flags only; units differ by modality
3,data/limb/subject03/StaticP2/subject3_limb_EMG.mat,StaticP2,34,GYRO.X electrode 5,float64,75600,0,0,False,-25.303473632339603,17.267713666818388,5.062390922500665,2.086040400055385,5.125662270650347,0.8046242459465653,25.303473632339603,0,24,ok,extreme thresholds are audit flags only; units differ by modality
3,data/limb/subject03/StaticP2/subject3_limb_EMG.mat,StaticP2,35,GYRO.Y electrode 5,float64,75600,0,0,False,-29.169858352109244,61.518934559560655,5.297387895389471,4.453301342608058,5.384358917707167,1.7802578974755152,61.518934559560655,0,30,ok,extreme thresholds are audit flags only; units differ by modality
3,data/limb/subject03/StaticP2/subject3_limb_EMG.mat,StaticP2,36,GYRO.Z electrode 5,float64,75600,0,0,False,-18.79906369115999,26.751802951922468,-2.0024874760971287,1.8039310864860967,-2.031248013339371,0.5768152016720827,26.751802951922468,0,24,ok,extreme thresholds are audit flags only; units differ by modality
3,data/limb/subject03/StaticP2/subject3_limb_EMG.mat,StaticP2,37,ACC.X electrode 6,float64,75600,0,0,False,-0.2909831352089359,0.09695696376480879,-7.09058695293823e-05,0.035028825967764736,0.00785570877689918,0.018344249917119686,0.2909831352089359,0,0,ok,extreme thresholds are audit flags only; units differ by modality
3,data/limb/subject03/StaticP2/subject3_limb_EMG.mat,StaticP2,38,ACC.Y electrode 6,float64,75600,0,0,False,-1.1220831310765227,0.13675951131051284,-0.9607746434317731,0.05098798880600607,-0.9654933574299941,0.008306586722855003,1.1220831310765227,0,201,ok,extreme thresholds are audit flags only; units differ by modality
3,data/limb/subject03/StaticP2/subject3_limb_EMG.mat,StaticP2,39,ACC.Z electrode 6,float64,75600,0,0,False,-0.5707224197219334,0.06973206021885531,-0.31103252232408274,0.039158935864982584,-0.29679886089567165,0.020861814842130205,0.5707224197219334,0,0,ok,extreme thresholds are audit flags only; units differ by modality
3,data/limb/subject03/StaticP2/subject3_limb_EMG.mat,StaticP2,40,GYRO.X electrode 6,float64,75600,0,0,False,-14.18019644543837,23.409440895239957,-1.0245766035095993,2.082692662714152,-1.027978805610119,0.7841730282875422,23.409440895239957,0,2,ok,extreme thresholds are audit flags only; units differ by modality
3,data/limb/subject03/StaticP2/subject3_limb_EMG.mat,StaticP2,41,GYRO.Y electrode 6,float64,75600,0,0,False,-24.523377872230263,58.04466590948238,6.050879697770662,3.7515533271232693,6.088084584060405,1.3168279343736806,58.04466590948238,0,112,ok,extreme thresholds are audit flags only; units differ by modality
3,data/limb/subject03/StaticP2/subject3_limb_EMG.mat,StaticP2,42,GYRO.Z electrode 6,float64,75600,0,0,False,-26.735423895942425,28.921851836965,-0.845817353872075,2.05619253079055,-0.8558195721786894,0.6818430957479282,28.921851836965,0,81,ok,extreme thresholds are audit flags only; units differ by modality
3,data/limb/subject03/StaticP3/subject3_limb_EMG.mat,StaticP3,1,EMG electrode 1,float64,75600,0,0,False,-0.000459403,0.000281483,-3.4296519974867724e-07,3.081731918101682e-05,3.35698e-07,1.0574498e-05,0.000459403,0,7,ok,extreme thresholds are audit flags only; units differ by modality
3,data/limb/subject03/StaticP3/subject3_limb_EMG.mat,StaticP3,2,EMG electrode 2,float64,75600,0,0,False,-0.00169125,0.00222518,3.931254228042328e-06,0.00015018746588271295,3.02129e-06,1.980619e-05,0.00222518,0,1032,ok,extreme thresholds are audit flags only; units differ by modality
3,data/limb/subject03/StaticP3/subject3_limb_EMG.mat,StaticP3,3,EMG electrode 3,float64,75600,0,0,False,-0.000499184,0.00055877,8.33838258792328e-06,4.0192421824182976e-05,7.88891e-06,4.69979e-06,0.00055877,0,1311,ok,extreme thresholds are audit flags only; units differ by modality
3,data/limb/subject03/StaticP3/subject3_limb_EMG.mat,StaticP3,4,EMG electrode 4,float64,75600,0,0,False,-0.000713527,0.000999542,-2.14160820747619e-05,5.003428477357795e-05,-2.13169e-05,5.8747e-06,0.000999542,0,1387,ok,extreme thresholds are audit flags only; units differ by modality
3,data/limb/subject03/StaticP3/subject3_limb_EMG.mat,StaticP3,5,EMG electrode 5,float64,75600,0,0,False,-0.000434897,0.000348623,-1.9231964859589943e-05,2.2248279538787064e-05,-1.82956e-05,5.706900000000001e-06,0.000434897,0,47,ok,extreme thresholds are audit flags only; units differ by modality
3,data/limb/subject03/StaticP3/subject3_limb_EMG.mat,StaticP3,6,EMG electrode 6,float64,75600,0,0,False,-2.63523e-05,7.21752e-06,-7.977688919007936e-06,2.576260090741446e-06,-7.88891e-06,1.6784900000000003e-06,2.63523e-05,0,0,ok,extreme thresholds are audit flags only; units differ by modality
3,data/limb/subject03/StaticP3/subject3_limb_EMG.mat,StaticP3,7,ACC.X electrode 1,float64,75600,0,0,False,-0.6746826216851489,0.30485403311722975,-0.3874704646349619,0.19878433482465444,-0.46999241219389243,0.044049420451697185,0.6746826216851489,0,0,ok,extreme thresholds are audit flags only; units differ by modality
3,data/limb/subject03/StaticP3/subject3_limb_EMG.mat,StaticP3,8,ACC.Y electrode 1,float64,75600,0,0,False,-1.2332494409084507,0.4521532095550058,0.02690537036620759,0.489448189850326,0.2517706383577084,0.04432650633803553,1.2332494409084507,0,159,ok,extreme thresholds are audit flags only; units differ by modality
3,data/limb/subject03/StaticP3/subject3_limb_EMG.mat,StaticP3,9,ACC.Z electrode 1,float64,75600,0,0,False,0.07114012864583405,0.9509865374130761,0.6670590253622763,0.2087465370885231,0.7576778759152843,0.019108461737712357,0.9509865374130761,0,829,ok,extreme thresholds are audit flags only; units differ by modality
3,data/limb/subject03/StaticP3/subject3_limb_EMG.mat,StaticP3,10,GYRO.X electrode 1,float64,75600,0,0,False,-53.89161098111806,145.38551273346786,-12.132555048821592,9.611248741134178,-12.813517928862417,1.4852127570015012,145.38551273346786,0,495,ok,extreme thresholds are audit flags only; units differ by modality
3,data/limb/subject03/StaticP3/subject3_limb_EMG.mat,StaticP3,11,GYRO.Y electrode 1,float64,75600,0,0,False,-132.05876895810164,128.03643080912835,0.7206409314196988,9.502010475092247,0.17942826487179658,1.9352962621706895,132.05876895810164,0,436,ok,extreme thresholds are audit flags only; units differ by modality
3,data/limb/subject03/StaticP3/subject3_limb_EMG.mat,StaticP3,12,GYRO.Z electrode 1,float64,75600,0,0,False,-38.89348335470426,84.30662236678289,-1.6159373225101834,5.745314984874917,-1.7689486643806376,1.0662721605932302,84.30662236678289,0,424,ok,extreme thresholds are audit flags only; units differ by modality
3,data/limb/subject03/StaticP3/subject3_limb_EMG.mat,StaticP3,13,ACC.X electrode 2,float64,75600,0,0,False,-1.0250133585016858,-0.017844245401006747,-0.733368262191647,0.22939550030036554,-0.8116058306054901,0.029814115246811324,1.0250133585016858,0,0,ok,extreme thresholds are audit flags only; units differ by modality
3,data/limb/subject03/StaticP3/subject3_limb_EMG.mat,StaticP3,14,ACC.Y electrode 2,float64,75600,0,0,False,-1.2371395317037324,0.49294890403599456,0.10225601901777684,0.5340756343288497,0.36604063951279253,0.05827024159278238,1.2371395317037324,0,0,ok,extreme thresholds are audit flags only; units differ by modality
3,data/limb/subject03/StaticP3/subject3_limb_EMG.mat,StaticP3,15,ACC.Z electrode 2,float64,75600,0,0,False,-0.7063545130631093,0.04807904445961349,-0.39928830969990764,0.17386638452458164,-0.499200642619392,0.06123528719815874,0.7063545130631093,0,0,ok,extreme thresholds are audit flags only; units differ by modality
3,data/limb/subject03/StaticP3/subject3_limb_EMG.mat,StaticP3,16,GYRO.X electrode 2,float64,75600,0,0,False,-107.3787277390683,19.647314103747597,-10.279804766262407,6.734367550988034,-10.005135907110535,1.1545085420911834,107.3787277390683,0,403,ok,extreme thresholds are audit flags only; units differ by modality
3,data/limb/subject03/StaticP3/subject3_limb_EMG.mat,StaticP3,17,GYRO.Y electrode 2,float64,75600,0,0,False,-136.67069414439678,112.14842715221498,-2.6360458303727516,10.067152529283131,-2.783013520577746,2.1250113025569473,136.67069414439678,0,404,ok,extreme thresholds are audit flags only; units differ by modality
3,data/limb/subject03/StaticP3/subject3_limb_EMG.mat,StaticP3,18,GYRO.Z electrode 2,float64,75600,0,0,False,-32.671280023924,152.53995254747318,-3.0328289703776807,9.029806166482595,-3.6154170210669605,0.9226613486982778,152.53995254747318,0,604,ok,extreme thresholds are audit flags only; units differ by modality
3,data/limb/subject03/StaticP3/subject3_limb_EMG.mat,StaticP3,19,ACC.X electrode 3,float64,75600,0,0,False,-0.39772849842822555,0.4592929045178789,0.20797920171689097,0.15309776676812847,0.2539572393358798,0.024459791591800617,0.4592929045178789,0,0,ok,extreme thresholds are audit flags only; units differ by modality
3,data/limb/subject03/StaticP3/subject3_limb_EMG.mat,StaticP3,20,ACC.Y electrode 3,float64,75600,0,0,False,-1.2212244886937915,0.5814460605045844,0.1930407040536616,0.5732984590545989,0.46922441892644545,0.04611805446811018,1.2212244886937915,0,14454,ok,extreme thresholds are audit flags only; units differ by modality
3,data/limb/subject03/StaticP3/subject3_limb_EMG.mat,StaticP3,21,ACC.Z electrode 3,float64,75600,0,0,False,-1.0646760642873008,-0.08629882274424483,-0.8015576685000797,0.2182213765930859,-0.9028469403962576,0.01836524955329294,1.0646760642873008,0,3741,ok,extreme thresholds are audit flags only; units differ by modality
3,data/limb/subject03/StaticP3/subject3_limb_EMG.mat,StaticP3,22,GYRO.X electrode 3,float64,75600,0,0,False,-164.02749870148654,48.59747310607843,16.233130149235006,11.23710403486764,16.932795791405752,1.117749192066693,164.02749870148654,0,542,ok,extreme thresholds are audit flags only; units differ by modality
3,data/limb/subject03/StaticP3/subject3_limb_EMG.mat,StaticP3,23,GYRO.Y electrode 3,float64,75600,0,0,False,-119.66176619620626,115.30764856527341,3.150961982238546,8.776863443738538,2.758994945086452,1.4299151006541162,119.66176619620626,0,628,ok,extreme thresholds are audit flags only; units differ by modality
3,data/limb/subject03/StaticP3/subject3_limb_EMG.mat,StaticP3,24,GYRO.Z electrode 3,float64,75600,0,0,False,-52.958748286838514,43.93379301205208,2.227451175061454,4.266752657938934,2.2340649854792565,1.0059698336420073,52.958748286838514,0,330,ok,extreme thresholds are audit flags only; units differ by modality
3,data/limb/subject03/StaticP3/subject3_limb_EMG.mat,StaticP3,25,ACC.X electrode 4,float64,75600,0,0,False,0.06010751265302501,1.02048913572121,0.7396668905025566,0.21058253341851046,0.8257432641540984,0.025903947120446802,1.02048913572121,0,0,ok,extreme thresholds are audit flags only; units differ by modality
3,data/limb/subject03/StaticP3/subject3_limb_EMG.mat,StaticP3,26,ACC.Y electrode 4,float64,75600,0,0,False,-1.2441702927450136,0.5864133090196099,0.17264906193815918,0.5635205769069372,0.4404796781092014,0.062318877547890505,1.2441702927450136,0,0,ok,extreme thresholds are audit flags only; units differ by modality
3,data/limb/subject03/StaticP3/subject3_limb_EMG.mat,StaticP3,27,ACC.Z electrode 4,float64,75600,0,0,False,-0.24363064012665062,0.3111597303355447,0.1530055567964195,0.08963732662088263,0.18581895643432433,0.033018909790548306,0.3111597303355447,0,0,ok,extreme thresholds are audit flags only; units differ by modality
3,data/limb/subject03/StaticP3/subject3_limb_EMG.mat,StaticP3,28,GYRO.X electrode 4,float64,75600,0,0,False,-47.6235970618652,75.75304041571678,3.3663660981279038,4.985744142054583,3.3135116149713566,1.302396425530333,75.75304041571678,0,266,ok,extreme thresholds are audit flags only; units differ by modality
3,data/limb/subject03/StaticP3/subject3_limb_EMG.mat,StaticP3,29,GYRO.Y electrode 4,float64,75600,0,0,False,-126.91435820659993,138.3539512884796,6.856363985207047,9.730780022492471,6.68834537444795,1.7779181618557232,138.3539512884796,0,544,ok,extreme thresholds are audit flags only; units differ by modality
3,data/limb/subject03/StaticP3/subject3_limb_EMG.mat,StaticP3,30,GYRO.Z electrode 4,float64,75600,0,0,False,-167.02502526167663,38.832591150458676,2.8045504021263215,10.94648970858987,3.549908807150599,1.0608997267204683,167.02502526167663,0,571,ok,extreme thresholds are audit flags only; units differ by modality
3,data/limb/subject03/StaticP3/subject3_limb_EMG.mat,StaticP3,31,ACC.X electrode 5,float64,75600,0,0,False,-0.0772003222659333,0.5912176325258685,0.28619425627726464,0.0848767793327202,0.3053901369972801,0.04055310943596946,0.5912176325258685,0,0,ok,extreme thresholds are audit flags only; units differ by modality
3,data/limb/subject03/StaticP3/subject3_limb_EMG.mat,StaticP3,32,ACC.Y electrode 5,float64,75600,0,0,False,-1.3219088394546983,0.13673989929585195,-0.936492143363651,0.058531474100915054,-0.9363671515994321,0.01582754737807418,1.3219088394546983,0,191,ok,extreme thresholds are audit flags only; units differ by modality
3,data/limb/subject03/StaticP3/subject3_limb_EMG.mat,StaticP3,33,ACC.Z electrode 5,float64,75600,0,0,False,-0.37005887429934575,0.054278682660994663,-0.1887436137526978,0.08262433804159704,-0.20619367873483943,0.04196810713918861,0.37005887429934575,0,0,ok,extreme thresholds are audit flags only; units differ by modality
3,data/limb/subject03/StaticP3/subject3_limb_EMG.mat,StaticP3,34,GYRO.X electrode 5,float64,75600,0,0,False,-68.22763708254936,31.287059226560824,5.117926113769456,5.372025500980299,5.410464341625541,1.1069813410937273,68.22763708254936,0,470,ok,extreme thresholds are audit flags only; units differ by modality
3,data/limb/subject03/StaticP3/subject3_limb_EMG.mat,StaticP3,35,GYRO.Y electrode 5,float64,75600,0,0,False,-66.92773747638991,112.98502660257768,6.411798501592039,9.259341967110045,5.53232332999716,1.4657947910964464,112.98502660257768,0,852,ok,extreme thresholds are audit flags only; units differ by modality
3,data/limb/subject03/StaticP3/subject3_limb_EMG.mat,StaticP3,36,GYRO.Z electrode 5,float64,75600,0,0,False,-25.02832270730776,35.20657872684468,-2.149618222723117,2.9768102064751236,-2.05973805714111,0.9541688182001437,35.20657872684468,0,16,ok,extreme thresholds are audit flags only; units differ by modality
3,data/limb/subject03/StaticP3/subject3_limb_EMG.mat,StaticP3,37,ACC.X electrode 6,float64,75600,0,0,False,-0.4871436359563204,0.17443331781486626,-0.022605945745803213,0.032733749212676806,-0.018541945845236163,0.011702582396351947,0.4871436359563204,0,72,ok,extreme thresholds are audit flags only; units differ by modality
3,data/limb/subject03/StaticP3/subject3_limb_EMG.mat,StaticP3,38,ACC.Y electrode 6,float64,75600,0,0,False,-1.293428395113361,0.13573426659418497,-0.9271985902208291,0.0522496269183256,-0.92747338070434,0.014930659793273793,1.293428395113361,0,191,ok,extreme thresholds are audit flags only; units differ by modality
3,data/limb/subject03/StaticP3/subject3_limb_EMG.mat,StaticP3,39,ACC.Z electrode 6,float64,75600,0,0,False,-0.5021384794203847,0.048709665700057136,-0.41881362210542655,0.052343047226194504,-0.42475929701137294,0.03894538603063921,0.5021384794203847,0,0,ok,extreme thresholds are audit flags only; units differ by modality
3,data/limb/subject03/StaticP3/subject3_limb_EMG.mat,StaticP3,40,GYRO.X electrode 6,float64,75600,0,0,False,-30.747754303122445,38.038470673015226,-1.1533492462403678,3.521218877538207,-1.0731640694448246,0.7614061817730443,38.038470673015226,0,378,ok,extreme thresholds are audit flags only; units differ by modality
3,data/limb/subject03/StaticP3/subject3_limb_EMG.mat,StaticP3,41,GYRO.Y electrode 6,float64,75600,0,0,False,-67.92879679386986,113.20333648630607,6.824376856029884,7.29178797403113,6.223695842508656,1.538846056571832,113.20333648630607,0,532,ok,extreme thresholds are audit flags only; units differ by modality
3,data/limb/subject03/StaticP3/subject3_limb_EMG.mat,StaticP3,42,GYRO.Z electrode 6,float64,75600,0,0,False,-20.76342553000595,29.081637991642623,-0.6400297130367537,2.9084587705867517,-0.8266800999224099,0.7484326374439032,29.081637991642623,0,170,ok,extreme thresholds are audit flags only; units differ by modality
3,data/limb/subject03/StaticP4/subject3_limb_EMG.mat,StaticP4,1,EMG electrode 1,float64,75600,0,0,False,-0.000268727,0.000224079,-3.587156063227513e-07,1.3616835591921994e-05,-1.67849e-07,5.203329e-06,0.000268727,0,18,ok,extreme thresholds are audit flags only; units differ by modality
3,data/limb/subject03/StaticP4/subject3_limb_EMG.mat,StaticP4,2,EMG electrode 2,float64,75600,0,0,False,-0.000960769,0.00192741,3.964735306388889e-06,0.00011972160990934353,2.18204e-06,2.702376e-05,0.00192741,0,108,ok,extreme thresholds are audit flags only; units differ by modality
3,data/limb/subject03/StaticP4/subject3_limb_EMG.mat,StaticP4,3,EMG electrode 3,float64,75600,0,0,False,-0.00039411,0.000645045,8.404032174378307e-06,4.7317019529570704e-05,7.88891e-06,7.38539e-06,0.000645045,0,553,ok,extreme thresholds are audit flags only; units differ by modality
3,data/limb/subject03/StaticP4/subject3_limb_EMG.mat,StaticP4,4,EMG electrode 4,float64,75600,0,0,False,-0.000513115,0.00057052,-2.141015365846561e-05,3.2956097090508214e-05,-2.14847e-05,5.2033000000000015e-06,0.00057052,0,576,ok,extreme thresholds are audit flags only; units differ by modality
3,data/limb/subject03/StaticP4/subject3_limb_EMG.mat,StaticP4,5,EMG electrode 5,float64,75600,0,0,False,-0.000238849,0.000186481,-1.9208247325105823e-05,1.0182655625622714e-05,-1.93027e-05,1.678500000000001e-06,0.000238849,0,507,ok,extreme thresholds are audit flags only; units differ by modality
3,data/limb/subject03/StaticP4/subject3_limb_EMG.mat,StaticP4,6,EMG electrode 6,float64,75600,0,0,False,-9.41634e-05,3.92767e-05,-8.023403592777777e-06,2.970678914959163e-06,-8.05676e-06,1.6784899999999994e-06,9.41634e-05,0,6,ok,extreme thresholds are audit flags only; units differ by modality
3,data/limb/subject03/StaticP4/subject3_limb_EMG.mat,StaticP4,7,ACC.X electrode 1,float64,75600,0,0,False,-0.3267420564772564,0.24687883514259581,0.028370412226453087,0.03627719094281767,0.031128812520212067,0.02199971039140398,0.3267420564772564,0,0,ok,extreme thresholds are audit flags only; units differ by modality
3,data/limb/subject03/StaticP4/subject3_limb_EMG.mat,StaticP4,8,ACC.Y electrode 1,float64,75600,0,0,False,-1.0928237045353622,-0.08589939562474871,-0.957176408072944,0.02198116862930622,-0.9625714959453149,0.012611736377678262,1.0928237045353622,0,3,ok,extreme thresholds are audit flags only; units differ by modality
3,data/limb/subject03/StaticP4/subject3_limb_EMG.mat,StaticP4,9,ACC.Z electrode 1,float64,75600,0,0,False,0.01957456752304647,0.3857642315076962,0.2165867948843016,0.05985073224858359,0.2026812972865738,0.0450205248905432,0.3857642315076962,0,0,ok,extreme thresholds are audit flags only; units differ by modality
3,data/limb/subject03/StaticP4/subject3_limb_EMG.mat,StaticP4,10,GYRO.X electrode 1,float64,75600,0,0,False,-36.482743427890306,10.330922129179392,-12.889572382297565,3.123054981146466,-12.881815313991762,1.0201643337204445,36.482743427890306,0,0,ok,extreme thresholds are audit flags only; units differ by modality
3,data/limb/subject03/StaticP4/subject3_limb_EMG.mat,StaticP4,11,GYRO.Y electrode 1,float64,75600,0,0,False,-47.9232590439854,68.86527537843222,0.051581319296969054,5.19791933728471,-0.018051826803316358,1.7747433141085076,68.86527537843222,0,3,ok,extreme thresholds are audit flags only; units differ by modality
3,data/limb/subject03/StaticP4/subject3_limb_EMG.mat,StaticP4,12,GYRO.Z electrode 1,float64,75600,0,0,False,-20.683472773173882,6.1332957143201625,-1.6301768808247958,1.9512051512383766,-1.6282581152620677,0.6642841059872968,20.683472773173882,0,0,ok,extreme thresholds are audit flags only; units differ by modality
3,data/limb/subject03/StaticP4/subject3_limb_EMG.mat,StaticP4,13,ACC.X electrode 2,float64,75600,0,0,False,-0.43025172266241596,-0.0205216021196202,-0.3031980594903081,0.027223980882531678,-0.30183855595231757,0.01624531523005493,0.43025172266241596,0,0,ok,extreme thresholds are audit flags only; units differ by modality
3,data/limb/subject03/StaticP4/subject3_limb_EMG.mat,StaticP4,14,ACC.Y electrode 2,float64,75600,0,0,False,-1.1067561832031976,-0.08756805867440481,-0.9554422353000207,0.01236073854561863,-0.9558991717274483,0.0056947154128486055,1.1067561832031976,0,3,ok,extreme thresholds are audit flags only; units differ by modality
3,data/limb/subject03/StaticP4/subject3_limb_EMG.mat,StaticP4,15,ACC.Z electrode 2,float64,75600,0,0,False,-0.14267395756791118,0.03617811036456511,-0.059230196375513855,0.029148158747418225,-0.05333429330804559,0.01889610136214967,0.14267395756791118,0,0,ok,extreme thresholds are audit flags only; units differ by modality
3,data/limb/subject03/StaticP4/subject3_limb_EMG.mat,StaticP4,16,GYRO.X electrode 2,float64,75600,0,0,False,-18.885603202641164,12.794109033964633,-10.174009406515252,2.425129277761569,-10.133679538728448,0.8241099786670896,18.885603202641164,0,0,ok,extreme thresholds are audit flags only; units differ by modality
3,data/limb/subject03/StaticP4/subject3_limb_EMG.mat,StaticP4,17,GYRO.Y electrode 2,float64,75600,0,0,False,-29.960666979851013,56.905472272031766,-2.839295355788233,6.089359568520924,-3.162067367206517,2.063768689512647,56.905472272031766,0,0,ok,extreme thresholds are audit flags only; units differ by modality
3,data/limb/subject03/StaticP4/subject3_limb_EMG.mat,StaticP4,18,GYRO.Z electrode 2,float64,75600,0,0,False,-25.70012529054428,17.588147575719685,-3.65507904279872,2.8222271440293856,-3.6664709016432857,0.8206063609159928,25.70012529054428,0,0,ok,extreme thresholds are audit flags only; units differ by modality
3,data/limb/subject03/StaticP4/subject3_limb_EMG.mat,StaticP4,19,ACC.X electrode 3,float64,75600,0,0,False,-0.33056917326061824,0.14343071677214453,-0.1101659637933956,0.03904213963453331,-0.11720201503894495,0.021944518440120388,0.33056917326061824,0,0,ok,extreme thresholds are audit flags only; units differ by modality
3,data/limb/subject03/StaticP4/subject3_limb_EMG.mat,StaticP4,20,ACC.Y electrode 3,float64,75600,0,0,False,-1.1000993533631482,-0.08678153056275649,-0.9469581229423397,0.013808517045757104,-0.9480040096971525,0.006740118172919973,1.1000993533631482,0,3,ok,extreme thresholds are audit flags only; units differ by modality
3,data/limb/subject03/StaticP4/subject3_limb_EMG.mat,StaticP4,21,ACC.Z electrode 3,float64,75600,0,0,False,-0.4668887917979042,-0.029536743670207408,-0.35807334933802953,0.027723499326202074,-0.3520126657316071,0.01512504421968569,0.4668887917979042,0,0,ok,extreme thresholds are audit flags only; units differ by modality
3,data/limb/subject03/StaticP4/subject3_limb_EMG.mat,StaticP4,22,GYRO.X electrode 3,float64,75600,0,0,False,-1.711748589236764,49.247769340537324,16.760395912642444,3.118869680000425,16.84315813899295,1.0578590150856186,49.247769340537324,0,15,ok,extreme thresholds are audit flags only; units differ by modality
3,data/limb/subject03/StaticP4/subject3_limb_EMG.mat,StaticP4,23,GYRO.Y electrode 3,float64,75600,0,0,False,-54.71665502251936,68.80253657239683,2.7977689397893077,4.427042921006918,2.78840481679675,1.2769414427892536,68.80253657239683,0,59,ok,extreme thresholds are audit flags only; units differ by modality
3,data/limb/subject03/StaticP4/subject3_limb_EMG.mat,StaticP4,24,GYRO.Z electrode 3,float64,75600,0,0,False,-6.246729754052246,19.71590129896419,1.9450003967170393,1.9514242826930013,2.000042808946329,0.6409244587839694,19.71590129896419,0,0,ok,extreme thresholds are audit flags only; units differ by modality
3,data/limb/subject03/StaticP4/subject3_limb_EMG.mat,StaticP4,25,ACC.X electrode 4,float64,75600,0,0,False,0.025578608871682566,0.5399004726988456,0.3382677797368563,0.031007549911269167,0.33667246238161375,0.019705820872623986,0.5399004726988456,0,0,ok,extreme thresholds are audit flags only; units differ by modality
3,data/limb/subject03/StaticP4/subject3_limb_EMG.mat,StaticP4,26,ACC.Y electrode 4,float64,75600,0,0,False,-1.0942020581919183,-0.08576431132871606,-0.9443570793032335,0.01496383645344856,-0.9454598836085799,0.007746914783821279,1.0942020581919183,0,3,ok,extreme thresholds are audit flags only; units differ by modality
3,data/limb/subject03/StaticP4/subject3_limb_EMG.mat,StaticP4,27,ACC.Z electrode 4,float64,75600,0,0,False,-0.18196210646020183,0.06809227434169557,-0.04137091150562855,0.03164306876746036,-0.03806510581885417,0.023498270204587016,0.18196210646020183,0,0,ok,extreme thresholds are audit flags only; units differ by modality
3,data/limb/subject03/StaticP4/subject3_limb_EMG.mat,StaticP4,28,GYRO.X electrode 4,float64,75600,0,0,False,-18.316575239312833,14.31425104322739,3.373580525005827,2.308216574298609,3.371530868467283,0.868885437656933,18.316575239312833,0,0,ok,extreme thresholds are audit flags only; units differ by modality
3,data/limb/subject03/StaticP4/subject3_limb_EMG.mat,StaticP4,29,GYRO.Y electrode 4,float64,75600,0,0,False,-30.169498149167172,73.2601488248569,6.595561377420621,5.04968747228336,6.5311666976061735,1.4667805667020577,73.2601488248569,0,95,ok,extreme thresholds are audit flags only; units differ by modality
3,data/limb/subject03/StaticP4/subject3_limb_EMG.mat,StaticP4,30,GYRO.Z electrode 4,float64,75600,0,0,False,-18.671695441177004,26.247206197972396,3.5193060299525256,2.9912980583405107,3.5763907839702203,0.984836450131154,26.247206197972396,0,0,ok,extreme thresholds are audit flags only; units differ by modality
3,data/limb/subject03/StaticP4/subject3_limb_EMG.mat,StaticP4,31,ACC.X electrode 5,float64,75600,0,0,False,-0.3296074689562407,0.7350273961501451,0.1390796600465334,0.042617883567298134,0.13143639957517986,0.01923662772787705,0.7350273961501451,0,2,ok,extreme thresholds are audit flags only; units differ by modality
3,data/limb/subject03/StaticP4/subject3_limb_EMG.mat,StaticP4,32,ACC.Y electrode 5,float64,75600,0,0,False,-1.1193119067150958,0.13675016674349547,-0.980978284019802,0.07183615403577218,-0.9870265991071646,0.00467267036381952,1.1193119067150958,0,407,ok,extreme thresholds are audit flags only; units differ by modality
3,data/limb/subject03/StaticP4/subject3_limb_EMG.mat,StaticP4,33,ACC.Z electrode 5,float64,75600,0,0,False,-0.13970338261360135,0.05111803054064275,-0.04478142486658079,0.014909019181025317,-0.04522156849113437,0.007859870644905842,0.13970338261360135,0,0,ok,extreme thresholds are audit flags only; units differ by modality
3,data/limb/subject03/StaticP4/subject3_limb_EMG.mat,StaticP4,34,GYRO.X electrode 5,float64,75600,0,0,False,-6.751888517834087,20.336228712764004,5.149505404095807,1.8130580657082709,5.101427274158759,0.676591471381339,20.336228712764004,0,0,ok,extreme thresholds are audit flags only; units differ by modality
3,data/limb/subject03/StaticP4/subject3_limb_EMG.mat,StaticP4,35,GYRO.Y electrode 5,float64,75600,0,0,False,-45.18963935449718,112.88160046455106,5.334324604774449,5.06978655637088,5.326083217822266,1.5785410106858704,112.88160046455106,0,48,ok,extreme thresholds are audit flags only; units differ by modality
3,data/limb/subject03/StaticP4/subject3_limb_EMG.mat,StaticP4,36,GYRO.Z electrode 5,float64,75600,0,0,False,-21.024767778385296,6.89775219923275,-2.041196069610845,1.6597654856123725,-2.0688015286441774,0.5778625692773053,21.024767778385296,0,80,ok,extreme thresholds are audit flags only; units differ by modality
3,data/limb/subject03/StaticP4/subject3_limb_EMG.mat,StaticP4,37,ACC.X electrode 6,float64,75600,0,0,False,-0.24459661801531493,0.14054208905311522,-0.06575942227261417,0.0322791848367849,-0.06399172726442899,0.015594487289202194,0.24459661801531493,0,0,ok,extreme thresholds are audit flags only; units differ by modality
3,data/limb/subject03/StaticP4/subject3_limb_EMG.mat,StaticP4,38,ACC.Y electrode 6,float64,75600,0,0,False,-1.069851444850816,0.13022999283049383,-0.9407711214194465,0.06930111841308237,-0.9456568796346545,0.0057642413118370595,1.069851444850816,0,407,ok,extreme thresholds are audit flags only; units differ by modality
3,data/limb/subject03/StaticP4/subject3_limb_EMG.mat,StaticP4,39,ACC.Z electrode 6,float64,75600,0,0,False,-0.4763826314350787,0.05728596477944159,-0.3688019322518421,0.03376582555189266,-0.3744932011547842,0.011965776079304047,0.4763826314350787,0,364,ok,extreme thresholds are audit flags only; units differ by modality
3,data/limb/subject03/StaticP4/subject3_limb_EMG.mat,StaticP4,40,GYRO.X electrode 6,float64,75600,0,0,False,-24.164607052295786,26.0467963800588,-1.0218374838319866,2.623035841874953,-0.9585576139502066,0.9297902481727982,26.0467963800588,0,0,ok,extreme thresholds are audit flags only; units differ by modality
3,data/limb/subject03/StaticP4/subject3_limb_EMG.mat,StaticP4,41,GYRO.Y electrode 6,float64,75600,0,0,False,-41.45139003266032,54.50628317619767,5.890976079070458,4.772803729253148,6.02185655631423,1.3518622762630126,54.50628317619767,0,46,ok,extreme thresholds are audit flags only; units differ by modality
3,data/limb/subject03/StaticP4/subject3_limb_EMG.mat,StaticP4,42,GYRO.Z electrode 6,float64,75600,0,0,False,-27.040824309050908,16.85933483580431,-0.845878766091825,2.2303208831290418,-0.8038162074214539,0.8183474020866903,27.040824309050908,0,16,ok,extreme thresholds are audit flags only; units differ by modality
3,data/limb/subject03/StaticP9/subject3_limb_EMG.mat,StaticP9,1,EMG electrode 1,float64,75600,0,0,False,-0.000336873,0.000203601,-3.735511838492063e-07,1.4139709530591871e-05,-3.35698e-07,5.3711719999999996e-06,0.000336873,0,15,ok,extreme thresholds are audit flags only; units differ by modality
3,data/limb/subject03/StaticP9/subject3_limb_EMG.mat,StaticP9,2,EMG electrode 2,float64,75600,0,0,False,-0.0013057,0.00191801,3.931878057473545e-06,0.00013050844996126065,2.51774e-06,3.1052139999999996e-05,0.00191801,0,67,ok,extreme thresholds are audit flags only; units differ by modality
3,data/limb/subject03/StaticP9/subject3_limb_EMG.mat,StaticP9,3,EMG electrode 3,float64,75600,0,0,False,-0.000463264,0.00106064,8.367603171944445e-06,4.977546290960471e-05,7.88891e-06,7.553212e-06,0.00106064,0,633,ok,extreme thresholds are audit flags only; units differ by modality
3,data/limb/subject03/StaticP9/subject3_limb_EMG.mat,StaticP9,4,EMG electrode 4,float64,75600,0,0,False,-0.00102002,0.000668544,-2.1333085353333333e-05,3.412745441986866e-05,-2.13169e-05,5.3711e-06,0.00102002,0,547,ok,extreme thresholds are audit flags only; units differ by modality
3,data/limb/subject03/StaticP9/subject3_limb_EMG.mat,StaticP9,5,EMG electrode 5,float64,75600,0,0,False,-0.000243885,0.000159121,-1.925012834308201e-05,2.1881451239746428e-05,-1.91348e-05,6.546099999999998e-06,0.000243885,0,8,ok,extreme thresholds are audit flags only; units differ by modality
3,data/limb/subject03/StaticP9/subject3_limb_EMG.mat,StaticP9,6,EMG electrode 6,float64,75600,0,0,False,-6.24399e-05,3.94446e-05,-8.033783371362434e-06,4.715011964138815e-06,-7.88891e-06,2.517789999999999e-06,6.24399e-05,0,0,ok,extreme thresholds are audit flags only; units differ by modality
3,data/limb/subject03/StaticP9/subject3_limb_EMG.mat,StaticP9,7,ACC.X electrode 1,float64,75600,0,0,False,-0.22909717618967207,0.46287333422901883,0.0536820908371137,0.049280927681972,0.05557307950273983,0.0332126831464908,0.46287333422901883,0,0,ok,extreme thresholds are audit flags only; units differ by modality
3,data/limb/subject03/StaticP9/subject3_limb_EMG.mat,StaticP9,8,ACC.Y electrode 1,float64,75600,0,0,False,-1.3642325281022587,0.2778218494194496,-0.08479171014840903,0.43981456692818915,0.07781638072110228,0.11655876078546909,1.3642325281022587,0,0,ok,extreme thresholds are audit flags only; units differ by modality
3,data/limb/subject03/StaticP9/subject3_limb_EMG.mat,StaticP9,9,ACC.Z electrode 1,float64,75600,0,0,False,-0.09058253693718099,1.1068559172134278,0.7894777908218635,0.26752185237247156,0.9172644263867256,0.01611795963017365,1.1068559172134278,0,15120,ok,extreme thresholds are audit flags only; units differ by modality
3,data/limb/subject03/StaticP9/subject3_limb_EMG.mat,StaticP9,10,GYRO.X electrode 1,float64,75600,0,0,False,-58.405504623203846,23.55305481290852,-12.723669009556149,4.247721360042298,-12.804617746141158,1.0532138134823104,58.405504623203846,0,128,ok,extreme thresholds are audit flags only; units differ by modality
3,data/limb/subject03/StaticP9/subject3_limb_EMG.mat,StaticP9,11,GYRO.Y electrode 1,float64,75600,0,0,False,-86.82994924439906,61.759135851505654,-0.7782049266522169,6.890331033441837,-0.400878127011294,2.182226106111063,86.82994924439906,0,22,ok,extreme thresholds are audit flags only; units differ by modality
3,data/limb/subject03/StaticP9/subject3_limb_EMG.mat,StaticP9,12,GYRO.Z electrode 1,float64,75600,0,0,False,-19.324872500892166,39.96587966800491,-1.2773291780070006,3.3279429741982796,-1.6474480165408047,0.8219868246373461,39.96587966800491,0,259,ok,extreme thresholds are audit flags only; units differ by modality
3,data/limb/subject03/StaticP9/subject3_limb_EMG.mat,StaticP9,13,ACC.X electrode 2,float64,75600,0,0,False,-1.173945753109406,0.14597689135718908,-0.8359877540712625,0.275499479592225,-0.9670875965127776,0.019886419033556146,1.173945753109406,0,14704,ok,extreme thresholds are audit flags only; units differ by modality
3,data/limb/subject03/StaticP9/subject3_limb_EMG.mat,StaticP9,14,ACC.Y electrode 2,float64,75600,0,0,False,-1.233397734980807,0.2315291251258061,-0.10919279122067425,0.43058576853223396,0.07246635614191355,0.08321180706098824,1.233397734980807,0,0,ok,extreme thresholds are audit flags only; units differ by modality
3,data/limb/subject03/StaticP9/subject3_limb_EMG.mat,StaticP9,15,ACC.Z electrode 2,float64,75600,0,0,False,-0.5492989915557975,0.27371698529131194,-0.2675082616772226,0.10740680453918931,-0.3002675817968006,0.052868733960859504,0.5492989915557975,0,0,ok,extreme thresholds are audit flags only; units differ by modality
3,data/limb/subject03/StaticP9/subject3_limb_EMG.mat,StaticP9,16,GYRO.X electrode 2,float64,75600,0,0,False,-67.85053392175834,17.469886582319038,-10.676519140247281,4.3080871455156435,-10.257955775007071,1.058518713983724,67.85053392175834,0,224,ok,extreme thresholds are audit flags only; units differ by modality
3,data/limb/subject03/StaticP9/subject3_limb_EMG.mat,StaticP9,17,GYRO.Y electrode 2,float64,75600,0,0,False,-64.79817841004308,59.20151373054197,-3.764294642656124,7.614089429755572,-3.399730001766522,2.4967213443965903,64.79817841004308,0,0,ok,extreme thresholds are audit flags only; units differ by modality
3,data/limb/subject03/StaticP9/subject3_limb_EMG.mat,StaticP9,18,GYRO.Z electrode 2,float64,75600,0,0,False,-56.78154218225054,32.33760823997692,-3.602945982007093,3.995647264301687,-3.6346647657470097,0.8775992251777658,56.78154218225054,0,299,ok,extreme thresholds are audit flags only; units differ by modality
3,data/limb/subject03/StaticP9/subject3_limb_EMG.mat,StaticP9,19,ACC.X electrode 3,float64,75600,0,0,False,-0.3210102229333567,0.18604206737724663,-0.10704851391680734,0.05219342406020798,-0.1097412612877495,0.03482123855478198,0.3210102229333567,0,0,ok,extreme thresholds are audit flags only; units differ by modality
3,data/limb/subject03/StaticP9/subject3_limb_EMG.mat,StaticP9,20,ACC.Y electrode 3,float64,75600,0,0,False,-1.18071498318258,0.28541870047064666,-0.08920597088234461,0.4352178938531193,0.09035931147429602,0.08754870934101922,1.18071498318258,0,0,ok,extreme thresholds are audit flags only; units differ by modality
3,data/limb/subject03/StaticP9/subject3_limb_EMG.mat,StaticP9,21,ACC.Z electrode 3,float64,75600,0,0,False,-1.1829255948305826,-0.030763939690892857,-0.9209848017541286,0.27656233196387897,-1.0534793036724666,0.015549124771082612,1.1829255948305826,0,15120,ok,extreme thresholds are audit flags only; units differ by modality
3,data/limb/subject03/StaticP9/subject3_limb_EMG.mat,StaticP9,22,GYRO.X electrode 3,float64,75600,0,0,False,-17.48153295839038,78.87050643538676,16.716756854259383,4.344106919743869,16.87234070939283,1.1393848817528163,78.87050643538676,0,53,ok,extreme thresholds are audit flags only; units differ by modality
3,data/limb/subject03/StaticP9/subject3_limb_EMG.mat,StaticP9,23,GYRO.Y electrode 3,float64,75600,0,0,False,-53.57263109827767,39.72391857067479,1.9223388079865384,6.183778050321146,2.4740138946001373,1.9282728883367293,53.57263109827767,0,0,ok,extreme thresholds are audit flags only; units differ by modality
3,data/limb/subject03/StaticP9/subject3_limb_EMG.mat,StaticP9,24,GYRO.Z electrode 3,float64,75600,0,0,False,-36.148527432263066,39.438518240693256,1.7217512002459476,3.4059012975487426,2.0021569061117104,0.921154374175436,39.438518240693256,0,293,ok,extreme thresholds are audit flags only; units differ by modality
3,data/limb/subject03/StaticP9/subject3_limb_EMG.mat,StaticP9,25,ACC.X electrode 4,float64,75600,0,0,False,0.03483357596100008,1.132780822315417,0.8497489789713394,0.26089300113883873,0.9721297583987644,0.022543203677116597,1.132780822315417,0,3219,ok,extreme thresholds are audit flags only; units differ by modality
3,data/limb/subject03/StaticP9/subject3_limb_EMG.mat,StaticP9,26,ACC.Y electrode 4,float64,75600,0,0,False,-1.3515536373090207,0.3394655525716309,-0.0467499688403576,0.454704955096405,0.1430982757144289,0.07643110819157203,1.3515536373090207,0,0,ok,extreme thresholds are audit flags only; units differ by modality
3,data/limb/subject03/StaticP9/subject3_limb_EMG.mat,StaticP9,27,ACC.Z electrode 4,float64,75600,0,0,False,-0.311753814814063,0.15385700223112997,-0.037345805145456476,0.037488706473096954,-0.03713437529612312,0.0253943077320306,0.311753814814063,0,0,ok,extreme thresholds are audit flags only; units differ by modality
3,data/limb/subject03/StaticP9/subject3_limb_EMG.mat,StaticP9,28,GYRO.X electrode 4,float64,75600,0,0,False,-34.004034612769495,47.835270219520325,3.70623390098923,3.8289632185789806,3.3559170737224604,1.0013325602148118,47.835270219520325,0,269,ok,extreme thresholds are audit flags only; units differ by modality
3,data/limb/subject03/StaticP9/subject3_limb_EMG.mat,StaticP9,29,GYRO.Y electrode 4,float64,75600,0,0,False,-50.235116778970216,40.69477099456545,5.571596990924276,6.437275646974227,6.160218080175701,1.948110574246285,50.235116778970216,0,0,ok,extreme thresholds are audit flags only; units differ by modality
3,data/limb/subject03/StaticP9/subject3_limb_EMG.mat,StaticP9,30,GYRO.Z electrode 4,float64,75600,0,0,False,-24.529649625253157,76.20985319292808,3.501866148156808,4.040779562911793,3.516870638761686,0.9015446416781578,76.20985319292808,0,179,ok,extreme thresholds are audit flags only; units differ by modality
3,data/limb/subject03/StaticP9/subject3_limb_EMG.mat,StaticP9,31,ACC.X electrode 5,float64,75600,0,0,False,-0.024205352630520933,0.9834979007697303,0.669608463297984,0.2637676938334117,0.7955940606031038,0.0313009757558429,0.9834979007697303,0,0,ok,extreme thresholds are audit flags only; units differ by modality
3,data/limb/subject03/StaticP9/subject3_limb_EMG.mat,StaticP9,32,ACC.Y electrode 5,float64,75600,0,0,False,-1.1274066669456912,0.21449926478467643,-0.16251761281268007,0.41321452923067786,-0.009492971588812182,0.07574333190835528,1.1274066669456912,0,0,ok,extreme thresholds are audit flags only; units differ by modality
3,data/limb/subject03/StaticP9/subject3_limb_EMG.mat,StaticP9,33,ACC.Z electrode 5,float64,75600,0,0,False,-0.5993515136372647,0.7504829089432595,0.4020391265410062,0.2429077878189639,0.5050464275671023,0.027294295714337058,0.7504829089432595,0,125,ok,extreme thresholds are audit flags only; units differ by modality
3,data/limb/subject03/StaticP9/subject3_limb_EMG.mat,StaticP9,34,GYRO.X electrode 5,float64,75600,0,0,False,-25.274652708544625,84.48828129997392,5.318248708824103,2.8585181371033017,5.186418205455637,0.8645500886846134,84.48828129997392,0,94,ok,extreme thresholds are audit flags only; units differ by modality
3,data/limb/subject03/StaticP9/subject3_limb_EMG.mat,StaticP9,35,GYRO.Y electrode 5,float64,75600,0,0,False,-59.73239094346776,60.097516190558714,4.45695376053438,6.9629993005065,4.965905149427941,2.543792448086376,60.097516190558714,0,0,ok,extreme thresholds are audit flags only; units differ by modality
3,data/limb/subject03/StaticP9/subject3_limb_EMG.mat,StaticP9,36,GYRO.Z electrode 5,float64,75600,0,0,False,-13.503836912387406,21.666299550631873,-1.9817509884175408,1.9387884028637312,-2.0411697354174185,0.6986803980566179,21.666299550631873,0,65,ok,extreme thresholds are audit flags only; units differ by modality
3,data/limb/subject03/StaticP9/subject3_limb_EMG.mat,StaticP9,37,ACC.X electrode 6,float64,75600,0,0,False,-0.811479820165246,0.07476120212587292,-0.5322612754558405,0.23436855593990935,-0.6420509221518427,0.025022467620907096,0.811479820165246,0,0,ok,extreme thresholds are audit flags only; units differ by modality
3,data/limb/subject03/StaticP9/subject3_limb_EMG.mat,StaticP9,38,ACC.Y electrode 6,float64,75600,0,0,False,-1.3795542164979977,0.28736986484525684,-0.07540589235524772,0.4413608639188203,0.09917072679397101,0.08379857805773168,1.3795542164979977,0,0,ok,extreme thresholds are audit flags only; units differ by modality
3,data/limb/subject03/StaticP9/subject3_limb_EMG.mat,StaticP9,39,ACC.Z electrode 6,float64,75600,0,0,False,-0.9832722230657592,0.16182659335875924,-0.7246469250518373,0.20263198574329844,-0.815476660144448,0.02178985204684436,0.9832722230657592,0,411,ok,extreme thresholds are audit flags only; units differ by modality
3,data/limb/subject03/StaticP9/subject3_limb_EMG.mat,StaticP9,40,GYRO.X electrode 6,float64,75600,0,0,False,-87.43690703870652,22.664652802139045,-1.0725477033583626,3.6429947518080104,-0.8524353275217528,1.377744952130751,87.43690703870652,0,42,ok,extreme thresholds are audit flags only; units differ by modality
3,data/limb/subject03/StaticP9/subject3_limb_EMG.mat,StaticP9,41,GYRO.Y electrode 6,float64,75600,0,0,False,-89.4484488904968,63.55215818912397,5.36429536978788,8.87155358834805,5.752916108623794,4.057785812355167,89.4484488904968,0,0,ok,extreme thresholds are audit flags only; units differ by modality
3,data/limb/subject03/StaticP9/subject3_limb_EMG.mat,StaticP9,42,GYRO.Z electrode 6,float64,75600,0,0,False,-40.5928278429119,14.942551210309173,-0.973727810898052,2.6721432651065387,-0.8013454003200484,0.9863289338608294,40.5928278429119,0,55,ok,extreme thresholds are audit flags only; units differ by modality
3,data/limb/subject03/StaticP10/subject3_limb_EMG.mat,StaticP10,1,EMG electrode 1,float64,75600,0,0,False,-0.00032781,0.000204273,-2.55466109021164e-07,2.233733813759448e-05,1.67849e-07,7.721069e-06,0.00032781,0,12,ok,extreme thresholds are audit flags only; units differ by modality
3,data/limb/subject03/StaticP10/subject3_limb_EMG.mat,StaticP10,2,EMG electrode 2,float64,75600,0,0,False,-0.00173036,0.00296069,3.932849568029101e-06,0.00018773195847708016,2.34989e-06,3.2227009999999996e-05,0.00296069,0,381,ok,extreme thresholds are audit flags only; units differ by modality
3,data/limb/subject03/StaticP10/subject3_limb_EMG.mat,StaticP10,3,EMG electrode 3,float64,75600,0,0,False,-0.000405188,0.000736355,8.465139842883597e-06,4.813010327113831e-05,7.88891e-06,6.713970000000001e-06,0.000736355,0,765,ok,extreme thresholds are audit flags only; units differ by modality
3,data/limb/subject03/StaticP10/subject3_limb_EMG.mat,StaticP10,4,EMG electrode 4,float64,75600,0,0,False,-0.000584283,0.000600061,-2.1208950464748675e-05,4.181192841706202e-05,-2.1149e-05,5.538999999999999e-06,0.000600061,0,965,ok,extreme thresholds are audit flags only; units differ by modality
3,data/limb/subject03/StaticP10/subject3_limb_EMG.mat,StaticP10,5,EMG electrode 5,float64,75600,0,0,False,-7.30144e-05,2.97093e-05,-1.9144754638994707e-05,4.350616938221422e-06,-1.91348e-05,1.8464000000000032e-06,7.30144e-05,0,0,ok,extreme thresholds are audit flags only; units differ by modality
3,data/limb/subject03/StaticP10/subject3_limb_EMG.mat,StaticP10,6,EMG electrode 6,float64,75600,0,0,False,-4.54871e-05,1.51064e-05,-7.840276785925927e-06,3.951707780131206e-06,-7.72107e-06,2.182030000000001e-06,4.54871e-05,0,0,ok,extreme thresholds are audit flags only; units differ by modality
3,data/limb/subject03/StaticP10/subject3_limb_EMG.mat,StaticP10,7,ACC.X electrode 1,float64,75600,0,0,False,-0.19308470073764752,0.28466055313179683,0.014589446399711154,0.04605783298446032,0.007104540870509633,0.02246867221744827,0.28466055313179683,0,0,ok,extreme thresholds are audit flags only; units differ by modality
3,data/limb/subject03/StaticP10/subject3_limb_EMG.mat,StaticP10,8,ACC.Y electrode 1,float64,75600,0,0,False,-1.1431797242944002,1.1452065300919771,0.5920140743148222,0.7735371245949704,0.9735704596133719,0.016953575863983272,1.1452065300919771,0,15120,ok,extreme thresholds are audit flags only; units differ by modality
3,data/limb/subject03/StaticP10/subject3_limb_EMG.mat,StaticP10,9,ACC.Z electrode 1,float64,75600,0,0,False,0.011412504805399005,0.35457672089698866,0.1773040259168232,0.04747091573808225,0.17503490165059382,0.03542829035735841,0.35457672089698866,0,0,ok,extreme thresholds are audit flags only; units differ by modality
3,data/limb/subject03/StaticP10/subject3_limb_EMG.mat,StaticP10,10,GYRO.X electrode 1,float64,75600,0,0,False,-65.01652391937768,15.276316271274972,-13.314065459685928,4.45503518763699,-13.187863101663973,1.9363829606513399,65.01652391937768,0,0,ok,extreme thresholds are audit flags only; units differ by modality
3,data/limb/subject03/StaticP10/subject3_limb_EMG.mat,StaticP10,11,GYRO.Y electrode 1,float64,75600,0,0,False,-63.16793774990383,85.5794254091815,0.8684021185987258,8.667242942018694,0.4593021077251201,3.023568536626552,85.5794254091815,0,0,ok,extreme thresholds are audit flags only; units differ by modality
3,data/limb/subject03/StaticP10/subject3_limb_EMG.mat,StaticP10,12,GYRO.Z electrode 1,float64,75600,0,0,False,-34.84053253684103,18.756804755087042,-1.765489121384684,3.432059484477404,-1.7197495534073213,1.243788799076503,34.84053253684103,0,0,ok,extreme thresholds are audit flags only; units differ by modality
3,data/limb/subject03/StaticP10/subject3_limb_EMG.mat,StaticP10,13,ACC.X electrode 2,float64,75600,0,0,False,-0.4452517617985692,-0.014321714817124487,-0.24526268980020563,0.03758179362952101,-0.24798697475408443,0.022336137170809386,0.4452517617985692,0,0,ok,extreme thresholds are audit flags only; units differ by modality
3,data/limb/subject03/StaticP10/subject3_limb_EMG.mat,StaticP10,14,ACC.Y electrode 2,float64,75600,0,0,False,-1.1882992089375255,1.0524313030744992,0.5851011271415572,0.7767069184033066,0.9692082844384229,0.013386574870090984,1.1882992089375255,0,15120,ok,extreme thresholds are audit flags only; units differ by modality
3,data/limb/subject03/StaticP10/subject3_limb_EMG.mat,StaticP10,15,ACC.Z electrode 2,float64,75600,0,0,False,-0.20521828871060815,0.11890803727144092,-0.024745951260489268,0.05534269451861639,-0.023618164714596313,0.0340879612730581,0.20521828871060815,0,0,ok,extreme thresholds are audit flags only; units differ by modality
3,data/limb/subject03/StaticP10/subject3_limb_EMG.mat,StaticP10,16,GYRO.X electrode 2,float64,75600,0,0,False,-30.159675867140837,29.058597373670906,-10.090166443476512,3.343088498252659,-10.103534606513186,1.1350301587956668,30.159675867140837,0,111,ok,extreme thresholds are audit flags only; units differ by modality
3,data/limb/subject03/StaticP10/subject3_limb_EMG.mat,StaticP10,17,GYRO.Y electrode 2,float64,75600,0,0,False,-69.27047163237397,76.6324803519713,-2.707874714080524,8.544048698673466,-2.9459614538824583,2.4654503135433368,76.6324803519713,0,36,ok,extreme thresholds are audit flags only; units differ by modality
3,data/limb/subject03/StaticP10/subject3_limb_EMG.mat,StaticP10,18,GYRO.Z electrode 2,float64,75600,0,0,False,-25.638628192623194,12.008953028518786,-3.9307425550072654,2.7711386334916197,-3.938087237218921,1.2069153114426354,25.638628192623194,0,0,ok,extreme thresholds are audit flags only; units differ by modality
3,data/limb/subject03/StaticP10/subject3_limb_EMG.mat,StaticP10,19,ACC.X electrode 3,float64,75600,0,0,False,-0.24993573273328004,0.09967295960907466,-0.07981708109014539,0.03835024728707298,-0.08537063420881782,0.021361801365983597,0.24993573273328004,0,0,ok,extreme thresholds are audit flags only; units differ by modality
3,data/limb/subject03/StaticP10/subject3_limb_EMG.mat,StaticP10,20,ACC.Y electrode 3,float64,75600,0,0,False,-1.1876086064730156,1.052709089867528,0.5988743220533649,0.7781084805759515,0.9842242499737546,0.011852944840852808,1.1876086064730156,0,15120,ok,extreme thresholds are audit flags only; units differ by modality
3,data/limb/subject03/StaticP10/subject3_limb_EMG.mat,StaticP10,21,ACC.Z electrode 3,float64,75600,0,0,False,-0.48617383262152963,-0.017059242318761984,-0.26130581456013746,0.05297898409539746,-0.25577988424048037,0.03257123460284153,0.48617383262152963,0,0,ok,extreme thresholds are audit flags only; units differ by modality
3,data/limb/subject03/StaticP10/subject3_limb_EMG.mat,StaticP10,22,GYRO.X electrode 3,float64,75600,0,0,False,-1.282949005589033,45.048829980919464,17.224085419497953,3.092792097358682,17.164286285266947,1.3176071682934314,45.048829980919464,0,0,ok,extreme thresholds are audit flags only; units differ by modality
3,data/limb/subject03/StaticP10/subject3_limb_EMG.mat,StaticP10,23,GYRO.Y electrode 3,float64,75600,0,0,False,-24.07698295991799,72.35960528558901,3.4403396446840677,6.651887081240181,2.8728173035958053,1.7322954315974428,72.35960528558901,0,381,ok,extreme thresholds are audit flags only; units differ by modality
3,data/limb/subject03/StaticP10/subject3_limb_EMG.mat,StaticP10,24,GYRO.Z electrode 3,float64,75600,0,0,False,-12.900493309335223,33.3803072163337,2.126460625696138,3.0328147785307977,2.0349687814965964,1.123511959892113,33.3803072163337,0,0,ok,extreme thresholds are audit flags only; units differ by modality
3,data/limb/subject03/StaticP10/subject3_limb_EMG.mat,StaticP10,25,ACC.X electrode 4,float64,75600,0,0,False,-0.06763095794791409,0.5241296808625819,0.1832712161320788,0.07878486694296409,0.17166486895878147,0.04838008844905149,0.5241296808625819,0,0,ok,extreme thresholds are audit flags only; units differ by modality
3,data/limb/subject03/StaticP10/subject3_limb_EMG.mat,StaticP10,26,ACC.Y electrode 4,float64,75600,0,0,False,-1.1500592888288192,1.057841467574001,0.5820280063007579,0.769336223308328,0.9615362134310852,0.015813282526561445,1.1500592888288192,0,15120,ok,extreme thresholds are audit flags only; units differ by modality
3,data/limb/subject03/StaticP10/subject3_limb_EMG.mat,StaticP10,27,ACC.Z electrode 4,float64,75600,0,0,False,-0.3855262385945974,0.07996044749650448,-0.21259796911572065,0.1021687348821301,-0.25005508206857796,0.04494993253445714,0.3855262385945974,0,0,ok,extreme thresholds are audit flags only; units differ by modality
3,data/limb/subject03/StaticP10/subject3_limb_EMG.mat,StaticP10,28,GYRO.X electrode 4,float64,75600,0,0,False,-34.535427333636775,16.924253467723567,3.2366722058926096,3.7124512321521546,3.3901503670027955,1.3691442454105693,34.535427333636775,0,0,ok,extreme thresholds are audit flags only; units differ by modality
3,data/limb/subject03/StaticP10/subject3_limb_EMG.mat,StaticP10,29,GYRO.Y electrode 4,float64,75600,0,0,False,-79.39415611177765,98.58136257461993,6.941728457148091,8.98690173592179,6.638781904174216,2.5102392138089673,98.58136257461993,0,59,ok,extreme thresholds are audit flags only; units differ by modality
3,data/limb/subject03/StaticP10/subject3_limb_EMG.mat,StaticP10,30,GYRO.Z electrode 4,float64,75600,0,0,False,-20.642520503230188,23.921261282300964,3.741387633329152,3.0886817288104504,3.8114608676447923,1.3917348977393194,23.921261282300964,0,0,ok,extreme thresholds are audit flags only; units differ by modality
3,data/limb/subject03/StaticP10/subject3_limb_EMG.mat,StaticP10,31,ACC.X electrode 5,float64,75600,0,0,False,-0.16216486195985272,0.7237270328923402,0.48978489967243727,0.18464093520787303,0.56888006449028,0.029263450310283934,0.7237270328923402,0,0,ok,extreme thresholds are audit flags only; units differ by modality
3,data/limb/subject03/StaticP10/subject3_limb_EMG.mat,StaticP10,32,ACC.Y electrode 5,float64,75600,0,0,False,-1.2386230550153934,0.28907378649936133,-0.04926165119596082,0.4656640296908231,0.17456020423312557,0.024864946042120875,1.2386230550153934,0,14873,ok,extreme thresholds are audit flags only; units differ by modality
3,data/limb/subject03/StaticP10/subject3_limb_EMG.mat,StaticP10,33,ACC.Z electrode 5,float64,75600,0,0,False,-0.18368816231577487,0.8182693333471546,0.5720162140893688,0.3133195947820405,0.7234582658603126,0.021227690833084234,0.8182693333471546,0,15131,ok,extreme thresholds are audit flags only; units differ by modality
3,data/limb/subject03/StaticP10/subject3_limb_EMG.mat,StaticP10,34,GYRO.X electrode 5,float64,75600,0,0,False,-16.92620799493493,21.17274005246706,4.965356722287331,2.6758893995685504,5.042036807493542,1.1588460152603586,21.17274005246706,0,0,ok,extreme thresholds are audit flags only; units differ by modality
3,data/limb/subject03/StaticP10/subject3_limb_EMG.mat,StaticP10,35,GYRO.Y electrode 5,float64,75600,0,0,False,-32.48590444181161,77.76132794132269,5.815067070259729,7.210506468976081,5.204098307994768,2.1396676029797383,77.76132794132269,0,229,ok,extreme thresholds are audit flags only; units differ by modality
3,data/limb/subject03/StaticP10/subject3_limb_EMG.mat,StaticP10,36,GYRO.Z electrode 5,float64,75600,0,0,False,-15.132193682267623,10.727650251816966,-2.0968900769844523,1.9796941778669255,-1.995858583545069,0.8554017442522268,15.132193682267623,0,0,ok,extreme thresholds are audit flags only; units differ by modality
3,data/limb/subject03/StaticP10/subject3_limb_EMG.mat,StaticP10,37,ACC.X electrode 6,float64,75600,0,0,False,-0.45417333760624246,0.04883803801361707,-0.27332234770988917,0.11990163861329967,-0.3078182923761261,0.047170815883296524,0.45417333760624246,0,0,ok,extreme thresholds are audit flags only; units differ by modality
3,data/limb/subject03/StaticP10/subject3_limb_EMG.mat,StaticP10,38,ACC.Y electrode 6,float64,75600,0,0,False,-1.166738238108594,0.2801064798813233,-0.0341924641266465,0.45516522039977525,0.18161484166091432,0.02127318474553093,1.166738238108594,0,14877,ok,extreme thresholds are audit flags only; units differ by modality
3,data/limb/subject03/StaticP10/subject3_limb_EMG.mat,StaticP10,39,ACC.Z electrode 6,float64,75600,0,0,False,-1.0661470536238382,0.050403997404561994,-0.8708808992258836,0.26242312790697736,-0.9965210351993052,0.017700620156486768,1.0661470536238382,0,15084,ok,extreme thresholds are audit flags only; units differ by modality
3,data/limb/subject03/StaticP10/subject3_limb_EMG.mat,StaticP10,40,GYRO.X electrode 6,float64,75600,0,0,False,-13.754286113455885,22.278448655571573,-0.8195114501698958,2.388776910863372,-0.8239883791902349,0.9197808483492989,22.278448655571573,0,0,ok,extreme thresholds are audit flags only; units differ by modality
3,data/limb/subject03/StaticP10/subject3_limb_EMG.mat,StaticP10,41,GYRO.Y electrode 6,float64,75600,0,0,False,-26.545728422737287,90.46766007318342,6.331047619687284,7.670986815538292,5.918610652764762,2.7308823375566718,90.46766007318342,0,30,ok,extreme thresholds are audit flags only; units differ by modality
3,data/limb/subject03/StaticP10/subject3_limb_EMG.mat,StaticP10,42,GYRO.Z electrode 6,float64,75600,0,0,False,-9.188132495309606,35.08459668594407,-0.4865807148974336,2.669005791084752,-0.7090085316063108,0.9212227263844694,35.08459668594407,0,156,ok,extreme thresholds are audit flags only; units differ by modality
3,data/limb/subject03/StaticP14/subject3_limb_EMG.mat,StaticP14,1,EMG electrode 1,float64,75600,0,0,False,-0.000276448,0.000146197,-1.6257609530423278e-07,1.679495428263356e-05,-1.67849e-07,6.378269000000001e-06,0.000276448,0,7,ok,extreme thresholds are audit flags only; units differ by modality
3,data/limb/subject03/StaticP14/subject3_limb_EMG.mat,StaticP14,2,EMG electrode 2,float64,75600,0,0,False,-0.00126004,0.00207344,3.998158208386243e-06,0.00015242501181737274,2.51774e-06,3.189134e-05,0.00207344,0,156,ok,extreme thresholds are audit flags only; units differ by modality
3,data/limb/subject03/StaticP14/subject3_limb_EMG.mat,StaticP14,3,EMG electrode 3,float64,75600,0,0,False,-0.00059704,0.000888594,8.581457468306876e-06,5.334113411192753e-05,7.88891e-06,7.553189999999998e-06,0.000888594,0,750,ok,extreme thresholds are audit flags only; units differ by modality
3,data/limb/subject03/StaticP14/subject3_limb_EMG.mat,StaticP14,4,EMG electrode 4,float64,75600,0,0,False,-0.000729305,0.000814908,-2.1024360488941795e-05,3.975902055127822e-05,-2.1149e-05,6.042599999999999e-06,0.000814908,0,525,ok,extreme thresholds are audit flags only; units differ by modality
3,data/limb/subject03/StaticP14/subject3_limb_EMG.mat,StaticP14,5,EMG electrode 5,float64,75600,0,0,False,-0.000253452,0.000166171,-1.902731224632275e-05,1.2758625657065321e-05,-1.93027e-05,2.6856e-06,0.000253452,0,246,ok,extreme thresholds are audit flags only; units differ by modality
3,data/limb/subject03/StaticP14/subject3_limb_EMG.mat,StaticP14,6,EMG electrode 6,float64,75600,0,0,False,-7.06645e-05,3.57519e-05,-7.860829905753967e-06,6.931357565902066e-06,-7.55322e-06,3.52488e-06,7.06645e-05,0,0,ok,extreme thresholds are audit flags only; units differ by modality
3,data/limb/subject03/StaticP14/subject3_limb_EMG.mat,StaticP14,7,ACC.X electrode 1,float64,75600,0,0,False,-0.21538970156987222,0.4197834516696614,0.16188329979074859,0.10652592385075613,0.16582909984567784,0.09163789056413765,0.4197834516696614,0,0,ok,extreme thresholds are audit flags only; units differ by modality
3,data/limb/subject03/StaticP14/subject3_limb_EMG.mat,StaticP14,8,ACC.Y electrode 1,float64,75600,0,0,False,-1.0878385402544173,0.7876387385664056,0.36215018027640294,0.660785406154511,0.6987119294711206,0.04834468784909207,1.0878385402544173,0,15117,ok,extreme thresholds are audit flags only; units differ by modality
3,data/limb/subject03/StaticP14/subject3_limb_EMG.mat,StaticP14,9,ACC.Z electrode 1,float64,75600,0,0,False,0.04775345953699472,0.8089803909520342,0.5479095774625193,0.16961930804320313,0.581218918380733,0.05635604429127078,0.8089803909520342,0,0,ok,extreme thresholds are audit flags only; units differ by modality
3,data/limb/subject03/StaticP14/subject3_limb_EMG.mat,StaticP14,10,GYRO.X electrode 1,float64,75600,0,0,False,-30.78922672001354,2.0694707610035037,-12.670569388997869,2.638867889421482,-12.656274216078408,1.0338828509988733,30.78922672001354,0,0,ok,extreme thresholds are audit flags only; units differ by modality
3,data/limb/subject03/StaticP14/subject3_limb_EMG.mat,StaticP14,11,GYRO.Y electrode 1,float64,75600,0,0,False,-43.43384007031708,72.36577071381551,-0.38732845654574904,5.4083320933569325,-0.21493235488170848,2.2302733099202423,72.36577071381551,0,7,ok,extreme thresholds are audit flags only; units differ by modality
3,data/limb/subject03/StaticP14/subject3_limb_EMG.mat,StaticP14,12,GYRO.Z electrode 1,float64,75600,0,0,False,-11.209070617967347,10.361545943250311,-1.428731719102015,2.0231206643656656,-1.5913065374092379,0.9201231226647458,11.209070617967347,0,0,ok,extreme thresholds are audit flags only; units differ by modality
3,data/limb/subject03/StaticP14/subject3_limb_EMG.mat,StaticP14,13,ACC.X electrode 2,float64,75600,0,0,False,-0.926712651658917,-0.06417067165517301,-0.6407547664342389,0.19590733456549547,-0.7020052634876333,0.061010862024290013,0.926712651658917,0,0,ok,extreme thresholds are audit flags only; units differ by modality
3,data/limb/subject03/StaticP14/subject3_limb_EMG.mat,StaticP14,14,ACC.Y electrode 2,float64,75600,0,0,False,-1.1016284223281907,0.7845034784288444,0.34606316743220306,0.659536610660801,0.665794896280173,0.07816507259739791,1.1016284223281907,0,0,ok,extreme thresholds are audit flags only; units differ by modality
3,data/limb/subject03/StaticP14/subject3_limb_EMG.mat,StaticP14,15,ACC.Z electrode 2,float64,75600,0,0,False,-0.42719486279570773,0.09170297832784037,-0.13706795440804523,0.09908181892675492,-0.10506375063658424,0.05844792739441727,0.42719486279570773,0,0,ok,extreme thresholds are audit flags only; units differ by modality
3,data/limb/subject03/StaticP14/subject3_limb_EMG.mat,StaticP14,16,GYRO.X electrode 2,float64,75600,0,0,False,-25.787861489394974,1.6489123025678032,-10.493944734325362,2.466244878459967,-10.232716342482885,1.0543361248805834,25.787861489394974,0,0,ok,extreme thresholds are audit flags only; units differ by modality
3,data/limb/subject03/StaticP14/subject3_limb_EMG.mat,StaticP14,17,GYRO.Y electrode 2,float64,75600,0,0,False,-47.342436842738884,82.25041878613962,-3.6724374945663034,6.319359792862601,-3.564831228950343,2.344500476704952,82.25041878613962,0,40,ok,extreme thresholds are audit flags only; units differ by modality
3,data/limb/subject03/StaticP14/subject3_limb_EMG.mat,StaticP14,18,GYRO.Z electrode 2,float64,75600,0,0,False,-18.496587996603232,8.1726872280989,-3.58128515681132,2.148318501061882,-3.5812079553138396,0.8329241008291737,18.496587996603232,0,0,ok,extreme thresholds are audit flags only; units differ by modality
3,data/limb/subject03/StaticP14/subject3_limb_EMG.mat,StaticP14,19,ACC.X electrode 3,float64,75600,0,0,False,-0.47359231142729696,0.08019379155909744,-0.22431769028635523,0.09793018469373235,-0.2273175247225977,0.08045149157224349,0.47359231142729696,0,0,ok,extreme thresholds are audit flags only; units differ by modality
3,data/limb/subject03/StaticP14/subject3_limb_EMG.mat,StaticP14,20,ACC.Y electrode 3,float64,75600,0,0,False,-1.0913261182157743,0.7740649582525703,0.3465661571050404,0.6543115594221859,0.6754452491390777,0.060513848275500826,1.0913261182157743,0,0,ok,extreme thresholds are audit flags only; units differ by modality
3,data/limb/subject03/StaticP14/subject3_limb_EMG.mat,StaticP14,21,ACC.Z electrode 3,float64,75600,0,0,False,-0.9930623762387819,-0.06298493605074727,-0.6789883624716442,0.18680314276883433,-0.7482799626395011,0.08672635710164206,0.9930623762387819,0,0,ok,extreme thresholds are audit flags only; units differ by modality
3,data/limb/subject03/StaticP14/subject3_limb_EMG.mat,StaticP14,22,GYRO.X electrode 3,float64,75600,0,0,False,0.907253408084426,41.49879780474937,16.803362714992282,2.7893990868180367,16.791762416839916,1.0879703061154338,41.49879780474937,0,0,ok,extreme thresholds are audit flags only; units differ by modality
3,data/limb/subject03/StaticP14/subject3_limb_EMG.mat,StaticP14,23,GYRO.Y electrode 3,float64,75600,0,0,False,-33.47761976454239,91.83006172256128,2.4356824959148056,4.893372584983771,2.488926710560584,1.7800107024076426,91.83006172256128,0,42,ok,extreme thresholds are audit flags only; units differ by modality
3,data/limb/subject03/StaticP14/subject3_limb_EMG.mat,StaticP14,24,GYRO.Z electrode 3,float64,75600,0,0,False,-12.710668973426491,16.763404863312346,1.9247831902286614,2.1236410148675566,2.016777207221217,0.946394330820851,16.763404863312346,0,0,ok,extreme thresholds are audit flags only; units differ by modality
3,data/limb/subject03/StaticP14/subject3_limb_EMG.mat,StaticP14,25,ACC.X electrode 4,float64,75600,0,0,False,0.05870335290101163,0.9540588862891853,0.603749173621831,0.1601083146657352,0.6356531720593767,0.05427015283130798,0.9540588862891853,0,0,ok,extreme thresholds are audit flags only; units differ by modality
3,data/limb/subject03/StaticP14/subject3_limb_EMG.mat,StaticP14,26,ACC.Y electrode 4,float64,75600,0,0,False,-1.0856631365822196,0.8474012834098477,0.36566973569695627,0.6618316762564598,0.687962699911199,0.0656222442713188,1.0856631365822196,0,0,ok,extreme thresholds are audit flags only; units differ by modality
3,data/limb/subject03/StaticP14/subject3_limb_EMG.mat,StaticP14,27,ACC.Z electrode 4,float64,75600,0,0,False,-0.4541052491428985,0.02116075541548662,-0.2253012252596171,0.12523852790802104,-0.2566671786577571,0.09351635283607657,0.4541052491428985,0,0,ok,extreme thresholds are audit flags only; units differ by modality
3,data/limb/subject03/StaticP14/subject3_limb_EMG.mat,StaticP14,28,GYRO.X electrode 4,float64,75600,0,0,False,-9.518601882320446,17.133982714054238,3.463810268851938,2.3541305538717747,3.3402243806941447,1.0271263538559712,17.133982714054238,0,0,ok,extreme thresholds are audit flags only; units differ by modality
3,data/limb/subject03/StaticP14/subject3_limb_EMG.mat,StaticP14,29,GYRO.Y electrode 4,float64,75600,0,0,False,-30.513248295431154,92.19610791256494,5.834170360215101,5.279801915752587,6.079098922458415,1.933304136668892,92.19610791256494,0,36,ok,extreme thresholds are audit flags only; units differ by modality
3,data/limb/subject03/StaticP14/subject3_limb_EMG.mat,StaticP14,30,GYRO.Z electrode 4,float64,75600,0,0,False,-11.562784815283523,17.536238038090286,3.505283762139355,2.214449048838441,3.523592951960331,0.9168704826128535,17.536238038090286,0,0,ok,extreme thresholds are audit flags only; units differ by modality
3,data/limb/subject03/StaticP14/subject3_limb_EMG.mat,StaticP14,31,ACC.X electrode 5,float64,75600,0,0,False,-0.023718916830058803,1.033221187119206,0.5988439446950109,0.23768401030425346,0.7011851058032417,0.05218929800977273,1.033221187119206,0,0,ok,extreme thresholds are audit flags only; units differ by modality
3,data/limb/subject03/StaticP14/subject3_limb_EMG.mat,StaticP14,32,ACC.Y electrode 5,float64,75600,0,0,False,-1.1236196722329275,0.7782936954399923,0.31120649343783624,0.6438984699415576,0.6040017690846959,0.07301829305200846,1.1236196722329275,0,0,ok,extreme thresholds are audit flags only; units differ by modality
3,data/limb/subject03/StaticP14/subject3_limb_EMG.mat,StaticP14,33,ACC.Z electrode 5,float64,75600,0,0,False,-0.19842264990570044,0.4494984250508895,0.1557296465209761,0.14147499962576532,0.17090935495670215,0.09528915238786242,0.4494984250508895,0,0,ok,extreme thresholds are audit flags only; units differ by modality
3,data/limb/subject03/StaticP14/subject3_limb_EMG.mat,StaticP14,34,GYRO.X electrode 5,float64,75600,0,0,False,-28.914007759508152,19.554274244107372,5.217766181613008,2.3658539073410596,5.248614123442536,0.9364266509420496,28.914007759508152,0,36,ok,extreme thresholds are audit flags only; units differ by modality
3,data/limb/subject03/StaticP14/subject3_limb_EMG.mat,StaticP14,35,GYRO.Y electrode 5,float64,75600,0,0,False,-36.67004559268586,87.82954374214786,4.981788383090902,5.480653985830559,5.094390577520825,2.392663274909801,87.82954374214786,0,17,ok,extreme thresholds are audit flags only; units differ by modality
3,data/limb/subject03/StaticP14/subject3_limb_EMG.mat,StaticP14,36,GYRO.Z electrode 5,float64,75600,0,0,False,-14.856564184618616,11.004673749847594,-1.9084253108930505,1.5001453909383733,-1.9209290974819004,0.7756266115258584,14.856564184618616,0,0,ok,extreme thresholds are audit flags only; units differ by modality
3,data/limb/subject03/StaticP14/subject3_limb_EMG.mat,StaticP14,37,ACC.X electrode 6,float64,75600,0,0,False,-1.0093491820143494,0.02785328497870023,-0.5600760059394664,0.25058843118900703,-0.6691635603116088,0.04090085321900144,1.0093491820143494,0,0,ok,extreme thresholds are audit flags only; units differ by modality
3,data/limb/subject03/StaticP14/subject3_limb_EMG.mat,StaticP14,38,ACC.Y electrode 6,float64,75600,0,0,False,-1.103844333051572,0.730976364842603,0.3032051414645761,0.6264212250139817,0.5969513759502134,0.05408956023917899,1.103844333051572,0,205,ok,extreme thresholds are audit flags only; units differ by modality
3,data/limb/subject03/StaticP14/subject3_limb_EMG.mat,StaticP14,39,ACC.Z electrode 6,float64,75600,0,0,False,-0.6542193187572136,0.04744353355404198,-0.4439355181299886,0.09964543007657745,-0.437254732116351,0.07234118634796155,0.6542193187572136,0,0,ok,extreme thresholds are audit flags only; units differ by modality
3,data/limb/subject03/StaticP14/subject3_limb_EMG.mat,StaticP14,40,GYRO.X electrode 6,float64,75600,0,0,False,-19.441362756922867,21.916151211460175,-0.8967427043810099,2.6404013260481003,-0.9199978737542773,1.1488413373206416,21.916151211460175,0,0,ok,extreme thresholds are audit flags only; units differ by modality
3,data/limb/subject03/StaticP14/subject3_limb_EMG.mat,StaticP14,41,GYRO.Y electrode 6,float64,75600,0,0,False,-86.95723203367363,98.66395796474826,5.808799988503218,8.3856352097915,6.030539024244856,3.7705080196866962,98.66395796474826,0,0,ok,extreme thresholds are audit flags only; units differ by modality
3,data/limb/subject03/StaticP14/subject3_limb_EMG.mat,StaticP14,42,GYRO.Z electrode 6,float64,75600,0,0,False,-10.643078267866564,10.370304570883205,-0.8742488523048273,1.713879010078036,-0.8449373262620168,0.8667964330375013,10.643078267866564,0,0,ok,extreme thresholds are audit flags only; units differ by modality
3,data/limb/subject03/Dynamic/subject3_limb_EMG.mat,Dynamic,1,EMG electrode 1,float64,538725,0,0,False,-0.00157795,0.000607279,-2.2672914925054528e-07,1.7172320225368802e-05,1.67849e-07,6.042571e-06,0.00157795,0,184,ok,extreme thresholds are audit flags only; units differ by modality
3,data/limb/subject03/Dynamic/subject3_limb_EMG.mat,Dynamic,2,EMG electrode 2,float64,538725,0,0,False,-0.00114221,0.00221712,3.931533143225207e-06,9.892586256576795e-05,2.34989e-06,2.215611e-05,0.00221712,0,573,ok,extreme thresholds are audit flags only; units differ by modality
3,data/limb/subject03/Dynamic/subject3_limb_EMG.mat,Dynamic,3,EMG electrode 3,float64,538725,0,0,False,-0.000320424,0.000696071,8.54238981517843e-06,2.3750289630889057e-05,7.88891e-06,4.364089999999999e-06,0.000696071,0,2848,ok,extreme thresholds are audit flags only; units differ by modality
3,data/limb/subject03/Dynamic/subject3_limb_EMG.mat,Dynamic,4,EMG electrode 4,float64,538725,0,0,False,-0.000889433,0.0005252,-2.1123534727432364e-05,2.1099638093651755e-05,-2.1149e-05,4.699799999999999e-06,0.000889433,0,1240,ok,extreme thresholds are audit flags only; units differ by modality
3,data/limb/subject03/Dynamic/subject3_limb_EMG.mat,Dynamic,5,EMG electrode 5,float64,538725,0,0,False,-0.000639673,0.000388907,-1.9213673029892804e-05,2.2071246999750293e-05,-1.91348e-05,4.867599999999999e-06,0.000639673,0,1172,ok,extreme thresholds are audit flags only; units differ by modality
3,data/limb/subject03/Dynamic/subject3_limb_EMG.mat,Dynamic,6,EMG electrode 6,float64,538725,0,0,False,-0.000589151,0.000238514,-7.988788375770569e-06,7.656716253876806e-06,-7.88891e-06,2.0141900000000003e-06,0.000589151,0,1114,ok,extreme thresholds are audit flags only; units differ by modality
3,data/limb/subject03/Dynamic/subject3_limb_EMG.mat,Dynamic,7,ACC.X electrode 1,float64,538725,0,0,False,-0.6396859842042004,1.4452101207922792,-0.1464373605905417,0.2312820548294249,-0.11053350656988467,0.15430505223227714,1.4452101207922792,0,0,ok,extreme thresholds are audit flags only; units differ by modality
3,data/limb/subject03/Dynamic/subject3_limb_EMG.mat,Dynamic,8,ACC.Y electrode 1,float64,538725,0,0,False,-2.180765220959801,1.146039771590362,-0.08672334909029059,0.6526479489846316,-0.03334358298352366,0.6281186108446216,2.180765220959801,0,0,ok,extreme thresholds are audit flags only; units differ by modality
3,data/limb/subject03/Dynamic/subject3_limb_EMG.mat,Dynamic,9,ACC.Z electrode 1,float64,538725,0,0,False,-0.0922395432291564,1.311543763545163,0.6031120927493625,0.24385691483821983,0.6700003645101238,0.16946477331399323,1.311543763545163,0,0,ok,extreme thresholds are audit flags only; units differ by modality
3,data/limb/subject03/Dynamic/subject3_limb_EMG.mat,Dynamic,10,GYRO.X electrode 1,float64,538725,0,0,False,-471.4639528147485,81.52293896350915,-13.577304733931372,31.59807780767111,-9.28508813022729,5.252339423622752,471.4639528147485,0,7065,ok,extreme thresholds are audit flags only; units differ by modality
3,data/limb/subject03/Dynamic/subject3_limb_EMG.mat,Dynamic,11,GYRO.Y electrode 1,float64,538725,0,0,False,-195.3357761296396,326.0145332045061,0.34804978958979804,19.82555389359371,0.238381359243195,4.555402380569763,326.0145332045061,0,1736,ok,extreme thresholds are audit flags only; units differ by modality
3,data/limb/subject03/Dynamic/subject3_limb_EMG.mat,Dynamic,12,GYRO.Z electrode 1,float64,538725,0,0,False,-120.620546163809,198.929968850668,0.45639783980242266,11.31651589982371,0.5616407427314906,3.284896878168555,198.929968850668,0,705,ok,extreme thresholds are audit flags only; units differ by modality
3,data/limb/subject03/Dynamic/subject3_limb_EMG.mat,Dynamic,13,ACC.X electrode 2,float64,538725,0,0,False,-1.5461663106508126,0.11435237434241244,-0.6685843163791619,0.253843641079814,-0.7367834259352565,0.18085612315116795,1.5461663106508126,0,0,ok,extreme thresholds are audit flags only; units differ by modality
3,data/limb/subject03/Dynamic/subject3_limb_EMG.mat,Dynamic,14,ACC.Y electrode 2,float64,538725,0,0,False,-1.861601519466241,1.1179418890382433,-0.08511577869407255,0.6470279678870186,-0.010508674660803376,0.602813715180774,1.861601519466241,0,0,ok,extreme thresholds are audit flags only; units differ by modality
3,data/limb/subject03/Dynamic/subject3_limb_EMG.mat,Dynamic,15,ACC.Z electrode 2,float64,538725,0,0,False,-0.8519669003627176,0.9464802595926396,-0.29999218957167123,0.19496925825903677,-0.307582471200621,0.1707578122972681,0.9464802595926396,0,0,ok,extreme thresholds are audit flags only; units differ by modality
3,data/limb/subject03/Dynamic/subject3_limb_EMG.mat,Dynamic,16,GYRO.X electrode 2,float64,538725,0,0,False,-200.43980888103667,188.70288907895412,-12.050679199333013,16.010189982269665,-12.66143161036954,4.102775929485055,200.43980888103667,0,685,ok,extreme thresholds are audit flags only; units differ by modality
3,data/limb/subject03/Dynamic/subject3_limb_EMG.mat,Dynamic,17,GYRO.Y electrode 2,float64,538725,0,0,False,-160.38972095773372,313.6504118861145,-2.938147810456706,19.725668760010176,-3.9050664125693952,3.61734871814191,313.6504118861145,0,3937,ok,extreme thresholds are audit flags only; units differ by modality
3,data/limb/subject03/Dynamic/subject3_limb_EMG.mat,Dynamic,18,GYRO.Z electrode 2,float64,538725,0,0,False,-436.7780960394314,53.406693755244504,-4.550153509499753,30.49827861106368,0.18405312684092842,4.697279888870816,436.7780960394314,0,7550,ok,extreme thresholds are audit flags only; units differ by modality
3,data/limb/subject03/Dynamic/subject3_limb_EMG.mat,Dynamic,19,ACC.X electrode 3,float64,538725,0,0,False,-1.4664062687220214,0.4980613165007922,0.030101307881186586,0.19055775578397416,0.009122480451593043,0.13664925054524119,1.4664062687220214,0,0,ok,extreme thresholds are audit flags only; units differ by modality
3,data/limb/subject03/Dynamic/subject3_limb_EMG.mat,Dynamic,20,ACC.Y electrode 3,float64,538725,0,0,False,-1.5137263013798132,1.1184322188170892,-0.05557986773409207,0.6475601832025882,0.03178407893708088,0.5843724784306868,1.5137263013798132,0,0,ok,extreme thresholds are audit flags only; units differ by modality
3,data/limb/subject03/Dynamic/subject3_limb_EMG.mat,Dynamic,21,ACC.Z electrode 3,float64,538725,0,0,False,-2.1656547358368057,-0.02819716416144313,-0.7621873622290354,0.280653267917656,-0.8424227398627107,0.18481449731284094,2.1656547358368057,0,0,ok,extreme thresholds are audit flags only; units differ by modality
3,data/limb/subject03/Dynamic/subject3_limb_EMG.mat,Dynamic,22,GYRO.X electrode 3,float64,538725,0,0,False,-63.33529712970116,456.07632631220514,17.556007399475895,32.03199087711674,12.495715828757927,5.904916399136543,456.07632631220514,0,5351,ok,extreme thresholds are audit flags only; units differ by modality
3,data/limb/subject03/Dynamic/subject3_limb_EMG.mat,Dynamic,23,GYRO.Y electrode 3,float64,538725,0,0,False,-148.79342484264066,287.96218349286164,3.208475766901325,18.21922198842742,2.4969883397135484,3.102246978172418,287.96218349286164,0,3929,ok,extreme thresholds are audit flags only; units differ by modality
3,data/limb/subject03/Dynamic/subject3_limb_EMG.mat,Dynamic,24,GYRO.Z electrode 3,float64,538725,0,0,False,-216.00036026177702,108.15838022441686,-0.10711988936615931,12.300675277165269,0.15729923421589753,2.912073774872316,216.00036026177702,0,1359,ok,extreme thresholds are audit flags only; units differ by modality
3,data/limb/subject03/Dynamic/subject3_limb_EMG.mat,Dynamic,25,ACC.X electrode 4,float64,538725,0,0,False,-0.029588421864581094,1.9955654251584092,0.6843749298647189,0.2625197590311014,0.7523193637215453,0.18264045715030008,1.9955654251584092,0,0,ok,extreme thresholds are audit flags only; units differ by modality
3,data/limb/subject03/Dynamic/subject3_limb_EMG.mat,Dynamic,26,ACC.Y electrode 4,float64,538725,0,0,False,-1.8411146272942618,1.1228251733663404,-0.027120595884530706,0.6500714392433871,0.0695123355840552,0.5849405209787732,1.8411146272942618,0,0,ok,extreme thresholds are audit flags only; units differ by modality
3,data/limb/subject03/Dynamic/subject3_limb_EMG.mat,Dynamic,27,ACC.Z electrode 4,float64,538725,0,0,False,-1.004839984358018,0.49428174423796745,0.04193433241742466,0.18275224004145357,0.01799545286837813,0.16143538275722447,1.004839984358018,0,0,ok,extreme thresholds are audit flags only; units differ by modality
3,data/limb/subject03/Dynamic/subject3_limb_EMG.mat,Dynamic,28,GYRO.X electrode 4,float64,538725,0,0,False,-154.12705117304785,213.81080038653047,5.045199958039192,13.293869774201342,5.309447892464731,3.2464870774605985,213.81080038653047,0,857,ok,extreme thresholds are audit flags only; units differ by modality
3,data/limb/subject03/Dynamic/subject3_limb_EMG.mat,Dynamic,29,GYRO.Y electrode 4,float64,538725,0,0,False,-145.71984851425646,369.12983241563285,7.093253212292715,19.943158709268662,5.535773907271748,3.3905540086478694,369.12983241563285,0,4786,ok,extreme thresholds are audit flags only; units differ by modality
3,data/limb/subject03/Dynamic/subject3_limb_EMG.mat,Dynamic,30,GYRO.Z electrode 4,float64,538725,0,0,False,-68.87179525248551,425.436842489702,4.228894717030712,30.457038897262166,-0.5984826753961533,5.431551720143502,425.436842489702,0,5868,ok,extreme thresholds are audit flags only; units differ by modality
3,data/limb/subject03/Dynamic/subject3_limb_EMG.mat,Dynamic,31,ACC.X electrode 5,float64,538725,0,0,False,-0.2062466263432918,1.3152081402664908,0.4066304066476195,0.2698241415384239,0.2672068180390083,0.15270633822090046,1.3152081402664908,0,0,ok,extreme thresholds are audit flags only; units differ by modality
3,data/limb/subject03/Dynamic/subject3_limb_EMG.mat,Dynamic,32,ACC.Y electrode 5,float64,538725,0,0,False,-1.5029608394641822,0.7343809191996074,-0.5225176735036567,0.5720773270632548,-0.9499096122208158,0.045363786510656645,1.5029608394641822,0,53939,ok,extreme thresholds are audit flags only; units differ by modality
3,data/limb/subject03/Dynamic/subject3_limb_EMG.mat,Dynamic,33,ACC.Z electrode 5,float64,538725,0,0,False,-0.871068359674854,0.9509808789284746,0.150450208028176,0.3395037249921764,-0.044213048033876955,0.17441038610501874,0.9509808789284746,0,0,ok,extreme thresholds are audit flags only; units differ by modality
3,data/limb/subject03/Dynamic/subject3_limb_EMG.mat,Dynamic,34,GYRO.X electrode 5,float64,538725,0,0,False,-214.3289218605656,81.80040365409941,6.105524884780478,22.261339530817974,4.540768076327117,3.086209607379785,214.3289218605656,0,7732,ok,extreme thresholds are audit flags only; units differ by modality
3,data/limb/subject03/Dynamic/subject3_limb_EMG.mat,Dynamic,35,GYRO.Y electrode 5,float64,538725,0,0,False,-203.20688706885045,235.29854588092564,5.141695531016362,14.735595119114086,5.571122000215913,3.5756202220165125,235.29854588092564,0,1644,ok,extreme thresholds are audit flags only; units differ by modality
3,data/limb/subject03/Dynamic/subject3_limb_EMG.mat,Dynamic,36,GYRO.Z electrode 5,float64,538725,0,0,False,-44.28869728059399,281.0334597574286,-1.3839090475130251,22.85108569530863,-2.992250554646408,1.6526130179611267,281.0334597574286,0,15238,ok,extreme thresholds are audit flags only; units differ by modality
3,data/limb/subject03/Dynamic/subject3_limb_EMG.mat,Dynamic,37,ACC.X electrode 6,float64,538725,0,0,False,-1.2662786387145284,0.26203533110968147,-0.2660628840779634,0.25109198381524844,-0.12122561096754748,0.09809040255435587,1.2662786387145284,0,0,ok,extreme thresholds are audit flags only; units differ by modality
3,data/limb/subject03/Dynamic/subject3_limb_EMG.mat,Dynamic,38,ACC.Y electrode 6,float64,538725,0,0,False,-1.9789128974309644,0.7198685767299872,-0.49378963835704887,0.5686720780724617,-0.9315875563717307,0.04928077412788712,1.9789128974309644,0,28674,ok,extreme thresholds are audit flags only; units differ by modality
3,data/limb/subject03/Dynamic/subject3_limb_EMG.mat,Dynamic,39,ACC.Z electrode 6,float64,538725,0,0,False,-1.2206551019964513,0.32250186859520236,-0.5389462893881608,0.2902681250175972,-0.37406238865789204,0.11921722302303189,1.2206551019964513,0,0,ok,extreme thresholds are audit flags only; units differ by modality
3,data/limb/subject03/Dynamic/subject3_limb_EMG.mat,Dynamic,40,GYRO.X electrode 6,float64,538725,0,0,False,-105.20410065761105,247.7340200907008,-1.3413159176909955,24.97947424873905,-1.127727303466849,2.7326767707271813,247.7340200907008,0,12339,ok,extreme thresholds are audit flags only; units differ by modality
3,data/limb/subject03/Dynamic/subject3_limb_EMG.mat,Dynamic,41,GYRO.Y electrode 6,float64,538725,0,0,False,-209.21335467813714,231.20436715226668,5.441311637134868,17.750250700907674,6.364755722055831,3.397910309367658,231.20436715226668,0,2120,ok,extreme thresholds are audit flags only; units differ by modality
3,data/limb/subject03/Dynamic/subject3_limb_EMG.mat,Dynamic,42,GYRO.Z electrode 6,float64,538725,0,0,False,-213.51941917719145,47.559259696180035,-1.7133551095057462,14.937658519794434,-0.20834210891725874,1.4636377263047982,213.51941917719145,0,12175,ok,extreme thresholds are audit flags only; units differ by modality
4,data/limb/subject04/StaticP1/subject4_limb_EMG.mat,StaticP1,1,EMG electrode 1,float64,75600,0,0,False,-0.000132601,0.000192355,-2.1540777883597886e-08,1.6603699475252442e-05,-8.39246e-07,6.210424e-06,0.000192355,0,1,ok,extreme thresholds are audit flags only; units differ by modality
4,data/limb/subject04/StaticP1/subject4_limb_EMG.mat,StaticP1,2,EMG electrode 2,float64,75600,0,0,False,-0.000152911,0.000195544,3.872326702698413e-06,1.728686398921227e-05,3.52483e-06,6.37827e-06,0.000195544,0,1,ok,extreme thresholds are audit flags only; units differ by modality
4,data/limb/subject04/StaticP1/subject4_limb_EMG.mat,StaticP1,3,EMG electrode 3,float64,75600,0,0,False,-0.000176745,0.00019353,9.014220327658733e-06,1.2623755548423772e-05,9.23171e-06,2.685590000000001e-06,0.00019353,0,193,ok,extreme thresholds are audit flags only; units differ by modality
4,data/limb/subject04/StaticP1/subject4_limb_EMG.mat,StaticP1,4,EMG electrode 4,float64,75600,0,0,False,-4.66621e-05,1.32601e-05,-2.127763311034392e-05,3.6611005576283907e-06,-2.13169e-05,2.1820000000000005e-06,4.66621e-05,0,0,ok,extreme thresholds are audit flags only; units differ by modality
4,data/limb/subject04/StaticP1/subject4_limb_EMG.mat,StaticP1,5,EMG electrode 5,float64,75600,0,0,False,-5.50546e-05,1.79599e-05,-1.9022837122791007e-05,6.329448702873052e-06,-1.8967e-05,3.3569000000000017e-06,5.50546e-05,0,0,ok,extreme thresholds are audit flags only; units differ by modality
4,data/limb/subject04/StaticP1/subject4_limb_EMG.mat,StaticP1,6,EMG electrode 6,float64,75600,0,0,False,-1.86313e-05,2.85344e-06,-7.502537858783068e-06,2.382605618268993e-06,-7.55322e-06,1.678490000000001e-06,1.86313e-05,0,0,ok,extreme thresholds are audit flags only; units differ by modality
4,data/limb/subject04/StaticP1/subject4_limb_EMG.mat,StaticP1,7,ACC.X electrode 1,float64,75600,0,0,False,-0.7154586568757352,-0.01724683198687896,-0.48632335599107307,0.15983776178279316,-0.5434428132271374,0.0450807782674556,0.7154586568757352,0,0,ok,extreme thresholds are audit flags only; units differ by modality
4,data/limb/subject04/StaticP1/subject4_limb_EMG.mat,StaticP1,8,ACC.Y electrode 1,float64,75600,0,0,False,-1.1030646200931287,-0.0876400417764303,-0.7529522771743986,0.11069172459520374,-0.7040365611660103,0.030404697109531753,1.1030646200931287,0,0,ok,extreme thresholds are audit flags only; units differ by modality
4,data/limb/subject04/StaticP1/subject4_limb_EMG.mat,StaticP1,9,ACC.Z electrode 1,float64,75600,0,0,False,0.014143907867186164,0.4604104932949853,0.32815335746749624,0.10605889780588587,0.36395102564236514,0.022113086742622134,0.4604104932949853,0,0,ok,extreme thresholds are audit flags only; units differ by modality
4,data/limb/subject04/StaticP1/subject4_limb_EMG.mat,StaticP1,10,GYRO.X electrode 1,float64,75600,0,0,False,-22.30909953847932,-1.2488396549721317,-12.768805010272313,1.2976311719637603,-12.799263458933648,0.6426154060598597,22.30909953847932,0,0,ok,extreme thresholds are audit flags only; units differ by modality
4,data/limb/subject04/StaticP1/subject4_limb_EMG.mat,StaticP1,11,GYRO.Y electrode 1,float64,75600,0,0,False,-31.392993456234958,59.59987753418304,0.31876401888893247,3.80188101001698,0.27554637280707395,1.7991956931974111,59.59987753418304,0,10,ok,extreme thresholds are audit flags only; units differ by modality
4,data/limb/subject04/StaticP1/subject4_limb_EMG.mat,StaticP1,12,GYRO.Z electrode 1,float64,75600,0,0,False,-8.311412515225319,5.596842886293843,-1.6064995187742312,1.0950134577449802,-1.626741038218348,0.5698563171693918,8.311412515225319,0,0,ok,extreme thresholds are audit flags only; units differ by modality
4,data/limb/subject04/StaticP1/subject4_limb_EMG.mat,StaticP1,13,ACC.X electrode 2,float64,75600,0,0,False,-0.8079358356503838,-0.029506941441759315,-0.5888782269077723,0.1484462864253428,-0.6566916680970536,0.032336046474228664,0.8079358356503838,0,0,ok,extreme thresholds are audit flags only; units differ by modality
4,data/limb/subject04/StaticP1/subject4_limb_EMG.mat,StaticP1,14,ACC.Y electrode 2,float64,75600,0,0,False,-1.0884323294272733,-0.08647553171270694,-0.7379297701370888,0.11304362781627245,-0.7029121603022437,0.03110061783470941,1.0884323294272733,0,0,ok,extreme thresholds are audit flags only; units differ by modality
4,data/limb/subject04/StaticP1/subject4_limb_EMG.mat,StaticP1,15,ACC.Z electrode 2,float64,75600,0,0,False,-0.45694905273015246,-0.009729761091704765,-0.34699009071688275,0.11606291896286926,-0.4076822370240057,0.017862864003727746,0.45694905273015246,0,0,ok,extreme thresholds are audit flags only; units differ by modality
4,data/limb/subject04/StaticP1/subject4_limb_EMG.mat,StaticP1,16,GYRO.X electrode 2,float64,75600,0,0,False,-18.67455669007864,0.24961665417998913,-9.901277911553638,1.1815236746438058,-9.871234136969854,0.5568134593002547,18.67455669007864,0,0,ok,extreme thresholds are audit flags only; units differ by modality
4,data/limb/subject04/StaticP1/subject4_limb_EMG.mat,StaticP1,17,GYRO.Y electrode 2,float64,75600,0,0,False,-34.387831549186316,38.5651971066523,-2.6801253319905767,3.079511635247415,-2.700216072606344,1.124138633487782,38.5651971066523,0,81,ok,extreme thresholds are audit flags only; units differ by modality
4,data/limb/subject04/StaticP1/subject4_limb_EMG.mat,StaticP1,18,GYRO.Z electrode 2,float64,75600,0,0,False,-15.444569936706445,2.725789704746739,-3.4390381337177214,0.9203201283001882,-3.476859509459515,0.4722763815673321,15.444569936706445,0,0,ok,extreme thresholds are audit flags only; units differ by modality
4,data/limb/subject04/StaticP1/subject4_limb_EMG.mat,StaticP1,19,ACC.X electrode 3,float64,75600,0,0,False,0.0055468408526666586,0.48561383478927755,0.28528654703467005,0.1165066413473183,0.3391487542087514,0.012214812977618505,0.48561383478927755,0,0,ok,extreme thresholds are audit flags only; units differ by modality
4,data/limb/subject04/StaticP1/subject4_limb_EMG.mat,StaticP1,20,ACC.Y electrode 3,float64,75600,0,0,False,-1.0399918621935802,-0.08172613265151145,-0.6412366662783234,0.13974604598808407,-0.5717071701568146,0.03828690008242219,1.0399918621935802,0,0,ok,extreme thresholds are audit flags only; units differ by modality
4,data/limb/subject04/StaticP1/subject4_limb_EMG.mat,StaticP1,21,ACC.Z electrode 3,float64,75600,0,0,False,-0.9349757782850244,-0.04427338422386543,-0.7410719420347484,0.14009590117940066,-0.8093031399697612,0.03616979649888691,0.9349757782850244,0,0,ok,extreme thresholds are audit flags only; units differ by modality
4,data/limb/subject04/StaticP1/subject4_limb_EMG.mat,StaticP1,22,GYRO.X electrode 3,float64,75600,0,0,False,1.6524219355969396,28.482676881741018,16.562348170301796,1.4085420575259417,16.677501664679514,0.6532366942541561,28.482676881741018,0,0,ok,extreme thresholds are audit flags only; units differ by modality
4,data/limb/subject04/StaticP1/subject4_limb_EMG.mat,StaticP1,23,GYRO.Y electrode 3,float64,75600,0,0,False,-35.43868176907053,51.70939245122244,2.8649706254390046,3.4437570068543324,2.9080382422103135,1.5241193720921324,51.70939245122244,0,12,ok,extreme thresholds are audit flags only; units differ by modality
4,data/limb/subject04/StaticP1/subject4_limb_EMG.mat,StaticP1,24,GYRO.Z electrode 3,float64,75600,0,0,False,-6.74097349425117,16.85758113261371,2.0818929523902963,1.1887244914647837,2.1041985391471876,0.5793435165469258,16.85758113261371,0,0,ok,extreme thresholds are audit flags only; units differ by modality
4,data/limb/subject04/StaticP1/subject4_limb_EMG.mat,StaticP1,25,ACC.X electrode 4,float64,75600,0,0,False,0.030460351817185597,0.6860156970086589,0.48119716021753406,0.09780563554067609,0.5109415297542679,0.028997881501764883,0.6860156970086589,0,0,ok,extreme thresholds are audit flags only; units differ by modality
4,data/limb/subject04/StaticP1/subject4_limb_EMG.mat,StaticP1,26,ACC.Y electrode 4,float64,75600,0,0,False,-1.07397915620805,-0.08450970400007124,-0.7033988079409953,0.12216328667812573,-0.6486262939195735,0.036645008724862316,1.07397915620805,0,0,ok,extreme thresholds are audit flags only; units differ by modality
4,data/limb/subject04/StaticP1/subject4_limb_EMG.mat,StaticP1,27,ACC.Z electrode 4,float64,75600,0,0,False,0.012058556200851278,0.5710547950982923,0.41388293048642144,0.15110899817663664,0.4813044766522484,0.02002583603810887,0.5710547950982923,0,0,ok,extreme thresholds are audit flags only; units differ by modality
4,data/limb/subject04/StaticP1/subject4_limb_EMG.mat,StaticP1,28,GYRO.X electrode 4,float64,75600,0,0,False,-15.026064957744687,19.83372459068496,3.3662263117796156,1.5985864871863065,3.290810066461024,0.7707612643787018,19.83372459068496,0,0,ok,extreme thresholds are audit flags only; units differ by modality
4,data/limb/subject04/StaticP1/subject4_limb_EMG.mat,StaticP1,29,GYRO.Y electrode 4,float64,75600,0,0,False,-27.78192710201905,50.460352377505046,6.560605655492471,3.287273741405359,6.507353274655236,1.4753725104167374,50.460352377505046,0,3,ok,extreme thresholds are audit flags only; units differ by modality
4,data/limb/subject04/StaticP1/subject4_limb_EMG.mat,StaticP1,30,GYRO.Z electrode 4,float64,75600,0,0,False,-9.053146053634988,14.603566550973907,3.3475243050408627,1.116290808819226,3.38691860979935,0.5540687180128592,14.603566550973907,0,0,ok,extreme thresholds are audit flags only; units differ by modality
4,data/limb/subject04/StaticP1/subject4_limb_EMG.mat,StaticP1,31,ACC.X electrode 5,float64,75600,0,0,False,0.02613321312227938,0.43784708650652904,0.3207134192725197,0.03113842843547928,0.3252369841357523,0.01892773306265505,0.43784708650652904,0,0,ok,extreme thresholds are audit flags only; units differ by modality
4,data/limb/subject04/StaticP1/subject4_limb_EMG.mat,StaticP1,32,ACC.Y electrode 5,float64,75600,0,0,False,-1.0830640084776866,-0.08735531203596397,-0.9335599924914721,0.014280981738890485,-0.9330319708676077,0.009034056098219667,1.0830640084776866,0,2,ok,extreme thresholds are audit flags only; units differ by modality
4,data/limb/subject04/StaticP1/subject4_limb_EMG.mat,StaticP1,33,ACC.Z electrode 5,float64,75600,0,0,False,-0.28841630057330914,-0.01264961431864076,-0.2053888177675314,0.01646779083745469,-0.20461850750349275,0.008799495291557408,0.28841630057330914,0,0,ok,extreme thresholds are audit flags only; units differ by modality
4,data/limb/subject04/StaticP1/subject4_limb_EMG.mat,StaticP1,34,GYRO.X electrode 5,float64,75600,0,0,False,0.23855104693016213,12.482209673485436,5.30416810444132,1.1145606834367494,5.317325859148227,0.6372509397073802,12.482209673485436,0,0,ok,extreme thresholds are audit flags only; units differ by modality
4,data/limb/subject04/StaticP1/subject4_limb_EMG.mat,StaticP1,35,GYRO.Y electrode 5,float64,75600,0,0,False,-20.21059302786759,27.945595240552834,5.467374492287297,3.1407524719193347,5.46062031412259,1.7205276684144544,27.945595240552834,0,0,ok,extreme thresholds are audit flags only; units differ by modality
4,data/limb/subject04/StaticP1/subject4_limb_EMG.mat,StaticP1,36,GYRO.Z electrode 5,float64,75600,0,0,False,-9.953843783981641,1.6434278878943047,-2.146294134136843,0.8929889053068661,-2.091153678063577,0.4848898220682616,9.953843783981641,0,0,ok,extreme thresholds are audit flags only; units differ by modality
4,data/limb/subject04/StaticP1/subject4_limb_EMG.mat,StaticP1,37,ACC.X electrode 6,float64,75600,0,0,False,-0.48450665438769547,-0.029207675402870874,-0.34658918388633264,0.015295120405829492,-0.3476936770224941,0.009551471944419132,0.48450665438769547,0,2,ok,extreme thresholds are audit flags only; units differ by modality
4,data/limb/subject04/StaticP1/subject4_limb_EMG.mat,StaticP1,38,ACC.Y electrode 6,float64,75600,0,0,False,-1.052226029047982,-0.08295728071510268,-0.9026282522714488,0.013022303205071912,-0.901122768983584,0.0073358611781607075,1.052226029047982,0,2,ok,extreme thresholds are audit flags only; units differ by modality
4,data/limb/subject04/StaticP1/subject4_limb_EMG.mat,StaticP1,39,ACC.Z electrode 6,float64,75600,0,0,False,-0.3704238006288672,-0.025137409919682854,-0.3043886661724251,0.030937867130348594,-0.31471598122218164,0.010108857796064935,0.3704238006288672,0,0,ok,extreme thresholds are audit flags only; units differ by modality
4,data/limb/subject04/StaticP1/subject4_limb_EMG.mat,StaticP1,40,GYRO.X electrode 6,float64,75600,0,0,False,-7.568661543435921,2.3245551339800805,-1.1697981529419859,0.9191692422733121,-1.1596484687315658,0.5139160399768532,7.568661543435921,0,0,ok,extreme thresholds are audit flags only; units differ by modality
4,data/limb/subject04/StaticP1/subject4_limb_EMG.mat,StaticP1,41,GYRO.Y electrode 6,float64,75600,0,0,False,-11.575281544606819,24.421076983374345,6.1982937277694345,2.058160409643637,6.2595484913676,1.0731302859119625,24.421076983374345,0,0,ok,extreme thresholds are audit flags only; units differ by modality
4,data/limb/subject04/StaticP1/subject4_limb_EMG.mat,StaticP1,42,GYRO.Z electrode 6,float64,75600,0,0,False,-8.025429417442817,7.483470672613047,-0.7736785159240854,1.1099718604959443,-0.7752136874758594,0.5921635743025417,8.025429417442817,0,0,ok,extreme thresholds are audit flags only; units differ by modality
4,data/limb/subject04/StaticP2/subject4_limb_EMG.mat,StaticP2,1,EMG electrode 1,float64,75600,0,0,False,-0.000196216,0.000205615,7.488744682539698e-09,1.8671351227269505e-05,-5.03548e-07,5.706878e-06,0.000205615,0,16,ok,extreme thresholds are audit flags only; units differ by modality
4,data/limb/subject04/StaticP2/subject4_limb_EMG.mat,StaticP2,2,EMG electrode 2,float64,75600,0,0,False,-0.000140826,0.000247578,3.8331684937433866e-06,1.7092515616813912e-05,3.69268e-06,4.36408e-06,0.000247578,0,59,ok,extreme thresholds are audit flags only; units differ by modality
4,data/limb/subject04/StaticP2/subject4_limb_EMG.mat,StaticP2,3,EMG electrode 3,float64,75600,0,0,False,-0.000157443,0.000183124,9.029437755476189e-06,1.3861074321420888e-05,9.23171e-06,2.517689999999999e-06,0.000183124,0,318,ok,extreme thresholds are audit flags only; units differ by modality
4,data/limb/subject04/StaticP2/subject4_limb_EMG.mat,StaticP2,4,EMG electrode 4,float64,75600,0,0,False,-5.08583e-05,7.38537e-06,-2.136584005515873e-05,4.114377873686494e-06,-2.13169e-05,2.3498000000000025e-06,5.08583e-05,0,0,ok,extreme thresholds are audit flags only; units differ by modality
4,data/limb/subject04/StaticP2/subject4_limb_EMG.mat,StaticP2,5,EMG electrode 5,float64,75600,0,0,False,-5.85794e-05,1.57778e-05,-1.900885264850529e-05,7.364864669558408e-06,-1.86313e-05,4.0283999999999986e-06,5.85794e-05,0,0,ok,extreme thresholds are audit flags only; units differ by modality
4,data/limb/subject04/StaticP2/subject4_limb_EMG.mat,StaticP2,6,EMG electrode 6,float64,75600,0,0,False,-2.40024e-05,2.85344e-06,-7.526713867301588e-06,2.376501686060903e-06,-7.55322e-06,1.678490000000001e-06,2.40024e-05,0,0,ok,extreme thresholds are audit flags only; units differ by modality
4,data/limb/subject04/StaticP2/subject4_limb_EMG.mat,StaticP2,7,ACC.X electrode 1,float64,75600,0,0,False,-0.9125946493747831,-0.020135505755788208,-0.7426980042472214,0.2517443044652884,-0.8494550826402958,0.018803316068794096,0.9125946493747831,0,12273,ok,extreme thresholds are audit flags only; units differ by modality
4,data/limb/subject04/StaticP2/subject4_limb_EMG.mat,StaticP2,8,ACC.Y electrode 1,float64,75600,0,0,False,-1.1091703954813823,-0.031238450146946393,-0.37516514643843635,0.26373709071281276,-0.26760895999753875,0.02974694161205714,1.1091703954813823,0,0,ok,extreme thresholds are audit flags only; units differ by modality
4,data/limb/subject04/StaticP2/subject4_limb_EMG.mat,StaticP2,9,ACC.Z electrode 1,float64,75600,0,0,False,0.007767718713220597,0.4801906446065521,0.3482259708140297,0.10809476519338183,0.37169641371041884,0.0262006716929524,0.4801906446065521,0,0,ok,extreme thresholds are audit flags only; units differ by modality
4,data/limb/subject04/StaticP2/subject4_limb_EMG.mat,StaticP2,10,GYRO.X electrode 1,float64,75600,0,0,False,-20.524238748129314,-1.309025755317395,-12.829535341357342,1.15830290201379,-12.832508671672144,0.6089037326645821,20.524238748129314,0,0,ok,extreme thresholds are audit flags only; units differ by modality
4,data/limb/subject04/StaticP2/subject4_limb_EMG.mat,StaticP2,11,GYRO.Y electrode 1,float64,75600,0,0,False,-21.052887276336076,26.0465682788651,0.45399022751017243,2.759466210177626,0.322274687984788,1.4205733656786579,26.0465682788651,0,0,ok,extreme thresholds are audit flags only; units differ by modality
4,data/limb/subject04/StaticP2/subject4_limb_EMG.mat,StaticP2,12,GYRO.Z electrode 1,float64,75600,0,0,False,-5.471953647626621,2.488979873273667,-1.7700976564045587,0.8657151181368555,-1.7574495495223301,0.4910501359536352,5.471953647626621,0,0,ok,extreme thresholds are audit flags only; units differ by modality
4,data/limb/subject04/StaticP2/subject4_limb_EMG.mat,StaticP2,13,ACC.X electrode 2,float64,75600,0,0,False,-0.8931987200229151,-0.02468948308973488,-0.7322908737175219,0.19898506265776275,-0.808431079842522,0.022544520137636637,0.8931987200229151,0,2,ok,extreme thresholds are audit flags only; units differ by modality
4,data/limb/subject04/StaticP2/subject4_limb_EMG.mat,StaticP2,14,ACC.Y electrode 2,float64,75600,0,0,False,-1.1007251064446566,-0.026189494323396255,-0.317499515319557,0.2849773967393277,-0.20220996695026972,0.03308304606447858,1.1007251064446566,0,0,ok,extreme thresholds are audit flags only; units differ by modality
4,data/limb/subject04/StaticP2/subject4_limb_EMG.mat,StaticP2,15,ACC.Z electrode 2,float64,75600,0,0,False,-0.7011555729812051,-0.01981039295077963,-0.5523168832100871,0.18612438442148663,-0.6332568776814209,0.027380386114099098,0.7011555729812051,0,0,ok,extreme thresholds are audit flags only; units differ by modality
4,data/limb/subject04/StaticP2/subject4_limb_EMG.mat,StaticP2,16,GYRO.X electrode 2,float64,75600,0,0,False,-14.338943877581881,-0.5539233031403668,-9.783470293347472,0.8568068723458625,-9.80020596551741,0.508226317426355,14.338943877581881,0,0,ok,extreme thresholds are audit flags only; units differ by modality
4,data/limb/subject04/StaticP2/subject4_limb_EMG.mat,StaticP2,17,GYRO.Y electrode 2,float64,75600,0,0,False,-13.608160981989547,18.57481318995765,-2.6556314808565937,1.9137006768001208,-2.6984246601140223,0.924484407565761,18.57481318995765,0,0,ok,extreme thresholds are audit flags only; units differ by modality
4,data/limb/subject04/StaticP2/subject4_limb_EMG.mat,StaticP2,18,GYRO.Z electrode 2,float64,75600,0,0,False,-9.425267542302203,0.18305011317331768,-3.583135841237059,0.8031744309100399,-3.606817005630262,0.4531493037858614,9.425267542302203,0,0,ok,extreme thresholds are audit flags only; units differ by modality
4,data/limb/subject04/StaticP2/subject4_limb_EMG.mat,StaticP2,19,ACC.X electrode 3,float64,75600,0,0,False,0.016128485134111647,0.5757895250730207,0.4382103231474341,0.16526135226422603,0.504888787985883,0.01605739754409899,0.5757895250730207,0,7,ok,extreme thresholds are audit flags only; units differ by modality
4,data/limb/subject04/StaticP2/subject4_limb_EMG.mat,StaticP2,20,ACC.Y electrode 3,float64,75600,0,0,False,-1.0542128836951647,0.09585125060722087,-0.18575627509140621,0.326407629330744,-0.07480324699836433,0.04411258933753282,1.0542128836951647,0,0,ok,extreme thresholds are audit flags only; units differ by modality
4,data/limb/subject04/StaticP2/subject4_limb_EMG.mat,StaticP2,21,ACC.Z electrode 3,float64,75600,0,0,False,-0.9910350342720385,-0.039785710826547784,-0.8530314131348279,0.17487466284464093,-0.9263989581910244,0.010474826255110536,0.9910350342720385,0,12273,ok,extreme thresholds are audit flags only; units differ by modality
4,data/limb/subject04/StaticP2/subject4_limb_EMG.mat,StaticP2,22,GYRO.X electrode 3,float64,75600,0,0,False,0.17938619761353072,22.856811211450168,16.765823900679152,1.2393161522433114,16.840626422713516,0.6311846075378789,22.856811211450168,0,0,ok,extreme thresholds are audit flags only; units differ by modality
4,data/limb/subject04/StaticP2/subject4_limb_EMG.mat,StaticP2,23,GYRO.Y electrode 3,float64,75600,0,0,False,-18.854726096614318,44.15617368206326,2.953787403820262,2.817761815107219,2.867778768786196,1.2157380479243787,44.15617368206326,0,19,ok,extreme thresholds are audit flags only; units differ by modality
4,data/limb/subject04/StaticP2/subject4_limb_EMG.mat,StaticP2,24,GYRO.Z electrode 3,float64,75600,0,0,False,-2.5494837436450553,8.688146433505377,2.241317461709867,0.9071646236018192,2.2465340073497195,0.5221501445399086,8.688146433505377,0,0,ok,extreme thresholds are audit flags only; units differ by modality
4,data/limb/subject04/StaticP2/subject4_limb_EMG.mat,StaticP2,25,ACC.X electrode 4,float64,75600,0,0,False,0.027266322963013553,0.6988866495894792,0.5724838016814886,0.1293087954339179,0.6222343133373329,0.017811539004211785,0.6988866495894792,0,2,ok,extreme thresholds are audit flags only; units differ by modality
4,data/limb/subject04/StaticP2/subject4_limb_EMG.mat,StaticP2,26,ACC.Y electrode 4,float64,75600,0,0,False,-1.087506834709885,-0.025530339004276877,-0.30328446787251956,0.2843955957974267,-0.1925557100701076,0.042757549473214126,1.087506834709885,0,0,ok,extreme thresholds are audit flags only; units differ by modality
4,data/limb/subject04/StaticP2/subject4_limb_EMG.mat,StaticP2,27,ACC.Z electrode 4,float64,75600,0,0,False,0.018491455709445923,0.744985900099131,0.5966990159034639,0.2106891541596561,0.6815668606101637,0.014167642465637231,0.744985900099131,0,12273,ok,extreme thresholds are audit flags only; units differ by modality
4,data/limb/subject04/StaticP2/subject4_limb_EMG.mat,StaticP2,28,GYRO.X electrode 4,float64,75600,0,0,False,-4.5393198776669275,10.306089656767153,3.0707462796311256,1.2226780865930105,3.0904555911662315,0.6895825849858037,10.306089656767153,0,0,ok,extreme thresholds are audit flags only; units differ by modality
4,data/limb/subject04/StaticP2/subject4_limb_EMG.mat,StaticP2,29,GYRO.Y electrode 4,float64,75600,0,0,False,-6.776849708169206,31.81823559907776,6.488464166486905,2.200317547147528,6.483912455705269,1.0865211488778423,31.81823559907776,0,0,ok,extreme thresholds are audit flags only; units differ by modality
4,data/limb/subject04/StaticP2/subject4_limb_EMG.mat,StaticP2,30,GYRO.Z electrode 4,float64,75600,0,0,False,-3.805630148459669,8.610006720619296,3.44193914851904,0.9611783054056613,3.478525283190145,0.5546402170483096,8.610006720619296,0,0,ok,extreme thresholds are audit flags only; units differ by modality
4,data/limb/subject04/StaticP2/subject4_limb_EMG.mat,StaticP2,31,ACC.X electrode 5,float64,75600,0,0,False,0.018841735193593938,0.398706155966863,0.30695754782181334,0.028140642821971255,0.297262084854759,0.021376803944786443,0.398706155966863,0,0,ok,extreme thresholds are audit flags only; units differ by modality
4,data/limb/subject04/StaticP2/subject4_limb_EMG.mat,StaticP2,32,ACC.Y electrode 5,float64,75600,0,0,False,-1.086001928572295,-0.08338056864862749,-0.9166419485621359,0.015642516489542478,-0.9139702715260936,0.00785349221797621,1.086001928572295,0,2,ok,extreme thresholds are audit flags only; units differ by modality
4,data/limb/subject04/StaticP2/subject4_limb_EMG.mat,StaticP2,33,ACC.Z electrode 5,float64,75600,0,0,False,-0.3879806501015505,-0.018887064138117478,-0.30782149778303625,0.03500627068540405,-0.3185732613542246,0.021987788225670934,0.3879806501015505,0,0,ok,extreme thresholds are audit flags only; units differ by modality
4,data/limb/subject04/StaticP2/subject4_limb_EMG.mat,StaticP2,34,GYRO.X electrode 5,float64,75600,0,0,False,0.42949973343404946,10.34975063580838,5.23523338357591,0.9634508820877217,5.227500111142067,0.5876743502363668,10.34975063580838,0,0,ok,extreme thresholds are audit flags only; units differ by modality
4,data/limb/subject04/StaticP2/subject4_limb_EMG.mat,StaticP2,35,GYRO.Y electrode 5,float64,75600,0,0,False,-11.41446485485394,16.47448016540805,5.454767762995264,1.8284193574320384,5.5104410426480115,1.0804181158603336,16.47448016540805,0,0,ok,extreme thresholds are audit flags only; units differ by modality
4,data/limb/subject04/StaticP2/subject4_limb_EMG.mat,StaticP2,36,GYRO.Z electrode 5,float64,75600,0,0,False,-5.498541968248112,2.21680170480353,-2.0959296115242028,0.6849321198416494,-2.078416536935496,0.39281609607800216,5.498541968248112,0,0,ok,extreme thresholds are audit flags only; units differ by modality
4,data/limb/subject04/StaticP2/subject4_limb_EMG.mat,StaticP2,37,ACC.X electrode 6,float64,75600,0,0,False,-0.38717689877721895,-0.0255209815167857,-0.316603323592717,0.013313017311058915,-0.3167168150053632,0.009148360423259172,0.38717689877721895,0,2,ok,extreme thresholds are audit flags only; units differ by modality
4,data/limb/subject04/StaticP2/subject4_limb_EMG.mat,StaticP2,38,ACC.Y electrode 6,float64,75600,0,0,False,-1.057758005929781,-0.08587103524363748,-0.9267178160605556,0.011118897899986678,-0.9267701963800918,0.006716889666453396,1.057758005929781,0,2,ok,extreme thresholds are audit flags only; units differ by modality
4,data/limb/subject04/StaticP2/subject4_limb_EMG.mat,StaticP2,39,ACC.Z electrode 6,float64,75600,0,0,False,-0.3097740810467307,-0.02076847430318315,-0.2463016422524796,0.026828696364228806,-0.23712239233656035,0.01569422497089569,0.3097740810467307,0,0,ok,extreme thresholds are audit flags only; units differ by modality
4,data/limb/subject04/StaticP2/subject4_limb_EMG.mat,StaticP2,40,GYRO.X electrode 6,float64,75600,0,0,False,-5.449677027839753,1.8411558175223548,-1.0466029938622465,0.7482237176295987,-1.016406135650266,0.4295123982061104,5.449677027839753,0,0,ok,extreme thresholds are audit flags only; units differ by modality
4,data/limb/subject04/StaticP2/subject4_limb_EMG.mat,StaticP2,41,GYRO.Y electrode 6,float64,75600,0,0,False,-2.444328630694544,11.41399377470261,6.231033867115187,1.3700055742047292,6.267467209599223,0.8108678518862731,11.41399377470261,0,0,ok,extreme thresholds are audit flags only; units differ by modality
4,data/limb/subject04/StaticP2/subject4_limb_EMG.mat,StaticP2,42,GYRO.Z electrode 6,float64,75600,0,0,False,-5.191245084090647,1.8305011317331767,-0.8145055738675541,0.72880888989465,-0.8125034428938125,0.45233362421614,5.191245084090647,0,0,ok,extreme thresholds are audit flags only; units differ by modality
4,data/limb/subject04/StaticP3/subject4_limb_EMG.mat,StaticP3,1,EMG electrode 1,float64,75600,0,0,False,-0.000181109,0.000191852,3.3105619933862447e-08,1.6652767062817746e-05,-5.03548e-07,5.7068720000000004e-06,0.000191852,0,2,ok,extreme thresholds are audit flags only; units differ by modality
4,data/limb/subject04/StaticP3/subject4_limb_EMG.mat,StaticP3,2,EMG electrode 2,float64,75600,0,0,False,-4.39765e-05,7.82177e-05,3.856132630965609e-06,7.025492716031028e-06,3.86053e-06,3.6926899999999995e-06,7.82177e-05,0,0,ok,extreme thresholds are audit flags only; units differ by modality
4,data/limb/subject04/StaticP3/subject4_limb_EMG.mat,StaticP3,3,EMG electrode 3,float64,75600,0,0,False,-0.000108934,0.000129412,8.996969049563491e-06,8.453014794165533e-06,9.06386e-06,2.0142399999999995e-06,0.000129412,0,138,ok,extreme thresholds are audit flags only; units differ by modality
4,data/limb/subject04/StaticP3/subject4_limb_EMG.mat,StaticP3,4,EMG electrode 4,float64,75600,0,0,False,-5.99222e-05,1.14137e-05,-2.136890196179894e-05,3.9147968573581265e-06,-2.13169e-05,2.3498000000000025e-06,5.99222e-05,0,0,ok,extreme thresholds are audit flags only; units differ by modality
4,data/limb/subject04/StaticP3/subject4_limb_EMG.mat,StaticP3,5,EMG electrode 5,float64,75600,0,0,False,-8.61067e-05,2.51774e-05,-1.9121296856785714e-05,1.053665758890003e-05,-1.84634e-05,5.8747e-06,8.61067e-05,0,0,ok,extreme thresholds are audit flags only; units differ by modality
4,data/limb/subject04/StaticP3/subject4_limb_EMG.mat,StaticP3,6,EMG electrode 6,float64,75600,0,0,False,-3.23949e-05,3.69268e-06,-7.610822793531747e-06,2.416910052891747e-06,-7.55322e-06,1.678490000000001e-06,3.23949e-05,0,0,ok,extreme thresholds are audit flags only; units differ by modality
4,data/limb/subject04/StaticP3/subject4_limb_EMG.mat,StaticP3,7,ACC.X electrode 1,float64,75600,0,0,False,-0.9439078712328298,-0.012672356095381684,-0.7905569131236293,0.23286707230243248,-0.8823589718970122,0.011858014008565565,0.9439078712328298,0,10200,ok,extreme thresholds are audit flags only; units differ by modality
4,data/limb/subject04/StaticP3/subject4_limb_EMG.mat,StaticP3,8,ACC.Y electrode 1,float64,75600,0,0,False,-1.1023998432496025,0.25896316966882804,-0.005444163208037895,0.3830153131924113,0.15409093660972137,0.030450201856945275,1.1023998432496025,0,10198,ok,extreme thresholds are audit flags only; units differ by modality
4,data/limb/subject04/StaticP3/subject4_limb_EMG.mat,StaticP3,9,ACC.Z electrode 1,float64,75600,0,0,False,0.008977744183259648,0.45019226033308757,0.35213692217981635,0.10085838604601956,0.3813909712912966,0.021830192902431544,0.45019226033308757,0,0,ok,extreme thresholds are audit flags only; units differ by modality
4,data/limb/subject04/StaticP3/subject4_limb_EMG.mat,StaticP3,10,GYRO.X electrode 1,float64,75600,0,0,False,-41.64774135191306,28.893769873243972,-12.92220924140719,1.5961272154103454,-12.943251634738335,0.7124224993144841,41.64774135191306,0,65,ok,extreme thresholds are audit flags only; units differ by modality
4,data/limb/subject04/StaticP3/subject4_limb_EMG.mat,StaticP3,11,GYRO.Y electrode 1,float64,75600,0,0,False,-25.105101291703424,29.428534523485936,0.3563237191120487,2.475653734246713,0.3298415796003864,1.191081645021913,29.428534523485936,0,0,ok,extreme thresholds are audit flags only; units differ by modality
4,data/limb/subject04/StaticP3/subject4_limb_EMG.mat,StaticP3,12,GYRO.Z electrode 1,float64,75600,0,0,False,-24.203141006042525,46.626070554072136,-1.7552733942872119,1.5237511288181682,-1.7665258398715293,0.5276175602311177,46.626070554072136,0,65,ok,extreme thresholds are audit flags only; units differ by modality
4,data/limb/subject04/StaticP3/subject4_limb_EMG.mat,StaticP3,13,ACC.X electrode 2,float64,75600,0,0,False,-0.8777271570883421,-0.02239722722131137,-0.7506293176771737,0.18398976276067217,-0.8215897295308957,0.007859396023178311,0.8777271570883421,0,10200,ok,extreme thresholds are audit flags only; units differ by modality
4,data/limb/subject04/StaticP3/subject4_limb_EMG.mat,StaticP3,14,ACC.Y electrode 2,float64,75600,0,0,False,-1.0938502117291535,0.3811153249825154,0.08753179795598569,0.41663872497333687,0.25707333591675496,0.04195578072188322,1.0938502117291535,0,22,ok,extreme thresholds are audit flags only; units differ by modality
4,data/limb/subject04/StaticP3/subject4_limb_EMG.mat,StaticP3,15,ACC.Z electrode 2,float64,75600,0,0,False,-0.6747827876758403,-0.009136090495416058,-0.5425714964576132,0.15342358542743817,-0.5926372511283351,0.012458637837018838,0.6747827876758403,0,10159,ok,extreme thresholds are audit flags only; units differ by modality
4,data/limb/subject04/StaticP3/subject4_limb_EMG.mat,StaticP3,16,GYRO.X electrode 2,float64,75600,0,0,False,-47.10573592093019,6.520624534935485,-9.797990947778212,1.2755735727765054,-9.816758961411264,0.5404940638150642,47.10573592093019,0,65,ok,extreme thresholds are audit flags only; units differ by modality
4,data/limb/subject04/StaticP3/subject4_limb_EMG.mat,StaticP3,17,GYRO.Y electrode 2,float64,75600,0,0,False,-36.95394998865048,33.68054081878644,-2.6040219246007648,1.963498901872677,-2.6671972535676307,0.8755371799490956,36.95394998865048,0,65,ok,extreme thresholds are audit flags only; units differ by modality
4,data/limb/subject04/StaticP3/subject4_limb_EMG.mat,StaticP3,18,GYRO.Z electrode 2,float64,75600,0,0,False,-40.24170992664224,51.82273317924821,-3.689216203540388,1.6684847143348196,-3.6988357010822948,0.4610474400350304,51.82273317924821,0,65,ok,extreme thresholds are audit flags only; units differ by modality
4,data/limb/subject04/StaticP3/subject4_limb_EMG.mat,StaticP3,19,ACC.X electrode 3,float64,75600,0,0,False,0.0045689942477308764,0.5553719289329035,0.42661716253993737,0.1336927028441123,0.47223236133291074,0.01559624097219095,0.5553719289329035,0,1,ok,extreme thresholds are audit flags only; units differ by modality
4,data/limb/subject04/StaticP3/subject4_limb_EMG.mat,StaticP3,20,ACC.Y electrode 3,float64,75600,0,0,False,-1.0519917525631355,0.5551685002989376,0.23617067822107635,0.4602322698409821,0.4307534972810161,0.04476032151615528,1.0519917525631355,0,10064,ok,extreme thresholds are audit flags only; units differ by modality
4,data/limb/subject04/StaticP3/subject4_limb_EMG.mat,StaticP3,21,ACC.Z electrode 3,float64,75600,0,0,False,-0.9253587369150493,-0.039220457322600544,-0.7938086438082765,0.13833051290541692,-0.8413202160785738,0.030307510244405034,0.9253587369150493,0,0,ok,extreme thresholds are audit flags only; units differ by modality
4,data/limb/subject04/StaticP3/subject4_limb_EMG.mat,StaticP3,22,GYRO.X electrode 3,float64,75600,0,0,False,-36.11732686371452,50.982987153474895,16.986394408811005,1.9028394275342355,16.994098913498803,0.6519445156518806,50.982987153474895,0,65,ok,extreme thresholds are audit flags only; units differ by modality
4,data/limb/subject04/StaticP3/subject4_limb_EMG.mat,StaticP3,23,GYRO.Y electrode 3,float64,75600,0,0,False,-17.6435845179036,29.476893640462208,3.0378148735132133,2.439787233132812,2.9091549852788514,1.15542957580262,29.476893640462208,0,0,ok,extreme thresholds are audit flags only; units differ by modality
4,data/limb/subject04/StaticP3/subject4_limb_EMG.mat,StaticP3,24,GYRO.Z electrode 3,float64,75600,0,0,False,-30.9977578053781,8.258340158615557,2.213955624435577,1.2193597889012409,2.246994780285031,0.5422837691003422,30.9977578053781,0,64,ok,extreme thresholds are audit flags only; units differ by modality
4,data/limb/subject04/StaticP3/subject4_limb_EMG.mat,StaticP3,25,ACC.X electrode 4,float64,75600,0,0,False,0.023747806364078906,0.6811255585857671,0.5749602898058273,0.12103558692331139,0.6191012863103892,0.019437192009252757,0.6811255585857671,0,2,ok,extreme thresholds are audit flags only; units differ by modality
4,data/limb/subject04/StaticP3/subject4_limb_EMG.mat,StaticP3,26,ACC.Y electrode 4,float64,75600,0,0,False,-1.0731730457054067,0.3719588372257779,0.06915786839184339,0.40245285617762394,0.2331534588551924,0.0399683653147658,1.0731730457054067,0,455,ok,extreme thresholds are audit flags only; units differ by modality
4,data/limb/subject04/StaticP3/subject4_limb_EMG.mat,StaticP3,27,ACC.Z electrode 4,float64,75600,0,0,False,0.00934885779924493,0.736660352599448,0.6066901874517934,0.1808876520883226,0.675490701049595,0.006915342679114478,0.736660352599448,0,10200,ok,extreme thresholds are audit flags only; units differ by modality
4,data/limb/subject04/StaticP3/subject4_limb_EMG.mat,StaticP3,28,GYRO.X electrode 4,float64,75600,0,0,False,-18.52242563985171,43.65135623539274,3.140130229969235,1.6161612611922704,3.104954876215042,0.6692709812197395,43.65135623539274,0,65,ok,extreme thresholds are audit flags only; units differ by modality
4,data/limb/subject04/StaticP3/subject4_limb_EMG.mat,StaticP3,29,GYRO.Y electrode 4,float64,75600,0,0,False,-21.021709026855568,36.54944737086063,6.446411246144095,1.763367978677335,6.375419182158115,0.8844757701205963,36.54944737086063,0,13,ok,extreme thresholds are audit flags only; units differ by modality
4,data/limb/subject04/StaticP3/subject4_limb_EMG.mat,StaticP3,30,GYRO.Z electrode 4,float64,75600,0,0,False,-33.19232668857788,33.49043668564349,3.587646579261178,1.4699987962308019,3.5970634498193093,0.6130881524939795,33.49043668564349,0,65,ok,extreme thresholds are audit flags only; units differ by modality
4,data/limb/subject04/StaticP3/subject4_limb_EMG.mat,StaticP3,31,ACC.X electrode 5,float64,75600,0,0,False,0.02462637170473989,0.399393149203945,0.326172717314068,0.03356246413639512,0.3334162149582707,0.006987695478886058,0.399393149203945,0,2,ok,extreme thresholds are audit flags only; units differ by modality
4,data/limb/subject04/StaticP3/subject4_limb_EMG.mat,StaticP3,32,ACC.Y electrode 5,float64,75600,0,0,False,-1.0823010258150734,-0.08509853788346239,-0.9218988578926469,0.0155396480866194,-0.9185789388211009,0.006009068737650447,1.0823010258150734,0,2,ok,extreme thresholds are audit flags only; units differ by modality
4,data/limb/subject04/StaticP3/subject4_limb_EMG.mat,StaticP3,33,ACC.Z electrode 5,float64,75600,0,0,False,-0.40324226115417316,-0.02266000041647195,-0.2559666726107063,0.030220294251883863,-0.25901559523774614,0.020823014960486108,0.40324226115417316,0,0,ok,extreme thresholds are audit flags only; units differ by modality
4,data/limb/subject04/StaticP3/subject4_limb_EMG.mat,StaticP3,34,GYRO.X electrode 5,float64,75600,0,0,False,-5.77875544339386,14.704990067585543,5.357965340439422,0.9246199362983482,5.313565172687131,0.517875004142315,14.704990067585543,0,0,ok,extreme thresholds are audit flags only; units differ by modality
4,data/limb/subject04/StaticP3/subject4_limb_EMG.mat,StaticP3,35,GYRO.Y electrode 5,float64,75600,0,0,False,-10.900987149593341,25.541596545244854,5.496244486849951,1.351524631810253,5.494639364045023,0.7605754440056987,25.541596545244854,0,0,ok,extreme thresholds are audit flags only; units differ by modality
4,data/limb/subject04/StaticP3/subject4_limb_EMG.mat,StaticP3,36,GYRO.Z electrode 5,float64,75600,0,0,False,-12.143101704089178,5.1349399567966225,-2.0854080017794905,0.8275186571042374,-2.0619610341325294,0.4715008697617854,12.143101704089178,0,0,ok,extreme thresholds are audit flags only; units differ by modality
4,data/limb/subject04/StaticP3/subject4_limb_EMG.mat,StaticP3,37,ACC.X electrode 6,float64,75600,0,0,False,-0.36841178101833694,-0.034677140183431876,-0.2518702177065231,0.02947554430085056,-0.24316330666974473,0.009347203858788095,0.36841178101833694,0,0,ok,extreme thresholds are audit flags only; units differ by modality
4,data/limb/subject04/StaticP3/subject4_limb_EMG.mat,StaticP3,38,ACC.Y electrode 6,float64,75600,0,0,False,-1.0618513307605282,-0.08361676031491702,-0.9225944623709923,0.010449468810273517,-0.9231664013119409,0.006008827066333267,1.0618513307605282,0,2,ok,extreme thresholds are audit flags only; units differ by modality
4,data/limb/subject04/StaticP3/subject4_limb_EMG.mat,StaticP3,39,ACC.Z electrode 6,float64,75600,0,0,False,-0.4050574276124432,-0.01875586184135259,-0.34086746710548205,0.04327825888694077,-0.3494390644796939,0.009704036239949448,0.4050574276124432,0,2,ok,extreme thresholds are audit flags only; units differ by modality
4,data/limb/subject04/StaticP3/subject4_limb_EMG.mat,StaticP3,40,GYRO.X electrode 6,float64,75600,0,0,False,-3.29542659399787,4.806900882935723,-0.9845492792472139,0.7049087714737582,-0.9943504166081079,0.4452527016627565,4.806900882935723,0,0,ok,extreme thresholds are audit flags only; units differ by modality
4,data/limb/subject04/StaticP3/subject4_limb_EMG.mat,StaticP3,41,GYRO.Y electrode 6,float64,75600,0,0,False,-11.021283360396628,24.3685368447798,6.193119938887455,1.539736650358213,6.15169071877718,0.8747032845488065,24.3685368447798,0,0,ok,extreme thresholds are audit flags only; units differ by modality
4,data/limb/subject04/StaticP3/subject4_limb_EMG.mat,StaticP3,42,GYRO.Z electrode 6,float64,75600,0,0,False,-5.513394352321067,12.900053527447698,-0.8421048034702863,0.6729554432967505,-0.8536208826580887,0.41214103053738693,12.900053527447698,0,1,ok,extreme thresholds are audit flags only; units differ by modality
4,data/limb/subject04/StaticP4/subject4_limb_EMG.mat,StaticP4,1,EMG electrode 1,float64,75600,0,0,False,-0.000140826,0.000210651,6.002359890211639e-08,1.6672688739508482e-05,-8.39246e-07,6.042573999999999e-06,0.000210651,0,2,ok,extreme thresholds are audit flags only; units differ by modality
4,data/limb/subject04/StaticP4/subject4_limb_EMG.mat,StaticP4,2,EMG electrode 2,float64,75600,0,0,False,-0.000137133,0.000262516,3.834556298941798e-06,1.8103649331154457e-05,3.52483e-06,4.86763e-06,0.000262516,0,36,ok,extreme thresholds are audit flags only; units differ by modality
4,data/limb/subject04/StaticP4/subject4_limb_EMG.mat,StaticP4,3,EMG electrode 3,float64,75600,0,0,False,-0.000155261,0.000115648,8.99143870904762e-06,1.0452208515038717e-05,9.06386e-06,2.517739999999999e-06,0.000155261,0,79,ok,extreme thresholds are audit flags only; units differ by modality
4,data/limb/subject04/StaticP4/subject4_limb_EMG.mat,StaticP4,4,EMG electrode 4,float64,75600,0,0,False,-4.75013e-05,1.561e-05,-2.135210873571429e-05,3.3322345366667936e-06,-2.13169e-05,2.0141000000000016e-06,4.75013e-05,0,0,ok,extreme thresholds are audit flags only; units differ by modality
4,data/limb/subject04/StaticP4/subject4_limb_EMG.mat,StaticP4,5,EMG electrode 5,float64,75600,0,0,False,-2.92058e-05,-1.02388e-05,-1.9123254511904763e-05,2.107494497047806e-06,-1.91348e-05,1.5105999999999987e-06,2.92058e-05,0,0,ok,extreme thresholds are audit flags only; units differ by modality
4,data/limb/subject04/StaticP4/subject4_limb_EMG.mat,StaticP4,6,EMG electrode 6,float64,75600,0,0,False,-1.76242e-05,8.39246e-07,-7.644850007883598e-06,2.175033539646065e-06,-7.55322e-06,1.3427999999999992e-06,1.76242e-05,0,0,ok,extreme thresholds are audit flags only; units differ by modality
4,data/limb/subject04/StaticP4/subject4_limb_EMG.mat,StaticP4,7,ACC.X electrode 1,float64,75600,0,0,False,-0.2601670778271889,0.027085400578548014,-0.15829359235661775,0.01610198411274815,-0.1577802404820464,0.011278519133308545,0.2601670778271889,0,0,ok,extreme thresholds are audit flags only; units differ by modality
4,data/limb/subject04/StaticP4/subject4_limb_EMG.mat,StaticP4,8,ACC.Y electrode 1,float64,75600,0,0,False,-1.1058112193639422,-0.08948108712677141,-0.9661936114138064,0.009320841325209507,-0.9670811227604534,0.005129548883208268,1.1058112193639422,0,1,ok,extreme thresholds are audit flags only; units differ by modality
4,data/limb/subject04/StaticP4/subject4_limb_EMG.mat,StaticP4,9,ACC.Z electrode 1,float64,75600,0,0,False,0.012887584910622278,0.2379516629333256,0.14745017694766685,0.03544793594382697,0.13812744010046962,0.014467471784799096,0.2379516629333256,0,0,ok,extreme thresholds are audit flags only; units differ by modality
4,data/limb/subject04/StaticP4/subject4_limb_EMG.mat,StaticP4,10,GYRO.X electrode 1,float64,75600,0,0,False,-24.50901609428499,-1.3180234747883457,-12.86238001998246,1.1720330144259585,-12.905390759338784,0.6050170006864626,24.50901609428499,0,0,ok,extreme thresholds are audit flags only; units differ by modality
4,data/limb/subject04/StaticP4/subject4_limb_EMG.mat,StaticP4,11,GYRO.Y electrode 1,float64,75600,0,0,False,-38.22287300539921,29.287998094270467,0.32600741072161177,2.9457867851714568,0.24304612626975058,1.4153952453393337,38.22287300539921,0,0,ok,extreme thresholds are audit flags only; units differ by modality
4,data/limb/subject04/StaticP4/subject4_limb_EMG.mat,StaticP4,12,GYRO.Z electrode 1,float64,75600,0,0,False,-8.55154939328389,5.27753775827106,-1.742192700075062,1.0203937169194037,-1.7448218023276878,0.5855020839929672,8.55154939328389,0,0,ok,extreme thresholds are audit flags only; units differ by modality
4,data/limb/subject04/StaticP4/subject4_limb_EMG.mat,StaticP4,13,ACC.X electrode 2,float64,75600,0,0,False,-0.3815739898331476,-0.026715117156543795,-0.29182595555058843,0.01816002694542424,-0.2934403664545132,0.010360336994060665,0.3815739898331476,0,0,ok,extreme thresholds are audit flags only; units differ by modality
4,data/limb/subject04/StaticP4/subject4_limb_EMG.mat,StaticP4,14,ACC.Y electrode 2,float64,75600,0,0,False,-1.0992395121697514,-0.08855359857235641,-0.959140427496589,0.007889454001852295,-0.9588436552053776,0.004342271093994821,1.0992395121697514,0,5,ok,extreme thresholds are audit flags only; units differ by modality
4,data/limb/subject04/StaticP4/subject4_limb_EMG.mat,StaticP4,15,ACC.Z electrode 2,float64,75600,0,0,False,-0.16608457157005047,-0.009604762594599307,-0.10486312031212353,0.02162176106311107,-0.10565411314967654,0.01112342738405002,0.16608457157005047,0,0,ok,extreme thresholds are audit flags only; units differ by modality
4,data/limb/subject04/StaticP4/subject4_limb_EMG.mat,StaticP4,16,GYRO.X electrode 2,float64,75600,0,0,False,-15.073581844847107,-0.8992626407466138,-9.7998156383292,0.9913316437390887,-9.78844871276154,0.5794840565925439,15.073581844847107,0,0,ok,extreme thresholds are audit flags only; units differ by modality
4,data/limb/subject04/StaticP4/subject4_limb_EMG.mat,StaticP4,17,GYRO.Y electrode 2,float64,75600,0,0,False,-47.39543639339851,40.28362812330556,-2.7449082653623433,2.6111625813995936,-2.791767827960762,1.0175119528034937,47.39543639339851,0,91,ok,extreme thresholds are audit flags only; units differ by modality
4,data/limb/subject04/StaticP4/subject4_limb_EMG.mat,StaticP4,18,GYRO.Z electrode 2,float64,75600,0,0,False,-8.002146850162122,2.687650037840003,-3.5579354247333614,0.9868141776346707,-3.5829638830209625,0.5518024449711534,8.002146850162122,0,0,ok,extreme thresholds are audit flags only; units differ by modality
4,data/limb/subject04/StaticP4/subject4_limb_EMG.mat,StaticP4,19,ACC.X electrode 3,float64,75600,0,0,False,-0.042462575904056984,0.19734307135877302,0.05218062183314889,0.01788039163702913,0.0547626087213921,0.011700945939309634,0.19734307135877302,0,0,ok,extreme thresholds are audit flags only; units differ by modality
4,data/limb/subject04/StaticP4/subject4_limb_EMG.mat,StaticP4,20,ACC.Y electrode 3,float64,75600,0,0,False,-1.0482839494538783,-0.08448673086164564,-0.9053785021769858,0.019252652745126015,-0.9110197818716927,0.006302459739799038,1.0482839494538783,0,1,ok,extreme thresholds are audit flags only; units differ by modality
4,data/limb/subject04/StaticP4/subject4_limb_EMG.mat,StaticP4,21,ACC.Z electrode 3,float64,75600,0,0,False,-0.5802560590325481,-0.041864688238567094,-0.4793693801154381,0.03778651988496901,-0.4677490658623259,0.009261051045987984,0.5802560590325481,0,1,ok,extreme thresholds are audit flags only; units differ by modality
4,data/limb/subject04/StaticP4/subject4_limb_EMG.mat,StaticP4,22,GYRO.X electrode 3,float64,75600,0,0,False,1.7588361795987915,25.790248736993206,16.757228260347834,1.3308655719237967,16.843325154316346,0.669223283748325,25.790248736993206,0,0,ok,extreme thresholds are audit flags only; units differ by modality
4,data/limb/subject04/StaticP4/subject4_limb_EMG.mat,StaticP4,23,GYRO.Y electrode 3,float64,75600,0,0,False,-39.277660691671684,26.138573127512057,2.764100525101631,2.614253332125143,2.8130848657517813,1.1656368492109765,39.277660691671684,0,18,ok,extreme thresholds are audit flags only; units differ by modality
4,data/limb/subject04/StaticP4/subject4_limb_EMG.mat,StaticP4,24,GYRO.Z electrode 3,float64,75600,0,0,False,-3.63542579504479,8.277342231278729,2.1555349018344296,1.0039238275965607,2.2023388982676355,0.5631869233560106,8.277342231278729,0,0,ok,extreme thresholds are audit flags only; units differ by modality
4,data/limb/subject04/StaticP4/subject4_limb_EMG.mat,StaticP4,25,ACC.X electrode 4,float64,75600,0,0,False,0.028045312757835665,0.39405371050771526,0.29486060339907577,0.02450073701249231,0.29514374832464507,0.016021005565532515,0.39405371050771526,0,0,ok,extreme thresholds are audit flags only; units differ by modality
4,data/limb/subject04/StaticP4/subject4_limb_EMG.mat,StaticP4,26,ACC.Y electrode 4,float64,75600,0,0,False,-1.08613068478837,-0.0870792600444374,-0.9432865429476354,0.009473697914695161,-0.9433159631542011,0.005710056459650614,1.08613068478837,0,1,ok,extreme thresholds are audit flags only; units differ by modality
4,data/limb/subject04/StaticP4/subject4_limb_EMG.mat,StaticP4,27,ACC.Z electrode 4,float64,75600,0,0,False,-0.010730956377461423,0.20241951307139228,0.10664189242498831,0.014569483746522272,0.10723323219886106,0.009014456478651116,0.20241951307139228,0,0,ok,extreme thresholds are audit flags only; units differ by modality
4,data/limb/subject04/StaticP4/subject4_limb_EMG.mat,StaticP4,28,GYRO.X electrode 4,float64,75600,0,0,False,-9.154218959671804,13.275082004505244,3.234173723415752,1.1691640839073991,3.2044050194312823,0.6612359781541022,13.275082004505244,0,0,ok,extreme thresholds are audit flags only; units differ by modality
4,data/limb/subject04/StaticP4/subject4_limb_EMG.mat,StaticP4,29,GYRO.Y electrode 4,float64,75600,0,0,False,-47.9169473423791,26.700260318946558,6.412051103446574,2.5082462662297247,6.416672890726619,1.1237405226399964,47.9169473423791,0,21,ok,extreme thresholds are audit flags only; units differ by modality
4,data/limb/subject04/StaticP4/subject4_limb_EMG.mat,StaticP4,30,GYRO.Z electrode 4,float64,75600,0,0,False,-1.8888918270060955,10.098516950894846,3.4849397229950108,0.9286418910872783,3.530862509521728,0.5090107573433469,10.098516950894846,0,0,ok,extreme thresholds are audit flags only; units differ by modality
4,data/limb/subject04/StaticP4/subject4_limb_EMG.mat,StaticP4,31,ACC.X electrode 5,float64,75600,0,0,False,0.026357851437671578,0.4524725517077756,0.2921620948097132,0.016729965401129355,0.29235551135935633,0.009301760148365174,0.4524725517077756,0,0,ok,extreme thresholds are audit flags only; units differ by modality
4,data/limb/subject04/StaticP4/subject4_limb_EMG.mat,StaticP4,32,ACC.Y electrode 5,float64,75600,0,0,False,-1.05769384951436,-0.08601998096250822,-0.9298393189564904,0.008850186667030559,-0.9297693953837846,0.005139933929208529,1.05769384951436,0,1,ok,extreme thresholds are audit flags only; units differ by modality
4,data/limb/subject04/StaticP4/subject4_limb_EMG.mat,StaticP4,33,ACC.Z electrode 5,float64,75600,0,0,False,-0.34436664025850594,-0.023965256485116753,-0.2772085016030726,0.017460976010175072,-0.2760646715473479,0.00979141347770393,0.34436664025850594,0,0,ok,extreme thresholds are audit flags only; units differ by modality
4,data/limb/subject04/StaticP4/subject4_limb_EMG.mat,StaticP4,34,GYRO.X electrode 5,float64,75600,0,0,False,-2.7346010120491986,11.205534765984273,5.197006780785318,1.0647610916553627,5.17756262226302,0.6500084400824391,11.205534765984273,0,0,ok,extreme thresholds are audit flags only; units differ by modality
4,data/limb/subject04/StaticP4/subject4_limb_EMG.mat,StaticP4,35,GYRO.Y electrode 5,float64,75600,0,0,False,-27.66435704087004,41.83180513337765,5.416215600351256,2.8968528165264846,5.378205730634205,1.5341603587056603,41.83180513337765,0,0,ok,extreme thresholds are audit flags only; units differ by modality
4,data/limb/subject04/StaticP4/subject4_limb_EMG.mat,StaticP4,36,GYRO.Z electrode 5,float64,75600,0,0,False,-6.943893042343527,3.090209103183876,-2.1160885806148118,0.9061258248370802,-2.109686801340539,0.5505645157743969,6.943893042343527,0,0,ok,extreme thresholds are audit flags only; units differ by modality
4,data/limb/subject04/StaticP4/subject4_limb_EMG.mat,StaticP4,37,ACC.X electrode 6,float64,75600,0,0,False,-0.42557922986666696,-0.03046272282999833,-0.3614700929400695,0.017621015527138875,-0.36301299497096745,0.012120456937766727,0.42557922986666696,0,0,ok,extreme thresholds are audit flags only; units differ by modality
4,data/limb/subject04/StaticP4/subject4_limb_EMG.mat,StaticP4,38,ACC.Y electrode 6,float64,75600,0,0,False,-1.0635548672988109,-0.08549362053917141,-0.9202067003908139,0.010173137799789421,-0.920052795680223,0.006228577247619549,1.0635548672988109,0,1,ok,extreme thresholds are audit flags only; units differ by modality
4,data/limb/subject04/StaticP4/subject4_limb_EMG.mat,StaticP4,39,ACC.Z electrode 6,float64,75600,0,0,False,-0.2341765784389328,-0.018600554981534026,-0.1893991823793757,0.015277098509368791,-0.19008163423904323,0.008024873100195187,0.2341765784389328,0,0,ok,extreme thresholds are audit flags only; units differ by modality
4,data/limb/subject04/StaticP4/subject4_limb_EMG.mat,StaticP4,40,GYRO.X electrode 6,float64,75600,0,0,False,-7.104046887809936,5.780717734716865,-1.0107078432395233,1.0034469651523974,-1.0161517651723568,0.5851945367885341,7.104046887809936,0,0,ok,extreme thresholds are audit flags only; units differ by modality
4,data/limb/subject04/StaticP4/subject4_limb_EMG.mat,StaticP4,41,GYRO.Y electrode 6,float64,75600,0,0,False,-10.87252191953559,23.007925662387727,6.134123113893684,1.7550944811990257,6.156912431625022,0.9278247712348131,23.007925662387727,0,0,ok,extreme thresholds are audit flags only; units differ by modality
4,data/limb/subject04/StaticP4/subject4_limb_EMG.mat,StaticP4,42,GYRO.Z electrode 6,float64,75600,0,0,False,-7.368487856341678,5.480363175342436,-0.7354369149813833,0.9096497671922922,-0.7286525318085957,0.5557050053455272,7.368487856341678,0,0,ok,extreme thresholds are audit flags only; units differ by modality
4,data/limb/subject04/StaticP9/subject4_limb_EMG.mat,StaticP9,1,EMG electrode 1,float64,75600,0,0,False,-0.000116991,0.000213001,1.7294662767195766e-07,1.8950087677416773e-05,-5.03548e-07,7.049672e-06,0.000213001,0,1,ok,extreme thresholds are audit flags only; units differ by modality
4,data/limb/subject04/StaticP9/subject4_limb_EMG.mat,StaticP9,2,EMG electrode 2,float64,75600,0,0,False,-0.00020209,0.00030901,3.916873480674603e-06,2.2560725088550594e-05,3.52483e-06,5.706880000000001e-06,0.00030901,0,59,ok,extreme thresholds are audit flags only; units differ by modality
4,data/limb/subject04/StaticP9/subject4_limb_EMG.mat,StaticP9,3,EMG electrode 3,float64,75600,0,0,False,-0.000114305,0.000120851,9.02702888227513e-06,1.0885749679028206e-05,9.23171e-06,2.6855899999999995e-06,0.000120851,0,60,ok,extreme thresholds are audit flags only; units differ by modality
4,data/limb/subject04/StaticP9/subject4_limb_EMG.mat,StaticP9,4,EMG electrode 4,float64,75600,0,0,False,-5.74044e-05,1.29244e-05,-2.1199225702420632e-05,4.482686688523044e-06,-2.13169e-05,2.3498000000000025e-06,5.74044e-05,0,0,ok,extreme thresholds are audit flags only; units differ by modality
4,data/limb/subject04/StaticP9/subject4_limb_EMG.mat,StaticP9,5,EMG electrode 5,float64,75600,0,0,False,-0.000118502,0.000106584,-1.8987073494603174e-05,1.4268757500356432e-05,-1.8967e-05,6.3782999999999996e-06,0.000118502,0,0,ok,extreme thresholds are audit flags only; units differ by modality
4,data/limb/subject04/StaticP9/subject4_limb_EMG.mat,StaticP9,6,EMG electrode 6,float64,75600,0,0,False,-2.16526e-05,4.36408e-06,-7.535514823531745e-06,2.80820071560601e-06,-7.55322e-06,1.8463499999999997e-06,2.16526e-05,0,0,ok,extreme thresholds are audit flags only; units differ by modality
4,data/limb/subject04/StaticP9/subject4_limb_EMG.mat,StaticP9,7,ACC.X electrode 1,float64,75600,0,0,False,-0.6607847160751983,-0.0162453355940886,-0.473774423502251,0.14805978824516042,-0.5311192124076622,0.03273701778559257,0.6607847160751983,0,0,ok,extreme thresholds are audit flags only; units differ by modality
4,data/limb/subject04/StaticP9/subject4_limb_EMG.mat,StaticP9,8,ACC.Y electrode 1,float64,75600,0,0,False,-1.0992450488272947,0.050815476731637194,-0.2508497770478494,0.3613008290502119,-0.09965421161056964,0.06106828963356246,1.0992450488272947,0,0,ok,extreme thresholds are audit flags only; units differ by modality
4,data/limb/subject04/StaticP9/subject4_limb_EMG.mat,StaticP9,9,ACC.Z electrode 1,float64,75600,0,0,False,0.013202726268841435,0.8286303845216203,0.6467946561750365,0.2591182783780815,0.7699984138590714,0.018708766955067013,0.8286303845216203,0,15120,ok,extreme thresholds are audit flags only; units differ by modality
4,data/limb/subject04/StaticP9/subject4_limb_EMG.mat,StaticP9,10,GYRO.X electrode 1,float64,75600,0,0,False,-23.647116266129913,-1.2355856996948993,-12.791534376725235,1.370982452002837,-12.897924044960853,0.6394109409034625,23.647116266129913,0,0,ok,extreme thresholds are audit flags only; units differ by modality
4,data/limb/subject04/StaticP9/subject4_limb_EMG.mat,StaticP9,11,GYRO.Y electrode 1,float64,75600,0,0,False,-23.703474539340263,29.340835781876187,0.629403885079448,3.161046654259667,0.3944238146484623,1.6878953969416801,29.340835781876187,0,0,ok,extreme thresholds are audit flags only; units differ by modality
4,data/limb/subject04/StaticP9/subject4_limb_EMG.mat,StaticP9,12,GYRO.Z electrode 1,float64,75600,0,0,False,-17.044113334171527,4.704512122744235,-1.8564760516316376,1.60048699558198,-1.8094222001686957,0.7042073752735297,17.044113334171527,0,0,ok,extreme thresholds are audit flags only; units differ by modality
4,data/limb/subject04/StaticP9/subject4_limb_EMG.mat,StaticP9,13,ACC.X electrode 2,float64,75600,0,0,False,-1.0517526395693,-0.028956610621620128,-0.8627445251232047,0.2773998069265324,-0.9980397763606066,0.009749422369020322,1.0517526395693,0,15120,ok,extreme thresholds are audit flags only; units differ by modality
4,data/limb/subject04/StaticP9/subject4_limb_EMG.mat,StaticP9,14,ACC.Y electrode 2,float64,75600,0,0,False,-1.0915974082852888,0.08012719557851292,-0.2232168762466346,0.3681653454388494,-0.06179728380511111,0.059502978961815736,1.0915974082852888,0,0,ok,extreme thresholds are audit flags only; units differ by modality
4,data/limb/subject04/StaticP9/subject4_limb_EMG.mat,StaticP9,15,ACC.Z electrode 2,float64,75600,0,0,False,-0.2452030823255369,-0.010031117657521701,-0.15628917827294994,0.027168899680316317,-0.15842748653477304,0.01841993169071078,0.2452030823255369,0,0,ok,extreme thresholds are audit flags only; units differ by modality
4,data/limb/subject04/StaticP9/subject4_limb_EMG.mat,StaticP9,16,GYRO.X electrode 2,float64,75600,0,0,False,-19.085087621669942,6.107783571903982,-9.702504300553198,1.70769243795371,-9.802434032085518,0.681337911312971,19.085087621669942,0,0,ok,extreme thresholds are audit flags only; units differ by modality
4,data/limb/subject04/StaticP9/subject4_limb_EMG.mat,StaticP9,17,GYRO.Y electrode 2,float64,75600,0,0,False,-20.030007391946526,23.674612983453837,-2.5233410218157335,2.63330785329565,-2.6847356603240042,1.1957083204970183,23.674612983453837,0,0,ok,extreme thresholds are audit flags only; units differ by modality
4,data/limb/subject04/StaticP9/subject4_limb_EMG.mat,StaticP9,18,GYRO.Z electrode 2,float64,75600,0,0,False,-16.405377749839506,5.7363502521870045,-3.5540985905437035,1.3167310109791284,-3.594546637518003,0.6125364572386667,16.405377749839506,0,0,ok,extreme thresholds are audit flags only; units differ by modality
4,data/limb/subject04/StaticP9/subject4_limb_EMG.mat,StaticP9,19,ACC.X electrode 3,float64,75600,0,0,False,0.00047790564711760786,0.2516634120001922,0.12717083155283862,0.04773001828855786,0.13257210618989076,0.02652233676242443,0.2516634120001922,0,0,ok,extreme thresholds are audit flags only; units differ by modality
4,data/limb/subject04/StaticP9/subject4_limb_EMG.mat,StaticP9,20,ACC.Y electrode 3,float64,75600,0,0,False,-1.036976347651994,0.19784890109425732,-0.11679853527775808,0.4010255559807956,0.043552526465574816,0.08704406967368922,1.036976347651994,0,0,ok,extreme thresholds are audit flags only; units differ by modality
4,data/limb/subject04/StaticP9/subject4_limb_EMG.mat,StaticP9,21,ACC.Z electrode 3,float64,75600,0,0,False,-1.1430926581325802,-0.045108858299404024,-0.9398488895184092,0.23456379125267943,-1.053545372763142,0.012341341352470447,1.1430926581325802,0,15120,ok,extreme thresholds are audit flags only; units differ by modality
4,data/limb/subject04/StaticP9/subject4_limb_EMG.mat,StaticP9,22,GYRO.X electrode 3,float64,75600,0,0,False,1.476014094525295,31.35471384962048,16.752982825652495,1.5673684081425285,16.86226520978694,0.7921229393728009,31.35471384962048,0,0,ok,extreme thresholds are audit flags only; units differ by modality
4,data/limb/subject04/StaticP9/subject4_limb_EMG.mat,StaticP9,23,GYRO.Y electrode 3,float64,75600,0,0,False,-40.670310485703226,30.83636327357448,3.0271694119719954,3.077529467249643,2.966427875366075,1.3710846130166754,40.670310485703226,0,9,ok,extreme thresholds are audit flags only; units differ by modality
4,data/limb/subject04/StaticP9/subject4_limb_EMG.mat,StaticP9,24,GYRO.Z electrode 3,float64,75600,0,0,False,-3.9152796374844403,17.51177781592143,2.3636602125096697,1.6471925122791007,2.2621533625778376,0.6284533727591015,17.51177781592143,0,0,ok,extreme thresholds are audit flags only; units differ by modality
4,data/limb/subject04/StaticP9/subject4_limb_EMG.mat,StaticP9,25,ACC.X electrode 4,float64,75600,0,0,False,0.029032334613944746,0.9601602982335798,0.7663367072203225,0.23428798810999818,0.8783633818000169,0.018253329852298383,0.9601602982335798,0,14921,ok,extreme thresholds are audit flags only; units differ by modality
4,data/limb/subject04/StaticP9/subject4_limb_EMG.mat,StaticP9,26,ACC.Y electrode 4,float64,75600,0,0,False,-1.0649199223238917,0.16368408825494468,-0.15057748757311373,0.397637524073386,0.018791076520976703,0.06700751345247899,1.0649199223238917,0,0,ok,extreme thresholds are audit flags only; units differ by modality
4,data/limb/subject04/StaticP9/subject4_limb_EMG.mat,StaticP9,27,ACC.Z electrode 4,float64,75600,0,0,False,0.011657468623721693,0.48778415342754505,0.33794533207002275,0.10967678196215258,0.38209628397438644,0.023922142727977352,0.48778415342754505,0,0,ok,extreme thresholds are audit flags only; units differ by modality
4,data/limb/subject04/StaticP9/subject4_limb_EMG.mat,StaticP9,28,GYRO.X electrode 4,float64,75600,0,0,False,-13.67751518293327,11.568085694927232,3.0873899504487334,1.7260831550298101,3.1316425396779337,0.7301827086453332,13.67751518293327,0,0,ok,extreme thresholds are audit flags only; units differ by modality
4,data/limb/subject04/StaticP9/subject4_limb_EMG.mat,StaticP9,29,GYRO.Y electrode 4,float64,75600,0,0,False,-17.44893742116915,31.178199838923536,6.623591137929241,2.580343069571846,6.489799966120225,1.2033573298566513,31.178199838923536,0,0,ok,extreme thresholds are audit flags only; units differ by modality
4,data/limb/subject04/StaticP9/subject4_limb_EMG.mat,StaticP9,30,GYRO.Z electrode 4,float64,75600,0,0,False,-6.717772111692798,13.07765759126405,3.3728552063664785,1.1787419489312974,3.4749694837882754,0.5644452918780067,13.07765759126405,0,0,ok,extreme thresholds are audit flags only; units differ by modality
4,data/limb/subject04/StaticP9/subject4_limb_EMG.mat,StaticP9,31,ACC.X electrode 5,float64,75600,0,0,False,0.025491710497238012,0.7384658299704369,0.5828743160155784,0.15938741216765054,0.656639858088826,0.02247216656461709,0.7384658299704369,0,0,ok,extreme thresholds are audit flags only; units differ by modality
4,data/limb/subject04/StaticP9/subject4_limb_EMG.mat,StaticP9,32,ACC.Y electrode 5,float64,75600,0,0,False,-1.101304596285987,-0.015816536944014182,-0.3140973708888865,0.3211119771045925,-0.16251548880626818,0.02729534995345509,1.101304596285987,0,968,ok,extreme thresholds are audit flags only; units differ by modality
4,data/limb/subject04/StaticP9/subject4_limb_EMG.mat,StaticP9,33,ACC.Z electrode 5,float64,75600,0,0,False,-0.23209009576902404,0.7362245804415452,0.5016038055192498,0.33883019052430036,0.6633046436912249,0.017874896843230237,0.7362245804415452,0,15120,ok,extreme thresholds are audit flags only; units differ by modality
4,data/limb/subject04/StaticP9/subject4_limb_EMG.mat,StaticP9,34,GYRO.X electrode 5,float64,75600,0,0,False,-11.369075495700685,10.929914313787247,4.975780699055454,1.34851910919096,5.021077408627851,0.6291852732497487,11.369075495700685,0,0,ok,extreme thresholds are audit flags only; units differ by modality
4,data/limb/subject04/StaticP9/subject4_limb_EMG.mat,StaticP9,35,GYRO.Y electrode 5,float64,75600,0,0,False,-4.644752795207913,29.813962672198265,5.6173979255789845,2.8942993314218968,5.472510640999234,1.6075569919294181,29.813962672198265,0,0,ok,extreme thresholds are audit flags only; units differ by modality
4,data/limb/subject04/StaticP9/subject4_limb_EMG.mat,StaticP9,36,GYRO.Z electrode 5,float64,75600,0,0,False,-11.019684056707842,4.276022815789312,-2.195616645434266,1.0064688977389835,-2.18398336828632,0.49603062195425185,11.019684056707842,0,0,ok,extreme thresholds are audit flags only; units differ by modality
4,data/limb/subject04/StaticP9/subject4_limb_EMG.mat,StaticP9,37,ACC.X electrode 6,float64,75600,0,0,False,-0.44802215814435126,-0.032379021985159503,-0.37143832580360125,0.027177588211894158,-0.3698001408602931,0.018259832254753805,0.44802215814435126,0,0,ok,extreme thresholds are audit flags only; units differ by modality
4,data/limb/subject04/StaticP9/subject4_limb_EMG.mat,StaticP9,38,ACC.Y electrode 6,float64,75600,0,0,False,-1.0415138676334414,0.06720101505712328,-0.1801857854940273,0.3635438051225861,-0.006561609401014813,0.023776932846848908,1.0415138676334414,0,15117,ok,extreme thresholds are audit flags only; units differ by modality
4,data/limb/subject04/StaticP9/subject4_limb_EMG.mat,StaticP9,39,ACC.Z electrode 6,float64,75600,0,0,False,-1.0661470536238382,-0.026714371911742783,-0.8552729391525828,0.2871867399807922,-0.9933996740828359,0.013715350366219459,1.0661470536238382,0,15120,ok,extreme thresholds are audit flags only; units differ by modality
4,data/limb/subject04/StaticP9/subject4_limb_EMG.mat,StaticP9,40,GYRO.X electrode 6,float64,75600,0,0,False,-6.101663767957135,13.387994583975717,-0.8312412499907903,1.520881122256616,-0.8540406747264424,0.8707801442016987,13.387994583975717,0,0,ok,extreme thresholds are audit flags only; units differ by modality
4,data/limb/subject04/StaticP9/subject4_limb_EMG.mat,StaticP9,41,GYRO.Y electrode 6,float64,75600,0,0,False,-8.424934000050088,28.31542872273612,6.330963161063524,3.978911834490168,6.249368006642515,2.4826119928275867,28.31542872273612,0,0,ok,extreme thresholds are audit flags only; units differ by modality
4,data/limb/subject04/StaticP9/subject4_limb_EMG.mat,StaticP9,42,GYRO.Z electrode 6,float64,75600,0,0,False,-8.484957001987894,12.20330752245391,-0.5758752527881287,1.4652845394674798,-0.6711834147444921,0.7037135169477868,12.20330752245391,0,0,ok,extreme thresholds are audit flags only; units differ by modality
4,data/limb/subject04/StaticP10/subject4_limb_EMG.mat,StaticP10,1,EMG electrode 1,float64,75600,0,0,False,-0.000231632,0.00029189,1.4360191261904764e-07,2.4269725705088268e-05,-8.39246e-07,8.056764e-06,0.00029189,0,8,ok,extreme thresholds are audit flags only; units differ by modality
4,data/limb/subject04/StaticP10/subject4_limb_EMG.mat,StaticP10,2,EMG electrode 2,float64,75600,0,0,False,-0.00020528,0.000368765,3.894120598888889e-06,2.172533679713687e-05,3.69268e-06,5.70687e-06,0.000368765,0,53,ok,extreme thresholds are audit flags only; units differ by modality
4,data/limb/subject04/StaticP10/subject4_limb_EMG.mat,StaticP10,3,EMG electrode 3,float64,75600,0,0,False,-0.000126223,0.000120348,9.030296994642854e-06,1.2132112600763635e-05,9.06386e-06,2.5177400000000007e-06,0.000126223,0,144,ok,extreme thresholds are audit flags only; units differ by modality
4,data/limb/subject04/StaticP10/subject4_limb_EMG.mat,StaticP10,4,EMG electrode 4,float64,75600,0,0,False,-7.77142e-05,5.05226e-05,-2.1175455733267198e-05,4.310994255854162e-06,-2.13169e-05,2.3498000000000025e-06,7.77142e-05,0,1,ok,extreme thresholds are audit flags only; units differ by modality
4,data/limb/subject04/StaticP10/subject4_limb_EMG.mat,StaticP10,5,EMG electrode 5,float64,75600,0,0,False,-0.000110277,4.26337e-05,-1.897042348825397e-05,7.122693141016e-06,-1.86313e-05,3.0212999999999977e-06,0.000110277,0,2,ok,extreme thresholds are audit flags only; units differ by modality
4,data/limb/subject04/StaticP10/subject4_limb_EMG.mat,StaticP10,6,EMG electrode 6,float64,75600,0,0,False,-1.86313e-05,3.69268e-06,-7.54742860968254e-06,2.4867623742907514e-06,-7.55322e-06,1.6784999999999993e-06,1.86313e-05,0,0,ok,extreme thresholds are audit flags only; units differ by modality
4,data/limb/subject04/StaticP10/subject4_limb_EMG.mat,StaticP10,7,ACC.X electrode 1,float64,75600,0,0,False,-0.4819861134075267,-0.03051515159169553,-0.2777741484957558,0.07471800647372309,-0.2683033548025077,0.058934243610008985,0.4819861134075267,0,0,ok,extreme thresholds are audit flags only; units differ by modality
4,data/limb/subject04/StaticP10/subject4_limb_EMG.mat,StaticP10,8,ACC.Y electrode 1,float64,75600,0,0,False,-1.1013884352509598,1.0158596386257532,0.5528343066107102,0.7593321401366169,0.9247761037634408,0.03516473020452121,1.1013884352509598,0,15117,ok,extreme thresholds are audit flags only; units differ by modality
4,data/limb/subject04/StaticP10/subject4_limb_EMG.mat,StaticP10,9,ACC.Z electrode 1,float64,75600,0,0,False,0.0033095993610233764,0.32973579172147527,0.14407593747767808,0.06037736926362789,0.13824842642021024,0.04662988838964261,0.32973579172147527,0,0,ok,extreme thresholds are audit flags only; units differ by modality
4,data/limb/subject04/StaticP10/subject4_limb_EMG.mat,StaticP10,10,GYRO.X electrode 1,float64,75600,0,0,False,-45.704164549260405,5.727550964459907,-12.753484740914041,2.198808612744548,-12.855629734456448,1.0561268317187569,45.704164549260405,0,2,ok,extreme thresholds are audit flags only; units differ by modality
4,data/limb/subject04/StaticP10/subject4_limb_EMG.mat,StaticP10,11,GYRO.Y electrode 1,float64,75600,0,0,False,-47.76639925790615,55.1800719204003,0.23330596715493837,3.7042815013863253,0.25191185803090266,1.7192257342635708,55.1800719204003,0,6,ok,extreme thresholds are audit flags only; units differ by modality
4,data/limb/subject04/StaticP10/subject4_limb_EMG.mat,StaticP10,12,GYRO.Z electrode 1,float64,75600,0,0,False,-12.939529047254489,5.4003381647348085,-1.799840917876361,1.3608712735488577,-1.8062302639913272,0.8248522764007804,12.939529047254489,0,0,ok,extreme thresholds are audit flags only; units differ by modality
4,data/limb/subject04/StaticP10/subject4_limb_EMG.mat,StaticP10,13,ACC.X electrode 2,float64,75600,0,0,False,-0.5280332422848693,-0.0389923520251779,-0.3319108839907539,0.07745259139739152,-0.32699553134172943,0.05476407089207716,0.5280332422848693,0,0,ok,extreme thresholds are audit flags only; units differ by modality
4,data/limb/subject04/StaticP10/subject4_limb_EMG.mat,StaticP10,14,ACC.Y electrode 2,float64,75600,0,0,False,-1.0934642150304843,1.028362316497892,0.5629141369991517,0.7587790952634402,0.9349198730595145,0.03288565666521287,1.0934642150304843,0,15117,ok,extreme thresholds are audit flags only; units differ by modality
4,data/limb/subject04/StaticP10/subject4_limb_EMG.mat,StaticP10,15,ACC.Z electrode 2,float64,75600,0,0,False,-0.2079905450802514,0.02448425727580311,-0.10225642135560467,0.055407423891853255,-0.09356418938278281,0.04729523864774675,0.2079905450802514,0,0,ok,extreme thresholds are audit flags only; units differ by modality
4,data/limb/subject04/StaticP10/subject4_limb_EMG.mat,StaticP10,16,GYRO.X electrode 2,float64,75600,0,0,False,-19.072296552132602,1.6264039867240432,-9.740430656953349,1.1883032714140853,-9.762007327641125,0.6779094665483809,19.072296552132602,0,0,ok,extreme thresholds are audit flags only; units differ by modality
4,data/limb/subject04/StaticP10/subject4_limb_EMG.mat,StaticP10,17,GYRO.Y electrode 2,float64,75600,0,0,False,-26.808083997025005,45.39818285550527,-2.7506836267151202,2.5838934719915656,-2.7909759432998014,1.0698751898789443,45.39818285550527,0,33,ok,extreme thresholds are audit flags only; units differ by modality
4,data/limb/subject04/StaticP10/subject4_limb_EMG.mat,StaticP10,18,GYRO.Z electrode 2,float64,75600,0,0,False,-14.320640806222897,6.7520954741097325,-3.5740325021350925,1.5154757728814217,-3.6610022634663535,0.7830306597699324,14.320640806222897,0,0,ok,extreme thresholds are audit flags only; units differ by modality
4,data/limb/subject04/StaticP10/subject4_limb_EMG.mat,StaticP10,19,ACC.X electrode 3,float64,75600,0,0,False,-0.1641734173607724,0.14810623736394748,0.013556483360797962,0.06081840528757112,0.0064567211762042165,0.05480960780131346,0.1641734173607724,0,0,ok,extreme thresholds are audit flags only; units differ by modality
4,data/limb/subject04/StaticP10/subject4_limb_EMG.mat,StaticP10,20,ACC.Y electrode 3,float64,75600,0,0,False,-1.0446692168602056,1.050996864130521,0.6079303261396589,0.7614263972071356,0.9870579834872697,0.017472998875280754,1.050996864130521,0,15119,ok,extreme thresholds are audit flags only; units differ by modality
4,data/limb/subject04/StaticP10/subject4_limb_EMG.mat,StaticP10,21,ACC.Z electrode 3,float64,75600,0,0,False,-0.5252552685218737,-0.019868235672490412,-0.26959082608782614,0.1252372406281925,-0.24887606427215211,0.09887317752002331,0.5252552685218737,0,0,ok,extreme thresholds are audit flags only; units differ by modality
4,data/limb/subject04/StaticP10/subject4_limb_EMG.mat,StaticP10,22,GYRO.X electrode 3,float64,75600,0,0,False,1.6337525250105922,30.103082997971388,16.841930371731834,1.7980751275726317,16.969394151620726,0.9405244130622314,30.103082997971388,0,0,ok,extreme thresholds are audit flags only; units differ by modality
4,data/limb/subject04/StaticP10/subject4_limb_EMG.mat,StaticP10,23,GYRO.Y electrode 3,float64,75600,0,0,False,-38.83935705220071,53.24001220618616,2.7315762588487833,3.680669652389269,2.863259569300409,1.4719595696300352,53.24001220618616,0,18,ok,extreme thresholds are audit flags only; units differ by modality
4,data/limb/subject04/StaticP10/subject4_limb_EMG.mat,StaticP10,24,GYRO.Z electrode 3,float64,75600,0,0,False,-5.324070470468417,19.338496957540073,2.295558459028394,1.290221612793078,2.273447292646085,0.7473277347463365,19.338496957540073,0,0,ok,extreme thresholds are audit flags only; units differ by modality
4,data/limb/subject04/StaticP10/subject4_limb_EMG.mat,StaticP10,25,ACC.X electrode 4,float64,75600,0,0,False,0.029424636692580265,0.42138271298314767,0.2484160279973825,0.07115762541400547,0.2545653999742532,0.04705370583104648,0.42138271298314767,0,0,ok,extreme thresholds are audit flags only; units differ by modality
4,data/limb/subject04/StaticP10/subject4_limb_EMG.mat,StaticP10,26,ACC.Y electrode 4,float64,75600,0,0,False,-1.0715706577975326,1.0536127467355985,0.5732304325445533,0.7572628085977804,0.945283398286231,0.03256970722432956,1.0715706577975326,0,15117,ok,extreme thresholds are audit flags only; units differ by modality
4,data/limb/subject04/StaticP10/subject4_limb_EMG.mat,StaticP10,27,ACC.Z electrode 4,float64,75600,0,0,False,-0.1849309480558821,0.2311124382303866,0.07988131190341302,0.07031380678477947,0.08404582929470344,0.05376156410744769,0.2311124382303866,0,0,ok,extreme thresholds are audit flags only; units differ by modality
4,data/limb/subject04/StaticP10/subject4_limb_EMG.mat,StaticP10,28,GYRO.X electrode 4,float64,75600,0,0,False,-17.092843901278897,20.344171609554174,3.1340254665818583,2.4033638362892096,3.2009843448029534,1.268903189953711,20.344171609554174,0,0,ok,extreme thresholds are audit flags only; units differ by modality
4,data/limb/subject04/StaticP10/subject4_limb_EMG.mat,StaticP10,29,GYRO.Y electrode 4,float64,75600,0,0,False,-45.795158886308464,56.18800851891451,6.342821188824102,3.4660270407652733,6.406748957701028,1.5549127718978926,56.18800851891451,0,35,ok,extreme thresholds are audit flags only; units differ by modality
4,data/limb/subject04/StaticP10/subject4_limb_EMG.mat,StaticP10,30,GYRO.Z electrode 4,float64,75600,0,0,False,-11.346114997786856,26.037658267200417,3.4094775151256638,2.012765147606376,3.5308491805410083,1.0093348520580303,26.037658267200417,0,0,ok,extreme thresholds are audit flags only; units differ by modality
4,data/limb/subject04/StaticP10/subject4_limb_EMG.mat,StaticP10,31,ACC.X electrode 5,float64,75600,0,0,False,0.04726950653534904,0.6058764915673218,0.448734153011144,0.09838459864130092,0.49277510881133835,0.025639558959127395,0.6058764915673218,0,0,ok,extreme thresholds are audit flags only; units differ by modality
4,data/limb/subject04/StaticP10/subject4_limb_EMG.mat,StaticP10,32,ACC.Y electrode 5,float64,75600,0,0,False,-1.0859294577007512,-0.03199755473608941,-0.47804614943804796,0.2459046415936268,-0.3990838900367963,0.07363894067977106,1.0859294577007512,0,0,ok,extreme thresholds are audit flags only; units differ by modality
4,data/limb/subject04/StaticP10/subject4_limb_EMG.mat,StaticP10,33,ACC.Z electrode 5,float64,75600,0,0,False,-0.28730222954007917,0.844668418494331,0.5331493659428387,0.38289292829834065,0.7031179082496,0.045915660068684194,0.844668418494331,0,0,ok,extreme thresholds are audit flags only; units differ by modality
4,data/limb/subject04/StaticP10/subject4_limb_EMG.mat,StaticP10,34,GYRO.X electrode 5,float64,75600,0,0,False,-1.287105098984086,23.129823711531774,4.928605991322237,1.966395775460154,4.885291106031162,1.1431360252362752,23.129823711531774,0,0,ok,extreme thresholds are audit flags only; units differ by modality
4,data/limb/subject04/StaticP10/subject4_limb_EMG.mat,StaticP10,35,GYRO.Y electrode 5,float64,75600,0,0,False,-15.647885360153293,31.85077152975506,5.528423769833446,2.3616259752934115,5.527553775884016,1.355050060902728,31.85077152975506,0,0,ok,extreme thresholds are audit flags only; units differ by modality
4,data/limb/subject04/StaticP10/subject4_limb_EMG.mat,StaticP10,36,GYRO.Z electrode 5,float64,75600,0,0,False,-10.006355031525276,13.996082018065675,-2.0427263865356666,1.047664753098663,-2.0448184582325366,0.6418268885688194,13.996082018065675,0,0,ok,extreme thresholds are audit flags only; units differ by modality
4,data/limb/subject04/StaticP10/subject4_limb_EMG.mat,StaticP10,37,ACC.X electrode 6,float64,75600,0,0,False,-0.5195302706590208,-0.01158423261612473,-0.1896562797559254,0.08624101446834874,-0.15422876195023216,0.016463284015481097,0.5195302706590208,0,0,ok,extreme thresholds are audit flags only; units differ by modality
4,data/limb/subject04/StaticP10/subject4_limb_EMG.mat,StaticP10,38,ACC.Y electrode 6,float64,75600,0,0,False,-1.0560001249034974,0.09410092816874809,-0.2517186074210587,0.338825277118955,-0.11989846095437186,0.07641221360885772,1.0560001249034974,0,0,ok,extreme thresholds are audit flags only; units differ by modality
4,data/limb/subject04/StaticP10/subject4_limb_EMG.mat,StaticP10,39,ACC.Z electrode 6,float64,75600,0,0,False,-1.0935054539373976,-0.09537076679498728,-0.8894244664700612,0.32684722464200616,-1.04941369278528,0.011205763724132844,1.0935054539373976,0,15119,ok,extreme thresholds are audit flags only; units differ by modality
4,data/limb/subject04/StaticP10/subject4_limb_EMG.mat,StaticP10,40,GYRO.X electrode 6,float64,75600,0,0,False,-12.63164063039494,4.324320206864031,-0.8469013945060695,1.27603398481714,-0.7880393874579206,0.6629113139480074,12.63164063039494,0,0,ok,extreme thresholds are audit flags only; units differ by modality
4,data/limb/subject04/StaticP10/subject4_limb_EMG.mat,StaticP10,41,GYRO.Y electrode 6,float64,75600,0,0,False,-12.217481086974077,26.706347268084325,6.217604089536797,2.5620043610816987,6.194436354120619,1.5061540172664518,26.706347268084325,0,0,ok,extreme thresholds are audit flags only; units differ by modality
4,data/limb/subject04/StaticP10/subject4_limb_EMG.mat,StaticP10,42,GYRO.Z electrode 6,float64,75600,0,0,False,-24.197346957287902,3.90926558471998,-0.6820591881081591,1.1679275221086791,-0.6497389276813291,0.622875602480428,24.197346957287902,0,34,ok,extreme thresholds are audit flags only; units differ by modality
4,data/limb/subject04/StaticP14/subject4_limb_EMG.mat,StaticP14,1,EMG electrode 1,float64,75600,0,0,False,-0.000186145,0.00031841,9.487448164021163e-08,2.2031767844767003e-05,-8.39246e-07,7.888914e-06,0.00031841,0,5,ok,extreme thresholds are audit flags only; units differ by modality
4,data/limb/subject04/StaticP14/subject4_limb_EMG.mat,StaticP14,2,EMG electrode 2,float64,75600,0,0,False,-0.000241871,0.000467628,3.896726804140212e-06,2.9518425494854168e-05,3.18914e-06,9.90306e-06,0.000467628,0,11,ok,extreme thresholds are audit flags only; units differ by modality
4,data/limb/subject04/StaticP14/subject4_limb_EMG.mat,StaticP14,3,EMG electrode 3,float64,75600,0,0,False,-0.000158282,0.000176913,9.02087009813492e-06,1.1727255181929206e-05,9.06386e-06,2.85344e-06,0.000176913,0,61,ok,extreme thresholds are audit flags only; units differ by modality
4,data/limb/subject04/StaticP14/subject4_limb_EMG.mat,StaticP14,4,EMG electrode 4,float64,75600,0,0,False,-6.26078e-05,3.07164e-05,-2.114321804453704e-05,5.333135443673711e-06,-2.13169e-05,2.3498999999999993e-06,6.26078e-05,0,0,ok,extreme thresholds are audit flags only; units differ by modality
4,data/limb/subject04/StaticP14/subject4_limb_EMG.mat,StaticP14,5,EMG electrode 5,float64,75600,0,0,False,-5.4551e-05,1.93027e-05,-1.8920654373267194e-05,5.868310912203168e-06,-1.8967e-05,2.853399999999999e-06,5.4551e-05,0,0,ok,extreme thresholds are audit flags only; units differ by modality
4,data/limb/subject04/StaticP14/subject4_limb_EMG.mat,StaticP14,6,EMG electrode 6,float64,75600,0,0,False,-3.5584e-05,1.19173e-05,-7.599442162619047e-06,3.920063233766088e-06,-7.55322e-06,2.3498800000000004e-06,3.5584e-05,0,0,ok,extreme thresholds are audit flags only; units differ by modality
4,data/limb/subject04/StaticP14/subject4_limb_EMG.mat,StaticP14,7,ACC.X electrode 1,float64,75600,0,0,False,-0.3683155056407273,0.09985154034802032,-0.16835376246271289,0.07567191216709306,-0.1926464782671235,0.020297603001833864,0.3683155056407273,0,0,ok,extreme thresholds are audit flags only; units differ by modality
4,data/limb/subject04/StaticP14/subject4_limb_EMG.mat,StaticP14,8,ACC.Y electrode 1,float64,75600,0,0,False,-1.1058863168039463,0.7552029365355161,0.3319952988364615,0.6522346395278277,0.6480591084554816,0.04139518731995062,1.1058863168039463,0,15117,ok,extreme thresholds are audit flags only; units differ by modality
4,data/limb/subject04/StaticP14/subject4_limb_EMG.mat,StaticP14,9,ACC.Z electrode 1,float64,75600,0,0,False,0.06325863896697703,0.8008535839305118,0.5615000649807048,0.2341254280232491,0.6606889575433621,0.04368802556898488,0.8008535839305118,0,0,ok,extreme thresholds are audit flags only; units differ by modality
4,data/limb/subject04/StaticP14/subject4_limb_EMG.mat,StaticP14,10,GYRO.X electrode 1,float64,75600,0,0,False,-54.137559666617705,-0.9235738652946538,-13.103865976525668,1.555300542933916,-13.005646582805916,0.789219680150337,54.137559666617705,0,1,ok,extreme thresholds are audit flags only; units differ by modality
4,data/limb/subject04/StaticP14/subject4_limb_EMG.mat,StaticP14,11,GYRO.Y electrode 1,float64,75600,0,0,False,-54.53446158073904,36.685000420603025,0.16694196018881904,3.766565784542522,0.16386949140915902,1.9064057908833107,54.53446158073904,0,0,ok,extreme thresholds are audit flags only; units differ by modality
4,data/limb/subject04/StaticP14/subject4_limb_EMG.mat,StaticP14,12,GYRO.Z electrode 1,float64,75600,0,0,False,-11.312354314962626,6.498841550352709,-1.7244828051551038,1.1154449324986908,-1.7279654071107822,0.6312104457637943,11.312354314962626,0,0,ok,extreme thresholds are audit flags only; units differ by modality
4,data/limb/subject04/StaticP14/subject4_limb_EMG.mat,StaticP14,13,ACC.X electrode 2,float64,75600,0,0,False,-0.8510618352767524,-0.06849558052238157,-0.6509641465590422,0.18828843196655398,-0.7266130190373663,0.046046643449865476,0.8510618352767524,0,0,ok,extreme thresholds are audit flags only; units differ by modality
4,data/limb/subject04/StaticP14/subject4_limb_EMG.mat,StaticP14,14,ACC.Y electrode 2,float64,75600,0,0,False,-1.0952271282132602,0.7459564898975237,0.3315248613235686,0.6470908555985436,0.6405678237571711,0.04925214759897145,1.0952271282132602,0,15117,ok,extreme thresholds are audit flags only; units differ by modality
4,data/limb/subject04/StaticP14/subject4_limb_EMG.mat,StaticP14,15,ACC.Z electrode 2,float64,75600,0,0,False,-0.18084062332733325,0.2645448947820316,0.04116265776144584,0.11411379753093208,0.05573039143907149,0.06275132926464175,0.2645448947820316,0,0,ok,extreme thresholds are audit flags only; units differ by modality
4,data/limb/subject04/StaticP14/subject4_limb_EMG.mat,StaticP14,16,GYRO.X electrode 2,float64,75600,0,0,False,-34.34156802164157,-0.010788213611158549,-9.898084385988133,1.2223906084121372,-9.913298239022772,0.6220490246478976,34.34156802164157,0,1,ok,extreme thresholds are audit flags only; units differ by modality
4,data/limb/subject04/StaticP14/subject4_limb_EMG.mat,StaticP14,17,GYRO.Y electrode 2,float64,75600,0,0,False,-28.205479944757702,29.261668260303086,-2.859239831831538,2.6999626279344557,-2.8497046372612345,1.2093778765695937,29.261668260303086,0,0,ok,extreme thresholds are audit flags only; units differ by modality
4,data/limb/subject04/StaticP14/subject4_limb_EMG.mat,StaticP14,18,GYRO.Z electrode 2,float64,75600,0,0,False,-32.27497883530538,1.9506254896697255,-3.7347369658587937,1.0894067120480215,-3.7297673133557074,0.6390185452056905,32.27497883530538,0,1,ok,extreme thresholds are audit flags only; units differ by modality
4,data/limb/subject04/StaticP14/subject4_limb_EMG.mat,StaticP14,19,ACC.X electrode 3,float64,75600,0,0,False,-0.3856002328072427,0.10455666614437338,-0.1301377571351496,0.11723187023531277,-0.15266490466167948,0.0508336908079778,0.3856002328072427,0,0,ok,extreme thresholds are audit flags only; units differ by modality
4,data/limb/subject04/StaticP14/subject4_limb_EMG.mat,StaticP14,20,ACC.Y electrode 3,float64,75600,0,0,False,-1.0470918318510118,0.8115460220175973,0.3998948193125485,0.6598376368273052,0.7146284962327673,0.040373348629318795,1.0470918318510118,0,15117,ok,extreme thresholds are audit flags only; units differ by modality
4,data/limb/subject04/StaticP14/subject4_limb_EMG.mat,StaticP14,21,ACC.Z electrode 3,float64,75600,0,0,False,-0.9006300948276488,-0.06954986222788584,-0.6767090274452291,0.11938719980442428,-0.7215794191804966,0.03831994736524935,0.9006300948276488,0,0,ok,extreme thresholds are audit flags only; units differ by modality
4,data/limb/subject04/StaticP14/subject4_limb_EMG.mat,StaticP14,22,GYRO.X electrode 3,float64,75600,0,0,False,1.410384319168709,44.14095955411215,17.01324615918558,1.4013783324832574,17.049358461811174,0.7655401740125161,44.14095955411215,0,1,ok,extreme thresholds are audit flags only; units differ by modality
4,data/limb/subject04/StaticP14/subject4_limb_EMG.mat,StaticP14,23,GYRO.Y electrode 3,float64,75600,0,0,False,-40.44747128191983,35.97696196580256,2.6645578055986507,3.465908364329306,2.7631333818975365,1.4441312671291866,40.44747128191983,0,4,ok,extreme thresholds are audit flags only; units differ by modality
4,data/limb/subject04/StaticP14/subject4_limb_EMG.mat,StaticP14,24,GYRO.Z electrode 3,float64,75600,0,0,False,-11.518070704832034,13.288107610556512,2.162785832055163,1.1599618152692883,2.156052175683465,0.6159165642462647,13.288107610556512,0,0,ok,extreme thresholds are audit flags only; units differ by modality
4,data/limb/subject04/StaticP14/subject4_limb_EMG.mat,StaticP14,25,ACC.X electrode 4,float64,75600,0,0,False,0.06737585676245093,0.9075245444571499,0.6216633213624494,0.18086588993542677,0.6948033006626069,0.04543811738365294,0.9075245444571499,0,0,ok,extreme thresholds are audit flags only; units differ by modality
4,data/limb/subject04/StaticP14/subject4_limb_EMG.mat,StaticP14,26,ACC.Y electrode 4,float64,75600,0,0,False,-1.0791193599013629,0.8017180292746257,0.3646909635004337,0.6568552835925188,0.6778608595587259,0.04425675673990942,1.0791193599013629,0,15117,ok,extreme thresholds are audit flags only; units differ by modality
4,data/limb/subject04/StaticP14/subject4_limb_EMG.mat,StaticP14,27,ACC.Z electrode 4,float64,75600,0,0,False,-0.20472769276339228,0.1543934420053325,0.007780878515454087,0.09253447089024325,0.021119131906906015,0.047504077508503925,0.20472769276339228,0,0,ok,extreme thresholds are audit flags only; units differ by modality
4,data/limb/subject04/StaticP14/subject4_limb_EMG.mat,StaticP14,28,GYRO.X electrode 4,float64,75600,0,0,False,-14.072506703074932,19.626914809729033,3.2182287712486444,1.5602364218774296,3.2042592509690646,0.7827379791233819,19.626914809729033,0,0,ok,extreme thresholds are audit flags only; units differ by modality
4,data/limb/subject04/StaticP14/subject4_limb_EMG.mat,StaticP14,29,GYRO.Y electrode 4,float64,75600,0,0,False,-35.82679989724257,46.64156150606449,6.274130651319602,3.2052806026889478,6.2829149276547165,1.5138079316664954,46.64156150606449,0,0,ok,extreme thresholds are audit flags only; units differ by modality
4,data/limb/subject04/StaticP14/subject4_limb_EMG.mat,StaticP14,30,GYRO.Z electrode 4,float64,75600,0,0,False,-2.0421009590058934,35.17963139368488,3.6515111844446757,1.0388364939837649,3.6087030716826662,0.6185204730788216,35.17963139368488,0,1,ok,extreme thresholds are audit flags only; units differ by modality
4,data/limb/subject04/StaticP14/subject4_limb_EMG.mat,StaticP14,31,ACC.X electrode 5,float64,75600,0,0,False,0.06207523971834161,0.7896114561094274,0.553847530018083,0.1527138502892297,0.6156960636653515,0.039395429770800516,0.7896114561094274,0,0,ok,extreme thresholds are audit flags only; units differ by modality
4,data/limb/subject04/StaticP14/subject4_limb_EMG.mat,StaticP14,32,ACC.Y electrode 5,float64,75600,0,0,False,-1.0856675440367343,0.6562033396642438,0.22397364780348283,0.5898938643804428,0.4991394380985442,0.06929453608404287,1.0856675440367343,0,0,ok,extreme thresholds are audit flags only; units differ by modality
4,data/limb/subject04/StaticP14/subject4_limb_EMG.mat,StaticP14,33,ACC.Z electrode 5,float64,75600,0,0,False,-0.2798357788879374,0.6029815392940991,0.36658043928615,0.2985478900829907,0.49275240133661935,0.047346142674319525,0.6029815392940991,0,0,ok,extreme thresholds are audit flags only; units differ by modality
4,data/limb/subject04/StaticP14/subject4_limb_EMG.mat,StaticP14,34,GYRO.X electrode 5,float64,75600,0,0,False,-45.26113275308536,11.424269262842715,5.019440798898719,1.1981491889590932,5.017699632083973,0.7622427478062197,45.26113275308536,0,1,ok,extreme thresholds are audit flags only; units differ by modality
4,data/limb/subject04/StaticP14/subject4_limb_EMG.mat,StaticP14,35,GYRO.Y electrode 5,float64,75600,0,0,False,-11.076063709944473,33.94721273473826,5.327228984577352,2.9617683435049846,5.303612168045216,1.6440429659203637,33.94721273473826,0,0,ok,extreme thresholds are audit flags only; units differ by modality
4,data/limb/subject04/StaticP14/subject4_limb_EMG.mat,StaticP14,36,GYRO.Z electrode 5,float64,75600,0,0,False,-6.223695842508656,35.91182960095191,-2.0183804546076685,0.8984653589202312,-2.0501633049558556,0.5592514126247706,35.91182960095191,0,1,ok,extreme thresholds are audit flags only; units differ by modality
4,data/limb/subject04/StaticP14/subject4_limb_EMG.mat,StaticP14,37,ACC.X electrode 6,float64,75600,0,0,False,-0.4910532654378521,-0.03518829415983903,-0.37753905600936344,0.029586895651162532,-0.38153123574416703,0.018704772716691798,0.4910532654378521,0,0,ok,extreme thresholds are audit flags only; units differ by modality
4,data/limb/subject04/StaticP14/subject4_limb_EMG.mat,StaticP14,38,ACC.Y electrode 6,float64,75600,0,0,False,-1.0471138997369414,0.706586986222702,0.2946584837402781,0.6011274236456219,0.5780257601288803,0.05069021763965731,1.0471138997369414,0,886,ok,extreme thresholds are audit flags only; units differ by modality
4,data/limb/subject04/StaticP14/subject4_limb_EMG.mat,StaticP14,39,ACC.Z electrode 6,float64,75600,0,0,False,-0.8653279896689595,-0.0739482622418964,-0.6764205666865615,0.21932393235951708,-0.7715410045925293,0.038967320755525225,0.8653279896689595,0,0,ok,extreme thresholds are audit flags only; units differ by modality
4,data/limb/subject04/StaticP14/subject4_limb_EMG.mat,StaticP14,40,GYRO.X electrode 6,float64,75600,0,0,False,-13.377159961806482,50.10706562831482,-0.8604616017736758,1.319574386218293,-0.8309834681955797,0.756277463198315,50.10706562831482,0,1,ok,extreme thresholds are audit flags only; units differ by modality
4,data/limb/subject04/StaticP14/subject4_limb_EMG.mat,StaticP14,41,GYRO.Y electrode 6,float64,75600,0,0,False,-23.048675075660686,28.250700443757086,6.081204473593916,4.024676920076243,6.064420102612107,2.2013026523410035,28.250700443757086,0,0,ok,extreme thresholds are audit flags only; units differ by modality
4,data/limb/subject04/StaticP14/subject4_limb_EMG.mat,StaticP14,42,GYRO.Z electrode 6,float64,75600,0,0,False,-18.470862242884515,4.42359902998037,-0.7288919710831987,0.8534189622602762,-0.7298020295496945,0.5477689737659571,18.470862242884515,0,1,ok,extreme thresholds are audit flags only; units differ by modality
4,data/limb/subject04/Dynamic/subject4_limb_EMG.mat,Dynamic,1,EMG electrode 1,float64,656745,0,0,False,-0.000139147,0.000166842,1.4629803927247267e-07,1.2319649100098436e-05,-1.67849e-07,4.028381e-06,0.000166842,0,49,ok,extreme thresholds are audit flags only; units differ by modality
4,data/limb/subject04/Dynamic/subject4_limb_EMG.mat,Dynamic,2,EMG electrode 2,float64,656745,0,0,False,-0.00025597,0.000273594,3.908968944351308e-06,1.237928623972803e-05,3.69268e-06,3.5248399999999995e-06,0.000273594,0,241,ok,extreme thresholds are audit flags only; units differ by modality
4,data/limb/subject04/Dynamic/subject4_limb_EMG.mat,Dynamic,3,EMG electrode 3,float64,656745,0,0,False,-9.03029e-05,9.88632e-05,9.042398832222552e-06,5.708999257293956e-06,9.06386e-06,2.0141900000000003e-06,9.88632e-05,0,19,ok,extreme thresholds are audit flags only; units differ by modality
4,data/limb/subject04/Dynamic/subject4_limb_EMG.mat,Dynamic,4,EMG electrode 4,float64,656745,0,0,False,-6.19364e-05,2.73594e-05,-2.1232068781621477e-05,3.6465573950491615e-06,-2.13169e-05,1.8463999999999998e-06,6.19364e-05,0,0,ok,extreme thresholds are audit flags only; units differ by modality
4,data/limb/subject04/Dynamic/subject4_limb_EMG.mat,Dynamic,5,EMG electrode 5,float64,656745,0,0,False,-0.000214008,0.000130083,-1.8931904180080558e-05,1.3685561098398606e-05,-1.86313e-05,3.6926999999999994e-06,0.000214008,0,212,ok,extreme thresholds are audit flags only; units differ by modality
4,data/limb/subject04/Dynamic/subject4_limb_EMG.mat,Dynamic,6,EMG electrode 6,float64,656745,0,0,False,-0.000149218,7.77142e-05,-7.616901136422813e-06,4.388450919742328e-06,-7.55322e-06,2.0141899999999994e-06,0.000149218,0,92,ok,extreme thresholds are audit flags only; units differ by modality
4,data/limb/subject04/Dynamic/subject4_limb_EMG.mat,Dynamic,7,ACC.X electrode 1,float64,656745,0,0,False,-1.228448552106255,0.46528057194450884,-0.4582735286444244,0.26932247680520216,-0.39464938448797615,0.2095122428044535,1.228448552106255,0,0,ok,extreme thresholds are audit flags only; units differ by modality
4,data/limb/subject04/Dynamic/subject4_limb_EMG.mat,Dynamic,8,ACC.Y electrode 1,float64,656745,0,0,False,-1.374530668543327,1.0612837015638663,-0.28440747624941604,0.6737269441826184,-0.39747803908549195,0.5675298744818252,1.374530668543327,0,0,ok,extreme thresholds are audit flags only; units differ by modality
4,data/limb/subject04/Dynamic/subject4_limb_EMG.mat,Dynamic,9,ACC.Z electrode 1,float64,656745,0,0,False,-0.3459356643598563,0.9200342633047639,0.32773085840914895,0.20301354756313902,0.3428983663746883,0.19211492825072052,0.9200342633047639,0,0,ok,extreme thresholds are audit flags only; units differ by modality
4,data/limb/subject04/Dynamic/subject4_limb_EMG.mat,Dynamic,10,GYRO.X electrode 1,float64,656745,0,0,False,-231.7918906527474,55.36865704107034,-13.388662842435087,18.745327383912358,-12.083166347879489,2.1471620950473387,231.7918906527474,0,12404,ok,extreme thresholds are audit flags only; units differ by modality
4,data/limb/subject04/Dynamic/subject4_limb_EMG.mat,Dynamic,11,GYRO.Y electrode 1,float64,656745,0,0,False,-120.79990674553265,147.26346471387976,0.2994721375962467,12.425295586965518,0.45535552175932253,2.6043848571377866,147.26346471387976,0,2545,ok,extreme thresholds are audit flags only; units differ by modality
4,data/limb/subject04/Dynamic/subject4_limb_EMG.mat,Dynamic,12,GYRO.Z electrode 1,float64,656745,0,0,False,-232.65880271059945,67.96657647452531,-1.423817986003065,22.360023768359788,-0.4423064361828417,3.5327137987911117,232.65880271059945,0,9552,ok,extreme thresholds are audit flags only; units differ by modality
4,data/limb/subject04/Dynamic/subject4_limb_EMG.mat,Dynamic,13,ACC.X electrode 2,float64,656745,0,0,False,-1.4515296180869335,0.2610303150975625,-0.5785786853103241,0.26079754369312613,-0.6047154312521347,0.25364705181386227,1.4515296180869335,0,0,ok,extreme thresholds are audit flags only; units differ by modality
4,data/limb/subject04/Dynamic/subject4_limb_EMG.mat,Dynamic,14,ACC.Y electrode 2,float64,656745,0,0,False,-1.3850293654335428,1.0853900209051153,-0.25917898863839917,0.6768630279246052,-0.3523967117007613,0.6009345929749323,1.3850293654335428,0,0,ok,extreme thresholds are audit flags only; units differ by modality
4,data/limb/subject04/Dynamic/subject4_limb_EMG.mat,Dynamic,15,ACC.Z electrode 2,float64,656745,0,0,False,-0.8803001118901437,0.31211899726928594,-0.2947519918781175,0.20221797592313678,-0.18913684721230867,0.10573416034445976,0.8803001118901437,0,0,ok,extreme thresholds are audit flags only; units differ by modality
4,data/limb/subject04/Dynamic/subject4_limb_EMG.mat,Dynamic,16,GYRO.X electrode 2,float64,656745,0,0,False,-102.56342739826887,150.17089893298507,-10.304473041131173,16.513611172106803,-10.90659711322552,2.884264238177309,150.17089893298507,0,6640,ok,extreme thresholds are audit flags only; units differ by modality
4,data/limb/subject04/Dynamic/subject4_limb_EMG.mat,Dynamic,17,GYRO.Y electrode 2,float64,656745,0,0,False,-164.6670337842782,138.15568590035528,-2.7455145484050774,12.326820267689216,-3.0438139459971363,1.908194044785122,164.6670337842782,0,7420,ok,extreme thresholds are audit flags only; units differ by modality
4,data/limb/subject04/Dynamic/subject4_limb_EMG.mat,Dynamic,18,GYRO.Z electrode 2,float64,656745,0,0,False,-267.09589172977377,48.447183899811975,-3.894454086705037,25.18922986604757,-2.377270380745231,3.309482758462563,267.09589172977377,0,11432,ok,extreme thresholds are audit flags only; units differ by modality
4,data/limb/subject04/Dynamic/subject4_limb_EMG.mat,Dynamic,19,ACC.X electrode 3,float64,656745,0,0,False,-0.4275043657546543,0.7842345974240669,0.21828280812345735,0.19277630891169265,0.11632881100774004,0.10834164490442764,0.7842345974240669,0,0,ok,extreme thresholds are audit flags only; units differ by modality
4,data/limb/subject04/Dynamic/subject4_limb_EMG.mat,Dynamic,20,ACC.Y electrode 3,float64,656745,0,0,False,-1.4184016079702813,1.1311307594161775,-0.1705517310408792,0.6960323148506937,-0.2188802238839664,0.6836177129092184,1.4184016079702813,0,0,ok,extreme thresholds are audit flags only; units differ by modality
4,data/limb/subject04/Dynamic/subject4_limb_EMG.mat,Dynamic,21,ACC.Z electrode 3,float64,656745,0,0,False,-1.453731379104694,-0.08044077697325178,-0.6662248847754294,0.22973047038638336,-0.665944488406725,0.20732642179509414,1.453731379104694,0,0,ok,extreme thresholds are audit flags only; units differ by modality
4,data/limb/subject04/Dynamic/subject4_limb_EMG.mat,Dynamic,22,GYRO.X electrode 3,float64,656745,0,0,False,-42.656073021367405,291.1290630197879,17.318060240652,25.547690699603596,15.726616671367214,3.7042792000567566,291.1290630197879,0,10483,ok,extreme thresholds are audit flags only; units differ by modality
4,data/limb/subject04/Dynamic/subject4_limb_EMG.mat,Dynamic,23,GYRO.Y electrode 3,float64,656745,0,0,False,-122.72324236573448,171.25308430677944,3.018412002240396,11.17850107175271,2.8830409969977464,2.104114131659836,171.25308430677944,0,3687,ok,extreme thresholds are audit flags only; units differ by modality
4,data/limb/subject04/Dynamic/subject4_limb_EMG.mat,Dynamic,24,GYRO.Z electrode 3,float64,656745,0,0,False,-81.77252313778592,177.5584196502447,1.7654804944439266,16.355126597173104,1.0072609935631487,2.731764347022507,177.5584196502447,0,7997,ok,extreme thresholds are audit flags only; units differ by modality
4,data/limb/subject04/Dynamic/subject4_limb_EMG.mat,Dynamic,25,ACC.X electrode 4,float64,656745,0,0,False,-0.18712698808716335,1.380306574415721,0.48249940671648406,0.19613387047980835,0.4828472499282461,0.18587975962393932,1.380306574415721,0,0,ok,extreme thresholds are audit flags only; units differ by modality
4,data/limb/subject04/Dynamic/subject4_limb_EMG.mat,Dynamic,26,ACC.Y electrode 4,float64,656745,0,0,False,-1.432087124471805,1.1042594905937846,-0.23370107072016677,0.686422917198222,-0.32719067798176776,0.6114229844333205,1.432087124471805,0,0,ok,extreme thresholds are audit flags only; units differ by modality
4,data/limb/subject04/Dynamic/subject4_limb_EMG.mat,Dynamic,27,ACC.Z electrode 4,float64,656745,0,0,False,-0.4498111996530535,0.8790355215067167,0.3252938166846385,0.22982979239661946,0.21369906733719773,0.13907124176382252,0.8790355215067167,0,0,ok,extreme thresholds are audit flags only; units differ by modality
4,data/limb/subject04/Dynamic/subject4_limb_EMG.mat,Dynamic,28,GYRO.X electrode 4,float64,656745,0,0,False,-218.01262775105934,83.64269344374573,3.518827067490631,21.058879647003895,4.589478975065872,3.178849290472062,218.01262775105934,0,9916,ok,extreme thresholds are audit flags only; units differ by modality
4,data/limb/subject04/Dynamic/subject4_limb_EMG.mat,Dynamic,29,GYRO.Y electrode 4,float64,656745,0,0,False,-91.86900966989516,170.40531303807455,6.541204997668993,11.071719405817895,6.19461171551891,2.06064574739292,170.40531303807455,0,4629,ok,extreme thresholds are audit flags only; units differ by modality
4,data/limb/subject04/Dynamic/subject4_limb_EMG.mat,Dynamic,30,GYRO.Z electrode 4,float64,656745,0,0,False,-42.844781318274535,242.9932540152068,3.9143445938678028,19.907651185077643,2.501682545131633,2.5522130154417813,242.9932540152068,0,10940,ok,extreme thresholds are audit flags only; units differ by modality
4,data/limb/subject04/Dynamic/subject4_limb_EMG.mat,Dynamic,31,ACC.X electrode 5,float64,656745,0,0,False,-0.17212136672804115,1.1690588687950942,0.38189138907942627,0.12594626244422344,0.33045282411738014,0.06562243732150985,1.1690588687950942,0,0,ok,extreme thresholds are audit flags only; units differ by modality
4,data/limb/subject04/Dynamic/subject4_limb_EMG.mat,Dynamic,32,ACC.Y electrode 5,float64,656745,0,0,False,-1.4396707605913763,0.6873690432828315,-0.6587900300592738,0.46311040642598944,-0.9282063880966451,0.023059555356969685,1.4396707605913763,0,135544,ok,extreme thresholds are audit flags only; units differ by modality
4,data/limb/subject04/Dynamic/subject4_limb_EMG.mat,Dynamic,33,ACC.Z electrode 5,float64,656745,0,0,False,-0.9466078596939261,0.8741229048246243,0.06846236893065898,0.4163317255174578,-0.19196630850913912,0.07802679740219068,0.9466078596939261,0,0,ok,extreme thresholds are audit flags only; units differ by modality
4,data/limb/subject04/Dynamic/subject4_limb_EMG.mat,Dynamic,34,GYRO.X electrode 5,float64,656745,0,0,False,-243.09661324370123,95.58396452211115,5.26112684344007,24.066473212615918,5.1852351796392115,1.709642076267901,243.09661324370123,0,19429,ok,extreme thresholds are audit flags only; units differ by modality
4,data/limb/subject04/Dynamic/subject4_limb_EMG.mat,Dynamic,35,GYRO.Y electrode 5,float64,656745,0,0,False,-144.02360065493957,92.92075980398357,5.168205646015325,8.535339913445048,5.525007627322301,1.9516067676973052,144.02360065493957,0,2906,ok,extreme thresholds are audit flags only; units differ by modality
4,data/limb/subject04/Dynamic/subject4_limb_EMG.mat,Dynamic,36,GYRO.Z electrode 5,float64,656745,0,0,False,-42.23186771226578,131.39749178527907,-1.9584992099930316,11.244953866726814,-2.4827689286206924,1.0617962987641705,131.39749178527907,0,14792,ok,extreme thresholds are audit flags only; units differ by modality
4,data/limb/subject04/Dynamic/subject4_limb_EMG.mat,Dynamic,37,ACC.X electrode 6,float64,656745,0,0,False,-1.0664546868886886,0.01584758390788547,-0.315894403589572,0.08438791447553019,-0.34005745757434325,0.044835290069512146,1.0664546868886886,0,0,ok,extreme thresholds are audit flags only; units differ by modality
4,data/limb/subject04/Dynamic/subject4_limb_EMG.mat,Dynamic,38,ACC.Y electrode 6,float64,656745,0,0,False,-1.3423386393583825,0.7569556030927049,-0.5836960856474547,0.4963195769767165,-0.8896162868493281,0.019875041422269257,1.3423386393583825,0,181198,ok,extreme thresholds are audit flags only; units differ by modality
4,data/limb/subject04/Dynamic/subject4_limb_EMG.mat,Dynamic,39,ACC.Z electrode 6,float64,656745,0,0,False,-1.233143021574305,0.3978076139221657,-0.5145295245193768,0.32696546784970815,-0.34657246547590104,0.10875882290314356,1.233143021574305,0,0,ok,extreme thresholds are audit flags only; units differ by modality
4,data/limb/subject04/Dynamic/subject4_limb_EMG.mat,Dynamic,40,GYRO.X electrode 6,float64,656745,0,0,False,-73.2737748748085,242.0666345313842,-1.005288191121741,23.73118543760134,-1.2532006282928119,1.3883908763760642,242.0666345313842,0,24842,ok,extreme thresholds are audit flags only; units differ by modality
4,data/limb/subject04/Dynamic/subject4_limb_EMG.mat,Dynamic,41,GYRO.Y electrode 6,float64,656745,0,0,False,-99.58819993455447,89.08799327141541,5.780548375377547,7.704516223498305,6.330745967579567,1.606895474143081,99.58819993455447,0,2904,ok,extreme thresholds are audit flags only; units differ by modality
4,data/limb/subject04/Dynamic/subject4_limb_EMG.mat,Dynamic,42,GYRO.Z electrode 6,float64,656745,0,0,False,-61.809871180981695,58.35967275828103,-0.9515659153331761,4.398305174364475,-0.8824932107816177,0.9907873794661086,61.809871180981695,0,2964,ok,extreme thresholds are audit flags only; units differ by modality
5,data/limb/subject05/StaticP1/subject5_limb_EMG.mat,StaticP1,1,EMG electrode 1,float64,75600,0,0,False,-0.000223407,0.000179095,-5.615955141137567e-07,2.2525519456516073e-05,-3.35698e-07,7.888918e-06,0.000223407,0,0,ok,extreme thresholds are audit flags only; units differ by modality
5,data/limb/subject05/StaticP1/subject5_limb_EMG.mat,StaticP1,2,EMG electrode 2,float64,75600,0,0,False,-0.000348959,0.000495323,3.704259514007936e-06,3.39985905260956e-05,3.18914e-06,5.37118e-06,0.000495323,0,622,ok,extreme thresholds are audit flags only; units differ by modality
5,data/limb/subject05/StaticP1/subject5_limb_EMG.mat,StaticP1,3,EMG electrode 3,float64,75600,0,0,False,-0.000130587,0.000137133,8.504875809973544e-06,1.3165233021978278e-05,8.56031e-06,4.0283899999999996e-06,0.000137133,0,6,ok,extreme thresholds are audit flags only; units differ by modality
5,data/limb/subject05/StaticP1/subject5_limb_EMG.mat,StaticP1,4,EMG electrode 4,float64,75600,0,0,False,-0.000122362,4.81727e-05,-2.1137489097023808e-05,9.435010666803815e-06,-2.09812e-05,4.0284e-06,0.000122362,0,0,ok,extreme thresholds are audit flags only; units differ by modality
5,data/limb/subject05/StaticP1/subject5_limb_EMG.mat,StaticP1,5,EMG electrode 5,float64,75600,0,0,False,-0.000119844,8.20783e-05,-1.9682556780608468e-05,8.513754813685427e-06,-1.96384e-05,5.371200000000002e-06,0.000119844,0,0,ok,extreme thresholds are audit flags only; units differ by modality
5,data/limb/subject05/StaticP1/subject5_limb_EMG.mat,StaticP1,6,EMG electrode 6,float64,75600,0,0,False,-5.38796e-05,3.40734e-05,-8.206527003650794e-06,7.110194918008062e-06,-8.22461e-06,4.69979e-06,5.38796e-05,0,0,ok,extreme thresholds are audit flags only; units differ by modality
5,data/limb/subject05/StaticP1/subject5_limb_EMG.mat,StaticP1,7,ACC.X electrode 1,float64,75600,0,0,False,-0.7895600638178167,0.007865614475842822,-0.5507026682306068,0.21106617792159155,-0.6490578780630649,0.0356131195883545,0.7895600638178167,0,0,ok,extreme thresholds are audit flags only; units differ by modality
5,data/limb/subject05/StaticP1/subject5_limb_EMG.mat,StaticP1,8,ACC.Y electrode 1,float64,75600,0,0,False,-1.1154308911497577,-0.062372423570396476,-0.7585329341882658,0.1054803980643336,-0.7122828299598517,0.030988717843850877,1.1154308911497577,0,0,ok,extreme thresholds are audit flags only; units differ by modality
5,data/limb/subject05/StaticP1/subject5_limb_EMG.mat,StaticP1,9,ACC.Z electrode 1,float64,75600,0,0,False,0.02041154865322676,0.2729128532422536,0.20269862448092607,0.026994588436800828,0.20421122279000584,0.014700304548849866,0.2729128532422536,0,0,ok,extreme thresholds are audit flags only; units differ by modality
5,data/limb/subject05/StaticP1/subject5_limb_EMG.mat,StaticP1,10,GYRO.X electrode 1,float64,75600,0,0,False,-24.907726704765143,9.304615213275925,-12.95803476511128,2.7033398582358004,-13.07020108881144,1.2445222775068912,24.907726704765143,0,0,ok,extreme thresholds are audit flags only; units differ by modality
5,data/limb/subject05/StaticP1/subject5_limb_EMG.mat,StaticP1,11,GYRO.Y electrode 1,float64,75600,0,0,False,-30.051235851708302,80.67360413919948,0.7426984105855972,7.031338885132214,0.31288497600697207,2.7964225934624114,80.67360413919948,0,0,ok,extreme thresholds are audit flags only; units differ by modality
5,data/limb/subject05/StaticP1/subject5_limb_EMG.mat,StaticP1,12,GYRO.Z electrode 1,float64,75600,0,0,False,-21.959434971157535,10.084028686327608,-1.602587006611936,1.7598964374486714,-1.5527146675433157,0.7625737674116944,21.959434971157535,0,0,ok,extreme thresholds are audit flags only; units differ by modality
5,data/limb/subject05/StaticP1/subject5_limb_EMG.mat,StaticP1,13,ACC.X electrode 2,float64,75600,0,0,False,-0.3183333470114096,0.18619996462257712,-0.0499322118404656,0.07918360435969742,-0.023596341429750332,0.03288716402208786,0.3183333470114096,0,0,ok,extreme thresholds are audit flags only; units differ by modality
5,data/limb/subject05/StaticP1/subject5_limb_EMG.mat,StaticP1,14,ACC.Y electrode 2,float64,75600,0,0,False,-1.0735167930439142,-0.050816408857342635,-0.6283734218217333,0.14645306387824117,-0.5572978351479185,0.03949183358104502,1.0735167930439142,0,0,ok,extreme thresholds are audit flags only; units differ by modality
5,data/limb/subject05/StaticP1/subject5_limb_EMG.mat,StaticP1,15,ACC.Z electrode 2,float64,75600,0,0,False,-1.038298323531433,-0.07987655420666438,-0.8261540298619902,0.18813563191680252,-0.9185138541728981,0.028703853824278702,1.038298323531433,0,0,ok,extreme thresholds are audit flags only; units differ by modality
5,data/limb/subject05/StaticP1/subject5_limb_EMG.mat,StaticP1,16,GYRO.X electrode 2,float64,75600,0,0,False,-30.874360098612875,4.843604935975596,-10.1131586780745,1.977318987549764,-10.009184206052208,0.8557206590696467,30.874360098612875,0,0,ok,extreme thresholds are audit flags only; units differ by modality
5,data/limb/subject05/StaticP1/subject5_limb_EMG.mat,StaticP1,17,GYRO.Y electrode 2,float64,75600,0,0,False,-60.19059673238479,84.38630702460948,-2.4596003909312527,7.255422850657992,-3.0040780746486355,2.4235319176664714,84.38630702460948,0,20,ok,extreme thresholds are audit flags only; units differ by modality
5,data/limb/subject05/StaticP1/subject5_limb_EMG.mat,StaticP1,18,GYRO.Z electrode 2,float64,75600,0,0,False,-14.4609259184825,28.889999713847907,-3.566813954022908,2.6103889733845227,-3.761268972554044,0.8226613878617843,28.889999713847907,0,138,ok,extreme thresholds are audit flags only; units differ by modality
5,data/limb/subject05/StaticP1/subject5_limb_EMG.mat,StaticP1,19,ACC.X electrode 3,float64,75600,0,0,False,-0.9415607945533168,1.323695201089709,0.6930722760225311,0.1692699576907908,0.7703541186162184,0.026586160386062263,1.323695201089709,0,79,ok,extreme thresholds are audit flags only; units differ by modality
5,data/limb/subject05/StaticP1/subject5_limb_EMG.mat,StaticP1,20,ACC.Y electrode 3,float64,75600,0,0,False,-1.1599405157866516,0.2405525165772279,-0.6829295040653898,0.11303063120084424,-0.6362060651156682,0.03151627282514091,1.1599405157866516,0,0,ok,extreme thresholds are audit flags only; units differ by modality
5,data/limb/subject05/StaticP1/subject5_limb_EMG.mat,StaticP1,21,ACC.Z electrode 3,float64,75600,0,0,False,-0.7470745068386886,0.08488874646512806,-0.08466225859016754,0.11280996375719604,-0.03780956837090615,0.019895369021905127,0.7470745068386886,0,12,ok,extreme thresholds are audit flags only; units differ by modality
5,data/limb/subject05/StaticP1/subject5_limb_EMG.mat,StaticP1,22,GYRO.X electrode 3,float64,75600,0,0,False,-76.51335116404812,113.19857051966737,17.21808300287504,3.8999739237582824,17.38484271853761,1.2033958148799933,113.19857051966737,0,85,ok,extreme thresholds are audit flags only; units differ by modality
5,data/limb/subject05/StaticP1/subject5_limb_EMG.mat,StaticP1,23,GYRO.Y electrode 3,float64,75600,0,0,False,-44.84140634463063,322.5869463570292,3.0348367211576326,11.495308548366129,2.6433745593288127,2.7786696612496966,322.5869463570292,0,184,ok,extreme thresholds are audit flags only; units differ by modality
5,data/limb/subject05/StaticP1/subject5_limb_EMG.mat,StaticP1,24,GYRO.Z electrode 3,float64,75600,0,0,False,-61.615859238777055,69.04962516151598,2.1065590632326883,2.2053418295370424,2.1380902398996033,0.8156344125956916,69.04962516151598,0,55,ok,extreme thresholds are audit flags only; units differ by modality
5,data/limb/subject05/StaticP1/subject5_limb_EMG.mat,StaticP1,25,ACC.X electrode 4,float64,75600,0,0,False,-0.07388198501054542,0.5022268597225809,0.2905337749579471,0.0567716609633647,0.28893757168227285,0.03632667433204301,0.5022268597225809,0,0,ok,extreme thresholds are audit flags only; units differ by modality
5,data/limb/subject05/StaticP1/subject5_limb_EMG.mat,StaticP1,26,ACC.Y electrode 4,float64,75600,0,0,False,-1.1032349605370364,-0.06015796453102636,-0.7332287925343055,0.11599046535197532,-0.6765953536853719,0.02467285179286477,1.1032349605370364,0,0,ok,extreme thresholds are audit flags only; units differ by modality
5,data/limb/subject05/StaticP1/subject5_limb_EMG.mat,StaticP1,27,ACC.Z electrode 4,float64,75600,0,0,False,-0.01945793396773479,0.6533866149065535,0.5068364852224192,0.1940236123220285,0.603012571566732,0.02519552757323623,0.6533866149065535,0,0,ok,extreme thresholds are audit flags only; units differ by modality
5,data/limb/subject05/StaticP1/subject5_limb_EMG.mat,StaticP1,28,GYRO.X electrode 4,float64,75600,0,0,False,-24.119721764858525,20.074501415154273,3.4296573907809877,1.989522579751429,3.415663998992075,0.8404022550271224,24.119721764858525,0,26,ok,extreme thresholds are audit flags only; units differ by modality
5,data/limb/subject05/StaticP1/subject5_limb_EMG.mat,StaticP1,29,GYRO.Y electrode 4,float64,75600,0,0,False,-29.237722094838713,100.87149783808427,7.239358298200253,8.595527006837289,6.743294320942688,3.753483477604971,100.87149783808427,0,0,ok,extreme thresholds are audit flags only; units differ by modality
5,data/limb/subject05/StaticP1/subject5_limb_EMG.mat,StaticP1,30,GYRO.Z electrode 4,float64,75600,0,0,False,-30.508318839785677,14.260664495004308,3.4665391520708755,2.852449707833928,3.662854715380761,1.1231620711355372,30.508318839785677,0,7,ok,extreme thresholds are audit flags only; units differ by modality
5,data/limb/subject05/StaticP1/subject5_limb_EMG.mat,StaticP1,31,ACC.X electrode 5,float64,75600,0,0,False,-0.5858412070337167,-0.028136016532614994,-0.35106770298234835,0.03714599153681497,-0.3472935721993465,0.018137461144097644,0.5858412070337167,0,0,ok,extreme thresholds are audit flags only; units differ by modality
5,data/limb/subject05/StaticP1/subject5_limb_EMG.mat,StaticP1,32,ACC.Y electrode 5,float64,75600,0,0,False,-1.058630884727666,-0.08603612437455639,-0.932588386275462,0.016301940885113143,-0.9341269108211376,0.006434294045926214,1.058630884727666,0,2,ok,extreme thresholds are audit flags only; units differ by modality
5,data/limb/subject05/StaticP1/subject5_limb_EMG.mat,StaticP1,33,ACC.Z electrode 5,float64,75600,0,0,False,-0.2033519558772639,-0.010367686616848408,-0.13802336454395853,0.034218282609788674,-0.14146280503312125,0.027691603316780278,0.2033519558772639,0,0,ok,extreme thresholds are audit flags only; units differ by modality
5,data/limb/subject05/StaticP1/subject5_limb_EMG.mat,StaticP1,34,GYRO.X electrode 5,float64,75600,0,0,False,-7.848263908967367,21.292456529428275,5.0209737475782985,1.7271329779164135,4.989204626030173,0.7924587056849881,21.292456529428275,0,0,ok,extreme thresholds are audit flags only; units differ by modality
5,data/limb/subject05/StaticP1/subject5_limb_EMG.mat,StaticP1,35,GYRO.Y electrode 5,float64,75600,0,0,False,-16.169374962203793,69.82541135410867,5.634398515398984,4.253051859886222,5.435211049789089,1.8897822555091317,69.82541135410867,0,33,ok,extreme thresholds are audit flags only; units differ by modality
5,data/limb/subject05/StaticP1/subject5_limb_EMG.mat,StaticP1,36,GYRO.Z electrode 5,float64,75600,0,0,False,-29.07814386174353,10.188732865711646,-2.2085065224369003,2.0303999414393474,-2.1031432017369163,0.773982524647101,29.07814386174353,0,106,ok,extreme thresholds are audit flags only; units differ by modality
5,data/limb/subject05/StaticP1/subject5_limb_EMG.mat,StaticP1,37,ACC.X electrode 6,float64,75600,0,0,False,-0.08576300969351636,0.1398464162177547,0.05419441482991942,0.019821654999829446,0.05396302133129101,0.013544693477405233,0.1398464162177547,0,0,ok,extreme thresholds are audit flags only; units differ by modality
5,data/limb/subject05/StaticP1/subject5_limb_EMG.mat,StaticP1,38,ACC.Y electrode 6,float64,75600,0,0,False,-1.1238572112894818,-0.09070544916292872,-0.9897951968511671,0.007957924725062326,-0.9897750659874804,0.003958219875742353,1.1238572112894818,0,6,ok,extreme thresholds are audit flags only; units differ by modality
5,data/limb/subject05/StaticP1/subject5_limb_EMG.mat,StaticP1,39,ACC.Z electrode 6,float64,75600,0,0,False,-0.0784790530828845,0.09048491168917186,0.010651643489412835,0.028710317880261505,0.008489622655509602,0.019501010306085198,0.09048491168917186,0,0,ok,extreme thresholds are audit flags only; units differ by modality
5,data/limb/subject05/StaticP1/subject5_limb_EMG.mat,StaticP1,40,GYRO.X electrode 6,float64,75600,0,0,False,-7.570112131422174,6.428172051417523,-0.9549573271317108,1.2537610802085741,-0.9428032334551747,0.7071554159390967,7.570112131422174,0,0,ok,extreme thresholds are audit flags only; units differ by modality
5,data/limb/subject05/StaticP1/subject5_limb_EMG.mat,StaticP1,41,GYRO.Y electrode 6,float64,75600,0,0,False,-15.250389200019077,61.31404494398918,6.479550868776778,3.3158706181885327,6.307499811538886,1.2068188434426736,61.31404494398918,0,108,ok,extreme thresholds are audit flags only; units differ by modality
5,data/limb/subject05/StaticP1/subject5_limb_EMG.mat,StaticP1,42,GYRO.Z electrode 6,float64,75600,0,0,False,-12.841547481199472,15.456940882139573,-0.7099346338227261,1.5626374111712407,-0.6551329858620243,0.8648257601352133,15.456940882139573,0,0,ok,extreme thresholds are audit flags only; units differ by modality
5,data/limb/subject05/StaticP2/subject5_limb_EMG.mat,StaticP2,1,EMG electrode 1,float64,75600,0,0,False,-0.00032076,0.000246738,-4.470384541798942e-07,2.008140504168773e-05,-3.35698e-07,6.546121999999999e-06,0.00032076,0,6,ok,extreme thresholds are audit flags only; units differ by modality
5,data/limb/subject05/StaticP2/subject5_limb_EMG.mat,StaticP2,2,EMG electrode 2,float64,75600,0,0,False,-0.000289876,0.000412741,3.6886139721164027e-06,3.5750697381673556e-05,3.35698e-06,5.03547e-06,0.000412741,0,949,ok,extreme thresholds are audit flags only; units differ by modality
5,data/limb/subject05/StaticP2/subject5_limb_EMG.mat,StaticP2,3,EMG electrode 3,float64,75600,0,0,False,-0.000230457,0.000237507,8.496880553703703e-06,1.7387136862634827e-05,8.56031e-06,3.6926800000000005e-06,0.000237507,0,187,ok,extreme thresholds are audit flags only; units differ by modality
5,data/limb/subject05/StaticP2/subject5_limb_EMG.mat,StaticP2,4,EMG electrode 4,float64,75600,0,0,False,-0.000127398,4.95155e-05,-2.126553842718254e-05,8.3793909249129e-06,-2.1149e-05,3.5248000000000005e-06,0.000127398,0,1,ok,extreme thresholds are audit flags only; units differ by modality
5,data/limb/subject05/StaticP2/subject5_limb_EMG.mat,StaticP2,5,EMG electrode 5,float64,75600,0,0,False,-0.000100206,0.000187823,-1.97156756351455e-05,8.455105767468549e-06,-1.98062e-05,5.3712e-06,0.000187823,0,13,ok,extreme thresholds are audit flags only; units differ by modality
5,data/limb/subject05/StaticP2/subject5_limb_EMG.mat,StaticP2,6,EMG electrode 6,float64,75600,0,0,False,-6.09293e-05,6.79789e-05,-8.18502173623016e-06,6.430614788234081e-06,-8.22461e-06,4.19619e-06,6.79789e-05,0,0,ok,extreme thresholds are audit flags only; units differ by modality
5,data/limb/subject05/StaticP2/subject5_limb_EMG.mat,StaticP2,7,ACC.X electrode 1,float64,75600,0,0,False,-1.1764764041862967,0.2614511477217689,-0.7940432614507122,0.31630607111641984,-0.9390170049546362,0.02215980086901298,1.1764764041862967,0,15080,ok,extreme thresholds are audit flags only; units differ by modality
5,data/limb/subject05/StaticP2/subject5_limb_EMG.mat,StaticP2,8,ACC.Y electrode 1,float64,75600,0,0,False,-1.1261623769515734,0.03168775073465785,-0.36082166138473176,0.3025752950492809,-0.2273988925046973,0.06760882006472782,1.1261623769515734,0,0,ok,extreme thresholds are audit flags only; units differ by modality
5,data/limb/subject05/StaticP2/subject5_limb_EMG.mat,StaticP2,9,ACC.Z electrode 1,float64,75600,0,0,False,-0.02920578102853413,0.3122568517389098,0.162466027841027,0.05185959055652463,0.15352197222477304,0.03903350697780004,0.3122568517389098,0,0,ok,extreme thresholds are audit flags only; units differ by modality
5,data/limb/subject05/StaticP2/subject5_limb_EMG.mat,StaticP2,10,GYRO.X electrode 1,float64,75600,0,0,False,-40.19668666200219,13.619104671062777,-13.071854372389039,2.8300472311343547,-13.082153178866538,1.2453057727268053,40.19668666200219,0,0,ok,extreme thresholds are audit flags only; units differ by modality
5,data/limb/subject05/StaticP2/subject5_limb_EMG.mat,StaticP2,11,GYRO.Y electrode 1,float64,75600,0,0,False,-85.0578604059592,65.59291552572975,0.4230213600513101,7.045613365880902,0.3460796091433398,2.3607990714949505,85.0578604059592,0,42,ok,extreme thresholds are audit flags only; units differ by modality
5,data/limb/subject05/StaticP2/subject5_limb_EMG.mat,StaticP2,12,GYRO.Z electrode 1,float64,75600,0,0,False,-23.936406793093887,20.386039291161612,-1.7419234105354857,2.0599625215153723,-1.7283265336776916,0.6652459436306939,23.936406793093887,0,66,ok,extreme thresholds are audit flags only; units differ by modality
5,data/limb/subject05/StaticP2/subject5_limb_EMG.mat,StaticP2,13,ACC.X electrode 2,float64,75600,0,0,False,-0.450118926899342,0.3587445922328512,0.0369647283479541,0.13004144251867422,0.08123316729411661,0.0340770248723555,0.450118926899342,0,0,ok,extreme thresholds are audit flags only; units differ by modality
5,data/limb/subject05/StaticP2/subject5_limb_EMG.mat,StaticP2,14,ACC.Y electrode 2,float64,75600,0,0,False,-1.0565403160728417,0.22775386225548705,-0.1746835249749613,0.3711434013948154,-0.04875120748414809,0.08394082528390868,1.0565403160728417,0,0,ok,extreme thresholds are audit flags only; units differ by modality
5,data/limb/subject05/StaticP2/subject5_limb_EMG.mat,StaticP2,15,ACC.Z electrode 2,float64,75600,0,0,False,-1.1944176506409367,0.28961247151529984,-0.9607083135019281,0.24026960296115013,-1.0780216332716668,0.00941951233363425,1.1944176506409367,0,15139,ok,extreme thresholds are audit flags only; units differ by modality
5,data/limb/subject05/StaticP2/subject5_limb_EMG.mat,StaticP2,16,GYRO.X electrode 2,float64,75600,0,0,False,-51.70935569589591,22.329743350869844,-9.878237587292896,2.596414523000558,-9.851739712253025,0.9095920571170995,51.70935569589591,0,72,ok,extreme thresholds are audit flags only; units differ by modality
5,data/limb/subject05/StaticP2/subject5_limb_EMG.mat,StaticP2,17,GYRO.Y electrode 2,float64,75600,0,0,False,-69.25452306153169,57.711901341572165,-2.670525858778818,6.8761458998108145,-2.8339913344500225,2.2488365228093787,69.25452306153169,0,0,ok,extreme thresholds are audit flags only; units differ by modality
5,data/limb/subject05/StaticP2/subject5_limb_EMG.mat,StaticP2,18,GYRO.Z electrode 2,float64,75600,0,0,False,-27.485032130168086,10.266145253609151,-3.770318822506274,2.4455525896953474,-3.7176707883486424,0.987879355440926,27.485032130168086,0,0,ok,extreme thresholds are audit flags only; units differ by modality
5,data/limb/subject05/StaticP2/subject5_limb_EMG.mat,StaticP2,19,ACC.X electrode 3,float64,75600,0,0,False,-0.1127103705883131,1.2451338227018234,0.8588943663746373,0.2376201957091558,0.9717696764561472,0.012876345242974985,1.2451338227018234,0,15119,ok,extreme thresholds are audit flags only; units differ by modality
5,data/limb/subject05/StaticP2/subject5_limb_EMG.mat,StaticP2,20,ACC.Y electrode 3,float64,75600,0,0,False,-1.0448791148874936,0.23854870673298936,-0.2804546045151724,0.311944515398331,-0.1637647105877671,0.06988404167617701,1.0448791148874936,0,0,ok,extreme thresholds are audit flags only; units differ by modality
5,data/limb/subject05/StaticP2/subject5_limb_EMG.mat,StaticP2,21,ACC.Z electrode 3,float64,75600,0,0,False,-0.5550916114348213,0.2863337800058744,0.021434341875759905,0.16018506254269654,0.08963809563930406,0.017023880310482957,0.5550916114348213,0,99,ok,extreme thresholds are audit flags only; units differ by modality
5,data/limb/subject05/StaticP2/subject5_limb_EMG.mat,StaticP2,22,GYRO.X electrode 3,float64,75600,0,0,False,-15.620305677198306,57.127939032173146,17.362107184078955,3.531647690566323,17.338580925881324,1.4780300123406933,57.127939032173146,0,0,ok,extreme thresholds are audit flags only; units differ by modality
5,data/limb/subject05/StaticP2/subject5_limb_EMG.mat,StaticP2,23,GYRO.Y electrode 3,float64,75600,0,0,False,-78.87974944955286,95.92896587514683,2.7138677405257656,7.8402586005211115,2.7010767806768974,2.092871367814949,95.92896587514683,0,189,ok,extreme thresholds are audit flags only; units differ by modality
5,data/limb/subject05/StaticP2/subject5_limb_EMG.mat,StaticP2,24,GYRO.Z electrode 3,float64,75600,0,0,False,-42.04624913460492,25.960388431820718,2.2839485009642315,2.4790342698888086,2.298969922292756,0.7182845078014266,42.04624913460492,0,80,ok,extreme thresholds are audit flags only; units differ by modality
5,data/limb/subject05/StaticP2/subject5_limb_EMG.mat,StaticP2,25,ACC.X electrode 4,float64,75600,0,0,False,0.027878277512665306,0.5489543039639946,0.2786697296254383,0.04794971374896655,0.2779632203158769,0.03462181722956029,0.5489543039639946,0,0,ok,extreme thresholds are audit flags only; units differ by modality
5,data/limb/subject05/StaticP2/subject5_limb_EMG.mat,StaticP2,26,ACC.Y electrode 4,float64,75600,0,0,False,-1.120420580905345,-0.014226571672681218,-0.3594182079356083,0.30008103547167453,-0.23972698153895844,0.06311201979360555,1.120420580905345,0,0,ok,extreme thresholds are audit flags only; units differ by modality
5,data/limb/subject05/StaticP2/subject5_limb_EMG.mat,StaticP2,27,ACC.Z electrode 4,float64,75600,0,0,False,-0.005476458844638509,0.9539569015242668,0.72226466165082,0.2840626097926967,0.8459702721790454,0.03369587141340036,0.9539569015242668,0,0,ok,extreme thresholds are audit flags only; units differ by modality
5,data/limb/subject05/StaticP2/subject5_limb_EMG.mat,StaticP2,28,GYRO.X electrode 4,float64,75600,0,0,False,-27.737214320606885,23.497557953911116,3.218469897074494,2.519036353808083,3.2948960330816095,0.9794265960558568,27.737214320606885,0,12,ok,extreme thresholds are audit flags only; units differ by modality
5,data/limb/subject05/StaticP2/subject5_limb_EMG.mat,StaticP2,29,GYRO.Y electrode 4,float64,75600,0,0,False,-101.02392596633908,70.85578124461543,6.705234885458479,7.39637065769118,6.527342719028734,2.272850754229191,101.02392596633908,0,78,ok,extreme thresholds are audit flags only; units differ by modality
5,data/limb/subject05/StaticP2/subject5_limb_EMG.mat,StaticP2,30,GYRO.Z electrode 4,float64,75600,0,0,False,-19.40157817412717,36.8717943107046,3.7059400152157624,2.7401402241127903,3.6893048588706234,1.1742295250875419,36.8717943107046,0,0,ok,extreme thresholds are audit flags only; units differ by modality
5,data/limb/subject05/StaticP2/subject5_limb_EMG.mat,StaticP2,31,ACC.X electrode 5,float64,75600,0,0,False,-0.5235312497951156,0.009031345693491441,-0.3711245053685824,0.03207566160993776,-0.3689840090404262,0.020081025945262704,0.5235312497951156,0,0,ok,extreme thresholds are audit flags only; units differ by modality
5,data/limb/subject05/StaticP2/subject5_limb_EMG.mat,StaticP2,32,ACC.Y electrode 5,float64,75600,0,0,False,-1.072911297273313,-0.08381846616536373,-0.9226676191766207,0.018288118824995276,-0.9230774618593502,0.009915262516191625,1.072911297273313,0,2,ok,extreme thresholds are audit flags only; units differ by modality
5,data/limb/subject05/StaticP2/subject5_limb_EMG.mat,StaticP2,33,ACC.Z electrode 5,float64,75600,0,0,False,-0.33616268641051605,-0.011149317620778428,-0.16536058943962428,0.037045595173573774,-0.15811070202233157,0.021551349243437934,0.33616268641051605,0,0,ok,extreme thresholds are audit flags only; units differ by modality
5,data/limb/subject05/StaticP2/subject5_limb_EMG.mat,StaticP2,34,GYRO.X electrode 5,float64,75600,0,0,False,-21.20997076090925,36.3642145517893,5.085556609380615,2.626836493886849,5.039051503147432,0.8802867745119918,36.3642145517893,0,99,ok,extreme thresholds are audit flags only; units differ by modality
5,data/limb/subject05/StaticP2/subject5_limb_EMG.mat,StaticP2,35,GYRO.Y electrode 5,float64,75600,0,0,False,-72.0131320237757,64.47720186293017,5.571912466492605,6.268097303900546,5.4492561086496245,1.8299972908691795,72.0131320237757,0,177,ok,extreme thresholds are audit flags only; units differ by modality
5,data/limb/subject05/StaticP2/subject5_limb_EMG.mat,StaticP2,36,GYRO.Z electrode 5,float64,75600,0,0,False,-62.94645270964547,31.80890621386306,-2.060734132270142,3.2746436755959074,-2.1001181573514023,0.8368059490217974,62.94645270964547,0,218,ok,extreme thresholds are audit flags only; units differ by modality
5,data/limb/subject05/StaticP2/subject5_limb_EMG.mat,StaticP2,37,ACC.X electrode 6,float64,75600,0,0,False,-0.17910223402924805,0.20502745906537118,0.020872896771086096,0.030782119179159018,0.023720582367685913,0.01303124532907102,0.20502745906537118,0,0,ok,extreme thresholds are audit flags only; units differ by modality
5,data/limb/subject05/StaticP2/subject5_limb_EMG.mat,StaticP2,38,ACC.Y electrode 6,float64,75600,0,0,False,-1.168461337004839,-0.09009487145702762,-0.9852902044173681,0.012274243614747457,-0.9859498356117551,0.004773419114448507,1.168461337004839,0,6,ok,extreme thresholds are audit flags only; units differ by modality
5,data/limb/subject05/StaticP2/subject5_limb_EMG.mat,StaticP2,39,ACC.Z electrode 6,float64,75600,0,0,False,-0.18809959319201808,0.1895805052891293,0.06396864065585936,0.03751739928954919,0.060853951946967,0.011525261711652447,0.1895805052891293,0,0,ok,extreme thresholds are audit flags only; units differ by modality
5,data/limb/subject05/StaticP2/subject5_limb_EMG.mat,StaticP2,40,GYRO.X electrode 6,float64,75600,0,0,False,-13.474546552211295,13.547576691635923,-1.0270931631805562,1.684677445340576,-1.028396572845828,0.6999250389077232,13.547576691635923,0,0,ok,extreme thresholds are audit flags only; units differ by modality
5,data/limb/subject05/StaticP2/subject5_limb_EMG.mat,StaticP2,41,GYRO.Y electrode 6,float64,75600,0,0,False,-70.67586367352709,53.4817426598002,6.369275864098026,4.798836764833789,6.3073019644890085,0.9680303709393985,70.67586367352709,0,364,ok,extreme thresholds are audit flags only; units differ by modality
5,data/limb/subject05/StaticP2/subject5_limb_EMG.mat,StaticP2,42,GYRO.Z electrode 6,float64,75600,0,0,False,-20.269562829713436,30.979486407608245,-0.6118414005621768,2.182931552031653,-0.6577728581169096,0.8513721505287533,30.979486407608245,0,47,ok,extreme thresholds are audit flags only; units differ by modality
5,data/limb/subject05/StaticP3/subject5_limb_EMG.mat,StaticP3,1,EMG electrode 1,float64,75600,0,0,False,-0.000182116,0.000150561,-3.78813024973545e-07,1.7875219904354225e-05,-1.67849e-07,6.546119e-06,0.000182116,0,0,ok,extreme thresholds are audit flags only; units differ by modality
5,data/limb/subject05/StaticP3/subject5_limb_EMG.mat,StaticP3,2,EMG electrode 2,float64,75600,0,0,False,-0.000363394,0.000447654,3.6729764640873016e-06,3.702699485533017e-05,3.35698e-06,5.03547e-06,0.000447654,0,1027,ok,extreme thresholds are audit flags only; units differ by modality
5,data/limb/subject05/StaticP3/subject5_limb_EMG.mat,StaticP3,3,EMG electrode 3,float64,75600,0,0,False,-0.000231968,0.000281651,8.521811676415345e-06,1.800373956387734e-05,8.56031e-06,3.6926800000000005e-06,0.000281651,0,282,ok,extreme thresholds are audit flags only; units differ by modality
5,data/limb/subject05/StaticP3/subject5_limb_EMG.mat,StaticP3,4,EMG electrode 4,float64,75600,0,0,False,-0.000112627,4.14588e-05,-2.139704441177249e-05,9.222728601532573e-06,-2.13169e-05,4.0284e-06,0.000112627,0,0,ok,extreme thresholds are audit flags only; units differ by modality
5,data/limb/subject05/StaticP3/subject5_limb_EMG.mat,StaticP3,5,EMG electrode 5,float64,75600,0,0,False,-8.34211e-05,3.64233e-05,-1.9696503910343915e-05,8.768020220312098e-06,-1.96384e-05,5.706900000000001e-06,8.34211e-05,0,0,ok,extreme thresholds are audit flags only; units differ by modality
5,data/limb/subject05/StaticP3/subject5_limb_EMG.mat,StaticP3,6,EMG electrode 6,float64,75600,0,0,False,-0.0011731,0.000722255,-8.142815419973544e-06,2.776107117909599e-05,-8.22461e-06,4.3640900000000004e-06,0.0011731,0,360,ok,extreme thresholds are audit flags only; units differ by modality
5,data/limb/subject05/StaticP3/subject5_limb_EMG.mat,StaticP3,7,ACC.X electrode 1,float64,75600,0,0,False,-1.0097426441529556,0.10733574652641976,-0.7741316706086008,0.33040382951667113,-0.9361661542764805,0.01618321048907001,1.0097426441529556,0,15120,ok,extreme thresholds are audit flags only; units differ by modality
5,data/limb/subject05/StaticP3/subject5_limb_EMG.mat,StaticP3,8,ACC.Y electrode 1,float64,75600,0,0,False,-1.1574786803343644,0.3336663306536418,-0.007633765365302795,0.48604796150284224,0.22280585150753152,0.03745708847577882,1.1574786803343644,0,15084,ok,extreme thresholds are audit flags only; units differ by modality
5,data/limb/subject05/StaticP3/subject5_limb_EMG.mat,StaticP3,9,ACC.Z electrode 1,float64,75600,0,0,False,0.021142992287478315,0.3969798853077835,0.18772490517360974,0.03448436952993116,0.18739210634662062,0.02473770613849742,0.3969798853077835,0,0,ok,extreme thresholds are audit flags only; units differ by modality
5,data/limb/subject05/StaticP3/subject5_limb_EMG.mat,StaticP3,10,GYRO.X electrode 1,float64,75600,0,0,False,-93.97962069645794,-0.06896043597384215,-13.315516800784124,4.431719815004176,-13.05758207796546,1.107448863084958,93.97962069645794,0,339,ok,extreme thresholds are audit flags only; units differ by modality
5,data/limb/subject05/StaticP3/subject5_limb_EMG.mat,StaticP3,11,GYRO.Y electrode 1,float64,75600,0,0,False,-44.6146406556593,81.51822633883049,0.5236841073307004,5.505967562505549,0.3052203706502752,1.7172019515307797,81.51822633883049,0,168,ok,extreme thresholds are audit flags only; units differ by modality
5,data/limb/subject05/StaticP3/subject5_limb_EMG.mat,StaticP3,12,GYRO.Z electrode 1,float64,75600,0,0,False,-212.3455818835091,22.63522991904127,-2.177910094429397,9.76200955894378,-1.744040408083129,0.6274127226963157,212.3455818835091,0,416,ok,extreme thresholds are audit flags only; units differ by modality
5,data/limb/subject05/StaticP3/subject5_limb_EMG.mat,StaticP3,13,ACC.X electrode 2,float64,75600,0,0,False,-0.34180630164400444,0.18420589050916847,0.019471951759932098,0.10867375049394674,0.06409394168379969,0.026098117520794783,0.34180630164400444,0,0,ok,extreme thresholds are audit flags only; units differ by modality
5,data/limb/subject05/StaticP3/subject5_limb_EMG.mat,StaticP3,14,ACC.Y electrode 2,float64,75600,0,0,False,-1.0614868509310424,0.5965922473058293,0.21101416799664868,0.568380376680534,0.4747903494387978,0.036841193609265854,1.0614868509310424,0,15117,ok,extreme thresholds are audit flags only; units differ by modality
5,data/limb/subject05/StaticP3/subject5_limb_EMG.mat,StaticP3,15,ACC.Z electrode 2,float64,75600,0,0,False,-1.0295398321704021,-0.08843717741766621,-0.849154483188744,0.2136959878404784,-0.9469258695800271,0.022163665702105873,1.0295398321704021,0,94,ok,extreme thresholds are audit flags only; units differ by modality
5,data/limb/subject05/StaticP3/subject5_limb_EMG.mat,StaticP3,16,GYRO.X electrode 2,float64,75600,0,0,False,-30.82621379162545,209.69795461194343,-9.415996954436174,10.340189152489513,-9.877528157137018,0.993765205627585,209.69795461194343,0,329,ok,extreme thresholds are audit flags only; units differ by modality
5,data/limb/subject05/StaticP3/subject5_limb_EMG.mat,StaticP3,17,GYRO.Y electrode 2,float64,75600,0,0,False,-52.532196575197126,65.56872239102772,-2.588976354120863,5.760772011739028,-2.7457466942346747,2.361608997592771,65.56872239102772,0,0,ok,extreme thresholds are audit flags only; units differ by modality
5,data/limb/subject05/StaticP3/subject5_limb_EMG.mat,StaticP3,18,GYRO.Z electrode 2,float64,75600,0,0,False,-32.64334494664079,32.17626505239666,-3.740350717268454,2.6860791624805636,-3.7206471439185504,1.0496550799799436,32.64334494664079,0,68,ok,extreme thresholds are audit flags only; units differ by modality
5,data/limb/subject05/StaticP3/subject5_limb_EMG.mat,StaticP3,19,ACC.X electrode 3,float64,75600,0,0,False,0.08336404875282045,1.0230113206564282,0.8071398161624603,0.24331257725896027,0.9211985777965438,0.01986434857071273,1.0230113206564282,0,9769,ok,extreme thresholds are audit flags only; units differ by modality
5,data/limb/subject05/StaticP3/subject5_limb_EMG.mat,StaticP3,20,ACC.Y electrode 3,float64,75600,0,0,False,-1.1206402123203913,0.4357875796200347,0.08170411884068576,0.4997505476293651,0.32252008053513825,0.025680285864347563,1.1206402123203913,0,15117,ok,extreme thresholds are audit flags only; units differ by modality
5,data/limb/subject05/StaticP3/subject5_limb_EMG.mat,StaticP3,21,ACC.Z electrode 3,float64,75600,0,0,False,-0.5233576087730124,0.22915812382612977,0.026493267956076122,0.17458000169836524,0.06987119294711207,0.07921932246930467,0.5233576087730124,0,0,ok,extreme thresholds are audit flags only; units differ by modality
5,data/limb/subject05/StaticP3/subject5_limb_EMG.mat,StaticP3,22,GYRO.X electrode 3,float64,75600,0,0,False,-67.71345096443656,81.70786134329967,17.111162833141226,5.395802830175523,17.281142864279722,1.8857595155389992,81.70786134329967,0,155,ok,extreme thresholds are audit flags only; units differ by modality
5,data/limb/subject05/StaticP3/subject5_limb_EMG.mat,StaticP3,23,GYRO.Y electrode 3,float64,75600,0,0,False,-48.78245214059992,80.7810571336259,2.6686963371240755,6.8787699122395525,2.8000354682468425,2.352851864066058,80.7810571336259,0,12,ok,extreme thresholds are audit flags only; units differ by modality
5,data/limb/subject05/StaticP3/subject5_limb_EMG.mat,StaticP3,24,GYRO.Z electrode 3,float64,75600,0,0,False,-17.12276266405699,207.38176167481095,2.747332349089615,9.40312736878454,2.2358708032457137,0.7836321641212856,207.38176167481095,0,370,ok,extreme thresholds are audit flags only; units differ by modality
5,data/limb/subject05/StaticP3/subject5_limb_EMG.mat,StaticP3,25,ACC.X electrode 4,float64,75600,0,0,False,0.031777224048110224,0.6371047764107542,0.34125152164029493,0.07679074031096637,0.37154891722229305,0.03309388760470297,0.6371047764107542,0,0,ok,extreme thresholds are audit flags only; units differ by modality
5,data/limb/subject05/StaticP3/subject5_limb_EMG.mat,StaticP3,26,ACC.Y electrode 4,float64,75600,0,0,False,-1.219079910972825,0.5190815269794273,0.13709360486096467,0.554987516029911,0.37652245218447833,0.06854030314791726,1.219079910972825,0,0,ok,extreme thresholds are audit flags only; units differ by modality
5,data/limb/subject05/StaticP3/subject5_limb_EMG.mat,StaticP3,27,ACC.Z electrode 4,float64,75600,0,0,False,-0.013608016220691488,0.8330803009891947,0.6276500076968866,0.25728122608229187,0.7292273029162943,0.051358566145908835,0.8330803009891947,0,0,ok,extreme thresholds are audit flags only; units differ by modality
5,data/limb/subject05/StaticP3/subject5_limb_EMG.mat,StaticP3,28,GYRO.X electrode 4,float64,75600,0,0,False,-199.43546300980785,27.769415162824174,2.93940299854585,9.183554860995597,3.340352409534151,1.04200518977735,199.43546300980785,0,300,ok,extreme thresholds are audit flags only; units differ by modality
5,data/limb/subject05/StaticP3/subject5_limb_EMG.mat,StaticP3,29,GYRO.Y electrode 4,float64,75600,0,0,False,-78.40643345459216,81.80772037057216,6.8136675723847375,5.508980606883694,6.615459044136733,1.038587625316346,81.80772037057216,0,443,ok,extreme thresholds are audit flags only; units differ by modality
5,data/limb/subject05/StaticP3/subject5_limb_EMG.mat,StaticP3,30,GYRO.Z electrode 4,float64,75600,0,0,False,-9.5817923565696,79.41975836099898,3.8917253213597336,3.5405475377413125,3.6823734251363702,1.0595488352746592,79.41975836099898,0,253,ok,extreme thresholds are audit flags only; units differ by modality
5,data/limb/subject05/StaticP3/subject5_limb_EMG.mat,StaticP3,31,ACC.X electrode 5,float64,75600,0,0,False,-0.5676361153249073,-0.03268935198019129,-0.3609771084023953,0.023647010434553518,-0.36025690419845036,0.010949423355128801,0.5676361153249073,0,3,ok,extreme thresholds are audit flags only; units differ by modality
5,data/limb/subject05/StaticP3/subject5_limb_EMG.mat,StaticP3,32,ACC.Y electrode 5,float64,75600,0,0,False,-1.1022679911268098,-0.08201537409045662,-0.9150081229391733,0.021786673392173612,-0.9159176143649246,0.012150961915563474,1.1022679911268098,0,3,ok,extreme thresholds are audit flags only; units differ by modality
5,data/limb/subject05/StaticP3/subject5_limb_EMG.mat,StaticP3,33,ACC.Z electrode 5,float64,75600,0,0,False,-0.3772223118224191,0.17006686680115368,-0.2280444943685379,0.08672874658119259,-0.24588488646503315,0.05342713296416329,0.3772223118224191,0,0,ok,extreme thresholds are audit flags only; units differ by modality
5,data/limb/subject05/StaticP3/subject5_limb_EMG.mat,StaticP3,34,GYRO.X electrode 5,float64,75600,0,0,False,-38.013366475180575,75.4877854890092,5.090837692641578,4.447011408375585,5.054988052321332,1.672062435814375,75.4877854890092,0,152,ok,extreme thresholds are audit flags only; units differ by modality
5,data/limb/subject05/StaticP3/subject5_limb_EMG.mat,StaticP3,35,GYRO.Y electrode 5,float64,75600,0,0,False,-68.45475599167507,80.97551232237545,5.494039782802744,7.023440897155231,5.3772296578367715,3.132784211710444,80.97551232237545,0,0,ok,extreme thresholds are audit flags only; units differ by modality
5,data/limb/subject05/StaticP3/subject5_limb_EMG.mat,StaticP3,36,GYRO.Z electrode 5,float64,75600,0,0,False,-35.83615508914435,15.205580754196054,-2.1269651479309086,2.3837630284711224,-2.07413133307947,0.9317392352062374,35.83615508914435,0,76,ok,extreme thresholds are audit flags only; units differ by modality
5,data/limb/subject05/StaticP3/subject5_limb_EMG.mat,StaticP3,37,ACC.X electrode 6,float64,75600,0,0,False,-0.047588234656032874,0.39121687441326214,0.08774163431369857,0.03964403901576555,0.08076162016533245,0.028243016458679868,0.39121687441326214,0,0,ok,extreme thresholds are audit flags only; units differ by modality
5,data/limb/subject05/StaticP3/subject5_limb_EMG.mat,StaticP3,38,ACC.Y electrode 6,float64,75600,0,0,False,-1.1716308256906793,-0.08614763499966552,-0.9597889642520778,0.020627149491153435,-0.956694888872771,0.009688593548876967,1.1716308256906793,0,3,ok,extreme thresholds are audit flags only; units differ by modality
5,data/limb/subject05/StaticP3/subject5_limb_EMG.mat,StaticP3,39,ACC.Z electrode 6,float64,75600,0,0,False,-0.20045072146843046,0.28981633133430984,0.15026994192583076,0.11346257094928552,0.19506844532479975,0.048513314866656665,0.28981633133430984,0,0,ok,extreme thresholds are audit flags only; units differ by modality
5,data/limb/subject05/StaticP3/subject5_limb_EMG.mat,StaticP3,40,GYRO.X electrode 6,float64,75600,0,0,False,-48.74792463404094,23.276781150709134,-1.0792690532541724,2.669867607490824,-1.0176560747069008,0.7537567401643686,48.74792463404094,0,266,ok,extreme thresholds are audit flags only; units differ by modality
5,data/limb/subject05/StaticP3/subject5_limb_EMG.mat,StaticP3,41,GYRO.Y electrode 6,float64,75600,0,0,False,-57.30142365127367,81.11121639776944,6.328646141786013,5.052637029324703,6.223695842508656,0.9629084795954124,81.11121639776944,0,473,ok,extreme thresholds are audit flags only; units differ by modality
5,data/limb/subject05/StaticP3/subject5_limb_EMG.mat,StaticP3,42,GYRO.Z electrode 6,float64,75600,0,0,False,-26.113469642571353,22.804719973963948,-0.6261459295260442,1.93219329141074,-0.6833537600834998,0.546106165076438,26.113469642571353,0,278,ok,extreme thresholds are audit flags only; units differ by modality
5,data/limb/subject05/StaticP4/subject5_limb_EMG.mat,StaticP4,1,EMG electrode 1,float64,75600,0,0,False,-0.000146532,0.000131426,-3.898897316931217e-07,1.8215779386168323e-05,-1.67849e-07,6.713969e-06,0.000146532,0,0,ok,extreme thresholds are audit flags only; units differ by modality
5,data/limb/subject05/StaticP4/subject5_limb_EMG.mat,StaticP4,2,EMG electrode 2,float64,75600,0,0,False,-0.000255299,0.000328817,3.7083204692328046e-06,3.008116027798738e-05,3.35698e-06,5.371179999999999e-06,0.000328817,0,344,ok,extreme thresholds are audit flags only; units differ by modality
5,data/limb/subject05/StaticP4/subject5_limb_EMG.mat,StaticP4,3,EMG electrode 3,float64,75600,0,0,False,-0.000148547,0.000154925,8.554009359867727e-06,1.3193651491493688e-05,8.56031e-06,3.3569899999999995e-06,0.000154925,0,17,ok,extreme thresholds are audit flags only; units differ by modality
5,data/limb/subject05/StaticP4/subject5_limb_EMG.mat,StaticP4,4,EMG electrode 4,float64,75600,0,0,False,-7.45251e-05,2.70237e-05,-2.129068539980159e-05,6.116170135270798e-06,-2.13169e-05,2.853400000000002e-06,7.45251e-05,0,0,ok,extreme thresholds are audit flags only; units differ by modality
5,data/limb/subject05/StaticP4/subject5_limb_EMG.mat,StaticP4,5,EMG electrode 5,float64,75600,0,0,False,-0.000182788,0.000122698,-1.966960148969577e-05,9.07364451085871e-06,-1.96384e-05,5.706799999999998e-06,0.000182788,0,0,ok,extreme thresholds are audit flags only; units differ by modality
5,data/limb/subject05/StaticP4/subject5_limb_EMG.mat,StaticP4,6,EMG electrode 6,float64,75600,0,0,False,-0.000971847,0.000528054,-8.331971883108467e-06,1.80490436501224e-05,-8.22461e-06,4.53193e-06,0.000971847,0,162,ok,extreme thresholds are audit flags only; units differ by modality
5,data/limb/subject05/StaticP4/subject5_limb_EMG.mat,StaticP4,7,ACC.X electrode 1,float64,75600,0,0,False,-0.9584060365872541,0.13463268372832113,-0.11688809546797242,0.061110807991918766,-0.11973660043517348,0.035466940810507136,0.9584060365872541,0,0,ok,extreme thresholds are audit flags only; units differ by modality
5,data/limb/subject05/StaticP4/subject5_limb_EMG.mat,StaticP4,8,ACC.Y electrode 1,float64,75600,0,0,False,-1.2552401332150231,-0.08763253958172838,-0.9653316362125968,0.03431814577151301,-0.9672050059990729,0.009697124937107837,1.2552401332150231,0,266,ok,extreme thresholds are audit flags only; units differ by modality
5,data/limb/subject05/StaticP4/subject5_limb_EMG.mat,StaticP4,9,ACC.Z electrode 1,float64,75600,0,0,False,-0.09246060855912812,0.28234888886579274,0.16626930480750735,0.04169264239051853,0.16099527070075367,0.0290705426927641,0.28234888886579274,0,0,ok,extreme thresholds are audit flags only; units differ by modality
5,data/limb/subject05/StaticP4/subject5_limb_EMG.mat,StaticP4,10,GYRO.X electrode 1,float64,75600,0,0,False,-97.47296058108721,7.939509120833962,-13.128663924260609,4.190442535834762,-12.9890983783819,0.9836992418945165,97.47296058108721,0,265,ok,extreme thresholds are audit flags only; units differ by modality
5,data/limb/subject05/StaticP4/subject5_limb_EMG.mat,StaticP4,11,GYRO.Y electrode 1,float64,75600,0,0,False,-173.36297518209858,110.8169353671793,0.09084640615219718,10.687765559923545,0.12603300283375157,2.779719340625637,173.36297518209858,0,297,ok,extreme thresholds are audit flags only; units differ by modality
5,data/limb/subject05/StaticP4/subject5_limb_EMG.mat,StaticP4,12,GYRO.Z electrode 1,float64,75600,0,0,False,-159.98560078022206,16.472963633228126,-2.2636143768201555,8.901917735916912,-1.6833018962238648,0.6821849649872168,159.98560078022206,0,772,ok,extreme thresholds are audit flags only; units differ by modality
5,data/limb/subject05/StaticP4/subject5_limb_EMG.mat,StaticP4,13,ACC.X electrode 2,float64,75600,0,0,False,-0.4436686835452583,0.16409606718711026,-0.20309494776674103,0.034754513482614886,-0.20233831988184686,0.01588600098824393,0.4436686835452583,0,0,ok,extreme thresholds are audit flags only; units differ by modality
5,data/limb/subject05/StaticP4/subject5_limb_EMG.mat,StaticP4,14,ACC.Y electrode 2,float64,75600,0,0,False,-1.083047654686803,-0.0833197484419109,-0.9166449690354617,0.035861436277320954,-0.9170992243736398,0.015369602454616715,1.083047654686803,0,152,ok,extreme thresholds are audit flags only; units differ by modality
5,data/limb/subject05/StaticP4/subject5_limb_EMG.mat,StaticP4,15,ACC.Z electrode 2,float64,75600,0,0,False,-1.054909495631107,-0.04114712148360815,-0.4303409333139561,0.059330521853038595,-0.4330171730224184,0.03652330976638049,1.054909495631107,0,0,ok,extreme thresholds are audit flags only; units differ by modality
5,data/limb/subject05/StaticP4/subject5_limb_EMG.mat,StaticP4,16,GYRO.X electrode 2,float64,75600,0,0,False,-44.45075026851311,175.4310197200547,-9.288836123246558,10.073885730210721,-9.901370924115238,0.918525091162536,175.4310197200547,0,648,ok,extreme thresholds are audit flags only; units differ by modality
5,data/limb/subject05/StaticP4/subject5_limb_EMG.mat,StaticP4,17,GYRO.Y electrode 2,float64,75600,0,0,False,-145.3387922363684,107.40309182562191,-2.943938916079882,9.41439482439697,-2.9328849202511433,2.337066756646652,145.3387922363684,0,275,ok,extreme thresholds are audit flags only; units differ by modality
5,data/limb/subject05/StaticP4/subject5_limb_EMG.mat,StaticP4,18,GYRO.Z electrode 2,float64,75600,0,0,False,-22.913060406918696,42.772667416340795,-3.5131205962296037,3.5557455854050204,-3.638301044613616,0.839892366517536,42.772667416340795,0,250,ok,extreme thresholds are audit flags only; units differ by modality
5,data/limb/subject05/StaticP4/subject5_limb_EMG.mat,StaticP4,19,ACC.X electrode 3,float64,75600,0,0,False,-0.4480813833625707,0.904368549921925,0.3106218818969055,0.08361867837681575,0.33762907763700123,0.037554703855935956,0.904368549921925,0,0,ok,extreme thresholds are audit flags only; units differ by modality
5,data/limb/subject05/StaticP4/subject5_limb_EMG.mat,StaticP4,20,ACC.Y electrode 3,float64,75600,0,0,False,-1.21328798585137,-0.08252002430336006,-0.901038404654133,0.03507887403536887,-0.9036506139857649,0.012545960606777762,1.21328798585137,0,198,ok,extreme thresholds are audit flags only; units differ by modality
5,data/limb/subject05/StaticP4/subject5_limb_EMG.mat,StaticP4,21,ACC.Z electrode 3,float64,75600,0,0,False,-1.5098654936366205,0.51340118741604,-0.34708911661392133,0.06322521175521285,-0.3317044885668957,0.03376460742977089,1.5098654936366205,0,6,ok,extreme thresholds are audit flags only; units differ by modality
5,data/limb/subject05/StaticP4/subject5_limb_EMG.mat,StaticP4,22,GYRO.X electrode 3,float64,75600,0,0,False,-31.67722922587295,261.28479748166376,16.966500886723058,5.877614466267264,17.23657459834994,1.3359713474612063,261.28479748166376,0,215,ok,extreme thresholds are audit flags only; units differ by modality
5,data/limb/subject05/StaticP4/subject5_limb_EMG.mat,StaticP4,23,GYRO.Y electrode 3,float64,75600,0,0,False,-138.33309785680672,494.99852569434836,2.659440201230728,13.089666689050812,2.715376295966003,2.7006208556970206,494.99852569434836,0,385,ok,extreme thresholds are audit flags only; units differ by modality
5,data/limb/subject05/StaticP4/subject5_limb_EMG.mat,StaticP4,24,GYRO.Z electrode 3,float64,75600,0,0,False,-41.00317731851829,183.93591175656857,2.739398573008389,9.239797178367748,2.213949060730136,0.7213041511204031,183.93591175656857,0,708,ok,extreme thresholds are audit flags only; units differ by modality
5,data/limb/subject05/StaticP4/subject5_limb_EMG.mat,StaticP4,25,ACC.X electrode 4,float64,75600,0,0,False,-0.11098206259889391,0.42576074657309937,0.22881468066158886,0.05198298671614525,0.23102509851142056,0.03481574417872449,0.42576074657309937,0,0,ok,extreme thresholds are audit flags only; units differ by modality
5,data/limb/subject05/StaticP4/subject5_limb_EMG.mat,StaticP4,26,ACC.Y electrode 4,float64,75600,0,0,False,-1.1795775640021597,-0.08645341926707044,-0.9579106576373934,0.03783309638864895,-0.9594425849467303,0.01219849006566115,1.1795775640021597,0,233,ok,extreme thresholds are audit flags only; units differ by modality
5,data/limb/subject05/StaticP4/subject5_limb_EMG.mat,StaticP4,27,ACC.Z electrode 4,float64,75600,0,0,False,-0.12209844377730768,0.7702875866398273,0.11164385132062635,0.04965101013761492,0.10621559615515982,0.029293805778667623,0.7702875866398273,0,0,ok,extreme thresholds are audit flags only; units differ by modality
5,data/limb/subject05/StaticP4/subject5_limb_EMG.mat,StaticP4,28,GYRO.X electrode 4,float64,75600,0,0,False,-173.65474755065125,29.529110132940836,2.7062441175119454,8.490821507590066,3.2657695248518266,0.7089539507162403,173.65474755065125,0,672,ok,extreme thresholds are audit flags only; units differ by modality
5,data/limb/subject05/StaticP4/subject5_limb_EMG.mat,StaticP4,29,GYRO.Y electrode 4,float64,75600,0,0,False,-168.52834633533755,107.39831852888723,6.285107481790343,11.395121285346969,6.5066248935982,3.947332271629813,168.52834633533755,0,106,ok,extreme thresholds are audit flags only; units differ by modality
5,data/limb/subject05/StaticP4/subject5_limb_EMG.mat,StaticP4,30,GYRO.Z electrode 4,float64,75600,0,0,False,-22.633495609825374,112.99323033078565,3.702825628765453,4.922334667944714,3.5763282924062865,0.8880413624602419,112.99323033078565,0,215,ok,extreme thresholds are audit flags only; units differ by modality
5,data/limb/subject05/StaticP4/subject5_limb_EMG.mat,StaticP4,31,ACC.X electrode 5,float64,75600,0,0,False,-0.6801454422941716,-0.03579666141763943,-0.3875576282547957,0.031858572580981515,-0.384273589291377,0.015500972198405155,0.6801454422941716,0,0,ok,extreme thresholds are audit flags only; units differ by modality
5,data/limb/subject05/StaticP4/subject5_limb_EMG.mat,StaticP4,32,ACC.Y electrode 5,float64,75600,0,0,False,-1.0656567238449923,-0.08351417935007512,-0.920774013122763,0.020276244805239273,-0.9206485975832872,0.009279005275061036,1.0656567238449923,0,2,ok,extreme thresholds are audit flags only; units differ by modality
5,data/limb/subject05/StaticP4/subject5_limb_EMG.mat,StaticP4,33,ACC.Z electrode 5,float64,75600,0,0,False,-0.19305033718868211,0.192255710939754,-0.08244827405840287,0.04528843603013693,-0.0754650380063186,0.02962539071905625,0.19305033718868211,0,0,ok,extreme thresholds are audit flags only; units differ by modality
5,data/limb/subject05/StaticP4/subject5_limb_EMG.mat,StaticP4,34,GYRO.X electrode 5,float64,75600,0,0,False,-33.20860528596668,73.48963518433234,5.024480192132107,4.836724937147633,5.0265719370667785,2.1061395149669497,73.48963518433234,0,26,ok,extreme thresholds are audit flags only; units differ by modality
5,data/limb/subject05/StaticP4/subject5_limb_EMG.mat,StaticP4,35,GYRO.Y electrode 5,float64,75600,0,0,False,-51.07094855314603,109.52466249888093,5.504885091325173,7.897572568642306,5.356512965286398,2.250509246788477,109.52466249888093,0,138,ok,extreme thresholds are audit flags only; units differ by modality
5,data/limb/subject05/StaticP4/subject5_limb_EMG.mat,StaticP4,36,GYRO.Z electrode 5,float64,75600,0,0,False,-52.66317672696252,37.156650812963925,-1.9686460089444038,4.094648557504465,-2.0341907343732366,1.3500944005546163,52.66317672696252,0,108,ok,extreme thresholds are audit flags only; units differ by modality
5,data/limb/subject05/StaticP4/subject5_limb_EMG.mat,StaticP4,37,ACC.X electrode 6,float64,75600,0,0,False,-0.07964512531430608,0.2902342014829734,0.05176628912910275,0.03601684702833446,0.04932789038721772,0.01899497121889994,0.2902342014829734,0,0,ok,extreme thresholds are audit flags only; units differ by modality
5,data/limb/subject05/StaticP4/subject5_limb_EMG.mat,StaticP4,38,ACC.Y electrode 6,float64,75600,0,0,False,-1.1258990434634553,-0.09099448235652025,-0.9924061096818547,0.013642467266935639,-0.9929558253434208,0.0037889676979580567,1.1258990434634553,0,48,ok,extreme thresholds are audit flags only; units differ by modality
5,data/limb/subject05/StaticP4/subject5_limb_EMG.mat,StaticP4,39,ACC.Z electrode 6,float64,75600,0,0,False,-0.3728097389326783,0.03489036817980079,-0.05857470108931615,0.03647683221281668,-0.05500507504372927,0.026964712744556057,0.3728097389326783,0,0,ok,extreme thresholds are audit flags only; units differ by modality
5,data/limb/subject05/StaticP4/subject5_limb_EMG.mat,StaticP4,40,GYRO.X electrode 6,float64,75600,0,0,False,-39.564527312984936,20.969289772234323,-0.9444587156625346,2.86314934474684,-0.9707210867112557,1.1356088881720987,39.564527312984936,0,52,ok,extreme thresholds are audit flags only; units differ by modality
5,data/limb/subject05/StaticP4/subject5_limb_EMG.mat,StaticP4,41,GYRO.Y electrode 6,float64,75600,0,0,False,-57.7821615410894,115.22994651782936,6.443215361169879,6.923779924598161,6.259745310468307,1.3659156105361272,115.22994651782936,0,410,ok,extreme thresholds are audit flags only; units differ by modality
5,data/limb/subject05/StaticP4/subject5_limb_EMG.mat,StaticP4,42,GYRO.Z electrode 6,float64,75600,0,0,False,-20.111172279801526,29.59310329747472,-0.6155070803291164,2.342881952148266,-0.6922890174900768,1.0245437838582334,29.59310329747472,0,0,ok,extreme thresholds are audit flags only; units differ by modality
5,data/limb/subject05/StaticP9/subject5_limb_EMG.mat,StaticP9,1,EMG electrode 1,float64,75600,0,0,False,-0.000106584,0.000139818,-3.68740090978836e-07,1.2948281953617575e-05,-5.03548e-07,5.035478e-06,0.000139818,0,0,ok,extreme thresholds are audit flags only; units differ by modality
5,data/limb/subject05/StaticP9/subject5_limb_EMG.mat,StaticP9,2,EMG electrode 2,float64,75600,0,0,False,-0.00026067,0.000382528,3.7195525844312163e-06,2.9178476267328345e-05,3.52483e-06,4.3640760000000005e-06,0.000382528,0,671,ok,extreme thresholds are audit flags only; units differ by modality
5,data/limb/subject05/StaticP9/subject5_limb_EMG.mat,StaticP9,3,EMG electrode 3,float64,75600,0,0,False,-0.000123873,0.000121355,8.566988674232805e-06,1.1040326708278023e-05,8.56031e-06,3.0212899999999986e-06,0.000123873,0,15,ok,extreme thresholds are audit flags only; units differ by modality
5,data/limb/subject05/StaticP9/subject5_limb_EMG.mat,StaticP9,4,EMG electrode 4,float64,75600,0,0,False,-6.22721e-05,3.13878e-05,-2.1139352936574076e-05,5.076382922507545e-06,-2.1149e-05,2.5177000000000013e-06,6.22721e-05,0,0,ok,extreme thresholds are audit flags only; units differ by modality
5,data/limb/subject05/StaticP9/subject5_limb_EMG.mat,StaticP9,5,EMG electrode 5,float64,75600,0,0,False,-9.44991e-05,0.000123369,-1.9664527922116402e-05,8.284019287548398e-06,-1.96384e-05,4.0284e-06,0.000123369,0,13,ok,extreme thresholds are audit flags only; units differ by modality
5,data/limb/subject05/StaticP9/subject5_limb_EMG.mat,StaticP9,6,EMG electrode 6,float64,75600,0,0,False,-0.000488273,0.000443961,-8.260590188412699e-06,2.2846015794255014e-05,-7.88891e-06,1.007099e-05,0.000488273,0,52,ok,extreme thresholds are audit flags only; units differ by modality
5,data/limb/subject05/StaticP9/subject5_limb_EMG.mat,StaticP9,7,ACC.X electrode 1,float64,75600,0,0,False,-0.9590212614769804,0.03913539188166083,-0.6198346744032204,0.263005406876053,-0.7202095863510838,0.039619371194061614,0.9590212614769804,0,0,ok,extreme thresholds are audit flags only; units differ by modality
5,data/limb/subject05/StaticP9/subject5_limb_EMG.mat,StaticP9,8,ACC.Y electrode 1,float64,75600,0,0,False,-1.1555473126507794,0.19736459146089688,-0.14222153485620323,0.42036421513159367,0.04546006444989732,0.0756710023815474,1.1555473126507794,0,0,ok,extreme thresholds are audit flags only; units differ by modality
5,data/limb/subject05/StaticP9/subject5_limb_EMG.mat,StaticP9,9,ACC.Z electrode 1,float64,75600,0,0,False,0.05316459824903435,0.713370788512574,0.5036132072974426,0.1966584704125346,0.6033031722537125,0.06186830846227154,0.713370788512574,0,0,ok,extreme thresholds are audit flags only; units differ by modality
5,data/limb/subject05/StaticP9/subject5_limb_EMG.mat,StaticP9,10,GYRO.X electrode 1,float64,75600,0,0,False,-40.63713112851463,-1.124896320871639,-13.042355603007353,2.4838552704167145,-12.97192413426049,0.7626972906924054,40.63713112851463,0,143,ok,extreme thresholds are audit flags only; units differ by modality
5,data/limb/subject05/StaticP9/subject5_limb_EMG.mat,StaticP9,11,GYRO.Y electrode 1,float64,75600,0,0,False,-57.63235002419002,94.86760150669566,0.09337573361523147,6.506403850297011,0.17097407768590922,2.399474061319894,94.86760150669566,0,23,ok,extreme thresholds are audit flags only; units differ by modality
5,data/limb/subject05/StaticP9/subject5_limb_EMG.mat,StaticP9,12,GYRO.Z electrode 1,float64,75600,0,0,False,-22.195983021383363,20.623831679292984,-1.7462019064487555,2.2665641734312665,-1.7748547147615277,0.5886869378592856,22.195983021383363,0,294,ok,extreme thresholds are audit flags only; units differ by modality
5,data/limb/subject05/StaticP9/subject5_limb_EMG.mat,StaticP9,13,ACC.X electrode 2,float64,75600,0,0,False,-0.5351089223807963,-0.0363546201326934,-0.3222279607067088,0.08757307453022678,-0.34390518362698813,0.0664597074664682,0.5351089223807963,0,0,ok,extreme thresholds are audit flags only; units differ by modality
5,data/limb/subject05/StaticP9/subject5_limb_EMG.mat,StaticP9,14,ACC.Y electrode 2,float64,75600,0,0,False,-1.0909919222439843,0.2705979062789423,-0.07154559025746128,0.429934506553907,0.11048520758426511,0.06068147448580133,1.0909919222439843,0,0,ok,extreme thresholds are audit flags only; units differ by modality
5,data/limb/subject05/StaticP9/subject5_limb_EMG.mat,StaticP9,15,ACC.Z electrode 2,float64,75600,0,0,False,-1.1544775148364226,-0.09197796721184175,-0.8917450107234477,0.24373057199126832,-0.9996117388117622,0.02020927857963456,1.1544775148364226,0,7681,ok,extreme thresholds are audit flags only; units differ by modality
5,data/limb/subject05/StaticP9/subject5_limb_EMG.mat,StaticP9,16,GYRO.X electrode 2,float64,75600,0,0,False,-32.79639161011522,23.7507080451399,-9.946261887059801,2.8232448867669215,-9.834912142554156,0.9264806397214951,32.79639161011522,0,34,ok,extreme thresholds are audit flags only; units differ by modality
5,data/limb/subject05/StaticP9/subject5_limb_EMG.mat,StaticP9,17,GYRO.Y electrode 2,float64,75600,0,0,False,-59.74689159397868,50.41905891918713,-2.8097405336278674,6.922495475359719,-2.78861911356475,2.735338136299709,59.74689159397868,0,0,ok,extreme thresholds are audit flags only; units differ by modality
5,data/limb/subject05/StaticP9/subject5_limb_EMG.mat,StaticP9,18,GYRO.Z electrode 2,float64,75600,0,0,False,-38.23836175947037,14.681516532261266,-3.7394258377366225,2.661139162739708,-3.6597375625627877,0.7396730479186857,38.23836175947037,0,114,ok,extreme thresholds are audit flags only; units differ by modality
5,data/limb/subject05/StaticP9/subject5_limb_EMG.mat,StaticP9,19,ACC.X electrode 3,float64,75600,0,0,False,-0.32664769110276604,1.126785305835107,0.8441147040247009,0.2674400076638239,0.9695083362277838,0.020472219759552768,1.126785305835107,0,11926,ok,extreme thresholds are audit flags only; units differ by modality
5,data/limb/subject05/StaticP9/subject5_limb_EMG.mat,StaticP9,20,ACC.Y electrode 3,float64,75600,0,0,False,-1.1020122149059852,0.2882727011424926,-0.05099670588792037,0.43338237029941085,0.14029027962744373,0.06688005597301508,1.1020122149059852,0,0,ok,extreme thresholds are audit flags only; units differ by modality
5,data/limb/subject05/StaticP9/subject5_limb_EMG.mat,StaticP9,21,ACC.Z electrode 3,float64,75600,0,0,False,-0.6337243485591024,0.12121682442959907,-0.21438730505517095,0.10204246685681047,-0.2340161304077962,0.052911215439210846,0.6337243485591024,0,0,ok,extreme thresholds are audit flags only; units differ by modality
5,data/limb/subject05/StaticP9/subject5_limb_EMG.mat,StaticP9,22,GYRO.X electrode 3,float64,75600,0,0,False,-38.38045995823752,59.551529154593695,17.490278418240095,3.526007340869638,17.334606006685828,1.0329650068251688,59.551529154593695,0,45,ok,extreme thresholds are audit flags only; units differ by modality
5,data/limb/subject05/StaticP9/subject5_limb_EMG.mat,StaticP9,23,GYRO.Y electrode 3,float64,75600,0,0,False,-129.6602049681364,73.52811944752071,2.569125272789099,7.268818776926681,2.71862209145812,2.6128602204610534,129.6602049681364,0,31,ok,extreme thresholds are audit flags only; units differ by modality
5,data/limb/subject05/StaticP9/subject5_limb_EMG.mat,StaticP9,24,GYRO.Z electrode 3,float64,75600,0,0,False,-53.547054492956114,70.91716297824209,2.2593763078682705,2.5246325755332104,2.2939498525347566,0.6409463350784292,70.91716297824209,0,106,ok,extreme thresholds are audit flags only; units differ by modality
5,data/limb/subject05/StaticP9/subject5_limb_EMG.mat,StaticP9,25,ACC.X electrode 4,float64,75600,0,0,False,-0.08657455151856008,1.002684420887445,0.6551876063624129,0.23610159944264839,0.7742709614965406,0.051431803144234234,1.002684420887445,0,0,ok,extreme thresholds are audit flags only; units differ by modality
5,data/limb/subject05/StaticP9/subject5_limb_EMG.mat,StaticP9,26,ACC.Y electrode 4,float64,75600,0,0,False,-1.1522666283884664,0.19412047924246523,-0.13122085746011358,0.42069180107771326,0.06869777595267591,0.06930481416126598,1.1522666283884664,0,0,ok,extreme thresholds are audit flags only; units differ by modality
5,data/limb/subject05/StaticP9/subject5_limb_EMG.mat,StaticP9,27,ACC.Z electrode 4,float64,75600,0,0,False,-0.05262425469464441,0.7064708892494315,0.4662802587675646,0.18802290698621285,0.521015424006672,0.02721042432461307,0.7064708892494315,0,0,ok,extreme thresholds are audit flags only; units differ by modality
5,data/limb/subject05/StaticP9/subject5_limb_EMG.mat,StaticP9,28,GYRO.X electrode 4,float64,75600,0,0,False,-34.55008348433688,23.79776624396703,3.2062252619499376,2.2534644117108322,3.189774565818204,0.6801966756473852,34.55008348433688,0,63,ok,extreme thresholds are audit flags only; units differ by modality
5,data/limb/subject05/StaticP9/subject5_limb_EMG.mat,StaticP9,29,GYRO.Y electrode 4,float64,75600,0,0,False,-98.27158011127824,78.36022617305387,6.397899615622962,7.512929657248227,6.439155420279682,2.948141118590252,98.27158011127824,0,16,ok,extreme thresholds are audit flags only; units differ by modality
5,data/limb/subject05/StaticP9/subject5_limb_EMG.mat,StaticP9,30,GYRO.Z electrode 4,float64,75600,0,0,False,-10.228372701361367,36.46994161628815,3.6710157210061767,2.529658572710412,3.6109714369117416,0.612086785800491,36.46994161628815,0,289,ok,extreme thresholds are audit flags only; units differ by modality
5,data/limb/subject05/StaticP9/subject5_limb_EMG.mat,StaticP9,31,ACC.X electrode 5,float64,75600,0,0,False,-0.9253260308006772,-0.07459814202772892,-0.7407345233421126,0.17804097931206578,-0.8089143044940734,0.04570709296952341,0.9253260308006772,0,0,ok,extreme thresholds are audit flags only; units differ by modality
5,data/limb/subject05/StaticP9/subject5_limb_EMG.mat,StaticP9,32,ACC.Y electrode 5,float64,75600,0,0,False,-1.1663612285925686,0.1852044954264727,-0.12821020137869593,0.3969628006152445,0.028098180483175528,0.07869856939484715,1.1663612285925686,0,0,ok,extreme thresholds are audit flags only; units differ by modality
5,data/limb/subject05/StaticP9/subject5_limb_EMG.mat,StaticP9,33,ACC.Z electrode 5,float64,75600,0,0,False,-0.8740162088901756,0.01244403806669419,-0.5239969172797636,0.2309775973197845,-0.5995687821961168,0.06187842820328848,0.8740162088901756,0,0,ok,extreme thresholds are audit flags only; units differ by modality
5,data/limb/subject05/StaticP9/subject5_limb_EMG.mat,StaticP9,34,GYRO.X electrode 5,float64,75600,0,0,False,-28.355741414284562,31.762123367516313,5.226239784216017,4.758192302721269,5.177565945772885,2.126734061794318,31.762123367516313,0,0,ok,extreme thresholds are audit flags only; units differ by modality
5,data/limb/subject05/StaticP9/subject5_limb_EMG.mat,StaticP9,35,GYRO.Y electrode 5,float64,75600,0,0,False,-98.90262760744706,109.06453330962708,5.658047977333023,13.094170083410312,5.584406561023457,4.667476367818368,109.06453330962708,0,0,ok,extreme thresholds are audit flags only; units differ by modality
5,data/limb/subject05/StaticP9/subject5_limb_EMG.mat,StaticP9,36,GYRO.Z electrode 5,float64,75600,0,0,False,-36.8440947334362,31.496642077271527,-2.0510246778882637,2.8519880999639105,-2.0612469330530567,0.7345082123062542,36.8440947334362,0,262,ok,extreme thresholds are audit flags only; units differ by modality
5,data/limb/subject05/StaticP9/subject5_limb_EMG.mat,StaticP9,37,ACC.X electrode 6,float64,75600,0,0,False,-0.08751896921579094,0.23702163112365043,0.09786781219123301,0.07546222422897515,0.1181772020255338,0.05416502505043408,0.23702163112365043,0,0,ok,extreme thresholds are audit flags only; units differ by modality
5,data/limb/subject05/StaticP9/subject5_limb_EMG.mat,StaticP9,38,ACC.Y electrode 6,float64,75600,0,0,False,-1.169180111091254,-0.02050422998207182,-0.39406229467941867,0.30295572668141063,-0.26290991522410817,0.0671066286143406,1.169180111091254,0,0,ok,extreme thresholds are audit flags only; units differ by modality
5,data/limb/subject05/StaticP9/subject5_limb_EMG.mat,StaticP9,39,ACC.Z electrode 6,float64,75600,0,0,False,-0.16549172879901852,0.9830116830081027,0.7068828464901294,0.38512689522773147,0.8937941115965617,0.018447372527880868,0.9830116830081027,0,15119,ok,extreme thresholds are audit flags only; units differ by modality
5,data/limb/subject05/StaticP9/subject5_limb_EMG.mat,StaticP9,40,GYRO.X electrode 6,float64,75600,0,0,False,-22.940991022563555,14.287197315865791,-1.1102040978337324,1.9579286794573636,-1.0539792344408125,0.9494805296275967,22.940991022563555,0,0,ok,extreme thresholds are audit flags only; units differ by modality
5,data/limb/subject05/StaticP9/subject5_limb_EMG.mat,StaticP9,41,GYRO.Y electrode 6,float64,75600,0,0,False,-24.925636288099707,43.34910501531651,6.348518574375697,3.8193270131814163,6.314616629413967,1.17551472594984,43.34910501531651,0,23,ok,extreme thresholds are audit flags only; units differ by modality
5,data/limb/subject05/StaticP9/subject5_limb_EMG.mat,StaticP9,42,GYRO.Z electrode 6,float64,75600,0,0,False,-16.92680073094906,21.66333855046646,-0.7697123705366801,1.9024846236084845,-0.7772049575846619,0.7046846761800949,21.66333855046646,0,29,ok,extreme thresholds are audit flags only; units differ by modality
5,data/limb/subject05/StaticP10/subject5_limb_EMG.mat,StaticP10,1,EMG electrode 1,float64,75600,0,0,False,-0.000147539,0.000137133,-3.671591691269841e-07,1.4810899291714838e-05,-5.03548e-07,5.371172e-06,0.000147539,0,0,ok,extreme thresholds are audit flags only; units differ by modality
5,data/limb/subject05/StaticP10/subject5_limb_EMG.mat,StaticP10,2,EMG electrode 2,float64,75600,0,0,False,-0.000335195,0.000396292,3.7082671277777774e-06,3.284915670923426e-05,3.18914e-06,6.210429999999999e-06,0.000396292,0,260,ok,extreme thresholds are audit flags only; units differ by modality
5,data/limb/subject05/StaticP10/subject5_limb_EMG.mat,StaticP10,3,EMG electrode 3,float64,75600,0,0,False,-0.000136461,0.000164828,8.584379771243386e-06,1.174529800883637e-05,8.56031e-06,3.3569899999999995e-06,0.000164828,0,18,ok,extreme thresholds are audit flags only; units differ by modality
5,data/limb/subject05/StaticP10/subject5_limb_EMG.mat,StaticP10,4,EMG electrode 4,float64,75600,0,0,False,-7.73785e-05,2.23239e-05,-2.1165580381613752e-05,5.663440468640187e-06,-2.13169e-05,2.6855e-06,7.73785e-05,0,0,ok,extreme thresholds are audit flags only; units differ by modality
5,data/limb/subject05/StaticP10/subject5_limb_EMG.mat,StaticP10,5,EMG electrode 5,float64,75600,0,0,False,-4.76692e-05,3.18914e-06,-1.9598913988915345e-05,4.911235972163573e-06,-1.94705e-05,3.1890999999999997e-06,4.76692e-05,0,0,ok,extreme thresholds are audit flags only; units differ by modality
5,data/limb/subject05/StaticP10/subject5_limb_EMG.mat,StaticP10,6,EMG electrode 6,float64,75600,0,0,False,-0.000230625,0.000115312,-8.23809861595238e-06,2.604610993966622e-05,-7.55322e-06,1.174945e-05,0.000230625,0,0,ok,extreme thresholds are audit flags only; units differ by modality
5,data/limb/subject05/StaticP10/subject5_limb_EMG.mat,StaticP10,7,ACC.X electrode 1,float64,75600,0,0,False,-0.50602846186505,0.0524536310754732,-0.26365347607585315,0.10650569545701802,-0.24264079785013523,0.06218463032958296,0.50602846186505,0,0,ok,extreme thresholds are audit flags only; units differ by modality
5,data/limb/subject05/StaticP10/subject5_limb_EMG.mat,StaticP10,8,ACC.Y electrode 1,float64,75600,0,0,False,-1.1004574197753891,1.0585566778534945,0.45417041586278517,0.8195486229255969,0.9120232211114097,0.04575170013570812,1.1004574197753891,0,18897,ok,extreme thresholds are audit flags only; units differ by modality
5,data/limb/subject05/StaticP10/subject5_limb_EMG.mat,StaticP10,9,ACC.Z electrode 1,float64,75600,0,0,False,0.004397487598022926,0.38778048981861674,0.1564317558364555,0.06490021800409677,0.15839105250369104,0.03917954263264321,0.38778048981861674,0,0,ok,extreme thresholds are audit flags only; units differ by modality
5,data/limb/subject05/StaticP10/subject5_limb_EMG.mat,StaticP10,10,GYRO.X electrode 1,float64,75600,0,0,False,-60.974014698026075,7.928127079262018,-13.28782498973194,3.0347124423280927,-13.148656963609483,1.51572763559449,60.974014698026075,0,9,ok,extreme thresholds are audit flags only; units differ by modality
5,data/limb/subject05/StaticP10/subject5_limb_EMG.mat,StaticP10,11,GYRO.Y electrode 1,float64,75600,0,0,False,-59.10863270061885,66.44709001393949,0.029744533201200015,5.707995828571267,0.29030936556250075,2.3444810693228573,66.44709001393949,0,0,ok,extreme thresholds are audit flags only; units differ by modality
5,data/limb/subject05/StaticP10/subject5_limb_EMG.mat,StaticP10,12,GYRO.Z electrode 1,float64,75600,0,0,False,-18.77171352892288,13.48986187190815,-1.8996145911339062,1.9495437867780003,-1.8363183361419506,0.8775077306512048,18.77171352892288,0,0,ok,extreme thresholds are audit flags only; units differ by modality
5,data/limb/subject05/StaticP10/subject5_limb_EMG.mat,StaticP10,13,ACC.X electrode 2,float64,75600,0,0,False,-0.42727144641181597,0.0367714409395605,-0.14387148894520999,0.07380425955190069,-0.14893888889605233,0.06227357212979916,0.42727144641181597,0,0,ok,extreme thresholds are audit flags only; units differ by modality
5,data/limb/subject05/StaticP10/subject5_limb_EMG.mat,StaticP10,14,ACC.Y electrode 2,float64,75600,0,0,False,-1.0514531922219543,1.0280314183662125,0.4990247726018655,0.811558604954524,0.9583055146831237,0.02621654251418437,1.0514531922219543,0,18899,ok,extreme thresholds are audit flags only; units differ by modality
5,data/limb/subject05/StaticP10/subject5_limb_EMG.mat,StaticP10,15,ACC.Z electrode 2,float64,75600,0,0,False,-0.5690425377223338,-0.03808513567268718,-0.3402211662232318,0.10137595975103009,-0.3163407540023595,0.09132334416654231,0.5690425377223338,0,0,ok,extreme thresholds are audit flags only; units differ by modality
5,data/limb/subject05/StaticP10/subject5_limb_EMG.mat,StaticP10,16,GYRO.X electrode 2,float64,75600,0,0,False,-22.991360350967724,3.4535034087012684,-9.612496091555903,2.0558687344610123,-9.614029577168347,1.0208793624150605,22.991360350967724,0,0,ok,extreme thresholds are audit flags only; units differ by modality
5,data/limb/subject05/StaticP10/subject5_limb_EMG.mat,StaticP10,17,GYRO.Y electrode 2,float64,75600,0,0,False,-52.55028782716306,37.917802550727984,-2.9638052001422523,5.258268059709228,-2.8942101705896364,2.130854640863648,52.55028782716306,0,0,ok,extreme thresholds are audit flags only; units differ by modality
5,data/limb/subject05/StaticP10/subject5_limb_EMG.mat,StaticP10,18,GYRO.Z electrode 2,float64,75600,0,0,False,-22.043832714976375,9.4342806539596,-3.895235652650949,2.120926176926922,-3.7523827655060833,0.8902660386054595,22.043832714976375,0,0,ok,extreme thresholds are audit flags only; units differ by modality
5,data/limb/subject05/StaticP10/subject5_limb_EMG.mat,StaticP10,19,ACC.X electrode 3,float64,75600,0,0,False,-0.014602884471386725,0.7078106911144451,0.3114678960811088,0.08980625054936543,0.30412971060046656,0.07863213975573846,0.7078106911144451,0,0,ok,extreme thresholds are audit flags only; units differ by modality
5,data/limb/subject05/StaticP10/subject5_limb_EMG.mat,StaticP10,20,ACC.Y electrode 3,float64,75600,0,0,False,-1.060358715839381,1.130130148378605,0.4892554874686537,0.8040534263264297,0.9391086119629997,0.04393533412397843,1.130130148378605,0,18897,ok,extreme thresholds are audit flags only; units differ by modality
5,data/limb/subject05/StaticP10/subject5_limb_EMG.mat,StaticP10,21,ACC.Z electrode 3,float64,75600,0,0,False,-0.40654432670446283,0.13679250389485795,-0.09088831030967548,0.13288078205661435,-0.07364622986949607,0.10361458814140728,0.40654432670446283,0,0,ok,extreme thresholds are audit flags only; units differ by modality
5,data/limb/subject05/StaticP10/subject5_limb_EMG.mat,StaticP10,22,GYRO.X electrode 3,float64,75600,0,0,False,-6.650813106804072,59.86084466576844,17.385710575546675,4.1401026479077565,17.381558041298007,1.9674978493451976,59.86084466576844,0,0,ok,extreme thresholds are audit flags only; units differ by modality
5,data/limb/subject05/StaticP10/subject5_limb_EMG.mat,StaticP10,23,GYRO.Y electrode 3,float64,75600,0,0,False,-146.6761819747306,55.594104996746104,2.6267902322312633,7.46855464091557,2.788555684201743,2.662088214130003,146.6761819747306,0,36,ok,extreme thresholds are audit flags only; units differ by modality
5,data/limb/subject05/StaticP10/subject5_limb_EMG.mat,StaticP10,24,GYRO.Z electrode 3,float64,75600,0,0,False,-18.77730925128283,22.985950275047436,2.573643747524408,2.1885519608778496,2.5180412862612993,1.0209289026535329,22.985950275047436,0,0,ok,extreme thresholds are audit flags only; units differ by modality
5,data/limb/subject05/StaticP10/subject5_limb_EMG.mat,StaticP10,25,ACC.X electrode 4,float64,75600,0,0,False,-0.022748632245022177,0.5945582124254803,0.25113614871227696,0.06440647387809063,0.24289234924758693,0.039457316439851176,0.5945582124254803,0,0,ok,extreme thresholds are audit flags only; units differ by modality
5,data/limb/subject05/StaticP10/subject5_limb_EMG.mat,StaticP10,26,ACC.Y electrode 4,float64,75600,0,0,False,-1.1029964954579023,1.0397593061377899,0.44540585790205706,0.8076222148630708,0.8933377566144626,0.05034912494467986,1.1029964954579023,0,18897,ok,extreme thresholds are audit flags only; units differ by modality
5,data/limb/subject05/StaticP10/subject5_limb_EMG.mat,StaticP10,27,ACC.Z electrode 4,float64,75600,0,0,False,0.02190215089993341,0.4350810301859566,0.1952379714625735,0.09094813939360777,0.16613621318116673,0.03825398869505296,0.4350810301859566,0,0,ok,extreme thresholds are audit flags only; units differ by modality
5,data/limb/subject05/StaticP10/subject5_limb_EMG.mat,StaticP10,28,GYRO.X electrode 4,float64,75600,0,0,False,-30.810623993363873,40.7108831934232,3.0325615835614688,2.792316422647209,3.1110241646651153,1.2984110107829006,40.7108831934232,0,0,ok,extreme thresholds are audit flags only; units differ by modality
5,data/limb/subject05/StaticP10/subject5_limb_EMG.mat,StaticP10,29,GYRO.Y electrode 4,float64,75600,0,0,False,-71.69002258577127,88.49323622437468,6.374834547166332,6.077039244839517,6.4898618031729,2.3337132460725023,88.49323622437468,0,44,ok,extreme thresholds are audit flags only; units differ by modality
5,data/limb/subject05/StaticP10/subject5_limb_EMG.mat,StaticP10,30,GYRO.Z electrode 4,float64,75600,0,0,False,-11.621899992140772,48.5411003013527,4.0310929219458815,3.3555243044341956,3.7830343380178744,1.525415941989284,48.5411003013527,0,0,ok,extreme thresholds are audit flags only; units differ by modality
5,data/limb/subject05/StaticP10/subject5_limb_EMG.mat,StaticP10,31,ACC.X electrode 5,float64,75600,0,0,False,-0.8074778112655778,-0.06650230306742845,-0.6086392873090359,0.12979814283723975,-0.6678606512436993,0.029103178697650167,0.8074778112655778,0,0,ok,extreme thresholds are audit flags only; units differ by modality
5,data/limb/subject05/StaticP10/subject5_limb_EMG.mat,StaticP10,32,ACC.Y electrode 5,float64,75600,0,0,False,-1.0622822313344726,0.1798089332678451,-0.1882872619024352,0.42930012424679054,0.05498227501831991,0.09595796012143956,1.0622822313344726,0,0,ok,extreme thresholds are audit flags only; units differ by modality
5,data/limb/subject05/StaticP10/subject5_limb_EMG.mat,StaticP10,33,ACC.Z electrode 5,float64,75600,0,0,False,-0.8720829659470799,0.008892551570154427,-0.6329151100081291,0.29806482144077867,-0.792622625606659,0.028647070551346465,0.8720829659470799,0,0,ok,extreme thresholds are audit flags only; units differ by modality
5,data/limb/subject05/StaticP10/subject5_limb_EMG.mat,StaticP10,34,GYRO.X electrode 5,float64,75600,0,0,False,-10.587120363807244,20.213026381503788,5.276424973052516,2.1368270857631724,5.196335043574373,1.0543416878526735,20.213026381503788,0,0,ok,extreme thresholds are audit flags only; units differ by modality
5,data/limb/subject05/StaticP10/subject5_limb_EMG.mat,StaticP10,35,GYRO.Y electrode 5,float64,75600,0,0,False,-26.368282872469486,39.59660964677096,5.3657732899634665,4.279704570001628,5.388847197516394,2.1597453091093084,39.59660964677096,0,0,ok,extreme thresholds are audit flags only; units differ by modality
5,data/limb/subject05/StaticP10/subject5_limb_EMG.mat,StaticP10,36,GYRO.Z electrode 5,float64,75600,0,0,False,-18.671057507335426,8.051218450060706,-2.1086327800615075,1.6002145531526257,-2.091192448385222,0.7850504554561686,18.671057507335426,0,0,ok,extreme thresholds are audit flags only; units differ by modality
5,data/limb/subject05/StaticP10/subject5_limb_EMG.mat,StaticP10,37,ACC.X electrode 6,float64,75600,0,0,False,-0.15049221585795655,0.12426880559532177,-0.020269838506669097,0.07236889198373467,0.008351229425149966,0.03628673572914007,0.15049221585795655,0,0,ok,extreme thresholds are audit flags only; units differ by modality
5,data/limb/subject05/StaticP10/subject5_limb_EMG.mat,StaticP10,38,ACC.Y electrode 6,float64,75600,0,0,False,-1.131301514520871,-0.020149619099093238,-0.4298281027213113,0.32964920004978115,-0.27117828106020747,0.08514425180977611,1.131301514520871,0,0,ok,extreme thresholds are audit flags only; units differ by modality
5,data/limb/subject05/StaticP10/subject5_limb_EMG.mat,StaticP10,39,ACC.Z electrode 6,float64,75600,0,0,False,-0.1241238634658289,0.9585214334702681,0.6710365071930389,0.4062787445848117,0.8991893458978162,0.0236004551017448,0.9585214334702681,0,18899,ok,extreme thresholds are audit flags only; units differ by modality
5,data/limb/subject05/StaticP10/subject5_limb_EMG.mat,StaticP10,40,GYRO.X electrode 6,float64,75600,0,0,False,-10.941075523653671,7.772748934303069,-1.1042276127274961,1.394253609163173,-1.0969033201977916,0.7384761772270989,10.941075523653671,0,0,ok,extreme thresholds are audit flags only; units differ by modality
5,data/limb/subject05/StaticP10/subject5_limb_EMG.mat,StaticP10,41,GYRO.Y electrode 6,float64,75600,0,0,False,-11.385223348489019,23.452648789757372,6.365652629475816,2.5898623777101837,6.306481034760146,1.2596517758847412,23.452648789757372,0,0,ok,extreme thresholds are audit flags only; units differ by modality
5,data/limb/subject05/StaticP10/subject5_limb_EMG.mat,StaticP10,42,GYRO.Z electrode 6,float64,75600,0,0,False,-10.596969936652034,7.016919337188813,-0.844231113634639,1.2676304891487435,-0.8210148549042069,0.6620698234827862,10.596969936652034,0,0,ok,extreme thresholds are audit flags only; units differ by modality
5,data/limb/subject05/StaticP14/subject5_limb_EMG.mat,StaticP14,1,EMG electrode 1,float64,75600,0,0,False,-0.000176577,0.000212497,-5.396865732936509e-07,1.771221546602899e-05,-8.39246e-07,6.713966000000001e-06,0.000212497,0,2,ok,extreme thresholds are audit flags only; units differ by modality
5,data/limb/subject05/StaticP14/subject5_limb_EMG.mat,StaticP14,2,EMG electrode 2,float64,75600,0,0,False,-0.000214679,0.000428183,3.728155914642857e-06,2.9218782440512037e-05,3.35698e-06,5.87473e-06,0.000428183,0,155,ok,extreme thresholds are audit flags only; units differ by modality
5,data/limb/subject05/StaticP14/subject5_limb_EMG.mat,StaticP14,3,EMG electrode 3,float64,75600,0,0,False,-0.000115312,0.000124712,8.692105558492063e-06,1.1293999452242018e-05,8.56031e-06,3.860530000000001e-06,0.000124712,0,4,ok,extreme thresholds are audit flags only; units differ by modality
5,data/limb/subject05/StaticP14/subject5_limb_EMG.mat,StaticP14,4,EMG electrode 4,float64,75600,0,0,False,-7.53643e-05,2.29953e-05,-2.1135804377751324e-05,5.650464760381264e-06,-2.13169e-05,2.853499999999999e-06,7.53643e-05,0,0,ok,extreme thresholds are audit flags only; units differ by modality
5,data/limb/subject05/StaticP14/subject5_limb_EMG.mat,StaticP14,5,EMG electrode 5,float64,75600,0,0,False,-8.03998e-05,2.73594e-05,-1.935856147542328e-05,9.889527418251853e-06,-1.8967e-05,6.210400000000001e-06,8.03998e-05,0,0,ok,extreme thresholds are audit flags only; units differ by modality
5,data/limb/subject05/StaticP14/subject5_limb_EMG.mat,StaticP14,6,EMG electrode 6,float64,75600,0,0,False,-0.000446143,0.000238178,-8.234319847407409e-06,4.888825178829294e-05,-7.55322e-06,2.2995380000000002e-05,0.000446143,0,0,ok,extreme thresholds are audit flags only; units differ by modality
5,data/limb/subject05/StaticP14/subject5_limb_EMG.mat,StaticP14,7,ACC.X electrode 1,float64,75600,0,0,False,-0.7057887175083374,-0.029565631167631015,-0.38018684174399575,0.15758722540857137,-0.44530109774336607,0.07885488637911514,0.7057887175083374,0,0,ok,extreme thresholds are audit flags only; units differ by modality
5,data/limb/subject05/StaticP14/subject5_limb_EMG.mat,StaticP14,8,ACC.Y electrode 1,float64,75600,0,0,False,-1.1276702756519923,0.8089251967474744,0.3500476748312741,0.6668678731911506,0.6773768410821575,0.06363575757324696,1.1276702756519923,0,0,ok,extreme thresholds are audit flags only; units differ by modality
5,data/limb/subject05/StaticP14/subject5_limb_EMG.mat,StaticP14,9,ACC.Z electrode 1,float64,75600,0,0,False,0.0444090029447961,0.7392672055467585,0.43103501632631447,0.18033024696973307,0.44395837181483355,0.04909940444166341,0.7392672055467585,0,0,ok,extreme thresholds are audit flags only; units differ by modality
5,data/limb/subject05/StaticP14/subject5_limb_EMG.mat,StaticP14,10,GYRO.X electrode 1,float64,75600,0,0,False,-24.29673203894006,9.774315421785536,-13.258260315747904,1.643198225944372,-13.230180341289982,0.8492540446056323,24.29673203894006,0,0,ok,extreme thresholds are audit flags only; units differ by modality
5,data/limb/subject05/StaticP14/subject5_limb_EMG.mat,StaticP14,11,GYRO.Y electrode 1,float64,75600,0,0,False,-43.02097273309182,34.95127544618793,0.18916374018599078,5.689291852997695,0.40709294108165756,2.67408025899698,43.02097273309182,0,0,ok,extreme thresholds are audit flags only; units differ by modality
5,data/limb/subject05/StaticP14/subject5_limb_EMG.mat,StaticP14,12,GYRO.Z electrode 1,float64,75600,0,0,False,-9.193073057924117,12.091590766286743,-1.6506501318929505,1.511676845112288,-1.7319053325305127,0.7697772126011202,12.091590766286743,0,0,ok,extreme thresholds are audit flags only; units differ by modality
5,data/limb/subject05/StaticP14/subject5_limb_EMG.mat,StaticP14,13,ACC.X electrode 2,float64,75600,0,0,False,-0.5311118576644308,-0.03750197272360832,-0.34622259063567074,0.08752434958739226,-0.36254883780556646,0.04823652321723773,0.5311118576644308,0,0,ok,extreme thresholds are audit flags only; units differ by modality
5,data/limb/subject05/StaticP14/subject5_limb_EMG.mat,StaticP14,14,ACC.Y electrode 2,float64,75600,0,0,False,-1.0771903882521618,0.8472498309248203,0.37508190309338224,0.6561084005040307,0.6850307279683048,0.05436721322609461,1.0771903882521618,0,9740,ok,extreme thresholds are audit flags only; units differ by modality
5,data/limb/subject05/StaticP14/subject5_limb_EMG.mat,StaticP14,15,ACC.Z electrode 2,float64,75600,0,0,False,-0.8089533015238654,-0.06643604291883172,-0.6278134471183198,0.12773172925492923,-0.6893505435561242,0.05094676367086748,0.8089533015238654,0,0,ok,extreme thresholds are audit flags only; units differ by modality
5,data/limb/subject05/StaticP14/subject5_limb_EMG.mat,StaticP14,16,GYRO.X electrode 2,float64,75600,0,0,False,-39.63239340583606,7.397617737260026,-9.87994345580845,1.960201054954872,-9.775414777820375,0.9379801371260656,39.63239340583606,0,13,ok,extreme thresholds are audit flags only; units differ by modality
5,data/limb/subject05/StaticP14/subject5_limb_EMG.mat,StaticP14,17,GYRO.Y electrode 2,float64,75600,0,0,False,-79.50876591848136,46.864853257156554,-2.859545328171014,5.2824376284895616,-2.7520543739026193,2.336373541035424,79.50876591848136,0,12,ok,extreme thresholds are audit flags only; units differ by modality
5,data/limb/subject05/StaticP14/subject5_limb_EMG.mat,StaticP14,18,GYRO.Z electrode 2,float64,75600,0,0,False,-11.173113497195702,4.259351288006166,-3.899667749909178,1.4621249748290133,-3.855868637838542,0.7748638250881221,11.173113497195702,0,0,ok,extreme thresholds are audit flags only; units differ by modality
5,data/limb/subject05/StaticP14/subject5_limb_EMG.mat,StaticP14,19,ACC.X electrode 3,float64,75600,0,0,False,0.050762849097917576,0.8178557716891797,0.5807580581866097,0.15376525775067124,0.6410445401142482,0.05764416520540705,0.8178557716891797,0,0,ok,extreme thresholds are audit flags only; units differ by modality
5,data/limb/subject05/StaticP14/subject5_limb_EMG.mat,StaticP14,20,ACC.Y electrode 3,float64,75600,0,0,False,-1.0723282604073416,0.9159891070495858,0.4094061247421407,0.6683580052585175,0.7331476384751155,0.060729403475726584,1.0723282604073416,0,2,ok,extreme thresholds are audit flags only; units differ by modality
5,data/limb/subject05/StaticP14/subject5_limb_EMG.mat,StaticP14,21,ACC.Z electrode 3,float64,75600,0,0,False,-0.410432042392404,0.06233822990781347,-0.23142545155205949,0.08962470104142711,-0.21417939555465665,0.07639494757032686,0.410432042392404,0,0,ok,extreme thresholds are audit flags only; units differ by modality
5,data/limb/subject05/StaticP14/subject5_limb_EMG.mat,StaticP14,22,GYRO.X electrode 3,float64,75600,0,0,False,1.563393147143648,46.41905642278288,17.42223028204213,2.149516387069681,17.351333088461324,1.0455386871901986,46.41905642278288,0,0,ok,extreme thresholds are audit flags only; units differ by modality
5,data/limb/subject05/StaticP14/subject5_limb_EMG.mat,StaticP14,23,GYRO.Y electrode 3,float64,75600,0,0,False,-74.40222650166083,89.57000527787618,2.793441894885144,6.418534225390985,2.9440117021234,2.852566876089842,89.57000527787618,0,8,ok,extreme thresholds are audit flags only; units differ by modality
5,data/limb/subject05/StaticP14/subject5_limb_EMG.mat,StaticP14,24,GYRO.Z electrode 3,float64,75600,0,0,False,-26.54225140003579,23.29711035403334,2.292317166600622,1.6989441420407765,2.383803295185496,0.7546738212655211,26.54225140003579,0,32,ok,extreme thresholds are audit flags only; units differ by modality
5,data/limb/subject05/StaticP14/subject5_limb_EMG.mat,StaticP14,25,ACC.X electrode 4,float64,75600,0,0,False,0.05835540814611675,0.8703117162476788,0.5625572408005958,0.20780174486663888,0.613847660474825,0.06956722934704423,0.8703117162476788,0,0,ok,extreme thresholds are audit flags only; units differ by modality
5,data/limb/subject05/StaticP14/subject5_limb_EMG.mat,StaticP14,26,ACC.Y electrode 4,float64,75600,0,0,False,-1.1214407594633218,0.8443393775457732,0.34321349170866666,0.6609234019215783,0.6671054407687144,0.07560991684958618,1.1214407594633218,0,0,ok,extreme thresholds are audit flags only; units differ by modality
5,data/limb/subject05/StaticP14/subject5_limb_EMG.mat,StaticP14,27,ACC.Z electrode 4,float64,75600,0,0,False,0.01380122982312674,0.38799556772558425,0.20953335393720543,0.06797792095009479,0.23013478069174914,0.0511093917414312,0.38799556772558425,0,0,ok,extreme thresholds are audit flags only; units differ by modality
5,data/limb/subject05/StaticP14/subject5_limb_EMG.mat,StaticP14,28,GYRO.X electrode 4,float64,75600,0,0,False,-9.684005869747088,29.786237216332882,3.361776831687,1.838867914321139,3.3079532937212033,0.9149226693891741,29.786237216332882,0,0,ok,extreme thresholds are audit flags only; units differ by modality
5,data/limb/subject05/StaticP14/subject5_limb_EMG.mat,StaticP14,29,GYRO.Y electrode 4,float64,75600,0,0,False,-89.88890417107432,80.2354852625268,6.411775015713987,6.718954126413292,6.5898020728934,3.1900117948928157,89.88890417107432,0,3,ok,extreme thresholds are audit flags only; units differ by modality
5,data/limb/subject05/StaticP14/subject5_limb_EMG.mat,StaticP14,30,GYRO.Z electrode 4,float64,75600,0,0,False,-4.9737613348356495,12.790316341432826,3.841838815607287,1.3552868548295238,3.8150170728751025,0.718521158428364,12.790316341432826,0,0,ok,extreme thresholds are audit flags only; units differ by modality
5,data/limb/subject05/StaticP14/subject5_limb_EMG.mat,StaticP14,31,ACC.X electrode 5,float64,75600,0,0,False,-0.77671193150539,-0.0658493515017969,-0.6141069394356585,0.10410090745006852,-0.646212394318215,0.039928515067581105,0.77671193150539,0,0,ok,extreme thresholds are audit flags only; units differ by modality
5,data/limb/subject05/StaticP14/subject5_limb_EMG.mat,StaticP14,32,ACC.Y electrode 5,float64,75600,0,0,False,-1.0703101712382401,0.7434851350869637,0.3339766321543702,0.6213557241328239,0.6336378048979922,0.04315321475884587,1.0703101712382401,0,15117,ok,extreme thresholds are audit flags only; units differ by modality
5,data/limb/subject05/StaticP14/subject5_limb_EMG.mat,StaticP14,33,ACC.Z electrode 5,float64,75600,0,0,False,-0.5732806913418409,-0.03166736282461122,-0.3927344681161948,0.15919589916778012,-0.46421069076746896,0.02133417593168105,0.5732806913418409,0,0,ok,extreme thresholds are audit flags only; units differ by modality
5,data/limb/subject05/StaticP14/subject5_limb_EMG.mat,StaticP14,34,GYRO.X electrode 5,float64,75600,0,0,False,-13.992482467547585,22.164851365218116,5.070848666421275,3.0802355835480704,5.119782365917018,1.7686959088457836,22.164851365218116,0,0,ok,extreme thresholds are audit flags only; units differ by modality
5,data/limb/subject05/StaticP14/subject5_limb_EMG.mat,StaticP14,35,GYRO.Y electrode 5,float64,75600,0,0,False,-46.09013628432885,48.91884596221046,5.3758421487307455,6.750985700895538,5.505133253760665,3.387550717394463,48.91884596221046,0,0,ok,extreme thresholds are audit flags only; units differ by modality
5,data/limb/subject05/StaticP14/subject5_limb_EMG.mat,StaticP14,36,GYRO.Z electrode 5,float64,75600,0,0,False,-9.868306135405469,7.887046017208378,-2.2285744000495713,1.420964607637614,-2.224074985748123,0.776666707858646,9.868306135405469,0,0,ok,extreme thresholds are audit flags only; units differ by modality
5,data/limb/subject05/StaticP14/subject5_limb_EMG.mat,StaticP14,37,ACC.X electrode 6,float64,75600,0,0,False,-0.018586421827381787,0.5104636770928593,0.330580937014122,0.15153058966066177,0.3818232363427815,0.05026584631544284,0.5104636770928593,0,0,ok,extreme thresholds are audit flags only; units differ by modality
5,data/limb/subject05/StaticP14/subject5_limb_EMG.mat,StaticP14,38,ACC.Y electrode 6,float64,75600,0,0,False,-1.1395949651551447,0.49160560045769164,0.08746410620573304,0.5428473967435116,0.33981636728139786,0.05359884930831793,1.1395949651551447,0,0,ok,extreme thresholds are audit flags only; units differ by modality
5,data/limb/subject05/StaticP14/subject5_limb_EMG.mat,StaticP14,39,ACC.Z electrode 6,float64,75600,0,0,False,-0.08120396719956073,0.8643546564330067,0.6182527399050032,0.32788852444127703,0.7734390309852281,0.020088509356382567,0.8643546564330067,0,15120,ok,extreme thresholds are audit flags only; units differ by modality
5,data/limb/subject05/StaticP14/subject5_limb_EMG.mat,StaticP14,40,GYRO.X electrode 6,float64,75600,0,0,False,-10.758876737553543,15.61920409837084,-0.9666138718188046,2.119876713060369,-0.9994229802822749,1.1695307688745598,15.61920409837084,0,0,ok,extreme thresholds are audit flags only; units differ by modality
5,data/limb/subject05/StaticP14/subject5_limb_EMG.mat,StaticP14,41,GYRO.Y electrode 6,float64,75600,0,0,False,-13.712938187057167,23.592280180825938,6.386516134964107,2.6126511056675814,6.491478489568311,1.3666425390078474,23.592280180825938,0,0,ok,extreme thresholds are audit flags only; units differ by modality
5,data/limb/subject05/StaticP14/subject5_limb_EMG.mat,StaticP14,42,GYRO.Z electrode 6,float64,75600,0,0,False,-12.935499969763036,10.904978436641565,-0.5883843984951914,1.7546638052802646,-0.5886686397527827,1.0109056678102986,12.935499969763036,0,0,ok,extreme thresholds are audit flags only; units differ by modality
5,data/limb/subject05/Dynamic/subject5_limb_EMG.mat,Dynamic,1,EMG electrode 1,float64,676994,0,0,False,-0.00018967,0.000158114,-4.751670704053506e-07,1.5502454905806466e-05,-5.03548e-07,4.699782e-06,0.00018967,0,18,ok,extreme thresholds are audit flags only; units differ by modality
5,data/limb/subject05/Dynamic/subject5_limb_EMG.mat,Dynamic,2,EMG electrode 2,float64,676994,0,0,False,-0.000270573,0.000335195,3.751601598978721e-06,1.9667621139674146e-05,3.52483e-06,3.6926899999999995e-06,0.000335195,0,2914,ok,extreme thresholds are audit flags only; units differ by modality
5,data/limb/subject05/Dynamic/subject5_limb_EMG.mat,Dynamic,3,EMG electrode 3,float64,676994,0,0,False,-0.000148882,0.000146868,8.65993773514536e-06,1.0505990425803444e-05,8.56031e-06,3.3569800000000005e-06,0.000148882,0,49,ok,extreme thresholds are audit flags only; units differ by modality
5,data/limb/subject05/Dynamic/subject5_limb_EMG.mat,Dynamic,4,EMG electrode 4,float64,676994,0,0,False,-0.000121691,3.25628e-05,-2.1167689582415803e-05,6.473762085288434e-06,-2.09812e-05,2.6856e-06,0.000121691,0,2,ok,extreme thresholds are audit flags only; units differ by modality
5,data/limb/subject05/Dynamic/subject5_limb_EMG.mat,Dynamic,5,EMG electrode 5,float64,676994,0,0,False,-0.000130755,9.11421e-05,-1.9117762059024157e-05,6.121278569790452e-06,-1.8967e-05,3.3569999999999985e-06,0.000130755,0,4,ok,extreme thresholds are audit flags only; units differ by modality
5,data/limb/subject05/Dynamic/subject5_limb_EMG.mat,Dynamic,6,EMG electrode 6,float64,676994,0,0,False,-0.000487938,0.000728969,-8.092347970239027e-06,2.8841657886514574e-05,-7.88891e-06,3.860489999999999e-06,0.000728969,0,8178,ok,extreme thresholds are audit flags only; units differ by modality
5,data/limb/subject05/Dynamic/subject5_limb_EMG.mat,Dynamic,7,ACC.X electrode 1,float64,676994,0,0,False,-1.1751722751344162,0.20021111457885143,-0.5009642728387151,0.3476795440094891,-0.5462503280782641,0.36381130068886214,1.1751722751344162,0,0,ok,extreme thresholds are audit flags only; units differ by modality
5,data/limb/subject05/Dynamic/subject5_limb_EMG.mat,Dynamic,8,ACC.Y electrode 1,float64,676994,0,0,False,-1.1254596078313857,1.0410197846023195,-0.2748633615679462,0.6707785591033967,-0.31638187768349935,0.6492223517762867,1.1254596078313857,0,0,ok,extreme thresholds are audit flags only; units differ by modality
5,data/limb/subject05/Dynamic/subject5_limb_EMG.mat,Dynamic,9,ACC.Z electrode 1,float64,676994,0,0,False,-0.09812499419179348,0.9547441278700725,0.24450624572062407,0.12944757952488575,0.2040581985026731,0.063785841714127,0.9547441278700725,0,0,ok,extreme thresholds are audit flags only; units differ by modality
5,data/limb/subject05/Dynamic/subject5_limb_EMG.mat,Dynamic,10,GYRO.X electrode 1,float64,676994,0,0,False,-143.48886667016546,27.109759312178788,-13.596524242571746,11.418410025035513,-12.60184324189053,1.6274944949330523,143.48886667016546,0,11500,ok,extreme thresholds are audit flags only; units differ by modality
5,data/limb/subject05/Dynamic/subject5_limb_EMG.mat,Dynamic,11,GYRO.Y electrode 1,float64,676994,0,0,False,-90.99071246642649,125.53341816643862,0.26194749579116544,10.515892394466043,0.17520399724706154,3.095945257007436,125.53341816643862,0,425,ok,extreme thresholds are audit flags only; units differ by modality
5,data/limb/subject05/Dynamic/subject5_limb_EMG.mat,Dynamic,12,GYRO.Z electrode 1,float64,676994,0,0,False,-248.3913089265825,92.25775105399866,-1.5102573291320263,22.81432700520689,-0.6910484600088944,4.411685498809983,248.3913089265825,0,5501,ok,extreme thresholds are audit flags only; units differ by modality
5,data/limb/subject05/Dynamic/subject5_limb_EMG.mat,Dynamic,13,ACC.X electrode 2,float64,676994,0,0,False,-0.7865491953763765,0.0955019284668696,-0.12928298142735373,0.10735010717611822,-0.15017975655085186,0.053923575010361165,0.7865491953763765,0,0,ok,extreme thresholds are audit flags only; units differ by modality
5,data/limb/subject05/Dynamic/subject5_limb_EMG.mat,Dynamic,14,ACC.Y electrode 2,float64,676994,0,0,False,-1.0547320913827016,1.037807993752587,-0.17558166183810164,0.6918470844330268,-0.1231746080809506,0.7645124714752219,1.0547320913827016,0,0,ok,extreme thresholds are audit flags only; units differ by modality
5,data/limb/subject05/Dynamic/subject5_limb_EMG.mat,Dynamic,15,ACC.Z electrode 2,float64,676994,0,0,False,-1.562849147285492,0.012077509178958772,-0.7079155102802973,0.29122238044457116,-0.7330074059529764,0.2931833895916795,1.562849147285492,0,0,ok,extreme thresholds are audit flags only; units differ by modality
5,data/limb/subject05/Dynamic/subject5_limb_EMG.mat,Dynamic,16,GYRO.X electrode 2,float64,676994,0,0,False,-92.21509625481922,249.802008188556,-9.896508850751474,25.321700432820617,-11.065305416895,4.952669362224526,249.802008188556,0,5111,ok,extreme thresholds are audit flags only; units differ by modality
5,data/limb/subject05/Dynamic/subject5_limb_EMG.mat,Dynamic,17,GYRO.Y electrode 2,float64,676994,0,0,False,-97.33253348369797,114.5789952870245,-2.713148005425494,9.958927325665185,-2.903479035130538,3.1271825381824945,114.5789952870245,0,204,ok,extreme thresholds are audit flags only; units differ by modality
5,data/limb/subject05/Dynamic/subject5_limb_EMG.mat,Dynamic,18,GYRO.Z electrode 2,float64,676994,0,0,False,-74.31541562985134,35.45753842142131,-4.3509604110816085,5.843739405712523,-4.122365814415078,1.6014979791664452,74.31541562985134,0,965,ok,extreme thresholds are audit flags only; units differ by modality
5,data/limb/subject05/Dynamic/subject5_limb_EMG.mat,Dynamic,19,ACC.X electrode 3,float64,676994,0,0,False,-0.1193373768608405,1.372001640745626,0.6310418473292607,0.29057298202073484,0.6559055602741835,0.29987067509955123,1.372001640745626,0,0,ok,extreme thresholds are audit flags only; units differ by modality
5,data/limb/subject05/Dynamic/subject5_limb_EMG.mat,Dynamic,20,ACC.Y electrode 3,float64,676994,0,0,False,-1.2947483549451246,1.0845382279666136,-0.19945800191666355,0.6773613218932246,-0.21723362017335857,0.6874916638397226,1.2947483549451246,0,0,ok,extreme thresholds are audit flags only; units differ by modality
5,data/limb/subject05/Dynamic/subject5_limb_EMG.mat,Dynamic,21,ACC.Z electrode 3,float64,676994,0,0,False,-0.7147712941374823,0.21585356861570354,-0.11376447243962472,0.1480448159642067,-0.07905856860783314,0.13845689409451273,0.7147712941374823,0,0,ok,extreme thresholds are audit flags only; units differ by modality
5,data/limb/subject05/Dynamic/subject5_limb_EMG.mat,Dynamic,22,GYRO.X electrode 3,float64,676994,0,0,False,-83.94814090729699,130.38395526041106,17.743122467086874,7.716408264343084,17.931225462895906,2.0825872324795993,130.38395526041106,0,536,ok,extreme thresholds are audit flags only; units differ by modality
5,data/limb/subject05/Dynamic/subject5_limb_EMG.mat,Dynamic,23,GYRO.Y electrode 3,float64,676994,0,0,False,-113.01075961936073,351.1027990029925,2.9928943916131843,10.454979085114243,2.9491014221275558,3.296106579909718,351.1027990029925,0,206,ok,extreme thresholds are audit flags only; units differ by modality
5,data/limb/subject05/Dynamic/subject5_limb_EMG.mat,Dynamic,24,GYRO.Z electrode 3,float64,676994,0,0,False,-54.12180045058496,280.8598966498562,2.3255438969637376,24.31727528256237,1.0804745603528243,4.444138193437196,280.8598966498562,0,6991,ok,extreme thresholds are audit flags only; units differ by modality
5,data/limb/subject05/Dynamic/subject5_limb_EMG.mat,Dynamic,25,ACC.X electrode 4,float64,676994,0,0,False,-0.0453836019973852,1.0953610827507254,0.34809372002291034,0.1521128615924806,0.3202022289966204,0.09536333428504448,1.0953610827507254,0,0,ok,extreme thresholds are audit flags only; units differ by modality
5,data/limb/subject05/Dynamic/subject5_limb_EMG.mat,Dynamic,26,ACC.Y electrode 4,float64,676994,0,0,False,-1.131952544637588,1.0387886533102786,-0.2564392102503696,0.6745163508594678,-0.28927907781291795,0.6679870439735824,1.131952544637588,0,0,ok,extreme thresholds are audit flags only; units differ by modality
5,data/limb/subject05/Dynamic/subject5_limb_EMG.mat,Dynamic,27,ACC.Z electrode 4,float64,676994,0,0,False,-0.06933396116373311,0.940951950762317,0.42671920672157776,0.30526583487436726,0.4269503861233336,0.30434203238831514,0.940951950762317,0,0,ok,extreme thresholds are audit flags only; units differ by modality
5,data/limb/subject05/Dynamic/subject5_limb_EMG.mat,Dynamic,28,GYRO.X electrode 4,float64,676994,0,0,False,-236.13481610799286,85.11825383143996,3.4995299250529417,21.694794848453878,4.17065018535811,4.856939959353503,236.13481610799286,0,2932,ok,extreme thresholds are audit flags only; units differ by modality
5,data/limb/subject05/Dynamic/subject5_limb_EMG.mat,Dynamic,29,GYRO.Y electrode 4,float64,676994,0,0,False,-77.06389806431133,158.7702721344713,6.3916793452176375,11.018241363417372,6.095432396428877,3.185372394909905,158.7702721344713,0,378,ok,extreme thresholds are audit flags only; units differ by modality
5,data/limb/subject05/Dynamic/subject5_limb_EMG.mat,Dynamic,30,GYRO.Z electrode 4,float64,676994,0,0,False,-37.77787675752321,140.02775450031064,4.108206763641982,11.974730056720311,3.0508318839785673,1.7372772500546705,140.02775450031064,0,10869,ok,extreme thresholds are audit flags only; units differ by modality
5,data/limb/subject05/Dynamic/subject5_limb_EMG.mat,Dynamic,31,ACC.X electrode 5,float64,676994,0,0,False,-1.0345827992067036,-0.2646108499411079,-0.5488409457242319,0.1486764852670358,-0.4801818339773205,0.06746740343143562,1.0345827992067036,0,0,ok,extreme thresholds are audit flags only; units differ by modality
5,data/limb/subject05/Dynamic/subject5_limb_EMG.mat,Dynamic,32,ACC.Y electrode 5,float64,676994,0,0,False,-1.026283423082972,0.6244429787442707,-0.5953967469842575,0.46129183248060374,-0.8721685904203674,0.041104478194139704,1.026283423082972,0,45450,ok,extreme thresholds are audit flags only; units differ by modality
5,data/limb/subject05/Dynamic/subject5_limb_EMG.mat,Dynamic,33,ACC.Z electrode 5,float64,676994,0,0,False,-0.9171820164333468,0.08241634423590387,-0.2833813416425952,0.2658272504075446,-0.15474183900098673,0.12719998337907704,0.9171820164333468,0,0,ok,extreme thresholds are audit flags only; units differ by modality
5,data/limb/subject05/Dynamic/subject5_limb_EMG.mat,Dynamic,34,GYRO.X electrode 5,float64,676994,0,0,False,-57.08989502154656,177.96656182430112,5.071026026575892,15.339467771172934,4.317752070675023,1.9948671835778067,177.96656182430112,0,13554,ok,extreme thresholds are audit flags only; units differ by modality
5,data/limb/subject05/Dynamic/subject5_limb_EMG.mat,Dynamic,35,GYRO.Y electrode 5,float64,676994,0,0,False,-96.35910328015824,110.95278964880532,5.390947816708434,8.857485588505762,5.661236847809096,2.4000338288272243,110.95278964880532,0,589,ok,extreme thresholds are audit flags only; units differ by modality
5,data/limb/subject05/Dynamic/subject5_limb_EMG.mat,Dynamic,36,GYRO.Z electrode 5,float64,676994,0,0,False,-119.83659794991352,40.347312173437246,-2.0803147116861704,11.099381031066972,-1.5491351251799768,1.4312004410962573,119.83659794991352,0,12210,ok,extreme thresholds are audit flags only; units differ by modality
5,data/limb/subject05/Dynamic/subject5_limb_EMG.mat,Dynamic,37,ACC.X electrode 6,float64,676994,0,0,False,-0.30446584001304416,0.5138490940661016,0.05658279751420639,0.08081030282023309,0.04542483391008176,0.03798886057482613,0.5138490940661016,0,0,ok,extreme thresholds are audit flags only; units differ by modality
5,data/limb/subject05/Dynamic/subject5_limb_EMG.mat,Dynamic,38,ACC.Y electrode 6,float64,676994,0,0,False,-1.2527870388505695,0.37812345364246197,-0.7384683148404125,0.3965901154087462,-0.9745298698726541,0.02293499529454296,1.2527870388505695,0,134529,ok,extreme thresholds are audit flags only; units differ by modality
5,data/limb/subject05/Dynamic/subject5_limb_EMG.mat,Dynamic,39,ACC.Z electrode 6,float64,676994,0,0,False,-0.16284204910874145,1.0286595569244879,0.29770173029598085,0.39135017582124554,0.1049879443059832,0.17084394568542727,1.0286595569244879,0,0,ok,extreme thresholds are audit flags only; units differ by modality
5,data/limb/subject05/Dynamic/subject5_limb_EMG.mat,Dynamic,40,GYRO.X electrode 6,float64,676994,0,0,False,-188.1121203356931,35.92005389940478,-0.9772922881251093,17.61878765532092,0.0570980187671877,1.8166353493490783,188.1121203356931,0,17856,ok,extreme thresholds are audit flags only; units differ by modality
5,data/limb/subject05/Dynamic/subject5_limb_EMG.mat,Dynamic,41,GYRO.Y electrode 6,float64,676994,0,0,False,-91.72294401361643,113.68337409987012,6.298201925830147,8.42782173687642,6.047265498137196,2.12187951678626,113.68337409987012,0,1145,ok,extreme thresholds are audit flags only; units differ by modality
5,data/limb/subject05/Dynamic/subject5_limb_EMG.mat,Dynamic,42,GYRO.Z electrode 6,float64,676994,0,0,False,-67.33137080325798,30.569359893886887,-0.6839024069577803,4.646898418586584,-0.7093573162615872,1.1105206315754579,67.33137080325798,0,1510,ok,extreme thresholds are audit flags only; units differ by modality
6,data/limb/subject06/StaticP1/subject6_limb_EMG.mat,StaticP1,1,EMG electrode 1,float64,75600,0,0,False,-0.000724269,0.000783352,-4.124673758994709e-07,3.8229381907807255e-05,-8.39246e-07,5.035474e-06,0.000783352,0,1088,ok,extreme thresholds are audit flags only; units differ by modality
6,data/limb/subject06/StaticP1/subject6_limb_EMG.mat,StaticP1,2,EMG electrode 2,float64,75600,0,0,False,-0.00133793,0.00222048,4.0619364651190476e-06,0.00011074658570556785,3.86053e-06,2.6855900000000003e-06,0.00222048,0,8847,ok,extreme thresholds are audit flags only; units differ by modality
6,data/limb/subject06/StaticP1/subject6_limb_EMG.mat,StaticP1,3,EMG electrode 3,float64,75600,0,0,False,-0.000681636,0.000567666,9.210457186309523e-06,3.196822029037559e-05,9.23171e-06,3.52479e-06,0.000681636,0,1418,ok,extreme thresholds are audit flags only; units differ by modality
6,data/limb/subject06/StaticP1/subject6_limb_EMG.mat,StaticP1,4,EMG electrode 4,float64,75600,0,0,False,-0.00012639,9.55062e-05,-2.1251740615674603e-05,6.381744053288175e-06,-2.1149e-05,2.6856e-06,0.00012639,0,12,ok,extreme thresholds are audit flags only; units differ by modality
6,data/limb/subject06/StaticP1/subject6_limb_EMG.mat,StaticP1,5,EMG electrode 5,float64,75600,0,0,False,-3.40734e-05,4.69978e-06,-1.920400102318783e-05,3.5120813264535858e-06,-1.93027e-05,2.1820000000000005e-06,3.40734e-05,0,0,ok,extreme thresholds are audit flags only; units differ by modality
6,data/limb/subject06/StaticP1/subject6_limb_EMG.mat,StaticP1,6,EMG electrode 6,float64,75600,0,0,False,-7.2343e-05,6.02579e-05,-7.935580621150795e-06,7.61233809057753e-06,-7.88891e-06,3.0212899999999986e-06,7.2343e-05,0,0,ok,extreme thresholds are audit flags only; units differ by modality
6,data/limb/subject06/StaticP1/subject6_limb_EMG.mat,StaticP1,7,ACC.X electrode 1,float64,75600,0,0,False,-1.0098374023433312,0.22645073794926834,-0.6795965983798372,0.23808739637854348,-0.7964189366677263,0.03700857542303815,1.0098374023433312,0,0,ok,extreme thresholds are audit flags only; units differ by modality
6,data/limb/subject06/StaticP1/subject6_limb_EMG.mat,StaticP1,8,ACC.Y electrode 1,float64,75600,0,0,False,-1.1129178295310218,0.16043189911463335,-0.6101881179394051,0.18644333424217774,-0.5384308426938713,0.019272573901359724,1.1129178295310218,0,40,ok,extreme thresholds are audit flags only; units differ by modality
6,data/limb/subject06/StaticP1/subject6_limb_EMG.mat,StaticP1,9,ACC.Z electrode 1,float64,75600,0,0,False,-0.08893199083628756,0.37645457092606455,0.2008159942481796,0.09472671441460037,0.21305713189053765,0.0333198148412496,0.37645457092606455,0,0,ok,extreme thresholds are audit flags only; units differ by modality
6,data/limb/subject06/StaticP1/subject6_limb_EMG.mat,StaticP1,10,GYRO.X electrode 1,float64,75600,0,0,False,-23.22037593438045,7.134832391508277,-12.952660831434805,1.7324562855133268,-13.066005595665732,0.5914436902124951,23.22037593438045,0,33,ok,extreme thresholds are audit flags only; units differ by modality
6,data/limb/subject06/StaticP1/subject6_limb_EMG.mat,StaticP1,11,GYRO.Y electrode 1,float64,75600,0,0,False,-43.76004474333407,37.50889965243992,0.5230453657957543,3.9873031565957198,0.525080556111871,1.4694404803268306,43.76004474333407,0,8,ok,extreme thresholds are audit flags only; units differ by modality
6,data/limb/subject06/StaticP1/subject6_limb_EMG.mat,StaticP1,12,GYRO.Z electrode 1,float64,75600,0,0,False,-23.460405827075114,4.334534249144381,-1.5720148407185088,1.156370520007292,-1.5336579096272662,0.49637026584406674,23.460405827075114,0,21,ok,extreme thresholds are audit flags only; units differ by modality
6,data/limb/subject06/StaticP1/subject6_limb_EMG.mat,StaticP1,13,ACC.X electrode 2,float64,75600,0,0,False,-0.10656261467654872,0.09057296053952227,-0.022929202523374444,0.03172138173560876,-0.010947393351044298,0.010448422488525799,0.10656261467654872,0,0,ok,extreme thresholds are audit flags only; units differ by modality
6,data/limb/subject06/StaticP1/subject6_limb_EMG.mat,StaticP1,14,ACC.Y electrode 2,float64,75600,0,0,False,-1.0859286529171224,-0.08529117144968255,-0.5132140027731172,0.22609530154160679,-0.4303899077611623,0.025876323425569725,1.0859286529171224,0,0,ok,extreme thresholds are audit flags only; units differ by modality
6,data/limb/subject06/StaticP1/subject6_limb_EMG.mat,StaticP1,15,ACC.Z electrode 2,float64,75600,0,0,False,-1.2555818017940905,-0.03619936705705475,-0.8772000081914859,0.2529652978469852,-0.9924338119476124,0.0139884256338903,1.2555818017940905,0,15119,ok,extreme thresholds are audit flags only; units differ by modality
6,data/limb/subject06/StaticP1/subject6_limb_EMG.mat,StaticP1,16,GYRO.X electrode 2,float64,75600,0,0,False,-19.262158704213757,3.613393592255557,-10.058075126184411,1.1460169060832628,-10.05404407998363,0.5049343537515396,19.262158704213757,0,0,ok,extreme thresholds are audit flags only; units differ by modality
6,data/limb/subject06/StaticP1/subject6_limb_EMG.mat,StaticP1,17,GYRO.Y electrode 2,float64,75600,0,0,False,-30.81170857031583,17.54077228453454,-2.8398556047224814,2.145148482269322,-2.7753869776455913,0.8273550976614249,30.81170857031583,0,4,ok,extreme thresholds are audit flags only; units differ by modality
6,data/limb/subject06/StaticP1/subject6_limb_EMG.mat,StaticP1,18,GYRO.Z electrode 2,float64,75600,0,0,False,-11.853534231499026,8.073493533894434,-3.656038398165707,0.8795868446481585,-3.6664896753236746,0.3703503018695795,11.853534231499026,0,10,ok,extreme thresholds are audit flags only; units differ by modality
6,data/limb/subject06/StaticP1/subject6_limb_EMG.mat,StaticP1,19,ACC.X electrode 3,float64,75600,0,0,False,0.029431417461865682,0.9992070320812059,0.7167453098346983,0.2099942966561882,0.8029794340815481,0.017683920972608014,0.9992070320812059,0,35,ok,extreme thresholds are audit flags only; units differ by modality
6,data/limb/subject06/StaticP1/subject6_limb_EMG.mat,StaticP1,20,ACC.Y electrode 3,float64,75600,0,0,False,-1.0804726489546606,-0.0852520503833781,-0.5832635775605067,0.18543445322152594,-0.5070313808304565,0.018727611803027344,1.0804726489546606,0,7,ok,extreme thresholds are audit flags only; units differ by modality
6,data/limb/subject06/StaticP1/subject6_limb_EMG.mat,StaticP1,21,ACC.Z electrode 3,float64,75600,0,0,False,-0.1256355962869629,0.46616214501614656,0.16014887143125217,0.13874894858949577,0.24208312635548773,0.022636102228917154,0.46616214501614656,0,0,ok,extreme thresholds are audit flags only; units differ by modality
6,data/limb/subject06/StaticP1/subject6_limb_EMG.mat,StaticP1,22,GYRO.X electrode 3,float64,75600,0,0,False,-23.519796353790156,30.879433775661298,17.056690550215475,2.1396813767550293,17.1965284997179,0.6764693006427454,30.879433775661298,0,132,ok,extreme thresholds are audit flags only; units differ by modality
6,data/limb/subject06/StaticP1/subject6_limb_EMG.mat,StaticP1,23,GYRO.Y electrode 3,float64,75600,0,0,False,-42.8009231947794,47.93213378916938,2.861390074645945,4.14454390485308,2.8578420239152234,1.3312540883976733,47.93213378916938,0,29,ok,extreme thresholds are audit flags only; units differ by modality
6,data/limb/subject06/StaticP1/subject6_limb_EMG.mat,StaticP1,24,GYRO.Z electrode 3,float64,75600,0,0,False,-6.183036949293467,14.268503596131131,2.195695828452137,1.1739185965956045,2.1769445400534893,0.5041203826700722,14.268503596131131,0,0,ok,extreme thresholds are audit flags only; units differ by modality
6,data/limb/subject06/StaticP1/subject6_limb_EMG.mat,StaticP1,25,ACC.X electrode 4,float64,75600,0,0,False,0.018270999835584605,0.4753809546324456,0.27679019311001496,0.04943422605088543,0.2851745114851948,0.02266263459955492,0.4753809546324456,0,0,ok,extreme thresholds are audit flags only; units differ by modality
6,data/limb/subject06/StaticP1/subject6_limb_EMG.mat,StaticP1,26,ACC.Y electrode 4,float64,75600,0,0,False,-1.093350712919483,-0.08557179948674325,-0.5875594278150994,0.1872338654279619,-0.5096091526895014,0.018781142029278858,1.093350712919483,0,10,ok,extreme thresholds are audit flags only; units differ by modality
6,data/limb/subject06/StaticP1/subject6_limb_EMG.mat,StaticP1,27,ACC.Z electrode 4,float64,75600,0,0,False,0.014430032605417413,0.8359659126594186,0.6330870502812487,0.2396562124317983,0.748075368009391,0.009041680379223205,0.8359659126594186,0,15119,ok,extreme thresholds are audit flags only; units differ by modality
6,data/limb/subject06/StaticP1/subject6_limb_EMG.mat,StaticP1,28,GYRO.X electrode 4,float64,75600,0,0,False,-13.85067922858971,9.553188432651185,3.265980583940656,1.3544075803303497,3.350157425211847,0.5398377493558004,13.85067922858971,0,12,ok,extreme thresholds are audit flags only; units differ by modality
6,data/limb/subject06/StaticP1/subject6_limb_EMG.mat,StaticP1,29,GYRO.Y electrode 4,float64,75600,0,0,False,-23.242450517705933,39.14594621704821,6.526104187163174,3.0037706799823183,6.492881432284253,1.2016086729608695,39.14594621704821,0,0,ok,extreme thresholds are audit flags only; units differ by modality
6,data/limb/subject06/StaticP1/subject6_limb_EMG.mat,StaticP1,30,GYRO.Z electrode 4,float64,75600,0,0,False,-14.155820715278246,20.15047886955847,3.5257220994227216,1.3890148257300303,3.540094465521891,0.53301071442364,20.15047886955847,0,18,ok,extreme thresholds are audit flags only; units differ by modality
6,data/limb/subject06/StaticP1/subject6_limb_EMG.mat,StaticP1,31,ACC.X electrode 5,float64,75600,0,0,False,-0.338467220973905,0.0703643409405365,-0.2550325285326804,0.02035729084364476,-0.2505938375719052,0.011948979878499646,0.338467220973905,0,0,ok,extreme thresholds are audit flags only; units differ by modality
6,data/limb/subject06/StaticP1/subject6_limb_EMG.mat,StaticP1,32,ACC.Y electrode 5,float64,75600,0,0,False,-1.0922684688265343,0.2471630289874522,-0.9343331106894812,0.0221638609457178,-0.9348090495677912,0.009700816580813454,1.0922684688265343,0,21,ok,extreme thresholds are audit flags only; units differ by modality
6,data/limb/subject06/StaticP1/subject6_limb_EMG.mat,StaticP1,33,ACC.Z electrode 5,float64,75600,0,0,False,-0.4175003423319303,0.08755973917669856,-0.3045668640391842,0.04994849642010696,-0.31433539614603623,0.019738151715258834,0.4175003423319303,0,0,ok,extreme thresholds are audit flags only; units differ by modality
6,data/limb/subject06/StaticP1/subject6_limb_EMG.mat,StaticP1,34,GYRO.X electrode 5,float64,75600,0,0,False,-1.4241498850411767,10.297536605365227,4.988672762276946,0.7362973326772001,4.988508489786955,0.3870803046424611,10.297536605365227,0,0,ok,extreme thresholds are audit flags only; units differ by modality
6,data/limb/subject06/StaticP1/subject6_limb_EMG.mat,StaticP1,35,GYRO.Y electrode 5,float64,75600,0,0,False,-9.562875253994179,18.630501828560185,5.504068707151386,1.972096157121503,5.508435533117775,0.9321745331809876,18.630501828560185,0,0,ok,extreme thresholds are audit flags only; units differ by modality
6,data/limb/subject06/StaticP1/subject6_limb_EMG.mat,StaticP1,36,GYRO.Z electrode 5,float64,75600,0,0,False,-7.886145346119042,4.61937261361318,-2.061846038832943,0.8153241057679567,-2.056598664185635,0.4239341631431226,7.886145346119042,0,0,ok,extreme thresholds are audit flags only; units differ by modality
6,data/limb/subject06/StaticP1/subject6_limb_EMG.mat,StaticP1,37,ACC.X electrode 6,float64,75600,0,0,False,-0.1182942152053521,0.2789023113498466,0.08387839705001679,0.02931845298080167,0.0835485353916232,0.017227795013904777,0.2789023113498466,0,0,ok,extreme thresholds are audit flags only; units differ by modality
6,data/limb/subject06/StaticP1/subject6_limb_EMG.mat,StaticP1,38,ACC.Y electrode 6,float64,75600,0,0,False,-1.1217456662466856,-0.0898768976390813,-0.9667487484377333,0.014572931291787631,-0.9664103437188845,0.00878159484458807,1.1217456662466856,0,2,ok,extreme thresholds are audit flags only; units differ by modality
6,data/limb/subject06/StaticP1/subject6_limb_EMG.mat,StaticP1,39,ACC.Z electrode 6,float64,75600,0,0,False,0.0038836751226101517,0.26224102036558455,0.14297631734879096,0.05625312451229566,0.14570975137637296,0.022507022675075962,0.26224102036558455,0,0,ok,extreme thresholds are audit flags only; units differ by modality
6,data/limb/subject06/StaticP1/subject6_limb_EMG.mat,StaticP1,40,GYRO.X electrode 6,float64,75600,0,0,False,-4.953484395472973,5.3159356270502265,-0.9829117579561343,0.794797077201152,-0.9775950945384217,0.4312121977047232,5.3159356270502265,0,0,ok,extreme thresholds are audit flags only; units differ by modality
6,data/limb/subject06/StaticP1/subject6_limb_EMG.mat,StaticP1,41,GYRO.Y electrode 6,float64,75600,0,0,False,-24.536235194164792,37.84332848248905,6.366305581257555,3.751205242033853,6.334345135847597,1.361002986546668,37.84332848248905,0,0,ok,extreme thresholds are audit flags only; units differ by modality
6,data/limb/subject06/StaticP1/subject6_limb_EMG.mat,StaticP1,42,GYRO.Z electrode 6,float64,75600,0,0,False,-7.004223299967041,5.557454542850923,-0.6796917782999374,0.6979116542270284,-0.6733257886133226,0.32845116091881754,7.004223299967041,0,0,ok,extreme thresholds are audit flags only; units differ by modality
6,data/limb/subject06/StaticP2/subject6_limb_EMG.mat,StaticP2,1,EMG electrode 1,float64,75604,0,0,False,-0.000436576,0.000501366,-3.188789922887678e-07,3.379457430160167e-05,-6.71397e-07,4.531927e-06,0.000501366,0,1112,ok,extreme thresholds are audit flags only; units differ by modality
6,data/limb/subject06/StaticP2/subject6_limb_EMG.mat,StaticP2,2,EMG electrode 2,float64,75604,0,0,False,-0.00126609,0.00236382,4.035368800711602e-06,0.00010749175582080956,3.86053e-06,2.6855900000000003e-06,0.00236382,0,8751,ok,extreme thresholds are audit flags only; units differ by modality
6,data/limb/subject06/StaticP2/subject6_limb_EMG.mat,StaticP2,3,EMG electrode 3,float64,75604,0,0,False,-0.000704295,0.000758343,9.243218862203059e-06,2.7697660570031464e-05,9.56741e-06,4.86759e-06,0.000758343,0,393,ok,extreme thresholds are audit flags only; units differ by modality
6,data/limb/subject06/StaticP2/subject6_limb_EMG.mat,StaticP2,4,EMG electrode 4,float64,75604,0,0,False,-9.26528e-05,3.39055e-05,-2.13203350269827e-05,7.066666289422153e-06,-2.1149e-05,3.357000000000002e-06,9.26528e-05,0,0,ok,extreme thresholds are audit flags only; units differ by modality
6,data/limb/subject06/StaticP2/subject6_limb_EMG.mat,StaticP2,5,EMG electrode 5,float64,75604,0,0,False,-0.000218372,0.000106584,-1.918063768176287e-05,4.153772530249774e-06,-1.91348e-05,1.8464000000000032e-06,0.000218372,0,40,ok,extreme thresholds are audit flags only; units differ by modality
6,data/limb/subject06/StaticP2/subject6_limb_EMG.mat,StaticP2,6,EMG electrode 6,float64,75604,0,0,False,-8.74495e-05,0.000116655,-7.896328779773557e-06,1.1378025996422835e-05,-7.55322e-06,4.19624e-06,0.000116655,0,0,ok,extreme thresholds are audit flags only; units differ by modality
6,data/limb/subject06/StaticP2/subject6_limb_EMG.mat,StaticP2,7,ACC.X electrode 1,float64,75604,0,0,False,-1.1387522177211362,-0.14124529794014243,-0.7969747044765367,0.2782917108493466,-0.9192446830040601,0.027017904036156226,1.1387522177211362,0,0,ok,extreme thresholds are audit flags only; units differ by modality
6,data/limb/subject06/StaticP2/subject6_limb_EMG.mat,StaticP2,8,ACC.Y electrode 1,float64,75604,0,0,False,-1.10603633438897,0.051017235026686154,-0.2202696115547777,0.3555154669436412,-0.0742659586333747,0.03147381807538954,1.10603633438897,0,21,ok,extreme thresholds are audit flags only; units differ by modality
6,data/limb/subject06/StaticP2/subject6_limb_EMG.mat,StaticP2,9,ACC.Z electrode 1,float64,75604,0,0,False,0.010623309331838514,0.4488567897827993,0.2616239003541599,0.11740864086265074,0.27221711073930177,0.05773276813025316,0.4488567897827993,0,0,ok,extreme thresholds are audit flags only; units differ by modality
6,data/limb/subject06/StaticP2/subject6_limb_EMG.mat,StaticP2,10,GYRO.X electrode 1,float64,75604,0,0,False,-21.103331261297896,32.99351921528191,-12.818950163368989,2.1758468318428283,-12.996541023864248,0.573892513686248,32.99351921528191,0,217,ok,extreme thresholds are audit flags only; units differ by modality
6,data/limb/subject06/StaticP2/subject6_limb_EMG.mat,StaticP2,11,GYRO.Y electrode 1,float64,75604,0,0,False,-36.356874726225726,33.76430293867515,0.3421633116642922,3.177491197476113,0.3856119650236439,1.1834716626247754,36.356874726225726,0,5,ok,extreme thresholds are audit flags only; units differ by modality
6,data/limb/subject06/StaticP2/subject6_limb_EMG.mat,StaticP2,12,GYRO.Z electrode 1,float64,75604,0,0,False,-18.502983866612762,102.74986080784755,-1.4507381759473488,4.437981318298063,-1.630082289257296,0.5258694350564257,102.74986080784755,0,341,ok,extreme thresholds are audit flags only; units differ by modality
6,data/limb/subject06/StaticP2/subject6_limb_EMG.mat,StaticP2,13,ACC.X electrode 2,float64,75604,0,0,False,-0.12187567461485616,0.10414713574145762,-0.044580608686160574,0.027552078877500358,-0.04202046150867062,0.0175045446982857,0.12187567461485616,0,0,ok,extreme thresholds are audit flags only; units differ by modality
6,data/limb/subject06/StaticP2/subject6_limb_EMG.mat,StaticP2,14,ACC.Y electrode 2,float64,75604,0,0,False,-1.089924087160318,0.25582796386887824,-0.04066661989381755,0.42960702215990343,0.13599104266699438,0.04445062835854355,1.089924087160318,0,0,ok,extreme thresholds are audit flags only; units differ by modality
6,data/limb/subject06/StaticP2/subject6_limb_EMG.mat,StaticP2,15,ACC.Z electrode 2,float64,75604,0,0,False,-1.2377112437707865,0.0960124031537482,-0.9480388859338995,0.2709218287437185,-1.0720109975096268,0.008113138084651417,1.2377112437707865,0,13599,ok,extreme thresholds are audit flags only; units differ by modality
6,data/limb/subject06/StaticP2/subject6_limb_EMG.mat,StaticP2,16,GYRO.X electrode 2,float64,75604,0,0,False,-138.6378612964415,8.594650857016248,-10.173995564999469,5.403119172003286,-9.937842461514988,0.5682861021006396,138.6378612964415,0,344,ok,extreme thresholds are audit flags only; units differ by modality
6,data/limb/subject06/StaticP2/subject6_limb_EMG.mat,StaticP2,17,GYRO.Y electrode 2,float64,75604,0,0,False,-27.42570951193212,36.80035405725115,-2.9262925588338193,2.0763928370142635,-2.8257300767576217,0.7665315188328536,36.80035405725115,0,33,ok,extreme thresholds are audit flags only; units differ by modality
6,data/limb/subject06/StaticP2/subject6_limb_EMG.mat,StaticP2,18,GYRO.Z electrode 2,float64,75604,0,0,False,-12.851955436559415,8.361398778195007,-3.5871176840897796,0.9604726962815263,-3.6239814213274464,0.4310252447378553,12.851955436559415,0,0,ok,extreme thresholds are audit flags only; units differ by modality
6,data/limb/subject06/StaticP2/subject6_limb_EMG.mat,StaticP2,19,ACC.X electrode 3,float64,75604,0,0,False,0.25916524207521924,1.0942719017635547,0.8215524933507353,0.2471237744064218,0.929433304580943,0.012645012471060757,1.0942719017635547,0,13599,ok,extreme thresholds are audit flags only; units differ by modality
6,data/limb/subject06/StaticP2/subject6_limb_EMG.mat,StaticP2,20,ACC.Y electrode 3,float64,75604,0,0,False,-1.0847808902340457,0.12131212725572398,-0.18137012356846757,0.3632404086231668,-0.027503711083841115,0.04598795023125623,1.0847808902340457,0,0,ok,extreme thresholds are audit flags only; units differ by modality
6,data/limb/subject06/StaticP2/subject6_limb_EMG.mat,StaticP2,21,ACC.Z electrode 3,float64,75604,0,0,False,-0.14037706688975057,0.4315760857543325,0.2172459803410889,0.15622667130138418,0.29142712526862014,0.035746398800946516,0.4315760857543325,0,0,ok,extreme thresholds are audit flags only; units differ by modality
6,data/limb/subject06/StaticP2/subject6_limb_EMG.mat,StaticP2,22,GYRO.X electrode 3,float64,75604,0,0,False,-9.465512233732982,61.80575087351019,17.0592832041316,2.7121455485066988,17.137978569875244,0.7643313726576579,61.80575087351019,0,193,ok,extreme thresholds are audit flags only; units differ by modality
6,data/limb/subject06/StaticP2/subject6_limb_EMG.mat,StaticP2,23,GYRO.Y electrode 3,float64,75604,0,0,False,-63.30756985281926,32.18126853940916,2.8190104440129318,3.4773058582346628,2.88276314006885,1.0646330665443204,63.30756985281926,0,114,ok,extreme thresholds are audit flags only; units differ by modality
6,data/limb/subject06/StaticP2/subject6_limb_EMG.mat,StaticP2,24,GYRO.Z electrode 3,float64,75604,0,0,False,-106.2788363716994,19.472600062078495,2.0078936760683934,4.640800576022046,2.2350835802199027,0.5928647311666515,106.2788363716994,0,276,ok,extreme thresholds are audit flags only; units differ by modality
6,data/limb/subject06/StaticP2/subject6_limb_EMG.mat,StaticP2,25,ACC.X electrode 4,float64,75604,0,0,False,0.15922202057734372,0.4732364500585546,0.28187706122745243,0.04910960586714089,0.2992245745333526,0.028898288845981834,0.4732364500585546,0,0,ok,extreme thresholds are audit flags only; units differ by modality
6,data/limb/subject06/StaticP2/subject6_limb_EMG.mat,StaticP2,26,ACC.Y electrode 4,float64,75604,0,0,False,-1.0901515881766966,0.07184310460016921,-0.21538882037279536,0.3505740588340128,-0.06875400964834352,0.04054238311356512,1.0901515881766966,0,0,ok,extreme thresholds are audit flags only; units differ by modality
6,data/limb/subject06/StaticP2/subject6_limb_EMG.mat,StaticP2,27,ACC.Z electrode 4,float64,75604,0,0,False,0.1116024644881267,0.9816172017698763,0.7531392569278014,0.2851674422028335,0.8835722898342591,0.010455919822207449,0.9816172017698763,0,13599,ok,extreme thresholds are audit flags only; units differ by modality
6,data/limb/subject06/StaticP2/subject6_limb_EMG.mat,StaticP2,28,GYRO.X electrode 4,float64,75604,0,0,False,-19.27669220046214,107.62443185616738,3.387580861197665,4.697826250434812,3.204047273182817,0.6294381475083204,107.62443185616738,0,325,ok,extreme thresholds are audit flags only; units differ by modality
6,data/limb/subject06/StaticP2/subject6_limb_EMG.mat,StaticP2,29,GYRO.Y electrode 4,float64,75604,0,0,False,-22.373969349706957,35.32690189122529,6.577639211009034,2.5100538168712765,6.500711211304194,1.0022769655846018,35.32690189122529,0,0,ok,extreme thresholds are audit flags only; units differ by modality
6,data/limb/subject06/StaticP2/subject6_limb_EMG.mat,StaticP2,30,GYRO.Z electrode 4,float64,75604,0,0,False,-25.715212642955866,14.28979090703884,3.4454010493605107,1.6675500703608392,3.543301938621365,0.5122143073548338,25.715212642955866,0,192,ok,extreme thresholds are audit flags only; units differ by modality
6,data/limb/subject06/StaticP2/subject6_limb_EMG.mat,StaticP2,31,ACC.X electrode 5,float64,75604,0,0,False,-0.39970100905786504,-0.16032606717663767,-0.2717650915824717,0.019915628678217268,-0.27005158520434425,0.010615517987373674,0.39970100905786504,0,0,ok,extreme thresholds are audit flags only; units differ by modality
6,data/limb/subject06/StaticP2/subject6_limb_EMG.mat,StaticP2,32,ACC.Y electrode 5,float64,75604,0,0,False,-1.0931753577657317,-0.8809554760474925,-0.9332127776163665,0.01502256353543552,-0.9299331933046683,0.008386312723839107,1.0931753577657317,0,0,ok,extreme thresholds are audit flags only; units differ by modality
6,data/limb/subject06/StaticP2/subject6_limb_EMG.mat,StaticP2,33,ACC.Z electrode 5,float64,75604,0,0,False,-0.37751777143236054,-0.1693637685277568,-0.292831318137191,0.04801446246233053,-0.31705446464592757,0.01394913472158471,0.37751777143236054,0,0,ok,extreme thresholds are audit flags only; units differ by modality
6,data/limb/subject06/StaticP2/subject6_limb_EMG.mat,StaticP2,34,GYRO.X electrode 5,float64,75604,0,0,False,-12.443620645224271,9.941099561414369,5.005116152557352,1.0264204992489683,5.040934817227808,0.41684814339391396,12.443620645224271,0,130,ok,extreme thresholds are audit flags only; units differ by modality
6,data/limb/subject06/StaticP2/subject6_limb_EMG.mat,StaticP2,35,GYRO.Y electrode 5,float64,75604,0,0,False,-11.598431950416598,26.411906680970862,5.485022544101232,1.9774744719686352,5.433698463501354,0.7911493012386392,26.411906680970862,0,0,ok,extreme thresholds are audit flags only; units differ by modality
6,data/limb/subject06/StaticP2/subject6_limb_EMG.mat,StaticP2,36,GYRO.Z electrode 5,float64,75604,0,0,False,-6.535699782909888,13.18738332876844,-2.081416393753012,1.0363581051184287,-2.127946193485287,0.43601536101004756,13.18738332876844,0,102,ok,extreme thresholds are audit flags only; units differ by modality
6,data/limb/subject06/StaticP2/subject6_limb_EMG.mat,StaticP2,37,ACC.X electrode 6,float64,75604,0,0,False,-0.00683196388809588,0.28282622788273737,0.13273267778877526,0.037182082164975344,0.1434868928662345,0.013583183003769927,0.28282622788273737,0,0,ok,extreme thresholds are audit flags only; units differ by modality
6,data/limb/subject06/StaticP2/subject6_limb_EMG.mat,StaticP2,38,ACC.Y electrode 6,float64,75604,0,0,False,-1.1310417191451818,0.13856002131590459,-0.9721361330231081,0.017458827325665185,-0.9720662818980746,0.0072094260004912925,1.1310417191451818,0,15,ok,extreme thresholds are audit flags only; units differ by modality
6,data/limb/subject06/StaticP2/subject6_limb_EMG.mat,StaticP2,39,ACC.Z electrode 6,float64,75604,0,0,False,-0.012190131708420293,0.19684423766492448,0.0851493046570619,0.036503847151738454,0.08250764880498289,0.02548641275588472,0.19684423766492448,0,0,ok,extreme thresholds are audit flags only; units differ by modality
6,data/limb/subject06/StaticP2/subject6_limb_EMG.mat,StaticP2,40,GYRO.X electrode 6,float64,75604,0,0,False,-9.357421045841063,10.98379233563195,-1.096236613565419,1.0198293461510803,-1.0818963609858883,0.5399756620178224,10.98379233563195,0,0,ok,extreme thresholds are audit flags only; units differ by modality
6,data/limb/subject06/StaticP2/subject6_limb_EMG.mat,StaticP2,41,GYRO.Y electrode 6,float64,75604,0,0,False,-16.81307107818103,30.927997372656524,6.391961249910448,2.495073729572458,6.31849941914343,0.9385358891590081,30.927997372656524,0,0,ok,extreme thresholds are audit flags only; units differ by modality
6,data/limb/subject06/StaticP2/subject6_limb_EMG.mat,StaticP2,42,GYRO.Z electrode 6,float64,75604,0,0,False,-10.259711532102457,5.349825036929976,-0.7505398039634966,0.7590174235672714,-0.7235820665519506,0.3505428046873634,10.259711532102457,0,0,ok,extreme thresholds are audit flags only; units differ by modality
6,data/limb/subject06/StaticP3/subject6_limb_EMG.mat,StaticP3,1,EMG electrode 1,float64,75600,0,0,False,-0.000983932,0.000744244,-3.670859033465608e-07,4.3510086298456644e-05,-8.39246e-07,6.546116e-06,0.000983932,0,808,ok,extreme thresholds are audit flags only; units differ by modality
6,data/limb/subject06/StaticP3/subject6_limb_EMG.mat,StaticP3,2,EMG electrode 2,float64,75600,0,0,False,-0.00151987,0.00250683,4.134165193399471e-06,0.0001392904583659717,3.86053e-06,3.0212899999999995e-06,0.00250683,0,9826,ok,extreme thresholds are audit flags only; units differ by modality
6,data/limb/subject06/StaticP3/subject6_limb_EMG.mat,StaticP3,3,EMG electrode 3,float64,75600,0,0,False,-0.000781338,0.000871977,9.20897668218254e-06,3.273413628188515e-05,9.39956e-06,4.19624e-06,0.000871977,0,922,ok,extreme thresholds are audit flags only; units differ by modality
6,data/limb/subject06/StaticP3/subject6_limb_EMG.mat,StaticP3,4,EMG electrode 4,float64,75600,0,0,False,-0.000227436,0.000103899,-2.137295694925926e-05,9.83666071536014e-06,-2.13169e-05,3.3569000000000017e-06,0.000227436,0,18,ok,extreme thresholds are audit flags only; units differ by modality
6,data/limb/subject06/StaticP3/subject6_limb_EMG.mat,StaticP3,5,EMG electrode 5,float64,75600,0,0,False,-9.51705e-05,2.98772e-05,-1.9240239446997358e-05,4.409625246555419e-06,-1.91348e-05,1.8464000000000032e-06,9.51705e-05,0,98,ok,extreme thresholds are audit flags only; units differ by modality
6,data/limb/subject06/StaticP3/subject6_limb_EMG.mat,StaticP3,6,EMG electrode 6,float64,75600,0,0,False,-0.000133944,0.000177752,-7.839602345595239e-06,9.309697361487436e-06,-7.55322e-06,4.0283899999999996e-06,0.000177752,0,5,ok,extreme thresholds are audit flags only; units differ by modality
6,data/limb/subject06/StaticP3/subject6_limb_EMG.mat,StaticP3,7,ACC.X electrode 1,float64,75600,0,0,False,-0.9720449280293221,0.2182219699932643,-0.7204947981553993,0.23225181200112704,-0.8299885173183678,0.022167779874752158,0.9720449280293221,0,40,ok,extreme thresholds are audit flags only; units differ by modality
6,data/limb/subject06/StaticP3/subject6_limb_EMG.mat,StaticP3,8,ACC.Y electrode 1,float64,75600,0,0,False,-1.1059690849469022,0.544283680656772,0.16442293883783657,0.5395636596235976,0.41275646256092485,0.06803590174981528,1.1059690849469022,0,0,ok,extreme thresholds are audit flags only; units differ by modality
6,data/limb/subject06/StaticP3/subject6_limb_EMG.mat,StaticP3,9,ACC.Z electrode 1,float64,75600,0,0,False,-0.09191327605252317,0.42746253738823764,0.26072039995426555,0.11586107178769722,0.2905161585469899,0.0464543790266619,0.42746253738823764,0,0,ok,extreme thresholds are audit flags only; units differ by modality
6,data/limb/subject06/StaticP3/subject6_limb_EMG.mat,StaticP3,10,GYRO.X electrode 1,float64,75600,0,0,False,-25.565994803623624,52.953959062458374,-12.6178536011017,3.4718106106677444,-12.937920621332111,0.5992387393083183,52.953959062458374,0,423,ok,extreme thresholds are audit flags only; units differ by modality
6,data/limb/subject06/StaticP3/subject6_limb_EMG.mat,StaticP3,11,GYRO.Y electrode 1,float64,75600,0,0,False,-41.63278403887327,43.70788652984576,0.36766974904074634,3.991534007909239,0.3526135028202877,1.3341513088436794,43.70788652984576,0,32,ok,extreme thresholds are audit flags only; units differ by modality
6,data/limb/subject06/StaticP3/subject6_limb_EMG.mat,StaticP3,12,GYRO.Z electrode 1,float64,75600,0,0,False,-51.99150161227687,160.59478307769484,-0.6354706076132652,10.754441938751794,-1.5811833713889822,0.4796534697147691,160.59478307769484,0,813,ok,extreme thresholds are audit flags only; units differ by modality
6,data/limb/subject06/StaticP3/subject6_limb_EMG.mat,StaticP3,13,ACC.X electrode 2,float64,75600,0,0,False,-0.1734739749478152,0.02681954005791318,-0.08171916541017306,0.01683141477386686,-0.08197762595887179,0.011684789965869594,0.1734739749478152,0,0,ok,extreme thresholds are audit flags only; units differ by modality
6,data/limb/subject06/StaticP3/subject6_limb_EMG.mat,StaticP3,14,ACC.Y electrode 2,float64,75600,0,0,False,-1.0840623233874882,0.7592996786951546,0.37197682771455387,0.6272345753057017,0.6580855192964351,0.06107515969457278,1.0840623233874882,0,0,ok,extreme thresholds are audit flags only; units differ by modality
6,data/limb/subject06/StaticP3/subject6_limb_EMG.mat,StaticP3,15,ACC.Z electrode 2,float64,75600,0,0,False,-1.1178730222208502,-0.09940773642060664,-0.7463986733317647,0.1747380777917648,-0.8110925127635238,0.05028347958871637,1.1178730222208502,0,0,ok,extreme thresholds are audit flags only; units differ by modality
6,data/limb/subject06/StaticP3/subject6_limb_EMG.mat,StaticP3,16,GYRO.X electrode 2,float64,75600,0,0,False,-201.543687742234,51.58478785220442,-11.130395861684006,12.555396349066779,-10.005841969876716,0.6141281804451744,201.543687742234,0,868,ok,extreme thresholds are audit flags only; units differ by modality
6,data/limb/subject06/StaticP3/subject6_limb_EMG.mat,StaticP3,17,GYRO.Y electrode 2,float64,75600,0,0,False,-22.5264786056836,29.677962991813086,-2.7723011989075177,2.373623235280749,-2.7567349182292276,0.8663062873904409,29.677962991813086,0,81,ok,extreme thresholds are audit flags only; units differ by modality
6,data/limb/subject06/StaticP3/subject6_limb_EMG.mat,StaticP3,18,GYRO.Z electrode 2,float64,75600,0,0,False,-27.464857380748168,11.73951978726857,-3.6798739830844003,1.9426656208911868,-3.583593514376867,0.41859141857340343,27.464857380748168,0,648,ok,extreme thresholds are audit flags only; units differ by modality
6,data/limb/subject06/StaticP3/subject6_limb_EMG.mat,StaticP3,19,ACC.X electrode 3,float64,75600,0,0,False,0.08034226723810713,0.9657693564369841,0.7131733250389924,0.1909776912210805,0.8025324374231717,0.033585464422056066,0.9657693564369841,0,0,ok,extreme thresholds are audit flags only; units differ by modality
6,data/limb/subject06/StaticP3/subject6_limb_EMG.mat,StaticP3,20,ACC.Y electrode 3,float64,75600,0,0,False,-1.0874653881147227,0.6327178115313257,0.2344686469514511,0.5617264620467947,0.49268589841973465,0.07437900223367677,1.0874653881147227,0,0,ok,extreme thresholds are audit flags only; units differ by modality
6,data/limb/subject06/StaticP3/subject6_limb_EMG.mat,StaticP3,21,ACC.Z electrode 3,float64,75600,0,0,False,-0.11040502151141035,0.3919696798126147,0.20413388427055032,0.1404411690140008,0.2599447517056899,0.03909240985034723,0.3919696798126147,0,0,ok,extreme thresholds are audit flags only; units differ by modality
6,data/limb/subject06/StaticP3/subject6_limb_EMG.mat,StaticP3,22,GYRO.X electrode 3,float64,75600,0,0,False,-11.206466476927815,102.36498936174885,17.6283775012328,5.974609458165875,17.159922807369306,0.7163308888877662,102.36498936174885,0,738,ok,extreme thresholds are audit flags only; units differ by modality
6,data/limb/subject06/StaticP3/subject6_limb_EMG.mat,StaticP3,23,GYRO.Y electrode 3,float64,75600,0,0,False,-54.21013439715398,42.474721735125854,2.9999172090936392,3.1719931916164406,2.9334739717058236,0.9823069503502221,54.21013439715398,0,186,ok,extreme thresholds are audit flags only; units differ by modality
6,data/limb/subject06/StaticP3/subject6_limb_EMG.mat,StaticP3,24,GYRO.Z electrode 3,float64,75600,0,0,False,-156.56830242357225,46.811195131025144,1.2724362128478703,10.03682315460447,2.1485506511622585,0.5525092367450135,156.56830242357225,0,763,ok,extreme thresholds are audit flags only; units differ by modality
6,data/limb/subject06/StaticP3/subject6_limb_EMG.mat,StaticP3,25,ACC.X electrode 4,float64,75600,0,0,False,0.025116978146364488,0.3938576280993695,0.26000731086627,0.03146869797903391,0.27020172833457734,0.010467223441984558,0.3938576280993695,0,0,ok,extreme thresholds are audit flags only; units differ by modality
6,data/limb/subject06/StaticP3/subject6_limb_EMG.mat,StaticP3,26,ACC.Y electrode 4,float64,75600,0,0,False,-1.0842978111099897,0.5597732670147286,0.1693456253442356,0.5341758397086219,0.40802281516875366,0.08473598539622682,1.0842978111099897,0,0,ok,extreme thresholds are audit flags only; units differ by modality
6,data/limb/subject06/StaticP3/subject6_limb_EMG.mat,StaticP3,27,ACC.Z electrode 4,float64,75600,0,0,False,0.07730894459147603,0.8980650074545521,0.6813735277921156,0.23987379752615476,0.7926241613580938,0.04309420546426079,0.8980650074545521,0,0,ok,extreme thresholds are audit flags only; units differ by modality
6,data/limb/subject06/StaticP3/subject6_limb_EMG.mat,StaticP3,28,GYRO.X electrode 4,float64,75600,0,0,False,-44.24636327224213,172.7839115423732,4.216575927839757,10.708363447561245,3.2889735824674435,0.6113662575116705,172.7839115423732,0,789,ok,extreme thresholds are audit flags only; units differ by modality
6,data/limb/subject06/StaticP3/subject6_limb_EMG.mat,StaticP3,29,GYRO.Y electrode 4,float64,75600,0,0,False,-7.577072226191567,37.419649986549075,6.773613693267735,2.0206843703988704,6.558457725991454,0.6581605414953309,37.419649986549075,0,104,ok,extreme thresholds are audit flags only; units differ by modality
6,data/limb/subject06/StaticP3/subject6_limb_EMG.mat,StaticP3,30,GYRO.Z electrode 4,float64,75600,0,0,False,-42.4188776789451,14.934140347582943,3.332149649306636,2.161428240091132,3.438684496903996,0.5302411189569958,42.4188776789451,0,218,ok,extreme thresholds are audit flags only; units differ by modality
6,data/limb/subject06/StaticP3/subject6_limb_EMG.mat,StaticP3,31,ACC.X electrode 5,float64,75600,0,0,False,-0.47492842042495165,-0.030009871865803103,-0.3510346778132164,0.058097281599527505,-0.36664128063126333,0.022171602242854138,0.47492842042495165,0,0,ok,extreme thresholds are audit flags only; units differ by modality
6,data/limb/subject06/StaticP3/subject6_limb_EMG.mat,StaticP3,32,ACC.Y electrode 5,float64,75600,0,0,False,-1.0896214853109987,-0.07501146295339105,-0.8518526441161595,0.05368330550269091,-0.8395901515347763,0.020920485128212096,1.0896214853109987,0,2,ok,extreme thresholds are audit flags only; units differ by modality
6,data/limb/subject06/StaticP3/subject6_limb_EMG.mat,StaticP3,33,ACC.Z electrode 5,float64,75600,0,0,False,-0.5467451969706331,-0.03617880443886834,-0.43466560228929674,0.09477864638805006,-0.4651737708699837,0.02364287432608675,0.5467451969706331,0,0,ok,extreme thresholds are audit flags only; units differ by modality
6,data/limb/subject06/StaticP3/subject6_limb_EMG.mat,StaticP3,34,GYRO.X electrode 5,float64,75600,0,0,False,-27.51410638385972,13.181471622859682,4.8751693003148535,2.1210341527413807,5.003365090263266,0.38623701448530134,27.51410638385972,0,459,ok,extreme thresholds are audit flags only; units differ by modality
6,data/limb/subject06/StaticP3/subject6_limb_EMG.mat,StaticP3,35,GYRO.Y electrode 5,float64,75600,0,0,False,-4.4291725510519875,25.791940876797447,5.578534500446144,1.9343014028127086,5.512519913828632,0.8335027497045973,25.791940876797447,0,0,ok,extreme thresholds are audit flags only; units differ by modality
6,data/limb/subject06/StaticP3/subject6_limb_EMG.mat,StaticP3,36,GYRO.Z electrode 5,float64,75600,0,0,False,-8.848847679489655,30.99441844396823,-1.9686597077792822,2.0941220653352994,-2.0907864539562464,0.4268404170704305,30.99441844396823,0,414,ok,extreme thresholds are audit flags only; units differ by modality
6,data/limb/subject06/StaticP3/subject6_limb_EMG.mat,StaticP3,37,ACC.X electrode 6,float64,75600,0,0,False,-0.015244619695881787,0.3094625300421427,0.11798764969447142,0.0354625619450214,0.13094707046935214,0.010051358925622866,0.3094625300421427,0,0,ok,extreme thresholds are audit flags only; units differ by modality
6,data/limb/subject06/StaticP3/subject6_limb_EMG.mat,StaticP3,38,ACC.Y electrode 6,float64,75600,0,0,False,-1.1809742824453802,-0.07982058708478879,-0.9429536497108647,0.026018847214172667,-0.9405341046507159,0.01495494148098897,1.1809742824453802,0,2,ok,extreme thresholds are audit flags only; units differ by modality
6,data/limb/subject06/StaticP3/subject6_limb_EMG.mat,StaticP3,39,ACC.Z electrode 6,float64,75600,0,0,False,-0.0022222729453697594,0.448898807996445,0.2146125913969842,0.08134724113290143,0.23222586599392014,0.03987210926938112,0.448898807996445,0,0,ok,extreme thresholds are audit flags only; units differ by modality
6,data/limb/subject06/StaticP3/subject6_limb_EMG.mat,StaticP3,40,GYRO.X electrode 6,float64,75600,0,0,False,-24.65648884374653,34.397938676473316,-0.9980017678563252,2.2148475424080623,-1.0584805860583075,0.5956536504078058,34.397938676473316,0,360,ok,extreme thresholds are audit flags only; units differ by modality
6,data/limb/subject06/StaticP3/subject6_limb_EMG.mat,StaticP3,41,GYRO.Y electrode 6,float64,75600,0,0,False,-13.676403597670852,38.47243274604614,6.456667907211128,1.956092241518825,6.406337562138289,0.703457798240192,38.47243274604614,0,31,ok,extreme thresholds are audit flags only; units differ by modality
6,data/limb/subject06/StaticP3/subject6_limb_EMG.mat,StaticP3,42,GYRO.Z electrode 6,float64,75600,0,0,False,-15.344541648239602,13.715520003992058,-0.7774440401042517,1.1447514503867064,-0.7341382091951929,0.4171261327697682,15.344541648239602,0,51,ok,extreme thresholds are audit flags only; units differ by modality
6,data/limb/subject06/StaticP4/subject6_limb_EMG.mat,StaticP4,1,EMG electrode 1,float64,75604,0,0,False,-0.000651759,0.000571191,-3.5345272141685615e-07,3.976435756595946e-05,-8.39246e-07,4.364084e-06,0.000651759,0,1759,ok,extreme thresholds are audit flags only; units differ by modality
6,data/limb/subject06/StaticP4/subject6_limb_EMG.mat,StaticP4,2,EMG electrode 2,float64,75604,0,0,False,-0.00135538,0.0016602,4.103539652769695e-06,0.00011247102256832564,3.86053e-06,3.021284e-06,0.0016602,0,8949,ok,extreme thresholds are audit flags only; units differ by modality
6,data/limb/subject06/StaticP4/subject6_limb_EMG.mat,StaticP4,3,EMG electrode 3,float64,75604,0,0,False,-0.000399313,0.000418448,9.230754471403633e-06,3.0251338763646237e-05,9.23171e-06,3.6926899999999987e-06,0.000418448,0,1210,ok,extreme thresholds are audit flags only; units differ by modality
6,data/limb/subject06/StaticP4/subject6_limb_EMG.mat,StaticP4,4,EMG electrode 4,float64,75604,0,0,False,-0.00118384,0.000902861,-2.1301787505303953e-05,2.641054018447273e-05,-2.13169e-05,2.3498999999999993e-06,0.00118384,0,1129,ok,extreme thresholds are audit flags only; units differ by modality
6,data/limb/subject06/StaticP4/subject6_limb_EMG.mat,StaticP4,5,EMG electrode 5,float64,75604,0,0,False,-0.000635645,0.000388235,-1.918985498272578e-05,1.86157523198907e-05,-1.91348e-05,2.517699999999998e-06,0.000635645,0,991,ok,extreme thresholds are audit flags only; units differ by modality
6,data/limb/subject06/StaticP4/subject6_limb_EMG.mat,StaticP4,6,EMG electrode 6,float64,75604,0,0,False,-4.28016e-05,4.64942e-05,-7.950276908033966e-06,3.135928130194497e-06,-7.88891e-06,1.6784900000000003e-06,4.64942e-05,0,3,ok,extreme thresholds are audit flags only; units differ by modality
6,data/limb/subject06/StaticP4/subject6_limb_EMG.mat,StaticP4,7,ACC.X electrode 1,float64,75604,0,0,False,-0.248202145282367,0.12773240446213746,-0.14623704538881474,0.06741826427864028,-0.16975434561081887,0.024973122538381076,0.248202145282367,0,0,ok,extreme thresholds are audit flags only; units differ by modality
6,data/limb/subject06/StaticP4/subject6_limb_EMG.mat,StaticP4,8,ACC.Y electrode 1,float64,75604,0,0,False,-1.1184036245846678,-0.08964982145898569,-0.9844637409465758,0.009097769093728345,-0.9836714196136314,0.004779366846797806,1.1184036245846678,0,2,ok,extreme thresholds are audit flags only; units differ by modality
6,data/limb/subject06/StaticP4/subject6_limb_EMG.mat,StaticP4,9,ACC.Z electrode 1,float64,75604,0,0,False,-0.03082114629577548,0.1535026987228447,0.02971395830001242,0.021355693721746456,0.022995347152211413,0.008953226148773228,0.1535026987228447,0,0,ok,extreme thresholds are audit flags only; units differ by modality
6,data/limb/subject06/StaticP4/subject6_limb_EMG.mat,StaticP4,10,GYRO.X electrode 1,float64,75604,0,0,False,-45.16334562389284,-1.1251195349111451,-13.117909784898234,1.8490595210756522,-13.04592657587912,0.5567679500014178,45.16334562389284,0,178,ok,extreme thresholds are audit flags only; units differ by modality
6,data/limb/subject06/StaticP4/subject6_limb_EMG.mat,StaticP4,11,GYRO.Y electrode 1,float64,75604,0,0,False,-40.57609007441342,63.407303379857886,0.5286582241702644,3.9476956514675914,0.35849233425076793,1.4839385845357682,63.407303379857886,0,18,ok,extreme thresholds are audit flags only; units differ by modality
6,data/limb/subject06/StaticP4/subject6_limb_EMG.mat,StaticP4,12,GYRO.Z electrode 1,float64,75604,0,0,False,-24.60126935329109,7.447040223611068,-1.765060397425028,1.7779833656203827,-1.6069862465159903,0.5199245412056156,24.60126935329109,0,127,ok,extreme thresholds are audit flags only; units differ by modality
6,data/limb/subject06/StaticP4/subject6_limb_EMG.mat,StaticP4,13,ACC.X electrode 2,float64,75604,0,0,False,-0.27107794857436374,-0.007277034269907258,-0.124142730288847,0.04183388750496685,-0.10811266496983354,0.025501057651499237,0.27107794857436374,0,0,ok,extreme thresholds are audit flags only; units differ by modality
6,data/limb/subject06/StaticP4/subject6_limb_EMG.mat,StaticP4,14,ACC.Y electrode 2,float64,75604,0,0,False,-1.0996342657780331,-0.08787826630877675,-0.966080783041854,0.009324924568091515,-0.9658256516757389,0.0049231256922412925,1.0996342657780331,0,2,ok,extreme thresholds are audit flags only; units differ by modality
6,data/limb/subject06/StaticP4/subject6_limb_EMG.mat,StaticP4,15,ACC.Z electrode 2,float64,75604,0,0,False,-0.42809853642822543,-0.030402701686214697,-0.3067998238522831,0.052418452074372776,-0.3166083697574197,0.026298313105245108,0.42809853642822543,0,0,ok,extreme thresholds are audit flags only; units differ by modality
6,data/limb/subject06/StaticP4/subject6_limb_EMG.mat,StaticP4,16,GYRO.X electrode 2,float64,75604,0,0,False,-17.289381255783276,11.471115075144784,-9.828773118194531,1.753772963844631,-9.995186068454785,0.5685050840360768,17.289381255783276,0,60,ok,extreme thresholds are audit flags only; units differ by modality
6,data/limb/subject06/StaticP4/subject6_limb_EMG.mat,StaticP4,17,GYRO.Y electrode 2,float64,75604,0,0,False,-20.92285266061934,17.84982638316535,-2.6611390583624623,1.9549454624085325,-2.7388464971565396,0.9059814556458442,20.92285266061934,0,0,ok,extreme thresholds are audit flags only; units differ by modality
6,data/limb/subject06/StaticP4/subject6_limb_EMG.mat,StaticP4,18,GYRO.Z electrode 2,float64,75604,0,0,False,-8.667820073905295,5.3186720465492385,-3.601786011254981,0.9818329207986825,-3.664095195822883,0.3984544555541587,8.667820073905295,0,0,ok,extreme thresholds are audit flags only; units differ by modality
6,data/limb/subject06/StaticP4/subject6_limb_EMG.mat,StaticP4,19,ACC.X electrode 3,float64,75604,0,0,False,0.02426467908374473,0.3913762261096273,0.2633929585123769,0.028737334702025143,0.26969991253146913,0.014880987087926872,0.3913762261096273,0,0,ok,extreme thresholds are audit flags only; units differ by modality
6,data/limb/subject06/StaticP4/subject6_limb_EMG.mat,StaticP4,20,ACC.Y electrode 3,float64,75604,0,0,False,-1.0950458198057191,-0.0876751317629705,-0.9543402874248946,0.010849775315007769,-0.95573106508302,0.005328487114783342,1.0950458198057191,0,2,ok,extreme thresholds are audit flags only; units differ by modality
6,data/limb/subject06/StaticP4/subject6_limb_EMG.mat,StaticP4,21,ACC.Z electrode 3,float64,75604,0,0,False,-0.390815458959958,-0.008300282178556759,-0.1607099429288385,0.07137515138951668,-0.12148308695150445,0.026321856975572246,0.390815458959958,0,0,ok,extreme thresholds are audit flags only; units differ by modality
6,data/limb/subject06/StaticP4/subject6_limb_EMG.mat,StaticP4,22,GYRO.X electrode 3,float64,75604,0,0,False,-13.321350728064294,23.683124876952785,16.990236706506547,1.9582088244474165,17.212005511914604,0.5849830462912919,23.683124876952785,0,125,ok,extreme thresholds are audit flags only; units differ by modality
6,data/limb/subject06/StaticP4/subject6_limb_EMG.mat,StaticP4,23,GYRO.Y electrode 3,float64,75604,0,0,False,-23.03775725800538,24.60568433484931,3.00494858498962,3.1627590494886375,2.8869217558947335,1.3187209414985768,24.60568433484931,0,0,ok,extreme thresholds are audit flags only; units differ by modality
6,data/limb/subject06/StaticP4/subject6_limb_EMG.mat,StaticP4,24,GYRO.Z electrode 3,float64,75604,0,0,False,-7.988332185533655,15.254263537375559,2.3076961680495467,1.2978837934368672,2.2262057298684943,0.5132481607984246,15.254263537375559,0,0,ok,extreme thresholds are audit flags only; units differ by modality
6,data/limb/subject06/StaticP4/subject6_limb_EMG.mat,StaticP4,25,ACC.X electrode 4,float64,75604,0,0,False,0.016372901054335042,0.3426590603915272,0.20040189346557885,0.024438804022383482,0.19521937837274195,0.014104659420213217,0.3426590603915272,0,0,ok,extreme thresholds are audit flags only; units differ by modality
6,data/limb/subject06/StaticP4/subject6_limb_EMG.mat,StaticP4,26,ACC.Y electrode 4,float64,75604,0,0,False,-1.102309021489888,-0.08818110184390003,-0.9687021682056386,0.00968134508777601,-0.9679455766142369,0.004792438656737064,1.102309021489888,0,2,ok,extreme thresholds are audit flags only; units differ by modality
6,data/limb/subject06/StaticP4/subject6_limb_EMG.mat,StaticP4,27,ACC.Z electrode 4,float64,75604,0,0,False,-0.18237490674790746,0.1751975439763414,0.08744604177745628,0.057546290605316346,0.1076976851311632,0.027952730011950637,0.18237490674790746,0,0,ok,extreme thresholds are audit flags only; units differ by modality
6,data/limb/subject06/StaticP4/subject6_limb_EMG.mat,StaticP4,28,GYRO.X electrode 4,float64,75604,0,0,False,-21.409559066550027,23.547408586730317,3.1769743526567837,1.9901631830258038,3.2948960330816095,0.5377438421183716,23.547408586730317,0,185,ok,extreme thresholds are audit flags only; units differ by modality
6,data/limb/subject06/StaticP4/subject6_limb_EMG.mat,StaticP4,29,GYRO.Y electrode 4,float64,75604,0,0,False,-40.77005536452888,29.759623134336096,6.566631539531104,3.4513234122118064,6.591832027190895,1.2624828675319346,40.77005536452888,0,94,ok,extreme thresholds are audit flags only; units differ by modality
6,data/limb/subject06/StaticP4/subject6_limb_EMG.mat,StaticP4,30,GYRO.Z electrode 4,float64,75604,0,0,False,-8.245461104086262,10.678104574871082,3.5478948802117873,1.0059694745506758,3.563532288602408,0.41056076282516796,10.678104574871082,0,0,ok,extreme thresholds are audit flags only; units differ by modality
6,data/limb/subject06/StaticP4/subject6_limb_EMG.mat,StaticP4,31,ACC.X electrode 5,float64,75604,0,0,False,-0.4244550910648309,-0.021965058609247464,-0.26032489156945193,0.024273020759604504,-0.2549020306201667,0.014544904799134173,0.4244550910648309,0,0,ok,extreme thresholds are audit flags only; units differ by modality
6,data/limb/subject06/StaticP4/subject6_limb_EMG.mat,StaticP4,32,ACC.Y electrode 5,float64,75604,0,0,False,-1.0871269374308745,-0.086916907754405,-0.949178704654634,0.00890363785815674,-0.9493425796388277,0.004522251228613716,1.0871269374308745,0,4,ok,extreme thresholds are audit flags only; units differ by modality
6,data/limb/subject06/StaticP4/subject6_limb_EMG.mat,StaticP4,33,ACC.Z electrode 5,float64,75604,0,0,False,-0.28828876049658597,-0.021156986816103434,-0.23051646647726598,0.026835415563279445,-0.2336379306867197,0.015621363892876286,0.28828876049658597,0,0,ok,extreme thresholds are audit flags only; units differ by modality
6,data/limb/subject06/StaticP4/subject6_limb_EMG.mat,StaticP4,34,GYRO.X electrode 5,float64,75604,0,0,False,-4.53251135623623,33.57618167226458,5.15430216508515,1.5775946692442184,5.034000655832658,0.5105702656942701,33.57618167226458,0,159,ok,extreme thresholds are audit flags only; units differ by modality
6,data/limb/subject06/StaticP4/subject6_limb_EMG.mat,StaticP4,35,GYRO.Y electrode 5,float64,75604,0,0,False,-26.017847754269663,26.65752834544064,5.490245993139419,2.657022273985617,5.462758208948204,1.1595372028971198,26.65752834544064,0,0,ok,extreme thresholds are audit flags only; units differ by modality
6,data/limb/subject06/StaticP4/subject6_limb_EMG.mat,StaticP4,36,GYRO.Z electrode 5,float64,75604,0,0,False,-10.261003335428702,4.7082238604551945,-2.0383794584269754,0.9150306261462481,-2.0331877901467528,0.4976727832147829,10.261003335428702,0,0,ok,extreme thresholds are audit flags only; units differ by modality
6,data/limb/subject06/StaticP4/subject6_limb_EMG.mat,StaticP4,37,ACC.X electrode 6,float64,75604,0,0,False,-0.196531571857733,0.24434629690357554,0.036915451902969756,0.021098511079335566,0.038235989186270344,0.009621519233625456,0.24434629690357554,0,0,ok,extreme thresholds are audit flags only; units differ by modality
6,data/limb/subject06/StaticP4/subject6_limb_EMG.mat,StaticP4,38,ACC.Y electrode 6,float64,75604,0,0,False,-1.1345452147402486,-0.0902822992526552,-0.9868007636262942,0.008506587418610623,-0.9871410133149316,0.0034367907913391837,1.1345452147402486,0,10,ok,extreme thresholds are audit flags only; units differ by modality
6,data/limb/subject06/StaticP4/subject6_limb_EMG.mat,StaticP4,39,ACC.Z electrode 6,float64,75604,0,0,False,-0.07745205519264138,0.2387336195873247,0.04824359093795843,0.02015750591260807,0.04353877710504721,0.0089909705789326,0.2387336195873247,0,0,ok,extreme thresholds are audit flags only; units differ by modality
6,data/limb/subject06/StaticP4/subject6_limb_EMG.mat,StaticP4,40,GYRO.X electrode 6,float64,75604,0,0,False,-8.015825414833358,11.242378867899635,-0.9800510259059966,1.061952297848976,-1.0027356931345772,0.4851611026307046,11.242378867899635,0,0,ok,extreme thresholds are audit flags only; units differ by modality
6,data/limb/subject06/StaticP4/subject6_limb_EMG.mat,StaticP4,41,GYRO.Y electrode 6,float64,75604,0,0,False,-24.569961042212377,46.55096866259421,6.293660048244383,3.208287979067991,6.306117862525718,1.3159431230153378,46.55096866259421,0,9,ok,extreme thresholds are audit flags only; units differ by modality
6,data/limb/subject06/StaticP4/subject6_limb_EMG.mat,StaticP4,42,GYRO.Z electrode 6,float64,75604,0,0,False,-14.155261913982295,5.478753218702378,-0.7574836160259772,0.9136130910884035,-0.7321994520202526,0.37617592233551134,14.155261913982295,0,25,ok,extreme thresholds are audit flags only; units differ by modality
6,data/limb/subject06/StaticP9/subject6_limb_EMG.mat,StaticP9,1,EMG electrode 1,float64,75604,0,0,False,-0.000830014,0.00104453,-2.932989581635892e-07,4.6290419661555675e-05,-8.39246e-07,5.035474e-06,0.00104453,0,1490,ok,extreme thresholds are audit flags only; units differ by modality
6,data/limb/subject06/StaticP9/subject6_limb_EMG.mat,StaticP9,2,EMG electrode 2,float64,75604,0,0,False,-0.00153246,0.00214226,4.076944018543993e-06,0.00013689610622123557,3.86053e-06,3.18914e-06,0.00214226,0,9667,ok,extreme thresholds are audit flags only; units differ by modality
6,data/limb/subject06/StaticP9/subject6_limb_EMG.mat,StaticP9,3,EMG electrode 3,float64,75604,0,0,False,-0.00106534,0.000597879,9.16673570616634e-06,3.587621106300866e-05,9.23171e-06,4.0283899999999996e-06,0.00106534,0,1354,ok,extreme thresholds are audit flags only; units differ by modality
6,data/limb/subject06/StaticP9/subject6_limb_EMG.mat,StaticP9,4,EMG electrode 4,float64,75604,0,0,False,-0.000232471,0.000234821,-2.118078914036294e-05,6.634610626853093e-06,-2.13169e-05,2.6855e-06,0.000234821,0,18,ok,extreme thresholds are audit flags only; units differ by modality
6,data/limb/subject06/StaticP9/subject6_limb_EMG.mat,StaticP9,5,EMG electrode 5,float64,75604,0,0,False,-0.000259663,0.000367422,-1.9210087926802812e-05,1.6457023916047343e-05,-1.8967e-05,4.0283e-06,0.000367422,0,133,ok,extreme thresholds are audit flags only; units differ by modality
6,data/limb/subject06/StaticP9/subject6_limb_EMG.mat,StaticP9,6,EMG electrode 6,float64,75604,0,0,False,-0.000201923,0.000299275,-7.84642487441141e-06,2.0971410391055906e-05,-8.22461e-06,5.37119e-06,0.000299275,0,64,ok,extreme thresholds are audit flags only; units differ by modality
6,data/limb/subject06/StaticP9/subject6_limb_EMG.mat,StaticP9,7,ACC.X electrode 1,float64,75604,0,0,False,-0.8944789840336058,-0.054037983313313505,-0.6034267943193656,0.219909864036503,-0.7007294873365149,0.053562209144110196,0.8944789840336058,0,0,ok,extreme thresholds are audit flags only; units differ by modality
6,data/limb/subject06/StaticP9/subject6_limb_EMG.mat,StaticP9,8,ACC.Y electrode 1,float64,75604,0,0,False,-1.1153688585732489,0.11332488801661421,-0.21078552533179204,0.39055196633875733,-0.014288639085056086,0.05460539665992755,1.1153688585732489,0,0,ok,extreme thresholds are audit flags only; units differ by modality
6,data/limb/subject06/StaticP9/subject6_limb_EMG.mat,StaticP9,9,ACC.Z electrode 1,float64,75604,0,0,False,-0.03231900396129814,0.7940184028149344,0.5174388395431967,0.2549966678582695,0.6243114551667981,0.053741277896422746,0.7940184028149344,0,0,ok,extreme thresholds are audit flags only; units differ by modality
6,data/limb/subject06/StaticP9/subject6_limb_EMG.mat,StaticP9,10,GYRO.X electrode 1,float64,75604,0,0,False,-33.183578995674715,6.406748957701028,-13.199102437970819,1.8154558685650977,-13.184963974101002,0.6186588992883246,33.183578995674715,0,42,ok,extreme thresholds are audit flags only; units differ by modality
6,data/limb/subject06/StaticP9/subject6_limb_EMG.mat,StaticP9,11,GYRO.Y electrode 1,float64,75604,0,0,False,-24.271705814631012,40.00770341941012,0.6797894543016897,4.292706877062785,0.3538331382798995,1.9421492594537202,40.00770341941012,0,0,ok,extreme thresholds are audit flags only; units differ by modality
6,data/limb/subject06/StaticP9/subject6_limb_EMG.mat,StaticP9,12,GYRO.Z electrode 1,float64,75604,0,0,False,-17.3091575737305,5.3391177701450925,-1.6872667685805178,1.4436481816964295,-1.632554570539738,0.6092572088509081,17.3091575737305,0,0,ok,extreme thresholds are audit flags only; units differ by modality
6,data/limb/subject06/StaticP9/subject6_limb_EMG.mat,StaticP9,13,ACC.X electrode 2,float64,75604,0,0,False,-0.6215120074743945,-0.049667120829561616,-0.35490431378510695,0.14731626541130213,-0.38551328289685677,0.028112040362067187,0.6215120074743945,0,0,ok,extreme thresholds are audit flags only; units differ by modality
6,data/limb/subject06/StaticP9/subject6_limb_EMG.mat,StaticP9,14,ACC.Y electrode 2,float64,75604,0,0,False,-1.104939675265618,0.1695173945578659,-0.15451810802361723,0.40780630920463046,0.03512761945934679,0.055823511694532764,1.104939675265618,0,0,ok,extreme thresholds are audit flags only; units differ by modality
6,data/limb/subject06/StaticP9/subject6_limb_EMG.mat,StaticP9,15,ACC.Z electrode 2,float64,75604,0,0,False,-1.0580672217990061,-0.08589153128941818,-0.8600742177361775,0.263344739067103,-0.9976920349681198,0.02315743241916357,1.0580672217990061,0,2204,ok,extreme thresholds are audit flags only; units differ by modality
6,data/limb/subject06/StaticP9/subject6_limb_EMG.mat,StaticP9,16,GYRO.X electrode 2,float64,75604,0,0,False,-19.525332062846978,1.5445788330275212,-9.811839405366864,1.4462904527778906,-9.917579705951642,0.7032269814724099,19.525332062846978,0,0,ok,extreme thresholds are audit flags only; units differ by modality
6,data/limb/subject06/StaticP9/subject6_limb_EMG.mat,StaticP9,17,GYRO.Y electrode 2,float64,75604,0,0,False,-23.715182308529798,17.527291931857615,-2.7866222581911293,2.4553979186959842,-2.8067677348755256,1.2866061904287611,23.715182308529798,0,0,ok,extreme thresholds are audit flags only; units differ by modality
6,data/limb/subject06/StaticP9/subject6_limb_EMG.mat,StaticP9,18,GYRO.Z electrode 2,float64,75604,0,0,False,-9.409021654692173,2.204093648780797,-3.693230057098162,0.8032112133231244,-3.6781411753640625,0.4366403783100459,9.409021654692173,0,0,ok,extreme thresholds are audit flags only; units differ by modality
6,data/limb/subject06/StaticP9/subject6_limb_EMG.mat,StaticP9,19,ACC.X electrode 3,float64,75604,0,0,False,0.09501541008156741,1.08751591894526,0.8486455026646206,0.29426293701586603,0.9906438457362878,0.016492560935059963,1.08751591894526,0,15118,ok,extreme thresholds are audit flags only; units differ by modality
6,data/limb/subject06/StaticP9/subject6_limb_EMG.mat,StaticP9,20,ACC.Y electrode 3,float64,75604,0,0,False,-1.0938119796729753,0.20719231387039455,-0.13131221331182727,0.4170593661317561,0.06517531619986278,0.0432526744484211,1.0938119796729753,0,0,ok,extreme thresholds are audit flags only; units differ by modality
6,data/limb/subject06/StaticP9/subject6_limb_EMG.mat,StaticP9,21,ACC.Z electrode 3,float64,75604,0,0,False,-0.3116405602717548,0.08210712433321522,-0.059832086630786124,0.08616151360412068,-0.01956800357580507,0.05129642178789619,0.3116405602717548,0,0,ok,extreme thresholds are audit flags only; units differ by modality
6,data/limb/subject06/StaticP9/subject6_limb_EMG.mat,StaticP9,22,GYRO.X electrode 3,float64,75604,0,0,False,1.5512570972585047,29.578534738752108,17.09116525515331,1.5314813063867965,17.133779147423024,0.7047910772303965,29.578534738752108,0,0,ok,extreme thresholds are audit flags only; units differ by modality
6,data/limb/subject06/StaticP9/subject6_limb_EMG.mat,StaticP9,23,GYRO.Y electrode 3,float64,75604,0,0,False,-22.380599195529328,39.69662223574483,2.9675346979860837,3.7920378534502412,2.7931348995726952,1.7078528886645565,39.69662223574483,0,0,ok,extreme thresholds are audit flags only; units differ by modality
6,data/limb/subject06/StaticP9/subject6_limb_EMG.mat,StaticP9,24,GYRO.Z electrode 3,float64,75604,0,0,False,-7.275856469982846,11.668125733539561,2.357761772450769,1.1035200737408197,2.3030140825720733,0.5519494973336516,11.668125733539561,0,0,ok,extreme thresholds are audit flags only; units differ by modality
6,data/limb/subject06/StaticP9/subject6_limb_EMG.mat,StaticP9,25,ACC.X electrode 4,float64,75604,0,0,False,0.0739461908660589,0.855122708042704,0.5845371118884981,0.20525192373172294,0.6564682559848383,0.03267217182456883,0.855122708042704,0,0,ok,extreme thresholds are audit flags only; units differ by modality
6,data/limb/subject06/StaticP9/subject6_limb_EMG.mat,StaticP9,26,ACC.Y electrode 4,float64,75604,0,0,False,-1.1039715031736452,0.20281461561215552,-0.13231543754059777,0.42176915356418343,0.07115320855758936,0.05797457177979229,1.1039715031736452,0,0,ok,extreme thresholds are audit flags only; units differ by modality
6,data/limb/subject06/StaticP9/subject6_limb_EMG.mat,StaticP9,27,ACC.Z electrode 4,float64,75604,0,0,False,0.05049138085720787,0.740579142176702,0.5440866242626898,0.2215778953214176,0.6647490893259982,0.03130165257631007,0.740579142176702,0,0,ok,extreme thresholds are audit flags only; units differ by modality
6,data/limb/subject06/StaticP9/subject6_limb_EMG.mat,StaticP9,28,GYRO.X electrode 4,float64,75604,0,0,False,-13.441515897642894,11.056979949159398,3.20913182706334,1.5204339334748567,3.2916529748877923,0.6063293296350603,13.441515897642894,0,0,ok,extreme thresholds are audit flags only; units differ by modality
6,data/limb/subject06/StaticP9/subject6_limb_EMG.mat,StaticP9,29,GYRO.Y electrode 4,float64,75604,0,0,False,-15.56936170612038,28.79475123319378,6.618922777637689,3.0136306054773776,6.489495733211402,1.4251096023072858,28.79475123319378,0,0,ok,extreme thresholds are audit flags only; units differ by modality
6,data/limb/subject06/StaticP9/subject6_limb_EMG.mat,StaticP9,30,GYRO.Z electrode 4,float64,75604,0,0,False,-4.2491150102743065,8.74802972658835,3.5923240111260477,0.7954655493886834,3.587058544361235,0.4171106821039152,8.74802972658835,0,0,ok,extreme thresholds are audit flags only; units differ by modality
6,data/limb/subject06/StaticP9/subject6_limb_EMG.mat,StaticP9,31,ACC.X electrode 5,float64,75604,0,0,False,-1.0087778696651404,-0.07980646586029917,-0.7554540185334735,0.25590286480559976,-0.8795190748228581,0.023184266797061648,1.0087778696651404,0,1,ok,extreme thresholds are audit flags only; units differ by modality
6,data/limb/subject06/StaticP9/subject6_limb_EMG.mat,StaticP9,32,ACC.Y electrode 5,float64,75604,0,0,False,-1.088780920334739,0.17967669790680094,-0.16325743892557626,0.3997911453119786,0.01890506966863726,0.03711480188935248,1.088780920334739,0,4,ok,extreme thresholds are audit flags only; units differ by modality
6,data/limb/subject06/StaticP9/subject6_limb_EMG.mat,StaticP9,33,ACC.Z electrode 5,float64,75604,0,0,False,-0.6513173239728489,-0.05380114524926685,-0.47423358730217613,0.14687191167602123,-0.5311921813097462,0.028183215800018424,0.6513173239728489,0,0,ok,extreme thresholds are audit flags only; units differ by modality
6,data/limb/subject06/StaticP9/subject6_limb_EMG.mat,StaticP9,34,GYRO.X electrode 5,float64,75604,0,0,False,-8.819254952790505,27.87517280124644,5.069117887866941,1.5436166770329156,5.053615722031331,0.6784754250860798,27.87517280124644,0,13,ok,extreme thresholds are audit flags only; units differ by modality
6,data/limb/subject06/StaticP9/subject6_limb_EMG.mat,StaticP9,35,GYRO.Y electrode 5,float64,75604,0,0,False,-15.490068549862535,65.40989243072791,5.865744816830466,4.482762873957942,5.663674506070702,2.0187645282769227,65.40989243072791,0,0,ok,extreme thresholds are audit flags only; units differ by modality
6,data/limb/subject06/StaticP9/subject6_limb_EMG.mat,StaticP9,36,GYRO.Z electrode 5,float64,75604,0,0,False,-8.845596549026977,4.5738659556496755,-2.137473134672582,1.034241395159466,-2.1259912783085664,0.5766621814776574,8.845596549026977,0,0,ok,extreme thresholds are audit flags only; units differ by modality
6,data/limb/subject06/StaticP9/subject6_limb_EMG.mat,StaticP9,37,ACC.X electrode 6,float64,75604,0,0,False,0.025918429554874507,0.5898232396053893,0.321421451364485,0.14216648749034058,0.35928133038207455,0.041802881154388793,0.5898232396053893,0,0,ok,extreme thresholds are audit flags only; units differ by modality
6,data/limb/subject06/StaticP9/subject6_limb_EMG.mat,StaticP9,38,ACC.Y electrode 6,float64,75604,0,0,False,-1.1283574580940112,0.09691833667651613,-0.21664306271540287,0.3897055565886711,-0.043819439760743165,0.058956169328745985,1.1283574580940112,0,0,ok,extreme thresholds are audit flags only; units differ by modality
6,data/limb/subject06/StaticP9/subject6_limb_EMG.mat,StaticP9,39,ACC.Z electrode 6,float64,75604,0,0,False,-0.040554575604525286,0.9556632174916774,0.6883355841901786,0.3446400913726348,0.8587913024668714,0.024734344612057257,0.9556632174916774,0,15118,ok,extreme thresholds are audit flags only; units differ by modality
6,data/limb/subject06/StaticP9/subject6_limb_EMG.mat,StaticP9,40,GYRO.X electrode 6,float64,75604,0,0,False,-8.141632283098614,8.577454504315464,-1.0086564313822965,1.01442896292188,-1.0106255255872831,0.5328682056718856,8.577454504315464,0,0,ok,extreme thresholds are audit flags only; units differ by modality
6,data/limb/subject06/StaticP9/subject6_limb_EMG.mat,StaticP9,41,GYRO.Y electrode 6,float64,75604,0,0,False,-14.29129061251546,30.11225600193182,6.4664586685410335,3.845628789102755,6.51385603501096,1.9302581298750479,30.11225600193182,0,0,ok,extreme thresholds are audit flags only; units differ by modality
6,data/limb/subject06/StaticP9/subject6_limb_EMG.mat,StaticP9,42,GYRO.Z electrode 6,float64,75604,0,0,False,-6.209011155464112,4.9822702582523615,-0.7440413870203746,0.9783741961745083,-0.7456892397168409,0.5331062788714751,6.209011155464112,0,0,ok,extreme thresholds are audit flags only; units differ by modality
6,data/limb/subject06/StaticP10/subject6_limb_EMG.mat,StaticP10,1,EMG electrode 1,float64,75600,0,0,False,-0.00135958,0.00188075,-2.1366578837301581e-07,7.002956376595734e-05,-1.17494e-06,8.56032e-06,0.00188075,0,1181,ok,extreme thresholds are audit flags only; units differ by modality
6,data/limb/subject06/StaticP10/subject6_limb_EMG.mat,StaticP10,2,EMG electrode 2,float64,75600,0,0,False,-0.00295348,0.00412288,4.020725395621692e-06,0.00022430601669496525,3.69268e-06,3.860529e-06,0.00412288,0,10980,ok,extreme thresholds are audit flags only; units differ by modality
6,data/limb/subject06/StaticP10/subject6_limb_EMG.mat,StaticP10,3,EMG electrode 3,float64,75600,0,0,False,-0.00065948,0.000669718,9.20621424574074e-06,3.61233172072509e-05,9.23171e-06,3.3569899999999995e-06,0.000669718,0,2089,ok,extreme thresholds are audit flags only; units differ by modality
6,data/limb/subject06/StaticP10/subject6_limb_EMG.mat,StaticP10,4,EMG electrode 4,float64,75600,0,0,False,-0.000172045,6.76432e-05,-2.110033963869048e-05,8.226798808299073e-06,-2.1149e-05,2.5177000000000013e-06,0.000172045,0,40,ok,extreme thresholds are audit flags only; units differ by modality
6,data/limb/subject06/StaticP10/subject6_limb_EMG.mat,StaticP10,5,EMG electrode 5,float64,75600,0,0,False,-0.00017406,8.15747e-05,-1.9126479038597885e-05,1.0502645424699723e-05,-1.8967e-05,2.3498999999999993e-06,0.00017406,0,335,ok,extreme thresholds are audit flags only; units differ by modality
6,data/limb/subject06/StaticP10/subject6_limb_EMG.mat,StaticP10,6,EMG electrode 6,float64,75600,0,0,False,-3.77661e-05,1.59457e-05,-7.828944833280423e-06,3.659661822865481e-06,-7.88891e-06,2.0141900000000003e-06,3.77661e-05,0,0,ok,extreme thresholds are audit flags only; units differ by modality
6,data/limb/subject06/StaticP10/subject6_limb_EMG.mat,StaticP10,7,ACC.X electrode 1,float64,75600,0,0,False,-0.777774391672106,0.047550481254400284,-0.23085807030388564,0.04588987627885886,-0.2284664763163111,0.03373611255962057,0.777774391672106,0,0,ok,extreme thresholds are audit flags only; units differ by modality
6,data/limb/subject06/StaticP10/subject6_limb_EMG.mat,StaticP10,8,ACC.Y electrode 1,float64,75600,0,0,False,-1.1215730382913902,1.0040953197743931,0.5082095608857642,0.7442300948392502,0.867927719661864,0.03443032674944996,1.1215730382913902,0,15132,ok,extreme thresholds are audit flags only; units differ by modality
6,data/limb/subject06/StaticP10/subject6_limb_EMG.mat,StaticP10,9,ACC.Z electrode 1,float64,75600,0,0,False,-0.09277547726584968,0.4986324164342327,0.29332238094937385,0.1426595213832359,0.3497186954335526,0.05684980946149076,0.4986324164342327,0,0,ok,extreme thresholds are audit flags only; units differ by modality
6,data/limb/subject06/StaticP10/subject6_limb_EMG.mat,StaticP10,10,GYRO.X electrode 1,float64,75600,0,0,False,-112.35123407718079,10.806700044145854,-13.046812400800873,2.2245213587152093,-13.130257691173746,0.8459671422097257,112.35123407718079,0,1,ok,extreme thresholds are audit flags only; units differ by modality
6,data/limb/subject06/StaticP10/subject6_limb_EMG.mat,StaticP10,11,GYRO.Y electrode 1,float64,75600,0,0,False,-29.64000213910063,37.76930232607753,0.7580871742851494,4.438676542795055,0.45043266901650825,2.1385186290338245,37.76930232607753,0,0,ok,extreme thresholds are audit flags only; units differ by modality
6,data/limb/subject06/StaticP10/subject6_limb_EMG.mat,StaticP10,12,GYRO.Z electrode 1,float64,75600,0,0,False,-182.13918429300367,6.5287810322525495,-1.4628097411941952,1.58905122816179,-1.503420417287776,0.7224062811297497,182.13918429300367,0,1,ok,extreme thresholds are audit flags only; units differ by modality
6,data/limb/subject06/StaticP10/subject6_limb_EMG.mat,StaticP10,13,ACC.X electrode 2,float64,75600,0,0,False,-0.34300369241696205,0.026082455382470546,-0.23143086530516505,0.07815932671462411,-0.25709296719488456,0.02334970622960783,0.34300369241696205,0,0,ok,extreme thresholds are audit flags only; units differ by modality
6,data/limb/subject06/StaticP10/subject6_limb_EMG.mat,StaticP10,14,ACC.Y electrode 2,float64,75600,0,0,False,-1.1000535841561025,1.0280445563357277,0.5582032895397139,0.758717083560595,0.9315910482320429,0.02364072829045233,1.1000535841561025,0,15117,ok,extreme thresholds are audit flags only; units differ by modality
6,data/limb/subject06/StaticP10/subject6_limb_EMG.mat,StaticP10,15,ACC.Z electrode 2,float64,75600,0,0,False,-1.151533829123035,0.09646818500612075,-0.3286938521022729,0.062178209219170354,-0.33787160075085054,0.038804236124480834,1.151533829123035,0,0,ok,extreme thresholds are audit flags only; units differ by modality
6,data/limb/subject06/StaticP10/subject6_limb_EMG.mat,StaticP10,16,GYRO.X electrode 2,float64,75600,0,0,False,-21.665451282118394,206.10989926776293,-10.122298672366616,1.5772717115006845,-10.095026446116254,0.7506865585745572,206.10989926776293,0,1,ok,extreme thresholds are audit flags only; units differ by modality
6,data/limb/subject06/StaticP10/subject6_limb_EMG.mat,StaticP10,17,GYRO.Y electrode 2,float64,75600,0,0,False,-26.516489823544603,14.763590287927393,-2.852587579502257,2.1712910389450353,-2.7951076035998392,1.170806405190007,26.516489823544603,0,0,ok,extreme thresholds are audit flags only; units differ by modality
6,data/limb/subject06/StaticP10/subject6_limb_EMG.mat,StaticP10,18,GYRO.Z electrode 2,float64,75600,0,0,False,-14.858264552643805,7.7491117844979405,-3.6645399253131044,1.1971195303198268,-3.722013297377024,0.5362665177733554,14.858264552643805,0,0,ok,extreme thresholds are audit flags only; units differ by modality
6,data/limb/subject06/StaticP10/subject6_limb_EMG.mat,StaticP10,19,ACC.X electrode 3,float64,75600,0,0,False,0.035958874393603,0.996294442094625,0.3720362662190928,0.0736215212198689,0.36967836974070956,0.06672250965851168,0.996294442094625,0,0,ok,extreme thresholds are audit flags only; units differ by modality
6,data/limb/subject06/StaticP10/subject6_limb_EMG.mat,StaticP10,20,ACC.Y electrode 3,float64,75600,0,0,False,-1.1047175741862132,1.0930613089576453,0.5448654613274475,0.7515388361183165,0.9114231341281536,0.03212832812455024,1.1047175741862132,0,15117,ok,extreme thresholds are audit flags only; units differ by modality
6,data/limb/subject06/StaticP10/subject6_limb_EMG.mat,StaticP10,21,ACC.Z electrode 3,float64,75600,0,0,False,-0.27792227454156776,0.14392949339237193,-0.12914013338210883,0.053136580087888664,-0.12181341325373339,0.040351116103959625,0.27792227454156776,0,0,ok,extreme thresholds are audit flags only; units differ by modality
6,data/limb/subject06/StaticP10/subject6_limb_EMG.mat,StaticP10,22,GYRO.X electrode 3,float64,75600,0,0,False,-51.01321348854125,37.74312678932124,17.03965263983663,2.8590371636671343,17.213719746525246,0.9082684758046895,51.01321348854125,0,92,ok,extreme thresholds are audit flags only; units differ by modality
6,data/limb/subject06/StaticP10/subject6_limb_EMG.mat,StaticP10,23,GYRO.Y electrode 3,float64,75600,0,0,False,-57.17255228072208,74.9827832040402,3.0238636883755134,5.900436105083588,2.8163753222303836,2.0182110717286608,74.9827832040402,0,63,ok,extreme thresholds are audit flags only; units differ by modality
6,data/limb/subject06/StaticP10/subject6_limb_EMG.mat,StaticP10,24,GYRO.Z electrode 3,float64,75600,0,0,False,-11.230303428387051,205.5915255459396,2.0725538009945326,1.9101505599699125,2.1331015566731697,0.8515758166238445,205.5915255459396,0,1,ok,extreme thresholds are audit flags only; units differ by modality
6,data/limb/subject06/StaticP10/subject6_limb_EMG.mat,StaticP10,25,ACC.X electrode 4,float64,75600,0,0,False,0.04076050066501003,0.566411037801302,0.3228622558330313,0.07951890343395454,0.3422086085368817,0.04658505461422546,0.566411037801302,0,0,ok,extreme thresholds are audit flags only; units differ by modality
6,data/limb/subject06/StaticP10/subject6_limb_EMG.mat,StaticP10,26,ACC.Y electrode 4,float64,75600,0,0,False,-1.1138988332264235,1.0114955772073624,0.5131388605266262,0.7390264202191535,0.8716795055982869,0.030812466370867708,1.1138988332264235,0,15117,ok,extreme thresholds are audit flags only; units differ by modality
6,data/limb/subject06/StaticP10/subject6_limb_EMG.mat,StaticP10,27,ACC.Z electrode 4,float64,75600,0,0,False,0.01761973549903805,0.7934568385031086,0.20502743860403266,0.05492513975327625,0.21190302433555658,0.045476298589848085,0.7934568385031086,0,0,ok,extreme thresholds are audit flags only; units differ by modality
6,data/limb/subject06/StaticP10/subject6_limb_EMG.mat,StaticP10,28,GYRO.X electrode 4,float64,75600,0,0,False,-185.8326523513628,19.52371627876567,3.407397144707488,2.2957243353748256,3.3520033870169827,1.00493479326593,185.8326523513628,0,1,ok,extreme thresholds are audit flags only; units differ by modality
6,data/limb/subject06/StaticP10/subject6_limb_EMG.mat,StaticP10,29,GYRO.Y electrode 4,float64,75600,0,0,False,-31.495245789526027,53.98526497112558,6.317661819191839,4.445417717372169,6.390317807711985,2.166122489480988,53.98526497112558,0,0,ok,extreme thresholds are audit flags only; units differ by modality
6,data/limb/subject06/StaticP10/subject6_limb_EMG.mat,StaticP10,30,GYRO.Z electrode 4,float64,75600,0,0,False,-24.965987246698184,71.64979502236847,3.522134570095588,2.118000619564299,3.604764492751622,0.8727239398221158,71.64979502236847,0,13,ok,extreme thresholds are audit flags only; units differ by modality
6,data/limb/subject06/StaticP10/subject6_limb_EMG.mat,StaticP10,31,ACC.X electrode 5,float64,75600,0,0,False,-0.9127228658229873,-0.056007089563591704,-0.6816750761942812,0.21460908926291353,-0.7792226208158206,0.022269372728655312,0.9127228658229873,0,2,ok,extreme thresholds are audit flags only; units differ by modality
6,data/limb/subject06/StaticP10/subject6_limb_EMG.mat,StaticP10,32,ACC.Y electrode 5,float64,75600,0,0,False,-1.0937076958617693,0.19734732768316154,-0.1546269980843773,0.4068194646618538,0.001955090195297597,0.09642283395960868,1.0937076958617693,0,0,ok,extreme thresholds are audit flags only; units differ by modality
6,data/limb/subject06/StaticP10/subject6_limb_EMG.mat,StaticP10,33,ACC.Z electrode 5,float64,75600,0,0,False,-0.7480621207024233,-0.05123022949203486,-0.5869263318230067,0.20287260920651698,-0.6843219521350701,0.033987529533913874,0.7480621207024233,0,0,ok,extreme thresholds are audit flags only; units differ by modality
6,data/limb/subject06/StaticP10/subject6_limb_EMG.mat,StaticP10,34,GYRO.X electrode 5,float64,75600,0,0,False,-6.953360713928006,133.97466317437937,5.0568296767782845,1.1984440731906103,5.08383384310466,0.5967592488197537,133.97466317437937,0,1,ok,extreme thresholds are audit flags only; units differ by modality
6,data/limb/subject06/StaticP10/subject6_limb_EMG.mat,StaticP10,35,GYRO.Y electrode 5,float64,75600,0,0,False,-21.46694276081372,27.860022709517235,5.334810408345089,3.6251401882622747,5.506401851527771,1.534287253105175,27.860022709517235,0,0,ok,extreme thresholds are audit flags only; units differ by modality
6,data/limb/subject06/StaticP10/subject6_limb_EMG.mat,StaticP10,36,GYRO.Z electrode 5,float64,75600,0,0,False,-67.65439642634207,8.713753632292715,-1.9968501443954967,1.1273191356840309,-2.015258668808796,0.5702958281232997,67.65439642634207,0,1,ok,extreme thresholds are audit flags only; units differ by modality
6,data/limb/subject06/StaticP10/subject6_limb_EMG.mat,StaticP10,37,ACC.X electrode 6,float64,75600,0,0,False,0.016506756304693553,0.4747746033126996,0.2094665211416269,0.08025303938863067,0.23555292471529837,0.02896190431446019,0.4747746033126996,0,0,ok,extreme thresholds are audit flags only; units differ by modality
6,data/limb/subject06/StaticP10/subject6_limb_EMG.mat,StaticP10,38,ACC.Y electrode 6,float64,75600,0,0,False,-1.126455716573103,0.1343673708450561,-0.21907239532380646,0.39265552035121853,-0.07484057636448943,0.10510035829848915,1.126455716573103,0,0,ok,extreme thresholds are audit flags only; units differ by modality
6,data/limb/subject06/StaticP10/subject6_limb_EMG.mat,StaticP10,39,ACC.Z electrode 6,float64,75600,0,0,False,-0.04499006904220235,0.9708679722099548,0.729682387131575,0.3571201021902432,0.9035167715319021,0.011372034237382256,0.9708679722099548,0,15120,ok,extreme thresholds are audit flags only; units differ by modality
6,data/limb/subject06/StaticP10/subject6_limb_EMG.mat,StaticP10,40,GYRO.X electrode 6,float64,75600,0,0,False,-136.48180323415434,9.869649062999262,-1.0279376375080527,1.8258437169991004,-1.0157997877482823,0.9632725445828254,136.48180323415434,0,1,ok,extreme thresholds are audit flags only; units differ by modality
6,data/limb/subject06/StaticP10/subject6_limb_EMG.mat,StaticP10,41,GYRO.Y electrode 6,float64,75600,0,0,False,-19.848263957819512,38.85435033193235,6.349924400578699,3.0679040339648562,6.314791053556187,1.4893806801087446,38.85435033193235,0,0,ok,extreme thresholds are audit flags only; units differ by modality
6,data/limb/subject06/StaticP10/subject6_limb_EMG.mat,StaticP10,42,GYRO.Z electrode 6,float64,75600,0,0,False,-14.522891940385431,9.928083443195659,-0.7816521816430272,1.3969896539827686,-0.7513769970670574,0.6391215037288323,14.522891940385431,0,0,ok,extreme thresholds are audit flags only; units differ by modality
6,data/limb/subject06/StaticP14/subject6_limb_EMG.mat,StaticP14,1,EMG electrode 1,float64,75600,0,0,False,-0.000372793,0.000655787,-1.7193649519841268e-07,3.6462261540047375e-05,-8.39246e-07,7.049666000000001e-06,0.000655787,0,270,ok,extreme thresholds are audit flags only; units differ by modality
6,data/limb/subject06/StaticP14/subject6_limb_EMG.mat,StaticP14,2,EMG electrode 2,float64,75600,0,0,False,-0.00151954,0.00261996,4.106385538518519e-06,0.00013320932389916944,3.86053e-06,4.0283800000000006e-06,0.00261996,0,8400,ok,extreme thresholds are audit flags only; units differ by modality
6,data/limb/subject06/StaticP14/subject6_limb_EMG.mat,StaticP14,3,EMG electrode 3,float64,75600,0,0,False,-0.00113265,0.000853513,9.229307178015872e-06,4.638714478284645e-05,9.23171e-06,3.3569899999999995e-06,0.00113265,0,3854,ok,extreme thresholds are audit flags only; units differ by modality
6,data/limb/subject06/StaticP14/subject6_limb_EMG.mat,StaticP14,4,EMG electrode 4,float64,75600,0,0,False,-0.000388235,0.000388235,-2.1044192244365077e-05,1.411174396552764e-05,-2.09812e-05,2.853399999999999e-06,0.000388235,0,319,ok,extreme thresholds are audit flags only; units differ by modality
6,data/limb/subject06/StaticP14/subject6_limb_EMG.mat,StaticP14,5,EMG electrode 5,float64,75600,0,0,False,-0.000364736,0.000309346,-1.906550783607143e-05,2.831203311836633e-05,-1.8967e-05,6.7140000000000004e-06,0.000364736,0,73,ok,extreme thresholds are audit flags only; units differ by modality
6,data/limb/subject06/StaticP14/subject6_limb_EMG.mat,StaticP14,6,EMG electrode 6,float64,75600,0,0,False,-0.000116991,0.000207126,-7.920041107764549e-06,1.641395872946335e-05,-8.05676e-06,3.860529999999999e-06,0.000207126,0,135,ok,extreme thresholds are audit flags only; units differ by modality
6,data/limb/subject06/StaticP14/subject6_limb_EMG.mat,StaticP14,7,ACC.X electrode 1,float64,75600,0,0,False,-0.569823910142928,-0.018020144919871754,-0.32481029932950495,0.09104417488884536,-0.34933614275412006,0.06241567079168406,0.569823910142928,0,0,ok,extreme thresholds are audit flags only; units differ by modality
6,data/limb/subject06/StaticP14/subject6_limb_EMG.mat,StaticP14,8,ACC.Y electrode 1,float64,75600,0,0,False,-1.1208603917085178,0.7592996786951546,0.29764124225490013,0.6409701195603905,0.5917254827000842,0.05212866209946038,1.1208603917085178,0,15085,ok,extreme thresholds are audit flags only; units differ by modality
6,data/limb/subject06/StaticP14/subject6_limb_EMG.mat,StaticP14,9,ACC.Z electrode 1,float64,75600,0,0,False,0.009257402057843067,0.7651514232780448,0.5223436151181546,0.24894066717641816,0.6320805784027188,0.03906837358101767,0.7651514232780448,0,0,ok,extreme thresholds are audit flags only; units differ by modality
6,data/limb/subject06/StaticP14/subject6_limb_EMG.mat,StaticP14,10,GYRO.X electrode 1,float64,75600,0,0,False,-42.51245331137879,5.226354551864729,-13.513837557337485,2.2125353956498603,-13.221567455119827,0.7386032900113566,42.51245331137879,0,54,ok,extreme thresholds are audit flags only; units differ by modality
6,data/limb/subject06/StaticP14/subject6_limb_EMG.mat,StaticP14,11,GYRO.Y electrode 1,float64,75600,0,0,False,-34.97642824133291,73.03692210702343,1.0452665673706483,7.503325598951903,0.27348881500406114,2.5757629680360097,73.03692210702343,0,0,ok,extreme thresholds are audit flags only; units differ by modality
6,data/limb/subject06/StaticP14/subject6_limb_EMG.mat,StaticP14,12,GYRO.Z electrode 1,float64,75600,0,0,False,-20.137131451582242,10.574519412940283,-1.6484675079463178,1.7324301268004552,-1.66793359852752,0.7717379038821268,20.137131451582242,0,0,ok,extreme thresholds are audit flags only; units differ by modality
6,data/limb/subject06/StaticP14/subject6_limb_EMG.mat,StaticP14,13,ACC.X electrode 2,float64,75600,0,0,False,-0.763315648663843,-0.05594226081175223,-0.4755459630322357,0.19563234920425285,-0.5608558207103642,0.03602733437051303,0.763315648663843,0,0,ok,extreme thresholds are audit flags only; units differ by modality
6,data/limb/subject06/StaticP14/subject6_limb_EMG.mat,StaticP14,14,ACC.Y electrode 2,float64,75600,0,0,False,-1.0991726760457392,0.7656519510137527,0.3338403082334391,0.6485694060279097,0.637160678554351,0.03715791173087135,1.0991726760457392,0,15117,ok,extreme thresholds are audit flags only; units differ by modality
6,data/limb/subject06/StaticP14/subject6_limb_EMG.mat,StaticP14,15,ACC.Z electrode 2,float64,75600,0,0,False,-0.6923402268684782,-0.050056546600035,-0.5352664967565837,0.0999988129061989,-0.5630807826346903,0.020273680632563962,0.6923402268684782,0,0,ok,extreme thresholds are audit flags only; units differ by modality
6,data/limb/subject06/StaticP14/subject6_limb_EMG.mat,StaticP14,16,GYRO.X electrode 2,float64,75600,0,0,False,-23.054762032276514,15.260934393085638,-9.860331294660668,1.6871761562753624,-9.88469810597501,0.7791405760410193,23.054762032276514,0,7,ok,extreme thresholds are audit flags only; units differ by modality
6,data/limb/subject06/StaticP14/subject6_limb_EMG.mat,StaticP14,17,GYRO.Y electrode 2,float64,75600,0,0,False,-49.22624095428572,33.46232988481778,-2.6883331897072025,3.6606804260842347,-2.9292679134067034,1.4891657318510867,49.22624095428572,0,4,ok,extreme thresholds are audit flags only; units differ by modality
6,data/limb/subject06/StaticP14/subject6_limb_EMG.mat,StaticP14,18,GYRO.Z electrode 2,float64,75600,0,0,False,-14.617245583181573,8.232449649165313,-3.7715617428609187,1.1999112247127288,-3.733812781912644,0.5403828991543913,14.617245583181573,0,0,ok,extreme thresholds are audit flags only; units differ by modality
6,data/limb/subject06/StaticP14/subject6_limb_EMG.mat,StaticP14,19,ACC.X electrode 3,float64,75600,0,0,False,0.06504199914807782,0.9373170361142086,0.6050997946109761,0.1725247779984844,0.6737399330358413,0.047795105069005195,0.9373170361142086,0,0,ok,extreme thresholds are audit flags only; units differ by modality
6,data/limb/subject06/StaticP14/subject6_limb_EMG.mat,StaticP14,20,ACC.Y electrode 3,float64,75600,0,0,False,-1.0992800530602123,0.846047676692929,0.37651645790497795,0.6681262302118048,0.6923606578255405,0.03629676683100225,1.0992800530602123,0,15117,ok,extreme thresholds are audit flags only; units differ by modality
6,data/limb/subject06/StaticP14/subject6_limb_EMG.mat,StaticP14,21,ACC.Z electrode 3,float64,75600,0,0,False,-0.4881575676783687,-0.02194994284480523,-0.21814651456255893,0.06623793205926068,-0.22654941673138973,0.04803046578591805,0.4881575676783687,0,0,ok,extreme thresholds are audit flags only; units differ by modality
6,data/limb/subject06/StaticP14/subject6_limb_EMG.mat,StaticP14,22,GYRO.X electrode 3,float64,75600,0,0,False,-3.8602933655324607,34.52584771124117,17.04949736445064,2.040434338063305,17.0641812560704,0.8500841881140442,34.52584771124117,0,0,ok,extreme thresholds are audit flags only; units differ by modality
6,data/limb/subject06/StaticP14/subject6_limb_EMG.mat,StaticP14,23,GYRO.Y electrode 3,float64,75600,0,0,False,-52.780725557881794,76.18968916174502,3.2465194470033754,6.109745752794176,2.8234451567614958,2.091245704741243,76.18968916174502,0,32,ok,extreme thresholds are audit flags only; units differ by modality
6,data/limb/subject06/StaticP14/subject6_limb_EMG.mat,StaticP14,24,GYRO.Z electrode 3,float64,75600,0,0,False,-7.284822817703047,11.30581525645328,2.3119741461462975,1.1065637444372383,2.3053738519766878,0.5658760231595851,11.30581525645328,0,0,ok,extreme thresholds are audit flags only; units differ by modality
6,data/limb/subject06/StaticP14/subject6_limb_EMG.mat,StaticP14,25,ACC.X electrode 4,float64,75600,0,0,False,-0.18395863637262078,0.9623441837948138,0.5660786887125244,0.1915473032051278,0.6514683464080608,0.03932399539132625,0.9623441837948138,0,0,ok,extreme thresholds are audit flags only; units differ by modality
6,data/limb/subject06/StaticP14/subject6_limb_EMG.mat,StaticP14,26,ACC.Y electrode 4,float64,75600,0,0,False,-1.105249766726814,0.8155511441286978,0.3571303875743033,0.6624124650099368,0.6695925696018736,0.04066294762158562,1.105249766726814,0,15117,ok,extreme thresholds are audit flags only; units differ by modality
6,data/limb/subject06/StaticP14/subject6_limb_EMG.mat,StaticP14,27,ACC.Z electrode 4,float64,75600,0,0,False,-0.07436872480476003,0.3278267544068146,0.199967981681342,0.05884004487340065,0.19630999411602973,0.04304248004929434,0.3278267544068146,0,0,ok,extreme thresholds are audit flags only; units differ by modality
6,data/limb/subject06/StaticP14/subject6_limb_EMG.mat,StaticP14,28,GYRO.X electrode 4,float64,75600,0,0,False,-11.779438196923168,13.375346983307654,3.2910630697621786,1.5062479056441747,3.297834048346082,0.6682433981339835,13.375346983307654,0,0,ok,extreme thresholds are audit flags only; units differ by modality
6,data/limb/subject06/StaticP14/subject6_limb_EMG.mat,StaticP14,29,GYRO.Y electrode 4,float64,75600,0,0,False,-17.88625602105772,52.44365614541094,6.552806844857902,4.681019314370039,6.343271622750301,1.8426945813235571,52.44365614541094,0,0,ok,extreme thresholds are audit flags only; units differ by modality
6,data/limb/subject06/StaticP14/subject6_limb_EMG.mat,StaticP14,30,GYRO.Z electrode 4,float64,75600,0,0,False,-9.162563853655488,10.376662819348413,3.642482096250387,1.0932099734877379,3.6185173834531597,0.506664458833741,10.376662819348413,0,0,ok,extreme thresholds are audit flags only; units differ by modality
6,data/limb/subject06/StaticP14/subject6_limb_EMG.mat,StaticP14,31,ACC.X electrode 5,float64,75600,0,0,False,-0.9613270752212467,-0.07247435031578588,-0.6756198831290373,0.21167974229454833,-0.7684944276599954,0.03574525074386903,0.9613270752212467,0,0,ok,extreme thresholds are audit flags only; units differ by modality
6,data/limb/subject06/StaticP14/subject6_limb_EMG.mat,StaticP14,32,ACC.Y electrode 5,float64,75600,0,0,False,-1.0943769313036391,0.7302724924031784,0.3123663967071232,0.6350804927076878,0.6108346598830428,0.03436088116698144,1.0943769313036391,0,15117,ok,extreme thresholds are audit flags only; units differ by modality
6,data/limb/subject06/StaticP14/subject6_limb_EMG.mat,StaticP14,33,ACC.Z electrode 5,float64,75600,0,0,False,-0.28479705400055255,-0.008577774080993712,-0.15512034522436316,0.056097298426120906,-0.1524297930314445,0.03873621341934408,0.28479705400055255,0,0,ok,extreme thresholds are audit flags only; units differ by modality
6,data/limb/subject06/StaticP14/subject6_limb_EMG.mat,StaticP14,34,GYRO.X electrode 5,float64,75600,0,0,False,-4.60990468364193,24.77787232293361,5.190553766728613,1.3464664086389435,5.169025216229544,0.6171875999285983,24.77787232293361,0,14,ok,extreme thresholds are audit flags only; units differ by modality
6,data/limb/subject06/StaticP14/subject6_limb_EMG.mat,StaticP14,35,GYRO.Y electrode 5,float64,75600,0,0,False,-54.35081477695935,44.59953586624147,5.3635139566198085,5.472039438466111,5.406953000293701,2.740010204043875,54.35081477695935,0,0,ok,extreme thresholds are audit flags only; units differ by modality
6,data/limb/subject06/StaticP14/subject6_limb_EMG.mat,StaticP14,36,GYRO.Z electrode 5,float64,75600,0,0,False,-6.999922296626595,6.07227224651565,-2.1201322445480493,0.9626942177643906,-2.109061819172739,0.530309972740878,6.999922296626595,0,0,ok,extreme thresholds are audit flags only; units differ by modality
6,data/limb/subject06/StaticP14/subject6_limb_EMG.mat,StaticP14,37,ACC.X electrode 6,float64,75600,0,0,False,0.025666951885001187,0.9726969995837895,0.46691378314877413,0.20841125245351502,0.5556925811692754,0.04866918324936115,0.9726969995837895,0,0,ok,extreme thresholds are audit flags only; units differ by modality
6,data/limb/subject06/StaticP14/subject6_limb_EMG.mat,StaticP14,38,ACC.Y electrode 6,float64,75600,0,0,False,-1.125509262203213,0.7452990380195103,0.30309639233888697,0.6466742273689916,0.6041497023662397,0.04519329508298264,1.125509262203213,0,15117,ok,extreme thresholds are audit flags only; units differ by modality
6,data/limb/subject06/StaticP14/subject6_limb_EMG.mat,StaticP14,39,ACC.Z electrode 6,float64,75600,0,0,False,-0.008438242553090005,0.6137729566069201,0.3870129708235383,0.1864350415034916,0.46949880449403364,0.04368894461273937,0.6137729566069201,0,0,ok,extreme thresholds are audit flags only; units differ by modality
6,data/limb/subject06/StaticP14/subject6_limb_EMG.mat,StaticP14,40,GYRO.X electrode 6,float64,75600,0,0,False,-22.29600311407401,7.370404968366582,-1.1687838270169366,1.3646314945253235,-1.1072734370902495,0.647017737074105,22.29600311407401,0,15,ok,extreme thresholds are audit flags only; units differ by modality
6,data/limb/subject06/StaticP14/subject6_limb_EMG.mat,StaticP14,41,GYRO.Y electrode 6,float64,75600,0,0,False,-46.38749810758757,76.28941088777533,6.473672929996619,6.349142592911591,6.444796887892359,2.736874514520272,76.28941088777533,0,0,ok,extreme thresholds are audit flags only; units differ by modality
6,data/limb/subject06/StaticP14/subject6_limb_EMG.mat,StaticP14,42,GYRO.Z electrode 6,float64,75600,0,0,False,-14.858925748770242,12.430841124673899,-0.8062558683642247,1.780106938475961,-0.7515439890860357,0.6705894138365924,14.858925748770242,0,0,ok,extreme thresholds are audit flags only; units differ by modality
6,data/limb/subject06/Dynamic/subject6_limb_EMG.mat,Dynamic,1,EMG electrode 1,float64,705206,0,0,False,-0.000513787,0.000655787,-1.3455583633292965e-07,2.9504838684244914e-05,-3.35698e-07,4.1962280000000005e-06,0.000655787,0,8482,ok,extreme thresholds are audit flags only; units differ by modality
6,data/limb/subject06/Dynamic/subject6_limb_EMG.mat,Dynamic,2,EMG electrode 2,float64,705206,0,0,False,-0.00130469,0.00141312,4.1610397382041565e-06,5.463301463203997e-05,3.86053e-06,3.021284e-06,0.00141312,0,36337,ok,extreme thresholds are audit flags only; units differ by modality
6,data/limb/subject06/Dynamic/subject6_limb_EMG.mat,Dynamic,3,EMG electrode 3,float64,705206,0,0,False,-0.000718059,0.00090454,9.373070184700641e-06,2.934174680320711e-05,9.56741e-06,3.52484e-06,0.00090454,0,9245,ok,extreme thresholds are audit flags only; units differ by modality
6,data/limb/subject06/Dynamic/subject6_limb_EMG.mat,Dynamic,4,EMG electrode 4,float64,705206,0,0,False,-0.00146113,0.00163301,-2.0957122176026585e-05,1.3031116952486233e-05,-2.09812e-05,2.3499000000000027e-06,0.00163301,0,2051,ok,extreme thresholds are audit flags only; units differ by modality
6,data/limb/subject06/Dynamic/subject6_limb_EMG.mat,Dynamic,5,EMG electrode 5,float64,705206,0,0,False,-0.00246268,0.00134179,-1.9018923350462136e-05,5.065245857160663e-05,-1.8967e-05,2.6856e-06,0.00246268,0,20393,ok,extreme thresholds are audit flags only; units differ by modality
6,data/limb/subject06/Dynamic/subject6_limb_EMG.mat,Dynamic,6,EMG electrode 6,float64,705206,0,0,False,-0.000269398,0.000323445,-7.745425375409453e-06,1.3627111807833157e-05,-7.55322e-06,2.51774e-06,0.000323445,0,4334,ok,extreme thresholds are audit flags only; units differ by modality
6,data/limb/subject06/Dynamic/subject6_limb_EMG.mat,Dynamic,7,ACC.X electrode 1,float64,705206,0,0,False,-1.1255264140985815,0.27547364934629537,-0.4424489243726153,0.3302559588003898,-0.2691135215755285,0.20055670736503356,1.1255264140985815,0,0,ok,extreme thresholds are audit flags only; units differ by modality
6,data/limb/subject06/Dynamic/subject6_limb_EMG.mat,Dynamic,8,ACC.Y electrode 1,float64,705206,0,0,False,-1.205966345492789,1.041230295474327,-0.26771877023860424,0.7137981238513975,-0.35374185528832813,0.6314295517187504,1.205966345492789,0,0,ok,extreme thresholds are audit flags only; units differ by modality
6,data/limb/subject06/Dynamic/subject6_limb_EMG.mat,Dynamic,9,ACC.Z electrode 1,float64,705206,0,0,False,-0.16355191128840993,0.7266925218019461,0.21917015358477482,0.199339198636465,0.2349658758735873,0.19755469205893972,0.7266925218019461,0,0,ok,extreme thresholds are audit flags only; units differ by modality
6,data/limb/subject06/Dynamic/subject6_limb_EMG.mat,Dynamic,10,GYRO.X electrode 1,float64,705206,0,0,False,-169.80920779844496,38.27638303327088,-13.61459864147468,13.984978839556842,-12.717740647384732,1.411924767308574,169.80920779844496,0,15900,ok,extreme thresholds are audit flags only; units differ by modality
6,data/limb/subject06/Dynamic/subject6_limb_EMG.mat,Dynamic,11,GYRO.Y electrode 1,float64,705206,0,0,False,-121.66682889993182,127.0520111329953,0.17913257215448466,12.613613860661523,0.14420593388763148,2.374450858423406,127.0520111329953,0,4300,ok,extreme thresholds are audit flags only; units differ by modality
6,data/limb/subject06/Dynamic/subject6_limb_EMG.mat,Dynamic,12,GYRO.Z electrode 1,float64,705206,0,0,False,-263.11967968349427,88.03253204538932,-1.2647685859177442,26.730216760865698,-1.2132612672690395,4.133464488124461,263.11967968349427,0,9279,ok,extreme thresholds are audit flags only; units differ by modality
6,data/limb/subject06/Dynamic/subject6_limb_EMG.mat,Dynamic,13,ACC.X electrode 2,float64,705206,0,0,False,-0.7126554989528928,0.15367248157258565,-0.13736635160966282,0.11871025979333667,-0.08861717083368255,0.03142024123132993,0.7126554989528928,0,0,ok,extreme thresholds are audit flags only; units differ by modality
6,data/limb/subject06/Dynamic/subject6_limb_EMG.mat,Dynamic,14,ACC.Y electrode 2,float64,705206,0,0,False,-1.103321961138,1.0533270288478518,-0.1937539159113966,0.7508631025634005,-0.19607391589577605,0.7672063593894796,1.103321961138,0,0,ok,extreme thresholds are audit flags only; units differ by modality
6,data/limb/subject06/Dynamic/subject6_limb_EMG.mat,Dynamic,15,ACC.Z electrode 2,float64,705206,0,0,False,-1.4811415789473998,0.31982098540235293,-0.5957671842874936,0.33517728809919317,-0.4961142179173387,0.25144826659360786,1.4811415789473998,0,0,ok,extreme thresholds are audit flags only; units differ by modality
6,data/limb/subject06/Dynamic/subject6_limb_EMG.mat,Dynamic,16,GYRO.X electrode 2,float64,705206,0,0,False,-125.7272264012167,298.7243362653421,-9.942427685954438,32.494934379656286,-10.41838224226843,5.303575321797663,298.7243362653421,0,8700,ok,extreme thresholds are audit flags only; units differ by modality
6,data/limb/subject06/Dynamic/subject6_limb_EMG.mat,Dynamic,17,GYRO.Y electrode 2,float64,705206,0,0,False,-94.24916646960234,118.44689198399026,-2.524116365735811,11.00114692621631,-3.0303676360018468,1.6367595707576554,118.44689198399026,0,8971,ok,extreme thresholds are audit flags only; units differ by modality
6,data/limb/subject06/Dynamic/subject6_limb_EMG.mat,Dynamic,18,GYRO.Z electrode 2,float64,705206,0,0,False,-58.553913724765096,42.093171127982416,-4.328428703169752,5.6817882662912895,-3.894873988860259,1.168825552553106,58.553913724765096,0,2025,ok,extreme thresholds are audit flags only; units differ by modality
6,data/limb/subject06/Dynamic/subject6_limb_EMG.mat,Dynamic,19,ACC.X electrode 3,float64,705206,0,0,False,-0.16696357918293728,1.3358584521795698,0.540796866080954,0.29480148137709605,0.4789108627838564,0.2556261855403342,1.3358584521795698,0,0,ok,extreme thresholds are audit flags only; units differ by modality
6,data/limb/subject06/Dynamic/subject6_limb_EMG.mat,Dynamic,20,ACC.Y electrode 3,float64,705206,0,0,False,-1.1799936228876886,1.1011452360194214,-0.22837449988412378,0.728820348911708,-0.32256499738958244,0.6399844515361746,1.1799936228876886,0,0,ok,extreme thresholds are audit flags only; units differ by modality
6,data/limb/subject06/Dynamic/subject6_limb_EMG.mat,Dynamic,21,ACC.Z electrode 3,float64,705206,0,0,False,-0.3933527394292044,0.5294570008975493,0.02882314635999806,0.18486286617515432,-0.07133707885125738,0.10831162555775424,0.5294570008975493,0,0,ok,extreme thresholds are audit flags only; units differ by modality
6,data/limb/subject06/Dynamic/subject6_limb_EMG.mat,Dynamic,22,GYRO.X electrode 3,float64,705206,0,0,False,-129.05735011838692,115.12049223490318,17.9585182814473,14.649670828177658,17.606701659613613,2.5355653347226053,129.05735011838692,0,3581,ok,extreme thresholds are audit flags only; units differ by modality
6,data/limb/subject06/Dynamic/subject6_limb_EMG.mat,Dynamic,23,GYRO.Y electrode 3,float64,705206,0,0,False,-105.90555751737585,132.30041848416224,3.0887848807167,11.06577697137325,2.961916790171838,2.1943718087004136,132.30041848416224,0,2789,ok,extreme thresholds are audit flags only; units differ by modality
6,data/limb/subject06/Dynamic/subject6_limb_EMG.mat,Dynamic,24,GYRO.Z electrode 3,float64,705206,0,0,False,-71.07028877665726,319.75245121750385,2.5903107828263887,27.51985905944869,1.754389362273538,3.774050528648866,319.75245121750385,0,11655,ok,extreme thresholds are audit flags only; units differ by modality
6,data/limb/subject06/Dynamic/subject6_limb_EMG.mat,Dynamic,25,ACC.X electrode 4,float64,705206,0,0,False,-0.10314642175504585,1.0016536776103446,0.30780809395385994,0.13599583438844268,0.293242425699784,0.10182465854503679,1.0016536776103446,0,0,ok,extreme thresholds are audit flags only; units differ by modality
6,data/limb/subject06/Dynamic/subject6_limb_EMG.mat,Dynamic,26,ACC.Y electrode 4,float64,705206,0,0,False,-1.2243352794122053,1.082239174109827,-0.2454020506529383,0.7194594400693007,-0.3399469622202168,0.6313695401257668,1.2243352794122053,0,0,ok,extreme thresholds are audit flags only; units differ by modality
6,data/limb/subject06/Dynamic/subject6_limb_EMG.mat,Dynamic,27,ACC.Z electrode 4,float64,705206,0,0,False,-0.2340264377513682,1.0317999757097605,0.3919433690004421,0.32152740630367505,0.24367118446801247,0.19731899345109435,1.0317999757097605,0,0,ok,extreme thresholds are audit flags only; units differ by modality
6,data/limb/subject06/Dynamic/subject6_limb_EMG.mat,Dynamic,28,GYRO.X electrode 4,float64,705206,0,0,False,-282.7271421462537,89.06687327635969,3.4456818828754376,27.398898573444175,3.6469406762895016,4.528336100461217,282.7271421462537,0,8814,ok,extreme thresholds are audit flags only; units differ by modality
6,data/limb/subject06/Dynamic/subject6_limb_EMG.mat,Dynamic,29,GYRO.Y electrode 4,float64,705206,0,0,False,-103.58009710224984,125.46549852061297,6.585839176585768,12.508748615495922,6.351251121874774,2.1061913230261395,125.46549852061297,0,5784,ok,extreme thresholds are audit flags only; units differ by modality
6,data/limb/subject06/Dynamic/subject6_limb_EMG.mat,Dynamic,30,GYRO.Z electrode 4,float64,705206,0,0,False,-26.873603202365135,132.6911439874488,3.999804244114011,9.852735110269624,3.2986611447730114,1.0709712240413818,132.6911439874488,0,13492,ok,extreme thresholds are audit flags only; units differ by modality
6,data/limb/subject06/Dynamic/subject6_limb_EMG.mat,Dynamic,31,ACC.X electrode 5,float64,705206,0,0,False,-1.0625377842099937,0.05868577538961093,-0.41992725034928696,0.22981900852497908,-0.28737629153334976,0.0615373532026931,1.0625377842099937,0,0,ok,extreme thresholds are audit flags only; units differ by modality
6,data/limb/subject06/Dynamic/subject6_limb_EMG.mat,Dynamic,32,ACC.Y electrode 5,float64,705206,0,0,False,-1.1747938948325563,0.8108780516795511,-0.5942486457881477,0.5447642162396638,-0.9235683712226452,0.03958754925797725,1.1747938948325563,0,67797,ok,extreme thresholds are audit flags only; units differ by modality
6,data/limb/subject06/Dynamic/subject6_limb_EMG.mat,Dynamic,33,ACC.Z electrode 5,float64,705206,0,0,False,-0.9096003030000942,0.05621378075134487,-0.3606716921911015,0.1958454826632982,-0.2869124195943392,0.09016782935500142,0.9096003030000942,0,0,ok,extreme thresholds are audit flags only; units differ by modality
6,data/limb/subject06/Dynamic/subject6_limb_EMG.mat,Dynamic,34,GYRO.X electrode 5,float64,705206,0,0,False,-64.28224675710976,155.06002494465287,5.1222759753625375,17.75177731927069,4.715418105256065,1.1847620010159652,155.06002494465287,0,25600,ok,extreme thresholds are audit flags only; units differ by modality
6,data/limb/subject06/Dynamic/subject6_limb_EMG.mat,Dynamic,35,GYRO.Y electrode 5,float64,705206,0,0,False,-113.45119195615202,111.1045605687377,4.844382117788221,10.698508801375022,5.492073836097267,1.8760600909426275,113.45119195615202,0,3750,ok,extreme thresholds are audit flags only; units differ by modality
6,data/limb/subject06/Dynamic/subject6_limb_EMG.mat,Dynamic,36,GYRO.Z electrode 5,float64,705206,0,0,False,-158.7213799266726,39.35776318973066,-2.068991574790061,15.090938220135895,-1.5821731798113832,1.0544066080239685,158.7213799266726,0,20666,ok,extreme thresholds are audit flags only; units differ by modality
6,data/limb/subject06/Dynamic/subject6_limb_EMG.mat,Dynamic,37,ACC.X electrode 6,float64,705206,0,0,False,-0.5347932641786628,0.8884502385330194,0.12866593299996332,0.11387326690881465,0.09796977146161476,0.054821924959472454,0.8884502385330194,0,0,ok,extreme thresholds are audit flags only; units differ by modality
6,data/limb/subject06/Dynamic/subject6_limb_EMG.mat,Dynamic,38,ACC.Y electrode 6,float64,705206,0,0,False,-1.6405375990163986,0.8529061443023793,-0.6434798160405204,0.5502978055378696,-0.9712225875101725,0.020742109316753354,1.6405375990163986,0,190936,ok,extreme thresholds are audit flags only; units differ by modality
6,data/limb/subject06/Dynamic/subject6_limb_EMG.mat,Dynamic,39,ACC.Z electrode 6,float64,705206,0,0,False,-0.6341587201784161,1.4937231400416795,0.29719461113148277,0.3502758594677676,0.12378792922768397,0.11254987089844365,1.4937231400416795,0,0,ok,extreme thresholds are audit flags only; units differ by modality
6,data/limb/subject06/Dynamic/subject6_limb_EMG.mat,Dynamic,40,GYRO.X electrode 6,float64,705206,0,0,False,-213.27730464412502,218.39612576940414,-1.0789164383958891,25.510501616018434,-0.8564924846870527,1.3792777299469587,218.39612576940414,0,38026,ok,extreme thresholds are audit flags only; units differ by modality
6,data/limb/subject06/Dynamic/subject6_limb_EMG.mat,Dynamic,41,GYRO.Y electrode 6,float64,705206,0,0,False,-110.8747901041502,139.0499526277748,5.825195015243361,9.899985610204416,6.285073866581479,1.9332626203158365,139.0499526277748,0,3123,ok,extreme thresholds are audit flags only; units differ by modality
6,data/limb/subject06/Dynamic/subject6_limb_EMG.mat,Dynamic,42,GYRO.Z electrode 6,float64,705206,0,0,False,-36.78323413465507,59.05339681009713,-0.7900141298190893,4.353900110742032,-0.9311362388157548,0.8069657552760038,59.05339681009713,0,3880,ok,extreme thresholds are audit flags only; units differ by modality
7,data/limb/subject07/StaticP1/subject7_limb_EMG.mat,StaticP1,1,EMG electrode 1,float64,75600,0,0,False,-0.00010222,0.000149386,6.905063095238265e-10,1.2232893351526136e-05,0.0,4.53193e-06,0.000149386,0,2,ok,extreme thresholds are audit flags only; units differ by modality
7,data/limb/subject07/StaticP1/subject7_limb_EMG.mat,StaticP1,2,EMG electrode 2,float64,75600,0,0,False,-0.000188495,0.000288197,3.861267583386242e-06,1.971946201537563e-05,3.69268e-06,5.20332e-06,0.000288197,0,45,ok,extreme thresholds are audit flags only; units differ by modality
7,data/limb/subject07/StaticP1/subject7_limb_EMG.mat,StaticP1,3,EMG electrode 3,float64,75600,0,0,False,-0.000256306,0.000313375,9.105764929999999e-06,2.0260109997270223e-05,9.23171e-06,4.0283899999999996e-06,0.000313375,0,225,ok,extreme thresholds are audit flags only; units differ by modality
7,data/limb/subject07/StaticP1/subject7_limb_EMG.mat,StaticP1,4,EMG electrode 4,float64,75600,0,0,False,-8.40925e-05,7.0161e-05,-2.1157961646256618e-05,9.147111456708304e-06,-2.09812e-05,3.860499999999998e-06,8.40925e-05,0,0,ok,extreme thresholds are audit flags only; units differ by modality
7,data/limb/subject07/StaticP1/subject7_limb_EMG.mat,StaticP1,5,EMG electrode 5,float64,75600,0,0,False,-7.63714e-05,1.82956e-05,-1.975780609531746e-05,4.271478742909058e-06,-1.96384e-05,2.3498999999999993e-06,7.63714e-05,0,0,ok,extreme thresholds are audit flags only; units differ by modality
7,data/limb/subject07/StaticP1/subject7_limb_EMG.mat,StaticP1,6,EMG electrode 6,float64,75600,0,0,False,-7.65393e-05,4.85084e-05,-7.82611462739418e-06,8.836613768281167e-06,-7.72107e-06,4.867630000000001e-06,7.65393e-05,0,0,ok,extreme thresholds are audit flags only; units differ by modality
7,data/limb/subject07/StaticP1/subject7_limb_EMG.mat,StaticP1,7,ACC.X electrode 1,float64,75600,0,0,False,-0.9387915384678198,0.15843484348101367,-0.3139137000013645,0.16442137250697286,-0.3690856238317538,0.04180503794396334,0.9387915384678198,0,0,ok,extreme thresholds are audit flags only; units differ by modality
7,data/limb/subject07/StaticP1/subject7_limb_EMG.mat,StaticP1,8,ACC.Y electrode 1,float64,75600,0,0,False,-1.097081477334489,0.2560832224483995,-0.8140072703397556,0.1844636889239813,-0.8411490299344031,0.02817459316632137,1.097081477334489,0,1806,ok,extreme thresholds are audit flags only; units differ by modality
7,data/limb/subject07/StaticP1/subject7_limb_EMG.mat,StaticP1,9,ACC.Z electrode 1,float64,75600,0,0,False,-0.10269688446452947,0.48593702331069744,0.30052802302039283,0.08339974357783098,0.32158227862648886,0.025394030573178628,0.48593702331069744,0,0,ok,extreme thresholds are audit flags only; units differ by modality
7,data/limb/subject07/StaticP1/subject7_limb_EMG.mat,StaticP1,10,GYRO.X electrode 1,float64,75600,0,0,False,-36.8339374983118,27.802347053462398,-12.810349635866379,4.159721700280957,-13.0958813619113,1.456382946825915,36.8339374983118,0,0,ok,extreme thresholds are audit flags only; units differ by modality
7,data/limb/subject07/StaticP1/subject7_limb_EMG.mat,StaticP1,11,GYRO.Y electrode 1,float64,75600,0,0,False,-86.12945063739693,112.8373796245421,0.06512060357337651,8.352063327896795,0.1220330752245391,2.5838904124240685,112.8373796245421,0,76,ok,extreme thresholds are audit flags only; units differ by modality
7,data/limb/subject07/StaticP1/subject7_limb_EMG.mat,StaticP1,12,GYRO.Z electrode 1,float64,75600,0,0,False,-34.5259174737625,27.173796635853062,-1.488469040567447,2.7821708334297597,-1.5268706213576664,1.064513432710647,34.5259174737625,0,4,ok,extreme thresholds are audit flags only; units differ by modality
7,data/limb/subject07/StaticP1/subject7_limb_EMG.mat,StaticP1,13,ACC.X electrode 2,float64,75600,0,0,False,-0.29528748788080406,0.4664875847154613,0.02754186906553006,0.09029657209649233,0.05521443838179625,0.024500503047007148,0.4664875847154613,0,0,ok,extreme thresholds are audit flags only; units differ by modality
7,data/limb/subject07/StaticP1/subject7_limb_EMG.mat,StaticP1,14,ACC.Y electrode 2,float64,75600,0,0,False,-1.0213910426612431,-0.058377111069599544,-0.7337122754896335,0.08089102794190887,-0.721986695741617,0.03625189584398819,1.0213910426612431,0,0,ok,extreme thresholds are audit flags only; units differ by modality
7,data/limb/subject07/StaticP1/subject7_limb_EMG.mat,StaticP1,15,ACC.Z electrode 2,float64,75600,0,0,False,-1.0200457738601172,-0.04182139224809084,-0.7463605280967495,0.11546504075043273,-0.777006865576451,0.03904422787831219,1.0200457738601172,0,0,ok,extreme thresholds are audit flags only; units differ by modality
7,data/limb/subject07/StaticP1/subject7_limb_EMG.mat,StaticP1,16,GYRO.X electrode 2,float64,75600,0,0,False,-28.823861070197907,12.578784487400096,-9.712835920714967,2.11952920843053,-9.74045269868185,0.9539383988683241,28.823861070197907,0,0,ok,extreme thresholds are audit flags only; units differ by modality
7,data/limb/subject07/StaticP1/subject7_limb_EMG.mat,StaticP1,17,GYRO.Y electrode 2,float64,75600,0,0,False,-80.60301079651954,69.17652232862287,-3.2456527386545573,5.962555679399064,-3.178894023508172,2.069182749908749,80.60301079651954,0,43,ok,extreme thresholds are audit flags only; units differ by modality
7,data/limb/subject07/StaticP1/subject7_limb_EMG.mat,StaticP1,18,GYRO.Z electrode 2,float64,75600,0,0,False,-29.351498273522193,27.641938692907043,-3.8500390911181377,2.7833326168150427,-3.7522999614712673,1.0298055108354256,29.351498273522193,0,2,ok,extreme thresholds are audit flags only; units differ by modality
7,data/limb/subject07/StaticP1/subject7_limb_EMG.mat,StaticP1,19,ACC.X electrode 3,float64,75600,0,0,False,0.03329330385312463,1.129573533660126,0.6815750677971656,0.11568420070145673,0.7102567709453982,0.03141293495718578,1.129573533660126,0,0,ok,extreme thresholds are audit flags only; units differ by modality
7,data/limb/subject07/StaticP1/subject7_limb_EMG.mat,StaticP1,20,ACC.Y electrode 3,float64,75600,0,0,False,-1.0160815146099758,-0.054119520996674594,-0.7095867435875948,0.09150475024849163,-0.6992002579039303,0.02991000400744298,1.0160815146099758,0,0,ok,extreme thresholds are audit flags only; units differ by modality
7,data/limb/subject07/StaticP1/subject7_limb_EMG.mat,StaticP1,21,ACC.Z electrode 3,float64,75600,0,0,False,-0.231903397032553,0.2521029296221834,0.0014660002603359324,0.0843679088026665,0.029987641780727166,0.027621922408828454,0.2521029296221834,0,0,ok,extreme thresholds are audit flags only; units differ by modality
7,data/limb/subject07/StaticP1/subject7_limb_EMG.mat,StaticP1,22,GYRO.X electrode 3,float64,75600,0,0,False,-21.518093925015624,57.19741921575043,17.27935556397173,3.926839197565654,17.25816152569057,1.4672364235700819,57.19741921575043,0,0,ok,extreme thresholds are audit flags only; units differ by modality
7,data/limb/subject07/StaticP1/subject7_limb_EMG.mat,StaticP1,23,GYRO.Y electrode 3,float64,75600,0,0,False,-88.33606427704736,131.7946478977937,2.6694891846652866,7.629614411616821,2.636580872044719,2.32563426188074,131.7946478977937,0,118,ok,extreme thresholds are audit flags only; units differ by modality
7,data/limb/subject07/StaticP1/subject7_limb_EMG.mat,StaticP1,24,GYRO.Z electrode 3,float64,75600,0,0,False,-43.057617710622694,37.470205861810925,2.39769933045743,3.2821574025485023,2.3766613246719137,1.1102464316978407,43.057617710622694,0,53,ok,extreme thresholds are audit flags only; units differ by modality
7,data/limb/subject07/StaticP1/subject7_limb_EMG.mat,StaticP1,25,ACC.X electrode 4,float64,75600,0,0,False,0.015661828407470577,0.8178818443883547,0.41594912736005923,0.04277980260250478,0.42023719686959266,0.020890367071821514,0.8178818443883547,0,0,ok,extreme thresholds are audit flags only; units differ by modality
7,data/limb/subject07/StaticP1/subject7_limb_EMG.mat,StaticP1,26,ACC.Y electrode 4,float64,75600,0,0,False,-1.0423175986702164,-0.05740316634212627,-0.7442176409428658,0.08385223207740526,-0.7340051162875896,0.02772890099102887,1.0423175986702164,0,0,ok,extreme thresholds are audit flags only; units differ by modality
7,data/limb/subject07/StaticP1/subject7_limb_EMG.mat,StaticP1,27,ACC.Z electrode 4,float64,75600,0,0,False,0.00831600582557043,0.6932276128637314,0.43525438989744875,0.13416891188613614,0.47558886468051254,0.02876550698453781,0.6932276128637314,0,0,ok,extreme thresholds are audit flags only; units differ by modality
7,data/limb/subject07/StaticP1/subject7_limb_EMG.mat,StaticP1,28,GYRO.X electrode 4,float64,75600,0,0,False,-29.75322910837495,35.377572524444645,3.328491097962734,2.628475280521641,3.260897830800155,1.0057132579063273,35.377572524444645,0,27,ok,extreme thresholds are audit flags only; units differ by modality
7,data/limb/subject07/StaticP1/subject7_limb_EMG.mat,StaticP1,29,GYRO.Y electrode 4,float64,75600,0,0,False,-52.266875324445174,132.90552130583728,6.328520181447171,6.7518530300134545,6.329512096437634,2.360590450802995,132.90552130583728,0,33,ok,extreme thresholds are audit flags only; units differ by modality
7,data/limb/subject07/StaticP1/subject7_limb_EMG.mat,StaticP1,30,GYRO.Z electrode 4,float64,75600,0,0,False,-42.44121656200479,43.26079571454688,3.789634746598926,3.660048352210434,3.701557585138244,1.3082661766685535,43.26079571454688,0,11,ok,extreme thresholds are audit flags only; units differ by modality
7,data/limb/subject07/StaticP1/subject7_limb_EMG.mat,StaticP1,31,ACC.X electrode 5,float64,75600,0,0,False,-0.3280263365610067,0.048168274755705634,-0.14566503754098944,0.03139650706288478,-0.14475143321195463,0.01821714890936231,0.3280263365610067,0,0,ok,extreme thresholds are audit flags only; units differ by modality
7,data/limb/subject07/StaticP1/subject7_limb_EMG.mat,StaticP1,32,ACC.Y electrode 5,float64,75600,0,0,False,-1.092139682959368,0.2556022415595011,-0.9539677777468641,0.021357453771746342,-0.9561255117967746,0.006365603037984335,1.092139682959368,0,23,ok,extreme thresholds are audit flags only; units differ by modality
7,data/limb/subject07/StaticP1/subject7_limb_EMG.mat,StaticP1,33,ACC.Z electrode 5,float64,75600,0,0,False,-0.5703399233441478,0.08467408264532665,-0.31679995972110314,0.03333961673799869,-0.3163467357664539,0.015018542144620922,0.5703399233441478,0,0,ok,extreme thresholds are audit flags only; units differ by modality
7,data/limb/subject07/StaticP1/subject7_limb_EMG.mat,StaticP1,34,GYRO.X electrode 5,float64,75600,0,0,False,-30.508318839785677,25.55414068131279,4.963672164874526,2.873988808702679,4.994982560407656,1.0248305245995037,30.508318839785677,0,32,ok,extreme thresholds are audit flags only; units differ by modality
7,data/limb/subject07/StaticP1/subject7_limb_EMG.mat,StaticP1,35,GYRO.Y electrode 5,float64,75600,0,0,False,-50.27900373971277,63.39633818380237,5.286764194712361,5.884481193306427,5.388434243370924,1.858103046723816,63.39633818380237,0,22,ok,extreme thresholds are audit flags only; units differ by modality
7,data/limb/subject07/StaticP1/subject7_limb_EMG.mat,StaticP1,36,GYRO.Z electrode 5,float64,75600,0,0,False,-27.752277040666087,41.8550154702983,-1.9735847970917442,3.6495949140584787,-2.095432410195336,1.2065265507711525,41.8550154702983,0,71,ok,extreme thresholds are audit flags only; units differ by modality
7,data/limb/subject07/StaticP1/subject7_limb_EMG.mat,StaticP1,37,ACC.X electrode 6,float64,75600,0,0,False,-0.23118783834736337,0.7633019718416095,0.17980309828656796,0.048602803913928565,0.18093363898314,0.024084648302488437,0.7633019718416095,0,0,ok,extreme thresholds are audit flags only; units differ by modality
7,data/limb/subject07/StaticP1/subject7_limb_EMG.mat,StaticP1,38,ACC.Y electrode 6,float64,75600,0,0,False,-1.113729582050606,-0.08528218320531265,-0.9750523966533713,0.01672805519503566,-0.9753967942844313,0.006019711281241069,1.113729582050606,0,2,ok,extreme thresholds are audit flags only; units differ by modality
7,data/limb/subject07/StaticP1/subject7_limb_EMG.mat,StaticP1,39,ACC.Z electrode 6,float64,75600,0,0,False,-0.23236086765504493,0.07882916862156028,-0.09888233355457451,0.04792632598565085,-0.10509778510004933,0.026063013095964233,0.23236086765504493,0,0,ok,extreme thresholds are audit flags only; units differ by modality
7,data/limb/subject07/StaticP1/subject7_limb_EMG.mat,StaticP1,40,GYRO.X electrode 6,float64,75600,0,0,False,-29.24648727953792,21.077936707149686,-0.8269257315065487,2.250274764596533,-0.9135528425238264,0.7766619715624444,29.24648727953792,0,19,ok,extreme thresholds are audit flags only; units differ by modality
7,data/limb/subject07/StaticP1/subject7_limb_EMG.mat,StaticP1,41,GYRO.Y electrode 6,float64,75600,0,0,False,-99.76072331715966,131.68751557940394,6.179445387765092,11.059197467118311,6.162684808597986,3.6560660846059223,131.68751557940394,0,25,ok,extreme thresholds are audit flags only; units differ by modality
7,data/limb/subject07/StaticP1/subject7_limb_EMG.mat,StaticP1,42,GYRO.Z electrode 6,float64,75600,0,0,False,-35.92820176119077,27.590815615493764,-0.7490133022966697,2.6194348067037607,-0.7060108958352773,0.8724227492433418,35.92820176119077,0,79,ok,extreme thresholds are audit flags only; units differ by modality
7,data/limb/subject07/StaticP2/subject7_limb_EMG.mat,StaticP2,1,EMG electrode 1,float64,75600,0,0,False,-0.000105241,0.000145861,4.52370067857143e-08,1.3395412926652123e-05,0.0,4.19623e-06,0.000145861,0,2,ok,extreme thresholds are audit flags only; units differ by modality
7,data/limb/subject07/StaticP2/subject7_limb_EMG.mat,StaticP2,2,EMG electrode 2,float64,75600,0,0,False,-0.000176745,0.000234821,3.853254981600529e-06,1.9582557898111067e-05,3.69268e-06,5.03547e-06,0.000234821,0,37,ok,extreme thresholds are audit flags only; units differ by modality
7,data/limb/subject07/StaticP2/subject7_limb_EMG.mat,StaticP2,3,EMG electrode 3,float64,75600,0,0,False,-0.000337209,0.000341741,9.106908417830688e-06,2.2950863234799393e-05,9.23171e-06,4.364089999999999e-06,0.000341741,0,312,ok,extreme thresholds are audit flags only; units differ by modality
7,data/limb/subject07/StaticP2/subject7_limb_EMG.mat,StaticP2,4,EMG electrode 4,float64,75600,0,0,False,-9.61776e-05,5.42153e-05,-2.122700842861111e-05,9.610884577254117e-06,-2.09812e-05,4.028299999999997e-06,9.61776e-05,0,0,ok,extreme thresholds are audit flags only; units differ by modality
7,data/limb/subject07/StaticP2/subject7_limb_EMG.mat,StaticP2,5,EMG electrode 5,float64,75600,0,0,False,-8.47639e-05,2.80308e-05,-1.9625743895502644e-05,5.701350533854036e-06,-1.96384e-05,2.6855e-06,8.47639e-05,0,0,ok,extreme thresholds are audit flags only; units differ by modality
7,data/limb/subject07/StaticP2/subject7_limb_EMG.mat,StaticP2,6,EMG electrode 6,float64,75600,0,0,False,-0.000118502,7.06645e-05,-7.814849092222224e-06,1.0999871138063713e-05,-7.55322e-06,5.53898e-06,0.000118502,0,0,ok,extreme thresholds are audit flags only; units differ by modality
7,data/limb/subject07/StaticP2/subject7_limb_EMG.mat,StaticP2,7,ACC.X electrode 1,float64,75600,0,0,False,-1.3743355923793399,0.21984325829580592,-0.5537336997916964,0.33050302980188645,-0.7356724591589032,0.037479574217641975,1.3743355923793399,0,0,ok,extreme thresholds are audit flags only; units differ by modality
7,data/limb/subject07/StaticP2/subject7_limb_EMG.mat,StaticP2,8,ACC.Y electrode 1,float64,75600,0,0,False,-1.102477776461269,0.2572412285015244,-0.5347602781396742,0.24597080704656862,-0.4780280225555157,0.04215953484431048,1.102477776461269,0,0,ok,extreme thresholds are audit flags only; units differ by modality
7,data/limb/subject07/StaticP2/subject7_limb_EMG.mat,StaticP2,9,ACC.Z electrode 1,float64,75600,0,0,False,-0.12534805241197575,0.563694941421206,0.34007101852003174,0.12464042345762587,0.3974863494286016,0.030155108304617734,0.563694941421206,0,0,ok,extreme thresholds are audit flags only; units differ by modality
7,data/limb/subject07/StaticP2/subject7_limb_EMG.mat,StaticP2,10,GYRO.X electrode 1,float64,75600,0,0,False,-40.299596375358774,15.983114104331944,-12.552536967285109,4.7689312287384675,-13.05916401956172,1.9531676382152794,40.299596375358774,0,0,ok,extreme thresholds are audit flags only; units differ by modality
7,data/limb/subject07/StaticP2/subject7_limb_EMG.mat,StaticP2,11,GYRO.Y electrode 1,float64,75600,0,0,False,-79.7356906408994,88.71525946820485,0.13626982255244632,5.968509681171065,0.05636267317833196,2.561861658531035,88.71525946820485,0,16,ok,extreme thresholds are audit flags only; units differ by modality
7,data/limb/subject07/StaticP2/subject7_limb_EMG.mat,StaticP2,12,GYRO.Z electrode 1,float64,75600,0,0,False,-31.323175201728013,27.705966601206434,-1.6013044368337481,3.3396148755726123,-1.5692749022622818,1.308942525566546,31.323175201728013,0,0,ok,extreme thresholds are audit flags only; units differ by modality
7,data/limb/subject07/StaticP2/subject7_limb_EMG.mat,StaticP2,13,ACC.X electrode 2,float64,75600,0,0,False,-0.25328643832534814,0.49997618574972863,0.1620842331075757,0.1632720947798007,0.23589383328436703,0.028505209105852233,0.49997618574972863,0,0,ok,extreme thresholds are audit flags only; units differ by modality
7,data/limb/subject07/StaticP2/subject7_limb_EMG.mat,StaticP2,14,ACC.Y electrode 2,float64,75600,0,0,False,-1.0333647279795914,-0.032854506001169716,-0.40090793826610027,0.25289453804188855,-0.2985767963211818,0.042405300592019024,1.0333647279795914,0,0,ok,extreme thresholds are audit flags only; units differ by modality
7,data/limb/subject07/StaticP2/subject7_limb_EMG.mat,StaticP2,15,ACC.Z electrode 2,float64,75600,0,0,False,-1.1511235349231776,-0.08810505445799872,-0.9123615177108821,0.2105418904539167,-1.009746608515432,0.01867754565028823,1.1511235349231776,0,377,ok,extreme thresholds are audit flags only; units differ by modality
7,data/limb/subject07/StaticP2/subject7_limb_EMG.mat,StaticP2,16,GYRO.X electrode 2,float64,75600,0,0,False,-49.54537140256643,7.651384524995074,-9.616800935199798,3.115527448108873,-9.533805880762298,1.3095417214703469,49.54537140256643,0,7,ok,extreme thresholds are audit flags only; units differ by modality
7,data/limb/subject07/StaticP2/subject7_limb_EMG.mat,StaticP2,17,GYRO.Y electrode 2,float64,75600,0,0,False,-100.44873831737199,44.23554674868549,-2.980092371096264,5.770473688897779,-3.0574893656348348,2.297512696627723,100.44873831737199,0,27,ok,extreme thresholds are audit flags only; units differ by modality
7,data/limb/subject07/StaticP2/subject7_limb_EMG.mat,StaticP2,18,GYRO.Z electrode 2,float64,75600,0,0,False,-23.73717985498397,15.294680297090842,-3.86450768563873,3.1229350802120384,-3.835232081286045,1.4310743798583294,23.73717985498397,0,0,ok,extreme thresholds are audit flags only; units differ by modality
7,data/limb/subject07/StaticP2/subject7_limb_EMG.mat,StaticP2,19,ACC.X electrode 3,float64,75600,0,0,False,0.08045111620866453,1.1921734524131882,0.8359677031507714,0.20439243933935522,0.9282474112735082,0.020854700597283393,1.1921734524131882,0,3,ok,extreme thresholds are audit flags only; units differ by modality
7,data/limb/subject07/StaticP2/subject7_limb_EMG.mat,StaticP2,20,ACC.Y electrode 3,float64,75600,0,0,False,-1.0279673573615704,-0.004178480974295608,-0.37376948893407447,0.26424133142675954,-0.2607376467959083,0.04585411924050803,1.0279673573615704,0,0,ok,extreme thresholds are audit flags only; units differ by modality
7,data/limb/subject07/StaticP2/subject7_limb_EMG.mat,StaticP2,21,ACC.Z electrode 3,float64,75600,0,0,False,-0.24694953962293548,0.404063551161605,0.11763096326353964,0.14842269631250324,0.17893945206227946,0.033932059920589924,0.404063551161605,0,0,ok,extreme thresholds are audit flags only; units differ by modality
7,data/limb/subject07/StaticP2/subject7_limb_EMG.mat,StaticP2,22,GYRO.X electrode 3,float64,75600,0,0,False,-7.60890732837198,67.54218200597077,17.465815117883317,4.699364463250255,17.324963487671944,2.2146484741343526,67.54218200597077,0,0,ok,extreme thresholds are audit flags only; units differ by modality
7,data/limb/subject07/StaticP2/subject7_limb_EMG.mat,StaticP2,23,GYRO.Y electrode 3,float64,75600,0,0,False,-90.83856172206056,46.083459329436614,2.836405527613636,6.129685790650335,2.838469885676024,2.6313056112193207,90.83856172206056,0,14,ok,extreme thresholds are audit flags only; units differ by modality
7,data/limb/subject07/StaticP2/subject7_limb_EMG.mat,StaticP2,24,GYRO.Z electrode 3,float64,75600,0,0,False,-26.082632108640144,35.397422783625,2.555017206197988,3.971474628190244,2.534225068755611,1.7040729653386384,35.397422783625,0,0,ok,extreme thresholds are audit flags only; units differ by modality
7,data/limb/subject07/StaticP2/subject7_limb_EMG.mat,StaticP2,25,ACC.X electrode 4,float64,75600,0,0,False,0.043051099761904674,0.6587828222907154,0.45024961774177197,0.06291866320080906,0.45751309816898195,0.033558171076804144,0.6587828222907154,0,0,ok,extreme thresholds are audit flags only; units differ by modality
7,data/limb/subject07/StaticP2/subject7_limb_EMG.mat,StaticP2,26,ACC.Y electrode 4,float64,75600,0,0,False,-1.0520243926098014,-0.014997187929217557,-0.4470735554857921,0.23876704937029744,-0.3441833860119945,0.04061559640759399,1.0520243926098014,0,0,ok,extreme thresholds are audit flags only; units differ by modality
7,data/limb/subject07/StaticP2/subject7_limb_EMG.mat,StaticP2,27,ACC.Z electrode 4,float64,75600,0,0,False,0.06208615867250793,0.9488801839842839,0.6278901362853974,0.24496037901600454,0.7466367599806836,0.026085110868309558,0.9488801839842839,0,0,ok,extreme thresholds are audit flags only; units differ by modality
7,data/limb/subject07/StaticP2/subject7_limb_EMG.mat,StaticP2,28,GYRO.X electrode 4,float64,75600,0,0,False,-46.84751825004222,33.63673477393223,3.2025574536185015,3.717929216068249,3.147239110174018,1.4951898874117782,46.84751825004222,0,7,ok,extreme thresholds are audit flags only; units differ by modality
7,data/limb/subject07/StaticP2/subject7_limb_EMG.mat,StaticP2,29,GYRO.Y electrode 4,float64,75600,0,0,False,-66.98012903932275,78.20123159439538,6.221744838012986,5.9468906203085705,6.259342300230118,2.4939272967493604,78.20123159439538,0,0,ok,extreme thresholds are audit flags only; units differ by modality
7,data/limb/subject07/StaticP2/subject7_limb_EMG.mat,StaticP2,30,GYRO.Z electrode 4,float64,75600,0,0,False,-19.640284414006494,35.33109367762712,3.991102180217733,4.062910963165004,3.8426985017375546,1.9338417872018496,35.33109367762712,0,0,ok,extreme thresholds are audit flags only; units differ by modality
7,data/limb/subject07/StaticP2/subject7_limb_EMG.mat,StaticP2,31,ACC.X electrode 5,float64,75600,0,0,False,-0.32148740827685923,0.08396893713117679,-0.13462716827147558,0.042697332194255075,-0.12687968677703382,0.026413530008321078,0.32148740827685923,0,0,ok,extreme thresholds are audit flags only; units differ by modality
7,data/limb/subject07/StaticP2/subject7_limb_EMG.mat,StaticP2,32,ACC.Y electrode 5,float64,75600,0,0,False,-1.0964320867119262,-0.08666769916532004,-0.9444139514935467,0.02133601158081371,-0.9463432957479139,0.013072380049578558,1.0964320867119262,0,3,ok,extreme thresholds are audit flags only; units differ by modality
7,data/limb/subject07/StaticP2/subject7_limb_EMG.mat,StaticP2,33,ACC.Z electrode 5,float64,75600,0,0,False,-0.5036172227335579,-0.030146685324689546,-0.3517720587010317,0.050946843970211944,-0.36399697152418353,0.030643091921074783,0.5036172227335579,0,0,ok,extreme thresholds are audit flags only; units differ by modality
7,data/limb/subject07/StaticP2/subject7_limb_EMG.mat,StaticP2,34,GYRO.X electrode 5,float64,75600,0,0,False,-19.149946694685077,25.110913033037033,4.902675796330112,2.839130743098005,5.018789725979435,1.205041781854967,25.110913033037033,0,0,ok,extreme thresholds are audit flags only; units differ by modality
7,data/limb/subject07/StaticP2/subject7_limb_EMG.mat,StaticP2,35,GYRO.Y electrode 5,float64,75600,0,0,False,-52.487100740870815,35.90500204237375,5.358986946193289,5.3276029134346725,5.369461313917829,2.4383330887960195,52.487100740870815,0,0,ok,extreme thresholds are audit flags only; units differ by modality
7,data/limb/subject07/StaticP2/subject7_limb_EMG.mat,StaticP2,36,GYRO.Z electrode 5,float64,75600,0,0,False,-19.392580301282276,29.739473541010803,-2.1135514015337433,3.176471906534973,-2.1150807357966217,1.4528562517966883,29.739473541010803,0,0,ok,extreme thresholds are audit flags only; units differ by modality
7,data/limb/subject07/StaticP2/subject7_limb_EMG.mat,StaticP2,37,ACC.X electrode 6,float64,75600,0,0,False,-0.03167618335923469,0.42455920980733614,0.1852865654679034,0.04089548870619534,0.18450070335129198,0.026088571327462284,0.42455920980733614,0,0,ok,extreme thresholds are audit flags only; units differ by modality
7,data/limb/subject07/StaticP2/subject7_limb_EMG.mat,StaticP2,38,ACC.Y electrode 6,float64,75600,0,0,False,-1.1345329890636764,-0.08921757123645971,-0.9735432636551254,0.018040362414635868,-0.9748497986369249,0.007402126802674047,1.1345329890636764,0,3,ok,extreme thresholds are audit flags only; units differ by modality
7,data/limb/subject07/StaticP2/subject7_limb_EMG.mat,StaticP2,39,ACC.Z electrode 6,float64,75600,0,0,False,-0.23159119468883027,0.09042421069518508,-0.049322728995328954,0.06668238505465976,-0.03566493033441605,0.034033690572529106,0.23159119468883027,0,0,ok,extreme thresholds are audit flags only; units differ by modality
7,data/limb/subject07/StaticP2/subject7_limb_EMG.mat,StaticP2,40,GYRO.X electrode 6,float64,75600,0,0,False,-14.041897941613337,18.37573699143223,-0.7764403364342632,2.3851131077215295,-0.9264255958026277,1.020255519123499,18.37573699143223,0,0,ok,extreme thresholds are audit flags only; units differ by modality
7,data/limb/subject07/StaticP2/subject7_limb_EMG.mat,StaticP2,41,GYRO.Y electrode 6,float64,75600,0,0,False,-52.56546494525915,73.95623605496688,6.347342785083523,8.459319947130858,6.274016435205761,4.020935226163718,73.95623605496688,0,0,ok,extreme thresholds are audit flags only; units differ by modality
7,data/limb/subject07/StaticP2/subject7_limb_EMG.mat,StaticP2,42,GYRO.Z electrode 6,float64,75600,0,0,False,-23.613481610799287,20.322180151337413,-0.6410259305506996,2.5210986590874485,-0.6253012453990592,1.174024407620736,23.613481610799287,0,0,ok,extreme thresholds are audit flags only; units differ by modality
7,data/limb/subject07/StaticP3/subject7_limb_EMG.mat,StaticP3,1,EMG electrode 1,float64,75600,0,0,False,-8.87923e-05,0.00011397,6.223969179894182e-08,1.1826595191941246e-05,-1.67849e-07,4.8676309999999996e-06,0.00011397,0,0,ok,extreme thresholds are audit flags only; units differ by modality
7,data/limb/subject07/StaticP3/subject7_limb_EMG.mat,StaticP3,2,EMG electrode 2,float64,75600,0,0,False,-0.000184131,0.000251606,3.897686214140211e-06,1.7248713767196713e-05,3.69268e-06,5.20332e-06,0.000251606,0,14,ok,extreme thresholds are audit flags only; units differ by modality
7,data/limb/subject07/StaticP3/subject7_limb_EMG.mat,StaticP3,3,EMG electrode 3,float64,75600,0,0,False,-0.000134112,0.000134112,9.11770338734127e-06,1.2781957663799876e-05,9.23171e-06,4.0283899999999996e-06,0.000134112,0,9,ok,extreme thresholds are audit flags only; units differ by modality
7,data/limb/subject07/StaticP3/subject7_limb_EMG.mat,StaticP3,4,EMG electrode 4,float64,75600,0,0,False,-6.76432e-05,1.8967e-05,-2.1289205576322755e-05,6.586119064987861e-06,-2.13169e-05,3.5249000000000008e-06,6.76432e-05,0,0,ok,extreme thresholds are audit flags only; units differ by modality
7,data/limb/subject07/StaticP3/subject7_limb_EMG.mat,StaticP3,5,EMG electrode 5,float64,75600,0,0,False,-5.38796e-05,0.0,-1.9518905118756615e-05,3.210163670026026e-06,-1.96384e-05,2.014200000000002e-06,5.38796e-05,0,0,ok,extreme thresholds are audit flags only; units differ by modality
7,data/limb/subject07/StaticP3/subject7_limb_EMG.mat,StaticP3,6,EMG electrode 6,float64,75600,0,0,False,-7.53643e-05,3.13878e-05,-7.819698106428572e-06,8.477530059912843e-06,-7.55322e-06,5.03548e-06,7.53643e-05,0,0,ok,extreme thresholds are audit flags only; units differ by modality
7,data/limb/subject07/StaticP3/subject7_limb_EMG.mat,StaticP3,7,ACC.X electrode 1,float64,75600,0,0,False,-1.0971923280778375,0.2439069057718893,-0.6862172260806225,0.34435945312146754,-0.8560312243781909,0.022442086362535363,1.0971923280778375,0,15693,ok,extreme thresholds are audit flags only; units differ by modality
7,data/limb/subject07/StaticP3/subject7_limb_EMG.mat,StaticP3,8,ACC.Y electrode 1,float64,75600,0,0,False,-1.1045752439085375,0.4194557961382926,-0.021379477012446232,0.47198296096655556,0.20217006681011002,0.07332307736782984,1.1045752439085375,0,0,ok,extreme thresholds are audit flags only; units differ by modality
7,data/limb/subject07/StaticP3/subject7_limb_EMG.mat,StaticP3,9,ACC.Z electrode 1,float64,75600,0,0,False,-0.11658016782578784,0.4912603305117309,0.3611347214575177,0.08064270881992112,0.3946736897977018,0.014472807323086312,0.4912603305117309,0,329,ok,extreme thresholds are audit flags only; units differ by modality
7,data/limb/subject07/StaticP3/subject7_limb_EMG.mat,StaticP3,10,GYRO.X electrode 1,float64,75600,0,0,False,-45.15236792057181,15.574175491359819,-13.16979973455361,3.6115549703866305,-13.1859847851746,1.5153771228810253,45.15236792057181,0,0,ok,extreme thresholds are audit flags only; units differ by modality
7,data/limb/subject07/StaticP3/subject7_limb_EMG.mat,StaticP3,11,GYRO.Y electrode 1,float64,75600,0,0,False,-48.377347566968204,42.51576681642008,0.4778759609196021,4.124091444233017,0.3895309034997262,1.783198219799147,48.377347566968204,0,0,ok,extreme thresholds are audit flags only; units differ by modality
7,data/limb/subject07/StaticP3/subject7_limb_EMG.mat,StaticP3,12,GYRO.Z electrode 1,float64,75600,0,0,False,-16.509318911232572,22.772118302863092,-1.7611450253332157,2.1205413076021413,-1.74913550422849,1.0189090178934406,22.772118302863092,0,0,ok,extreme thresholds are audit flags only; units differ by modality
7,data/limb/subject07/StaticP3/subject7_limb_EMG.mat,StaticP3,13,ACC.X electrode 2,float64,75600,0,0,False,-0.23223360668825663,0.5125296641506806,0.20645036746427378,0.19058083639132248,0.29369649396126807,0.02060164425045463,0.5125296641506806,0,0,ok,extreme thresholds are audit flags only; units differ by modality
7,data/limb/subject07/StaticP3/subject7_limb_EMG.mat,StaticP3,14,ACC.Y electrode 2,float64,75600,0,0,False,-1.0226696452453865,0.5977781665892083,0.17298253293999663,0.5298735660690665,0.40893144508772183,0.06585021475078465,1.0226696452453865,0,0,ok,extreme thresholds are audit flags only; units differ by modality
7,data/limb/subject07/StaticP3/subject7_limb_EMG.mat,StaticP3,15,ACC.Z electrode 2,float64,75600,0,0,False,-1.1966548725645698,-0.08801607450232987,-0.8526322203581141,0.1664025783048158,-0.9226019064801596,0.030242113851376318,1.1966548725645698,0,0,ok,extreme thresholds are audit flags only; units differ by modality
7,data/limb/subject07/StaticP3/subject7_limb_EMG.mat,StaticP3,16,GYRO.X electrode 2,float64,75600,0,0,False,-68.98747386322742,19.719784046468472,-9.593678360167013,2.868466645174246,-9.633658690393471,1.2292049872689637,68.98747386322742,0,27,ok,extreme thresholds are audit flags only; units differ by modality
7,data/limb/subject07/StaticP3/subject7_limb_EMG.mat,StaticP3,17,GYRO.Y electrode 2,float64,75600,0,0,False,-48.25101098059089,34.62401497953915,-2.7597133273985115,4.543342385864484,-2.9287998094270464,1.952533206284698,48.25101098059089,0,0,ok,extreme thresholds are audit flags only; units differ by modality
7,data/limb/subject07/StaticP3/subject7_limb_EMG.mat,StaticP3,18,GYRO.Z electrode 2,float64,75600,0,0,False,-21.309978437297453,13.613504244878493,-3.6966427510587794,2.554793360980474,-3.7168364009203323,1.3287715407327316,21.309978437297453,0,0,ok,extreme thresholds are audit flags only; units differ by modality
7,data/limb/subject07/StaticP3/subject7_limb_EMG.mat,StaticP3,19,ACC.X electrode 3,float64,75600,0,0,False,0.07752901763029257,1.0241145820452902,0.769160395612319,0.1529596071275195,0.8273098808894371,0.025033480595064272,1.0241145820452902,0,2,ok,extreme thresholds are audit flags only; units differ by modality
7,data/limb/subject07/StaticP3/subject7_limb_EMG.mat,StaticP3,20,ACC.Y electrode 3,float64,75600,0,0,False,-1.0168177154032054,0.6410964529581149,0.19431670229041326,0.5355732063572883,0.4457176447883725,0.06988478262192227,1.0168177154032054,0,0,ok,extreme thresholds are audit flags only; units differ by modality
7,data/limb/subject07/StaticP3/subject7_limb_EMG.mat,StaticP3,21,ACC.Z electrode 3,float64,75600,0,0,False,-0.22108961475951244,0.5874039763313068,0.14042091674031593,0.16507329919970937,0.20137569250964227,0.047073103632269256,0.5874039763313068,0,0,ok,extreme thresholds are audit flags only; units differ by modality
7,data/limb/subject07/StaticP3/subject7_limb_EMG.mat,StaticP3,22,GYRO.X electrode 3,float64,75600,0,0,False,-22.179893953858517,86.91233981250035,17.167484390617417,4.671016687382646,17.17922192513339,2.2569685583089125,86.91233981250035,0,10,ok,extreme thresholds are audit flags only; units differ by modality
7,data/limb/subject07/StaticP3/subject7_limb_EMG.mat,StaticP3,23,GYRO.Y electrode 3,float64,75600,0,0,False,-67.72696425666737,44.04971781744498,2.6387438705608237,4.549225545745569,2.8784499978036595,2.0982064772176754,67.72696425666737,0,6,ok,extreme thresholds are audit flags only; units differ by modality
7,data/limb/subject07/StaticP3/subject7_limb_EMG.mat,StaticP3,24,GYRO.Z electrode 3,float64,75600,0,0,False,-47.816820328783564,35.77370589173516,2.493538692544983,2.8292580758790895,2.4461565630440694,1.252418577748656,47.816820328783564,0,20,ok,extreme thresholds are audit flags only; units differ by modality
7,data/limb/subject07/StaticP3/subject7_limb_EMG.mat,StaticP3,25,ACC.X electrode 4,float64,75600,0,0,False,0.038006867690991694,0.5127123713822388,0.37946239364377243,0.03133486854278841,0.3788636613721383,0.02410136639122698,0.5127123713822388,0,0,ok,extreme thresholds are audit flags only; units differ by modality
7,data/limb/subject07/StaticP3/subject7_limb_EMG.mat,StaticP3,26,ACC.Y electrode 4,float64,75600,0,0,False,-1.0437362937663137,0.6285663117879227,0.18799867497707892,0.5439210153867754,0.43711740888674744,0.0671016885674599,1.0437362937663137,0,0,ok,extreme thresholds are audit flags only; units differ by modality
7,data/limb/subject07/StaticP3/subject7_limb_EMG.mat,StaticP3,27,ACC.Z electrode 4,float64,75600,0,0,False,0.0656048357126393,0.8970186958640063,0.6196942576957308,0.22721323246740843,0.7197220601581541,0.03330841040753757,0.8970186958640063,0,0,ok,extreme thresholds are audit flags only; units differ by modality
7,data/limb/subject07/StaticP3/subject7_limb_EMG.mat,StaticP3,28,GYRO.X electrode 4,float64,75600,0,0,False,-42.48871589399084,54.05768559002378,3.225319736054267,3.5260274393659707,3.1391915301792173,1.5466367974907276,54.05768559002378,0,17,ok,extreme thresholds are audit flags only; units differ by modality
7,data/limb/subject07/StaticP3/subject7_limb_EMG.mat,StaticP3,29,GYRO.Y electrode 4,float64,75600,0,0,False,-12.058405183020618,43.93799157727991,6.527333692847468,3.025116660326213,6.527521635585087,1.1808403901281102,43.93799157727991,0,33,ok,extreme thresholds are audit flags only; units differ by modality
7,data/limb/subject07/StaticP3/subject7_limb_EMG.mat,StaticP3,30,GYRO.Z electrode 4,float64,75600,0,0,False,-14.904094995042842,36.48718434667014,3.7989102593503916,3.176226481317916,3.764588162601842,1.5008023722663208,36.48718434667014,0,0,ok,extreme thresholds are audit flags only; units differ by modality
7,data/limb/subject07/StaticP3/subject7_limb_EMG.mat,StaticP3,31,ACC.X electrode 5,float64,75600,0,0,False,-0.21179610205475055,0.08989916694031243,-0.09084874133667825,0.03718600342162724,-0.08413135227322169,0.02413622096883471,0.21179610205475055,0,0,ok,extreme thresholds are audit flags only; units differ by modality
7,data/limb/subject07/StaticP3/subject7_limb_EMG.mat,StaticP3,32,ACC.Y electrode 5,float64,75600,0,0,False,-1.1228053582964588,0.13160683002126375,-0.9035412214670296,0.039644757471965095,-0.8990320461494499,0.027827691540661836,1.1228053582964588,0,10,ok,extreme thresholds are audit flags only; units differ by modality
7,data/limb/subject07/StaticP3/subject7_limb_EMG.mat,StaticP3,33,ACC.Z electrode 5,float64,75600,0,0,False,-0.6136956876557633,0.046588343454636374,-0.4681529456567632,0.0926115782863733,-0.49584604781373465,0.05495874218465191,0.6136956876557633,0,0,ok,extreme thresholds are audit flags only; units differ by modality
7,data/limb/subject07/StaticP3/subject7_limb_EMG.mat,StaticP3,34,GYRO.X electrode 5,float64,75600,0,0,False,-31.476885896908552,25.18522808317339,5.062311894482895,2.8710182268707416,5.118305320432778,1.1709130441508777,31.476885896908552,0,12,ok,extreme thresholds are audit flags only; units differ by modality
7,data/limb/subject07/StaticP3/subject7_limb_EMG.mat,StaticP3,35,GYRO.Y electrode 5,float64,75600,0,0,False,-35.002087125497546,49.58816803020032,5.396905263114039,4.844573280320707,5.46325652298397,2.103650881909487,49.58816803020032,0,0,ok,extreme thresholds are audit flags only; units differ by modality
7,data/limb/subject07/StaticP3/subject7_limb_EMG.mat,StaticP3,36,GYRO.Z electrode 5,float64,75600,0,0,False,-15.80784200860408,22.905036588690095,-2.093475614107853,2.757297499677592,-2.108404999057697,1.3044300065742174,22.905036588690095,0,0,ok,extreme thresholds are audit flags only; units differ by modality
7,data/limb/subject07/StaticP3/subject7_limb_EMG.mat,StaticP3,37,ACC.X electrode 6,float64,75600,0,0,False,0.02209019457980087,0.41360460001290594,0.22472306236698097,0.04867962375049549,0.23288252101476342,0.04224943894786572,0.41360460001290594,0,0,ok,extreme thresholds are audit flags only; units differ by modality
7,data/limb/subject07/StaticP3/subject7_limb_EMG.mat,StaticP3,38,ACC.Y electrode 6,float64,75600,0,0,False,-1.1580088366810717,-0.08667524581538583,-0.9558125193409742,0.021080741315123434,-0.9574712725737542,0.015318199124143339,1.1580088366810717,0,2,ok,extreme thresholds are audit flags only; units differ by modality
7,data/limb/subject07/StaticP3/subject7_limb_EMG.mat,StaticP3,39,ACC.Z electrode 6,float64,75600,0,0,False,-0.203168147192696,0.22450438213654714,0.04783249871456121,0.09328199515404506,0.08711864858494556,0.04792807248502362,0.22450438213654714,0,0,ok,extreme thresholds are audit flags only; units differ by modality
7,data/limb/subject07/StaticP3/subject7_limb_EMG.mat,StaticP3,40,GYRO.X electrode 6,float64,75600,0,0,False,-17.82546301046737,32.273036227755554,-1.023701902207209,2.177382955363304,-1.010944154894187,0.9387852965532066,32.273036227755554,0,26,ok,extreme thresholds are audit flags only; units differ by modality
7,data/limb/subject07/StaticP3/subject7_limb_EMG.mat,StaticP3,41,GYRO.Y electrode 6,float64,75600,0,0,False,-27.825212137486055,52.40709319979005,6.296442977857755,5.8362993258472065,6.278742772638117,2.730046416692034,52.40709319979005,0,0,ok,extreme thresholds are audit flags only; units differ by modality
7,data/limb/subject07/StaticP3/subject7_limb_EMG.mat,StaticP3,42,GYRO.Z electrode 6,float64,75600,0,0,False,-17.280557630258617,14.71141116196579,-0.628797763904297,2.245213100386416,-0.6665215497205581,0.9605586695584474,17.280557630258617,0,0,ok,extreme thresholds are audit flags only; units differ by modality
7,data/limb/subject07/StaticP4/subject7_limb_EMG.mat,StaticP4,1,EMG electrode 1,float64,75600,0,0,False,-0.000107927,0.000103227,8.362916109788362e-08,1.2546148801185901e-05,-1.67849e-07,5.371179e-06,0.000107927,0,0,ok,extreme thresholds are audit flags only; units differ by modality
7,data/limb/subject07/StaticP4/subject7_limb_EMG.mat,StaticP4,2,EMG electrode 2,float64,75600,0,0,False,-0.000206958,0.000349294,3.909478104563493e-06,1.8774538319242952e-05,3.69268e-06,5.03548e-06,0.000349294,0,55,ok,extreme thresholds are audit flags only; units differ by modality
7,data/limb/subject07/StaticP4/subject7_limb_EMG.mat,StaticP4,3,EMG electrode 3,float64,75600,0,0,False,-0.00028954,0.000306996,9.104124224232801e-06,2.123642144454716e-05,9.23171e-06,4.19619e-06,0.000306996,0,281,ok,extreme thresholds are audit flags only; units differ by modality
7,data/limb/subject07/StaticP4/subject7_limb_EMG.mat,StaticP4,4,EMG electrode 4,float64,75600,0,0,False,-7.92248e-05,7.36858e-05,-2.1274299110780425e-05,7.340414291348968e-06,-2.13169e-05,3.1892e-06,7.92248e-05,0,1,ok,extreme thresholds are audit flags only; units differ by modality
7,data/limb/subject07/StaticP4/subject7_limb_EMG.mat,StaticP4,5,EMG electrode 5,float64,75600,0,0,False,-5.82437e-05,1.12459e-05,-1.9545202687791007e-05,4.351899610303911e-06,-1.93027e-05,2.6856e-06,5.82437e-05,0,0,ok,extreme thresholds are audit flags only; units differ by modality
7,data/limb/subject07/StaticP4/subject7_limb_EMG.mat,StaticP4,6,EMG electrode 6,float64,75600,0,0,False,-5.00191e-05,2.09812e-05,-7.782364690357143e-06,5.238389258982999e-06,-7.72107e-06,3.189139999999999e-06,5.00191e-05,0,0,ok,extreme thresholds are audit flags only; units differ by modality
7,data/limb/subject07/StaticP4/subject7_limb_EMG.mat,StaticP4,7,ACC.X electrode 1,float64,75600,0,0,False,-0.4013620362669612,0.4183992130098774,0.06515992227972739,0.0432762610797317,0.06489419315950462,0.023060230631380366,0.4183992130098774,0,0,ok,extreme thresholds are audit flags only; units differ by modality
7,data/limb/subject07/StaticP4/subject7_limb_EMG.mat,StaticP4,8,ACC.Y electrode 1,float64,75600,0,0,False,-1.2518500468639815,0.26224535060147613,-0.9731198532011385,0.03135953846678269,-0.9757814434683705,0.008508072210938633,1.2518500468639815,0,84,ok,extreme thresholds are audit flags only; units differ by modality
7,data/limb/subject07/StaticP4/subject7_limb_EMG.mat,StaticP4,9,ACC.Z electrode 1,float64,75600,0,0,False,-0.04138431533487536,0.28028799886558825,0.1568973962999063,0.028723429164675657,0.1592065267749887,0.020495133822131265,0.28028799886558825,0,0,ok,extreme thresholds are audit flags only; units differ by modality
7,data/limb/subject07/StaticP4/subject7_limb_EMG.mat,StaticP4,10,GYRO.X electrode 1,float64,75600,0,0,False,-51.836306157948194,26.546719726978033,-13.048056035451872,3.3273192088466397,-13.078251637960772,1.4380186893001232,51.836306157948194,0,0,ok,extreme thresholds are audit flags only; units differ by modality
7,data/limb/subject07/StaticP4/subject7_limb_EMG.mat,StaticP4,11,GYRO.Y electrode 1,float64,75600,0,0,False,-95.43299010383467,96.97833658401306,0.30631105016126925,9.419460766568433,0.39541844403210047,3.792854942202579,96.97833658401306,0,0,ok,extreme thresholds are audit flags only; units differ by modality
7,data/limb/subject07/StaticP4/subject7_limb_EMG.mat,StaticP4,12,GYRO.Z electrode 1,float64,75600,0,0,False,-26.996766348298895,13.930489762960248,-1.7312044984313573,2.547024351065728,-1.7084690571816556,1.0816205099150302,26.996766348298895,0,0,ok,extreme thresholds are audit flags only; units differ by modality
7,data/limb/subject07/StaticP4/subject7_limb_EMG.mat,StaticP4,13,ACC.X electrode 2,float64,75600,0,0,False,-0.513340919265053,0.04413321581500204,-0.20940531040357468,0.03428094029739402,-0.20719056203269304,0.022456713777003243,0.513340919265053,0,0,ok,extreme thresholds are audit flags only; units differ by modality
7,data/limb/subject07/StaticP4/subject7_limb_EMG.mat,StaticP4,14,ACC.Y electrode 2,float64,75600,0,0,False,-1.0617311303679489,-0.08527380656558314,-0.918743962298391,0.014833134249805617,-0.919446399606229,0.008275794619581334,1.0617311303679489,0,2,ok,extreme thresholds are audit flags only; units differ by modality
7,data/limb/subject07/StaticP4/subject7_limb_EMG.mat,StaticP4,15,ACC.Z electrode 2,float64,75600,0,0,False,-0.5844567334987653,-0.03777772094351127,-0.42226774275389667,0.025924458400198795,-0.4188012182422002,0.015860088000938022,0.5844567334987653,0,0,ok,extreme thresholds are audit flags only; units differ by modality
7,data/limb/subject07/StaticP4/subject7_limb_EMG.mat,StaticP4,16,GYRO.X electrode 2,float64,75600,0,0,False,-24.574649909660852,9.87728426920016,-9.99156080903028,2.340742338188891,-9.977920441108651,1.20208846287451,24.574649909660852,0,0,ok,extreme thresholds are audit flags only; units differ by modality
7,data/limb/subject07/StaticP4/subject7_limb_EMG.mat,StaticP4,17,GYRO.Y electrode 2,float64,75600,0,0,False,-57.17255228072208,56.27272307620743,-3.217824145427881,5.7915376563408305,-2.941706864638233,2.237536246037707,57.17255228072208,0,0,ok,extreme thresholds are audit flags only; units differ by modality
7,data/limb/subject07/StaticP4/subject7_limb_EMG.mat,StaticP4,18,GYRO.Z electrode 2,float64,75600,0,0,False,-29.165915986068043,15.441107168560082,-3.663443531441119,2.5969281191375524,-3.689019715221458,1.1253596590271195,29.165915986068043,0,0,ok,extreme thresholds are audit flags only; units differ by modality
7,data/limb/subject07/StaticP4/subject7_limb_EMG.mat,StaticP4,19,ACC.X electrode 3,float64,75600,0,0,False,-0.2868293315608156,0.9617818393072745,0.3625960158791822,0.04068653084620816,0.36101268081290044,0.02045163123300492,0.9617818393072745,0,11,ok,extreme thresholds are audit flags only; units differ by modality
7,data/limb/subject07/StaticP4/subject7_limb_EMG.mat,StaticP4,20,ACC.Y electrode 3,float64,75600,0,0,False,-1.1746690734285317,-0.08496154306915528,-0.91622597722192,0.020009198711714797,-0.918092907238676,0.010618076943119337,1.1746690734285317,0,2,ok,extreme thresholds are audit flags only; units differ by modality
7,data/limb/subject07/StaticP4/subject7_limb_EMG.mat,StaticP4,21,ACC.Z electrode 3,float64,75600,0,0,False,-0.5116919656396867,0.026088436522081707,-0.2159382968603709,0.03552721084691773,-0.21441137161692098,0.023734277625489533,0.5116919656396867,0,0,ok,extreme thresholds are audit flags only; units differ by modality
7,data/limb/subject07/StaticP4/subject7_limb_EMG.mat,StaticP4,22,GYRO.X electrode 3,float64,75600,0,0,False,-15.58761091588767,32.40848713087187,17.122119450018175,3.259875529475527,17.228001789372417,1.4117868665611368,32.40848713087187,0,0,ok,extreme thresholds are audit flags only; units differ by modality
7,data/limb/subject07/StaticP4/subject7_limb_EMG.mat,StaticP4,23,GYRO.Y electrode 3,float64,75600,0,0,False,-73.61541151840323,165.59054582251383,2.975834733999975,8.410050230561659,2.962990635528412,3.0815929488695537,165.59054582251383,0,62,ok,extreme thresholds are audit flags only; units differ by modality
7,data/limb/subject07/StaticP4/subject7_limb_EMG.mat,StaticP4,24,GYRO.Z electrode 3,float64,75600,0,0,False,-46.86348039943418,19.2163154335279,2.1971706421649273,2.8513105854787315,2.2410454299154896,1.3314655238939814,46.86348039943418,0,17,ok,extreme thresholds are audit flags only; units differ by modality
7,data/limb/subject07/StaticP4/subject7_limb_EMG.mat,StaticP4,25,ACC.X electrode 4,float64,75600,0,0,False,-0.3896796028361059,1.0093971761752183,0.32097992706082373,0.04643324406499795,0.31705482620660946,0.024412941413178568,1.0093971761752183,0,0,ok,extreme thresholds are audit flags only; units differ by modality
7,data/limb/subject07/StaticP4/subject7_limb_EMG.mat,StaticP4,26,ACC.Y electrode 4,float64,75600,0,0,False,-1.0824588391669796,-0.08685633315143115,-0.9394114913175291,0.014053725318017575,-0.9403471039979621,0.007372868148364131,1.0824588391669796,0,2,ok,extreme thresholds are audit flags only; units differ by modality
7,data/limb/subject07/StaticP4/subject7_limb_EMG.mat,StaticP4,27,ACC.Z electrode 4,float64,75600,0,0,False,-0.1544715238794693,0.28460617118878434,0.07072120738605285,0.03470525571713133,0.070572776126935,0.02102361656324276,0.28460617118878434,0,0,ok,extreme thresholds are audit flags only; units differ by modality
7,data/limb/subject07/StaticP4/subject7_limb_EMG.mat,StaticP4,28,GYRO.X electrode 4,float64,75600,0,0,False,-19.876910028200083,27.22591652385116,3.2183697257248296,2.4718583266061622,3.2488354340904175,1.1131595866971458,27.22591652385116,0,0,ok,extreme thresholds are audit flags only; units differ by modality
7,data/limb/subject07/StaticP4/subject7_limb_EMG.mat,StaticP4,29,GYRO.Y electrode 4,float64,75600,0,0,False,-56.867566525513915,168.1621000107303,6.566696013787783,9.099568818164357,6.624268993323486,3.626504932850101,168.1621000107303,0,32,ok,extreme thresholds are audit flags only; units differ by modality
7,data/limb/subject07/StaticP4/subject7_limb_EMG.mat,StaticP4,30,GYRO.Z electrode 4,float64,75600,0,0,False,-33.749176212160975,17.741384706735417,3.465505056096835,2.850754398526509,3.5574912473306375,1.225821173940047,33.749176212160975,0,11,ok,extreme thresholds are audit flags only; units differ by modality
7,data/limb/subject07/StaticP4/subject7_limb_EMG.mat,StaticP4,31,ACC.X electrode 5,float64,75600,0,0,False,-0.312691175668296,-0.01616093600994804,-0.19492508092191746,0.025521611291788763,-0.19343946327437253,0.013172736476267585,0.312691175668296,0,0,ok,extreme thresholds are audit flags only; units differ by modality
7,data/limb/subject07/StaticP4/subject7_limb_EMG.mat,StaticP4,32,ACC.Y electrode 5,float64,75600,0,0,False,-1.1065773453774712,-0.08948923673513151,-0.9661972881761265,0.014714814277401296,-0.9659816858628036,0.00732983856111491,1.1065773453774712,0,2,ok,extreme thresholds are audit flags only; units differ by modality
7,data/limb/subject07/StaticP4/subject7_limb_EMG.mat,StaticP4,33,ACC.Z electrode 5,float64,75600,0,0,False,-0.3479950941428728,-0.018116525034669984,-0.22298327482695415,0.02071778218365415,-0.22231752307472183,0.013453252905767835,0.3479950941428728,0,0,ok,extreme thresholds are audit flags only; units differ by modality
7,data/limb/subject07/StaticP4/subject7_limb_EMG.mat,StaticP4,34,GYRO.X electrode 5,float64,75600,0,0,False,-21.35773081895951,33.747976770934535,5.057282220718709,3.0954394970878103,5.129881811650405,1.463161700382439,33.747976770934535,0,0,ok,extreme thresholds are audit flags only; units differ by modality
7,data/limb/subject07/StaticP4/subject7_limb_EMG.mat,StaticP4,35,GYRO.Y electrode 5,float64,75600,0,0,False,-37.15194259934926,31.684933544666873,5.404513414950618,4.909357404533044,5.46486498373287,2.2564111342054707,37.15194259934926,0,0,ok,extreme thresholds are audit flags only; units differ by modality
7,data/limb/subject07/StaticP4/subject7_limb_EMG.mat,StaticP4,36,GYRO.Z electrode 5,float64,75600,0,0,False,-14.093178700708389,45.84058362508247,-1.7068912546550843,3.2551520046750473,-1.9383983802222131,1.398324272508185,45.84058362508247,0,25,ok,extreme thresholds are audit flags only; units differ by modality
7,data/limb/subject07/StaticP4/subject7_limb_EMG.mat,StaticP4,37,ACC.X electrode 6,float64,75600,0,0,False,-0.30150776959154824,0.39014495285415124,0.13562423609812646,0.0371030458351165,0.13666347738715928,0.01676666419488055,0.39014495285415124,0,0,ok,extreme thresholds are audit flags only; units differ by modality
7,data/limb/subject07/StaticP4/subject7_limb_EMG.mat,StaticP4,38,ACC.Y electrode 6,float64,75600,0,0,False,-1.099575461329017,-0.0891329879933232,-0.9715202260005055,0.01129990779220203,-0.9714963363254902,0.0053292040301902155,1.099575461329017,0,2,ok,extreme thresholds are audit flags only; units differ by modality
7,data/limb/subject07/StaticP4/subject7_limb_EMG.mat,StaticP4,39,ACC.Z electrode 6,float64,75600,0,0,False,-0.35080850579275946,-0.01970605075040162,-0.22135518980342833,0.023640550161787434,-0.22028373024735587,0.01618024293874737,0.35080850579275946,0,0,ok,extreme thresholds are audit flags only; units differ by modality
7,data/limb/subject07/StaticP4/subject7_limb_EMG.mat,StaticP4,40,GYRO.X electrode 6,float64,75600,0,0,False,-15.259212259553951,22.146133671015782,-0.934899991059649,2.3121353747379354,-1.0199998975118154,1.0287734732637264,22.146133671015782,0,0,ok,extreme thresholds are audit flags only; units differ by modality
7,data/limb/subject07/StaticP4/subject7_limb_EMG.mat,StaticP4,41,GYRO.Y electrode 6,float64,75600,0,0,False,-95.10135192439444,84.85894481696225,6.219616349265621,7.789612154872122,6.414292201784322,3.2419493440216325,95.10135192439444,0,11,ok,extreme thresholds are audit flags only; units differ by modality
7,data/limb/subject07/StaticP4/subject7_limb_EMG.mat,StaticP4,42,GYRO.Z electrode 6,float64,75600,0,0,False,-28.067677348755254,11.466203929275933,-0.9023731315066527,2.256318434153932,-0.7657981089932049,1.003681982099121,28.067677348755254,0,0,ok,extreme thresholds are audit flags only; units differ by modality
7,data/limb/subject07/StaticP9/subject7_limb_EMG.mat,StaticP9,1,EMG electrode 1,float64,75600,0,0,False,-0.000147036,0.000143847,1.2380465243386245e-07,1.9133721229862306e-05,0.0,7.21752e-06,0.000147036,0,0,ok,extreme thresholds are audit flags only; units differ by modality
7,data/limb/subject07/StaticP9/subject7_limb_EMG.mat,StaticP9,2,EMG electrode 2,float64,75600,0,0,False,-0.000207294,0.000252949,3.963342671904762e-06,1.9284783481247534e-05,3.69268e-06,6.21042e-06,0.000252949,0,10,ok,extreme thresholds are audit flags only; units differ by modality
7,data/limb/subject07/StaticP9/subject7_limb_EMG.mat,StaticP9,3,EMG electrode 3,float64,75600,0,0,False,-0.000158785,0.000335363,9.190844303201058e-06,1.6283701584028015e-05,9.23171e-06,4.3640800000000006e-06,0.000335363,0,77,ok,extreme thresholds are audit flags only; units differ by modality
7,data/limb/subject07/StaticP9/subject7_limb_EMG.mat,StaticP9,4,EMG electrode 4,float64,75600,0,0,False,-0.000109773,8.67781e-05,-2.1190520541137567e-05,8.547491467173412e-06,-2.13169e-05,3.6926999999999994e-06,0.000109773,0,0,ok,extreme thresholds are audit flags only; units differ by modality
7,data/limb/subject07/StaticP9/subject7_limb_EMG.mat,StaticP9,5,EMG electrode 5,float64,75600,0,0,False,-0.000108934,2.88701e-05,-1.9623545161044974e-05,6.1160986569595655e-06,-1.96384e-05,3.3568999999999983e-06,0.000108934,0,0,ok,extreme thresholds are audit flags only; units differ by modality
7,data/limb/subject07/StaticP9/subject7_limb_EMG.mat,StaticP9,6,EMG electrode 6,float64,75600,0,0,False,-0.000171206,0.000142504,-7.723426139074074e-06,1.7561951379992738e-05,-8.22461e-06,8.05679e-06,0.000171206,0,0,ok,extreme thresholds are audit flags only; units differ by modality
7,data/limb/subject07/StaticP9/subject7_limb_EMG.mat,StaticP9,7,ACC.X electrode 1,float64,75600,0,0,False,-0.9845204031866265,0.313869083142629,-0.49175769732351504,0.2616369863568787,-0.6104616186064473,0.04769603546205348,0.9845204031866265,0,0,ok,extreme thresholds are audit flags only; units differ by modality
7,data/limb/subject07/StaticP9/subject7_limb_EMG.mat,StaticP9,8,ACC.Y electrode 1,float64,75600,0,0,False,-1.1110383911755317,0.10178060188434575,-0.235204352974976,0.3678352056991861,-0.06368074279621064,0.03328490292715426,1.1110383911755317,0,37,ok,extreme thresholds are audit flags only; units differ by modality
7,data/limb/subject07/StaticP9/subject7_limb_EMG.mat,StaticP9,9,ACC.Z electrode 1,float64,75600,0,0,False,-0.20357865847924872,0.9348008616177328,0.6014162641015367,0.23021226835107006,0.7120911520763671,0.03252191674818811,0.9348008616177328,0,0,ok,extreme thresholds are audit flags only; units differ by modality
7,data/limb/subject07/StaticP9/subject7_limb_EMG.mat,StaticP9,10,GYRO.X electrode 1,float64,75600,0,0,False,-44.24277716928576,12.290070057867018,-13.169849022071219,3.4122064583061738,-13.176255582637044,1.1762168216790778,44.24277716928576,0,0,ok,extreme thresholds are audit flags only; units differ by modality
7,data/limb/subject07/StaticP9/subject7_limb_EMG.mat,StaticP9,11,GYRO.Y electrode 1,float64,75600,0,0,False,-142.8238875417649,158.87591010611595,0.4294232931247228,12.40422024602797,0.21235990148430806,3.69590737037611,158.87591010611595,0,227,ok,extreme thresholds are audit flags only; units differ by modality
7,data/limb/subject07/StaticP9/subject7_limb_EMG.mat,StaticP9,12,GYRO.Z electrode 1,float64,75600,0,0,False,-31.555947708929164,30.38500856069215,-1.3840169311751898,3.0082794363213714,-1.5105114085614373,1.1909061612853964,31.555947708929164,0,0,ok,extreme thresholds are audit flags only; units differ by modality
7,data/limb/subject07/StaticP9/subject7_limb_EMG.mat,StaticP9,13,ACC.X electrode 2,float64,75600,0,0,False,-0.3786142594375696,0.18570953497786566,-0.14296432724566357,0.04597871499654936,-0.14787151904651527,0.027466961420324572,0.3786142594375696,0,0,ok,extreme thresholds are audit flags only; units differ by modality
7,data/limb/subject07/StaticP9/subject7_limb_EMG.mat,StaticP9,14,ACC.Y electrode 2,float64,75600,0,0,False,-1.042762423361547,0.2514539221361489,-0.07631460152334604,0.4151140490474239,0.11700476447587203,0.03273445986092372,1.042762423361547,0,14840,ok,extreme thresholds are audit flags only; units differ by modality
7,data/limb/subject07/StaticP9/subject7_limb_EMG.mat,StaticP9,15,ACC.Z electrode 2,float64,75600,0,0,False,-1.1678248916900207,-0.09727212707021812,-0.9536514943621677,0.23349223921799234,-1.0658839440763903,0.013967114762068689,1.1678248916900207,0,15067,ok,extreme thresholds are audit flags only; units differ by modality
7,data/limb/subject07/StaticP9/subject7_limb_EMG.mat,StaticP9,16,GYRO.X electrode 2,float64,75600,0,0,False,-48.06827198411757,9.31890000640684,-9.88050943025383,2.5722417981935624,-9.865555255815718,1.1451594403871956,48.06827198411757,0,6,ok,extreme thresholds are audit flags only; units differ by modality
7,data/limb/subject07/StaticP9/subject7_limb_EMG.mat,StaticP9,17,GYRO.Y electrode 2,float64,75600,0,0,False,-142.37973317177327,144.92592302552725,-2.613400253179416,10.192792105926019,-2.861780416579146,2.555778309956975,144.92592302552725,0,356,ok,extreme thresholds are audit flags only; units differ by modality
7,data/limb/subject07/StaticP9/subject7_limb_EMG.mat,StaticP9,18,GYRO.Z electrode 2,float64,75600,0,0,False,-76.51049299570252,44.633419927904356,-3.8911294404891574,4.016131802512745,-3.844045371928545,1.2236543094067127,76.51049299570252,0,186,ok,extreme thresholds are audit flags only; units differ by modality
7,data/limb/subject07/StaticP9/subject7_limb_EMG.mat,StaticP9,19,ACC.X electrode 3,float64,75600,0,0,False,-0.25898612811861366,1.1898859242000654,0.8725550422448707,0.22387889695367105,0.9761210948060588,0.024530578541280934,1.1898859242000654,0,15,ok,extreme thresholds are audit flags only; units differ by modality
7,data/limb/subject07/StaticP9/subject7_limb_EMG.mat,StaticP9,20,ACC.Y electrode 3,float64,75600,0,0,False,-1.035553904430873,0.3790195572055548,-0.025380829276255602,0.43517749119821486,0.17795000954535545,0.03412347512365514,1.035553904430873,0,14776,ok,extreme thresholds are audit flags only; units differ by modality
7,data/limb/subject07/StaticP9/subject7_limb_EMG.mat,StaticP9,21,ACC.Z electrode 3,float64,75600,0,0,False,-0.40416986295456375,0.04844399041069278,-0.1264738365738034,0.051680305195447966,-0.13805294812726554,0.031005754907639932,0.40416986295456375,0,0,ok,extreme thresholds are audit flags only; units differ by modality
7,data/limb/subject07/StaticP9/subject7_limb_EMG.mat,StaticP9,22,GYRO.X electrode 3,float64,75600,0,0,False,-30.60459535513797,109.26337136821613,17.33198997693285,4.131485415616173,17.317820707396066,1.2804721080148234,109.26337136821613,0,173,ok,extreme thresholds are audit flags only; units differ by modality
7,data/limb/subject07/StaticP9/subject7_limb_EMG.mat,StaticP9,23,GYRO.Y electrode 3,float64,75600,0,0,False,-138.9603014341369,168.10981581158174,3.1546935557725067,10.88716943225411,2.904847623611891,2.737347359463583,168.10981581158174,0,336,ok,extreme thresholds are audit flags only; units differ by modality
7,data/limb/subject07/StaticP9/subject7_limb_EMG.mat,StaticP9,24,GYRO.Z electrode 3,float64,75600,0,0,False,-35.74344773830147,27.122477017875422,2.3261061721841654,3.0327680630155625,2.334954082160767,1.2013232406299226,35.74344773830147,0,9,ok,extreme thresholds are audit flags only; units differ by modality
7,data/limb/subject07/StaticP9/subject7_limb_EMG.mat,StaticP9,25,ACC.X electrode 4,float64,75600,0,0,False,0.0750278816838136,1.073296584743611,0.7016554585497154,0.18368346752201398,0.7738458128345493,0.04430773660918452,1.073296584743611,0,0,ok,extreme thresholds are audit flags only; units differ by modality
7,data/limb/subject07/StaticP9/subject7_limb_EMG.mat,StaticP9,26,ACC.Y electrode 4,float64,75600,0,0,False,-1.0622896016221255,0.3445823122104548,-0.060684239286698895,0.42895888613499805,0.13997644535749046,0.03512362892607193,1.0622896016221255,0,14001,ok,extreme thresholds are audit flags only; units differ by modality
7,data/limb/subject07/StaticP9/subject7_limb_EMG.mat,StaticP9,27,ACC.Z electrode 4,float64,75600,0,0,False,0.02053454966301579,0.6509414271187066,0.44626216475256186,0.15614597922279908,0.5009163290264795,0.04703313505209111,0.6509414271187066,0,0,ok,extreme thresholds are audit flags only; units differ by modality
7,data/limb/subject07/StaticP9/subject7_limb_EMG.mat,StaticP9,28,GYRO.X electrode 4,float64,75600,0,0,False,-26.051451500013542,47.35148308611045,3.396898573014209,2.987845076455087,3.3092116453402864,1.0344112543727462,47.35148308611045,0,56,ok,extreme thresholds are audit flags only; units differ by modality
7,data/limb/subject07/StaticP9/subject7_limb_EMG.mat,StaticP9,29,GYRO.Y electrode 4,float64,75600,0,0,False,-116.23359181542952,165.7824995738011,6.953296294109723,10.416221351850892,6.530805416640902,2.8553781370534206,165.7824995738011,0,329,ok,extreme thresholds are audit flags only; units differ by modality
7,data/limb/subject07/StaticP9/subject7_limb_EMG.mat,StaticP9,30,GYRO.Z electrode 4,float64,75600,0,0,False,-35.112992435939724,24.30362991709515,3.749967884649716,2.693677513951972,3.739744506487294,0.8853884987780929,35.112992435939724,0,165,ok,extreme thresholds are audit flags only; units differ by modality
7,data/limb/subject07/StaticP9/subject7_limb_EMG.mat,StaticP9,31,ACC.X electrode 5,float64,75600,0,0,False,-0.7861737532679767,-0.03162471307763578,-0.4459877986144517,0.15426733387179087,-0.505845272586507,0.030311654960229417,0.7861737532679767,0,0,ok,extreme thresholds are audit flags only; units differ by modality
7,data/limb/subject07/StaticP9/subject7_limb_EMG.mat,StaticP9,32,ACC.Y electrode 5,float64,75600,0,0,False,-1.0997339831353798,0.13373551109575987,-0.1808193455956899,0.39042991240040814,0.0008631882018721941,0.03617887393630622,1.0997339831353798,0,12,ok,extreme thresholds are audit flags only; units differ by modality
7,data/limb/subject07/StaticP9/subject7_limb_EMG.mat,StaticP9,33,ACC.Z electrode 5,float64,75600,0,0,False,-1.115993643210251,-0.08134014040420898,-0.802003268948541,0.2590528907549414,-0.9228996892253166,0.023980656680497536,1.115993643210251,0,179,ok,extreme thresholds are audit flags only; units differ by modality
7,data/limb/subject07/StaticP9/subject7_limb_EMG.mat,StaticP9,34,GYRO.X electrode 5,float64,75600,0,0,False,-46.99233705828131,34.14963480508853,5.103241763341824,4.029715333779781,5.144428084102413,1.7963502340058077,46.99233705828131,0,0,ok,extreme thresholds are audit flags only; units differ by modality
7,data/limb/subject07/StaticP9/subject7_limb_EMG.mat,StaticP9,35,GYRO.Y electrode 5,float64,75600,0,0,False,-143.18642418734782,150.94285582813873,5.532047268125822,14.146600159229349,5.518222630921093,5.240999423689722,150.94285582813873,0,0,ok,extreme thresholds are audit flags only; units differ by modality
7,data/limb/subject07/StaticP9/subject7_limb_EMG.mat,StaticP9,36,GYRO.Z electrode 5,float64,75600,0,0,False,-105.33026736248105,100.42133083347568,-2.562580143800356,6.358661172146431,-2.204092286402065,1.3683454020769374,105.33026736248105,0,412,ok,extreme thresholds are audit flags only; units differ by modality
7,data/limb/subject07/StaticP9/subject7_limb_EMG.mat,StaticP9,37,ACC.X electrode 6,float64,75600,0,0,False,-0.01440273437381518,0.9489901198367552,0.44486130439300525,0.16680995380650113,0.5043066626984949,0.046714788451027,0.9489901198367552,0,0,ok,extreme thresholds are audit flags only; units differ by modality
7,data/limb/subject07/StaticP9/subject7_limb_EMG.mat,StaticP9,38,ACC.Y electrode 6,float64,75600,0,0,False,-1.117444875784879,0.002206196653692404,-0.34067977628067236,0.32213548644727796,-0.19513198735707105,0.03699262348750415,1.117444875784879,0,0,ok,extreme thresholds are audit flags only; units differ by modality
7,data/limb/subject07/StaticP9/subject7_limb_EMG.mat,StaticP9,39,ACC.Z electrode 6,float64,75600,0,0,False,-0.2824220024519551,0.9149213336641476,0.5860855933811794,0.3681159210577827,0.7593979256619032,0.030828528662826593,0.9149213336641476,0,8162,ok,extreme thresholds are audit flags only; units differ by modality
7,data/limb/subject07/StaticP9/subject7_limb_EMG.mat,StaticP9,40,GYRO.X electrode 6,float64,75600,0,0,False,-17.1598523000793,39.23368722069578,-1.0694731409161142,2.6531807448856792,-1.079330772198862,0.932745185033917,39.23368722069578,0,168,ok,extreme thresholds are audit flags only; units differ by modality
7,data/limb/subject07/StaticP9/subject7_limb_EMG.mat,StaticP9,41,GYRO.Y electrode 6,float64,75600,0,0,False,-166.01310274170032,154.0037362128672,6.755646055015895,12.987208029440508,6.409080010936854,3.843724633332801,166.01310274170032,0,180,ok,extreme thresholds are audit flags only; units differ by modality
7,data/limb/subject07/StaticP9/subject7_limb_EMG.mat,StaticP9,42,GYRO.Z electrode 6,float64,75600,0,0,False,-91.5638556011312,54.73191078969166,-0.37363914481470917,4.636503488748241,-0.6049960095238727,0.8652989624385841,91.5638556011312,0,606,ok,extreme thresholds are audit flags only; units differ by modality
7,data/limb/subject07/StaticP10/subject7_limb_EMG.mat,StaticP10,1,EMG electrode 1,float64,75600,0,0,False,-0.000127062,0.000201923,8.590481984126982e-08,1.6876104252908287e-05,-1.67849e-07,6.378269000000001e-06,0.000201923,0,2,ok,extreme thresholds are audit flags only; units differ by modality
7,data/limb/subject07/StaticP10/subject7_limb_EMG.mat,StaticP10,2,EMG electrode 2,float64,75600,0,0,False,-0.000209644,0.000335531,3.977403578214286e-06,2.4839678623286472e-05,3.86053e-06,8.056760000000001e-06,0.000335531,0,13,ok,extreme thresholds are audit flags only; units differ by modality
7,data/limb/subject07/StaticP10/subject7_limb_EMG.mat,StaticP10,3,EMG electrode 3,float64,75600,0,0,False,-0.000324453,0.000320424,9.198772617367723e-06,2.2223121684474323e-05,9.23171e-06,4.69979e-06,0.000324453,0,192,ok,extreme thresholds are audit flags only; units differ by modality
7,data/limb/subject07/StaticP10/subject7_limb_EMG.mat,StaticP10,4,EMG electrode 4,float64,75600,0,0,False,-9.38277e-05,7.83856e-05,-2.119661526948413e-05,8.411568116622044e-06,-2.13169e-05,3.6926999999999994e-06,9.38277e-05,0,0,ok,extreme thresholds are audit flags only; units differ by modality
7,data/limb/subject07/StaticP10/subject7_limb_EMG.mat,StaticP10,5,EMG electrode 5,float64,75600,0,0,False,-6.73075e-05,1.84634e-05,-1.9603624136044972e-05,4.965693950333558e-06,-1.94705e-05,2.853400000000002e-06,6.73075e-05,0,0,ok,extreme thresholds are audit flags only; units differ by modality
7,data/limb/subject07/StaticP10/subject7_limb_EMG.mat,StaticP10,6,EMG electrode 6,float64,75600,0,0,False,-6.32792e-05,5.63973e-05,-7.700183190436508e-06,6.6862966915543846e-06,-7.55322e-06,3.6926899999999995e-06,6.32792e-05,0,0,ok,extreme thresholds are audit flags only; units differ by modality
7,data/limb/subject07/StaticP10/subject7_limb_EMG.mat,StaticP10,7,ACC.X electrode 1,float64,75600,0,0,False,-0.44119752634194676,0.0848858163649858,-0.23397784165227967,0.12829676734494594,-0.2875621721059539,0.05059415932406669,0.44119752634194676,0,0,ok,extreme thresholds are audit flags only; units differ by modality
7,data/limb/subject07/StaticP10/subject7_limb_EMG.mat,StaticP10,8,ACC.Y electrode 1,float64,75600,0,0,False,-1.1254475835212912,1.1239685057627773,0.5535727606620264,0.7623835489505781,0.9238667831313475,0.027621387790178142,1.1254475835212912,0,15205,ok,extreme thresholds are audit flags only; units differ by modality
7,data/limb/subject07/StaticP10/subject7_limb_EMG.mat,StaticP10,9,ACC.Z electrode 1,float64,75600,0,0,False,-0.057344891509849234,0.2849049239164569,0.16681437765425242,0.03571125647286478,0.16774658073667947,0.023929313596216917,0.2849049239164569,0,0,ok,extreme thresholds are audit flags only; units differ by modality
7,data/limb/subject07/StaticP10/subject7_limb_EMG.mat,StaticP10,10,GYRO.X electrode 1,float64,75600,0,0,False,-47.13263978442373,24.18077134072074,-13.27731939526841,4.846487636555643,-13.165379758986012,2.3344672154182806,47.13263978442373,0,0,ok,extreme thresholds are audit flags only; units differ by modality
7,data/limb/subject07/StaticP10/subject7_limb_EMG.mat,StaticP10,11,GYRO.Y electrode 1,float64,75600,0,0,False,-68.09510649212164,38.44634258441377,0.43271066472259456,6.3196279415539065,0.47775860574271745,3.2216889587208377,68.09510649212164,0,0,ok,extreme thresholds are audit flags only; units differ by modality
7,data/limb/subject07/StaticP10/subject7_limb_EMG.mat,StaticP10,12,GYRO.Z electrode 1,float64,75600,0,0,False,-21.913286878362744,13.418918774921204,-1.7100720480776692,3.1358966874766554,-1.6244701789076659,1.5881793990746536,21.913286878362744,0,0,ok,extreme thresholds are audit flags only; units differ by modality
7,data/limb/subject07/StaticP10/subject7_limb_EMG.mat,StaticP10,13,ACC.X electrode 2,float64,75600,0,0,False,-0.2281920187256159,0.1671245437611594,0.0022092765643027283,0.0932650191296877,0.03537225539673078,0.04019034907278146,0.2281920187256159,0,0,ok,extreme thresholds are audit flags only; units differ by modality
7,data/limb/subject07/StaticP10/subject7_limb_EMG.mat,StaticP10,14,ACC.Y electrode 2,float64,75600,0,0,False,-1.0496552993229988,1.0941595569907043,0.6055888408019224,0.753732556258205,0.9742882725856588,0.015400209051300517,1.0941595569907043,0,15120,ok,extreme thresholds are audit flags only; units differ by modality
7,data/limb/subject07/StaticP10/subject7_limb_EMG.mat,StaticP10,15,ACC.Z electrode 2,float64,75600,0,0,False,-0.5961399192284929,-0.031232743556140388,-0.3226172167560249,0.10234130463862308,-0.3161407607272405,0.04086193988777234,0.5961399192284929,0,0,ok,extreme thresholds are audit flags only; units differ by modality
7,data/limb/subject07/StaticP10/subject7_limb_EMG.mat,StaticP10,16,GYRO.X electrode 2,float64,75600,0,0,False,-35.83880243222161,8.26011200817387,-9.88872178741184,3.0190710883209833,-9.81925558173344,1.4882049962591068,35.83880243222161,0,0,ok,extreme thresholds are audit flags only; units differ by modality
7,data/limb/subject07/StaticP10/subject7_limb_EMG.mat,StaticP10,17,GYRO.Y electrode 2,float64,75600,0,0,False,-33.15525362457216,27.462292335567987,-3.0039550156963384,4.954914183730981,-2.9081171747009815,2.6558086806953956,33.15525362457216,0,0,ok,extreme thresholds are audit flags only; units differ by modality
7,data/limb/subject07/StaticP10/subject7_limb_EMG.mat,StaticP10,18,GYRO.Z electrode 2,float64,75600,0,0,False,-22.759207055287735,12.104556259241841,-3.669071177695516,2.6524088824431713,-3.6431802167016185,1.3090546854223515,22.759207055287735,0,0,ok,extreme thresholds are audit flags only; units differ by modality
7,data/limb/subject07/StaticP10/subject7_limb_EMG.mat,StaticP10,19,ACC.X electrode 3,float64,75600,0,0,False,-0.13213267755659985,0.5437354955783134,0.21663723344092428,0.1187584927158056,0.1895233855853017,0.04420789476373678,0.5437354955783134,0,0,ok,extreme thresholds are audit flags only; units differ by modality
7,data/limb/subject07/StaticP10/subject7_limb_EMG.mat,StaticP10,20,ACC.Y electrode 3,float64,75600,0,0,False,-1.0389679901287119,1.1947279679602718,0.6154304454928616,0.7557999226725257,0.9821973450676499,0.027389594576159082,1.1947279679602718,0,15120,ok,extreme thresholds are audit flags only; units differ by modality
7,data/limb/subject07/StaticP10/subject7_limb_EMG.mat,StaticP10,21,ACC.Z electrode 3,float64,75600,0,0,False,-0.32052857643149946,0.08780671118395889,-0.09334896562778867,0.05864209651317072,-0.09184722911024393,0.04247524470688626,0.32052857643149946,0,0,ok,extreme thresholds are audit flags only; units differ by modality
7,data/limb/subject07/StaticP10/subject7_limb_EMG.mat,StaticP10,22,GYRO.X electrode 3,float64,75600,0,0,False,-19.063945640033715,63.6506822300844,17.27799431970226,6.27963531842071,17.317860095970815,3.04319159551744,63.6506822300844,0,0,ok,extreme thresholds are audit flags only; units differ by modality
7,data/limb/subject07/StaticP10/subject7_limb_EMG.mat,StaticP10,23,GYRO.Y electrode 3,float64,75600,0,0,False,-51.05171941417707,51.72441828930581,3.1183492702712776,7.5303337435150866,2.9895290432740995,3.722903563704805,51.72441828930581,0,0,ok,extreme thresholds are audit flags only; units differ by modality
7,data/limb/subject07/StaticP10/subject7_limb_EMG.mat,StaticP10,24,GYRO.Z electrode 3,float64,75600,0,0,False,-25.828702894085044,28.817833920265677,2.376121207238052,3.8538922248312835,2.262968871360722,1.9909059277031818,28.817833920265677,0,0,ok,extreme thresholds are audit flags only; units differ by modality
7,data/limb/subject07/StaticP10/subject7_limb_EMG.mat,StaticP10,25,ACC.X electrode 4,float64,75600,0,0,False,-0.04762712549922792,0.44273905800652813,0.19691393889609676,0.08294581300331244,0.17261155123812102,0.030466638070736046,0.44273905800652813,0,0,ok,extreme thresholds are audit flags only; units differ by modality
7,data/limb/subject07/StaticP10/subject7_limb_EMG.mat,StaticP10,26,ACC.Y electrode 4,float64,75600,0,0,False,-1.0610554759117492,1.173472930608439,0.5834979207903883,0.7507411576425328,0.9500852522243497,0.024639891617364185,1.173472930608439,0,15132,ok,extreme thresholds are audit flags only; units differ by modality
7,data/limb/subject07/StaticP10/subject7_limb_EMG.mat,StaticP10,27,ACC.Z electrode 4,float64,75600,0,0,False,-0.17327770027202624,0.36738919385460206,0.14326172068509183,0.062240966287440136,0.15490760060454045,0.03251483347065489,0.36738919385460206,0,0,ok,extreme thresholds are audit flags only; units differ by modality
7,data/limb/subject07/StaticP10/subject7_limb_EMG.mat,StaticP10,28,GYRO.X electrode 4,float64,75600,0,0,False,-41.976234109487415,50.03916767131043,3.18859399390325,4.924457171298024,3.326431547996158,2.407084034879574,50.03916767131043,0,0,ok,extreme thresholds are audit flags only; units differ by modality
7,data/limb/subject07/StaticP10/subject7_limb_EMG.mat,StaticP10,29,GYRO.Y electrode 4,float64,75600,0,0,False,-71.78920967562976,42.816217408487425,6.0020676937661905,5.666077589637651,6.203735211260296,2.8804222342647945,71.78920967562976,0,0,ok,extreme thresholds are audit flags only; units differ by modality
7,data/limb/subject07/StaticP10/subject7_limb_EMG.mat,StaticP10,30,GYRO.Z electrode 4,float64,75600,0,0,False,-41.09057731474729,54.54888769468983,3.6387581021618822,4.880215313085242,3.5925407494205155,2.354437830240129,54.54888769468983,0,0,ok,extreme thresholds are audit flags only; units differ by modality
7,data/limb/subject07/StaticP10/subject7_limb_EMG.mat,StaticP10,31,ACC.X electrode 5,float64,75600,0,0,False,-0.4661335052692869,-0.010932298478389765,-0.23587535771603388,0.06000772485772899,-0.23558234898399374,0.03714882387490817,0.4661335052692869,0,0,ok,extreme thresholds are audit flags only; units differ by modality
7,data/limb/subject07/StaticP10/subject7_limb_EMG.mat,StaticP10,32,ACC.Y electrode 5,float64,75600,0,0,False,-1.0996897601072113,0.12953010876656798,-0.15481254790057433,0.4041567863067622,0.03953514346155905,0.03781566841974513,1.0996897601072113,0,7,ok,extreme thresholds are audit flags only; units differ by modality
7,data/limb/subject07/StaticP10/subject7_limb_EMG.mat,StaticP10,33,ACC.Z electrode 5,float64,75600,0,0,False,-1.1591320667488596,-0.025609296721599943,-0.8900569149344066,0.30356483961273467,-1.0384744627216769,0.015713969611514944,1.1591320667488596,0,15120,ok,extreme thresholds are audit flags only; units differ by modality
7,data/limb/subject07/StaticP10/subject7_limb_EMG.mat,StaticP10,34,GYRO.X electrode 5,float64,75600,0,0,False,-12.925661797147283,19.99338896280486,4.98189646293757,2.7596900244873352,5.032146591865804,1.488189501502389,19.99338896280486,0,0,ok,extreme thresholds are audit flags only; units differ by modality
7,data/limb/subject07/StaticP10/subject7_limb_EMG.mat,StaticP10,35,GYRO.Y electrode 5,float64,75600,0,0,False,-94.18503204279902,73.55818879273643,5.330238135184121,8.260655711948118,5.625905045036818,3.306679812728909,94.18503204279902,0,8,ok,extreme thresholds are audit flags only; units differ by modality
7,data/limb/subject07/StaticP10/subject7_limb_EMG.mat,StaticP10,36,GYRO.Z electrode 5,float64,75600,0,0,False,-27.093910131437106,15.762113483782988,-2.1430321630808424,2.7284828183562144,-2.166547882331307,1.399306855077499,27.093910131437106,0,0,ok,extreme thresholds are audit flags only; units differ by modality
7,data/limb/subject07/StaticP10/subject7_limb_EMG.mat,StaticP10,37,ACC.X electrode 6,float64,75600,0,0,False,0.01235776895667072,0.4930439858031907,0.26896618294104946,0.08045438610440088,0.29901305604167205,0.03369359216814499,0.4930439858031907,0,0,ok,extreme thresholds are audit flags only; units differ by modality
7,data/limb/subject07/StaticP10/subject7_limb_EMG.mat,StaticP10,38,ACC.Y electrode 6,float64,75600,0,0,False,-1.1209365299163625,0.004979449144607045,-0.2742385534387214,0.35590482178078553,-0.10889530481044364,0.04746277018576189,1.1209365299163625,0,0,ok,extreme thresholds are audit flags only; units differ by modality
7,data/limb/subject07/StaticP10/subject7_limb_EMG.mat,StaticP10,39,ACC.Z electrode 6,float64,75600,0,0,False,-0.23453273860609056,1.0620331113633217,0.6844662819024689,0.409592446127746,0.8839766384497095,0.015576063563827014,1.0620331113633217,0,15120,ok,extreme thresholds are audit flags only; units differ by modality
7,data/limb/subject07/StaticP10/subject7_limb_EMG.mat,StaticP10,40,GYRO.X electrode 6,float64,75600,0,0,False,-27.294773580942014,18.0103705205517,-0.9540769238362021,2.3721366722945763,-0.9736101323534816,1.2987687469759832,27.294773580942014,0,0,ok,extreme thresholds are audit flags only; units differ by modality
7,data/limb/subject07/StaticP10/subject7_limb_EMG.mat,StaticP10,41,GYRO.Y electrode 6,float64,75600,0,0,False,-69.73492680204565,89.83465772710184,6.587131362397481,7.39447817037663,6.516185545161812,3.1815371872831237,89.83465772710184,0,0,ok,extreme thresholds are audit flags only; units differ by modality
7,data/limb/subject07/StaticP10/subject7_limb_EMG.mat,StaticP10,42,GYRO.Z electrode 6,float64,75600,0,0,False,-25.006896334742056,15.035626426275128,-0.7050184809441085,2.27058114422193,-0.662741648426008,1.197092435110969,25.006896334742056,0,0,ok,extreme thresholds are audit flags only; units differ by modality
7,data/limb/subject07/StaticP14/subject7_limb_EMG.mat,StaticP14,1,EMG electrode 1,float64,75600,0,0,False,-0.000176074,0.000146197,6.779241371693122e-08,1.951036464151457e-05,0.0,7.55322e-06,0.000176074,0,0,ok,extreme thresholds are audit flags only; units differ by modality
7,data/limb/subject07/StaticP14/subject7_limb_EMG.mat,StaticP14,2,EMG electrode 2,float64,75600,0,0,False,-0.00020528,0.000266712,3.9451434517857144e-06,2.1984612287534654e-05,3.52483e-06,7.385369999999999e-06,0.000266712,0,5,ok,extreme thresholds are audit flags only; units differ by modality
7,data/limb/subject07/StaticP14/subject7_limb_EMG.mat,StaticP14,3,EMG electrode 3,float64,75600,0,0,False,-0.00020293,0.000283162,9.208366497063492e-06,1.663761657528867e-05,9.06386e-06,4.86764e-06,0.000283162,0,56,ok,extreme thresholds are audit flags only; units differ by modality
7,data/limb/subject07/StaticP14/subject7_limb_EMG.mat,StaticP14,4,EMG electrode 4,float64,75600,0,0,False,-0.000117327,7.20073e-05,-2.104506711702381e-05,8.870278799543686e-06,-2.09812e-05,4.0284e-06,0.000117327,0,0,ok,extreme thresholds are audit flags only; units differ by modality
7,data/limb/subject07/StaticP14/subject7_limb_EMG.mat,StaticP14,5,EMG electrode 5,float64,75600,0,0,False,-9.88632e-05,4.91798e-05,-1.954882422609788e-05,8.705747327138731e-06,-1.93027e-05,4.364100000000001e-06,9.88632e-05,0,0,ok,extreme thresholds are audit flags only; units differ by modality
7,data/limb/subject07/StaticP14/subject7_limb_EMG.mat,StaticP14,6,EMG electrode 6,float64,75600,0,0,False,-0.000186816,0.000124376,-7.656878966891534e-06,2.1236972598074653e-05,-7.88891e-06,9.567400000000001e-06,0.000186816,0,0,ok,extreme thresholds are audit flags only; units differ by modality
7,data/limb/subject07/StaticP14/subject7_limb_EMG.mat,StaticP14,7,ACC.X electrode 1,float64,75600,0,0,False,-0.8743197044512934,0.16725244322256635,-0.3945007430675807,0.20950016864634377,-0.48165899105354343,0.0700660805014316,0.8743197044512934,0,0,ok,extreme thresholds are audit flags only; units differ by modality
7,data/limb/subject07/StaticP14/subject7_limb_EMG.mat,StaticP14,8,ACC.Y electrode 1,float64,75600,0,0,False,-1.108415160232661,0.7739728180374916,0.25121271074280416,0.6122435878561397,0.5465699321335895,0.056923525300515226,1.108415160232661,0,0,ok,extreme thresholds are audit flags only; units differ by modality
7,data/limb/subject07/StaticP14/subject7_limb_EMG.mat,StaticP14,9,ACC.Z electrode 1,float64,75600,0,0,False,-0.18081897191905014,0.7755815479877219,0.5126825203202472,0.17260222692511978,0.5835268588737628,0.04314670781651775,0.7755815479877219,0,0,ok,extreme thresholds are audit flags only; units differ by modality
7,data/limb/subject07/StaticP14/subject7_limb_EMG.mat,StaticP14,10,GYRO.X electrode 1,float64,75600,0,0,False,-62.908209885596285,7.262314521475143,-13.191784514457328,3.6688154446847268,-13.236585718548394,1.6593958233279542,62.908209885596285,0,3,ok,extreme thresholds are audit flags only; units differ by modality
7,data/limb/subject07/StaticP14/subject7_limb_EMG.mat,StaticP14,11,GYRO.Y electrode 1,float64,75600,0,0,False,-56.628128814479076,94.75377620545292,0.14093013371088947,10.919438212542325,0.43897032759021626,5.2526125942515,94.75377620545292,0,0,ok,extreme thresholds are audit flags only; units differ by modality
7,data/limb/subject07/StaticP14/subject7_limb_EMG.mat,StaticP14,12,GYRO.Z electrode 1,float64,75600,0,0,False,-21.477845255671316,22.7653984425624,-1.3984448663926554,3.105063349353133,-1.540672229062983,1.590869421005694,22.7653984425624,0,0,ok,extreme thresholds are audit flags only; units differ by modality
7,data/limb/subject07/StaticP14/subject7_limb_EMG.mat,StaticP14,13,ACC.X electrode 2,float64,75600,0,0,False,-0.4766390963740325,0.14532671384814141,-0.15602171637980936,0.04945949552929626,-0.15324172849242929,0.027277419764855385,0.4766390963740325,0,0,ok,extreme thresholds are audit flags only; units differ by modality
7,data/limb/subject07/StaticP14/subject7_limb_EMG.mat,StaticP14,14,ACC.Y electrode 2,float64,75600,0,0,False,-1.0286490486995343,0.8894225994789157,0.3775504403450899,0.6355794785746606,0.6792917018769425,0.04771178712482549,1.0286490486995343,0,15117,ok,extreme thresholds are audit flags only; units differ by modality
7,data/limb/subject07/StaticP14/subject7_limb_EMG.mat,StaticP14,15,ACC.Z electrode 2,float64,75600,0,0,False,-0.9078696030210135,-0.07405380019139374,-0.7352843581312876,0.11730129153635963,-0.7729992365520693,0.055149085634168704,0.9078696030210135,0,0,ok,extreme thresholds are audit flags only; units differ by modality
7,data/limb/subject07/StaticP14/subject7_limb_EMG.mat,StaticP14,16,GYRO.X electrode 2,float64,75600,0,0,False,-32.11500282714256,10.164304568868147,-9.831250401300025,2.621441283841627,-9.773342019359848,1.3330152183018376,32.11500282714256,0,0,ok,extreme thresholds are audit flags only; units differ by modality
7,data/limb/subject07/StaticP14/subject7_limb_EMG.mat,StaticP14,17,GYRO.Y electrode 2,float64,75600,0,0,False,-48.93621645211737,75.00408463013687,-2.916744758013716,6.9514166553755,-2.815743237378868,3.2777796112871007,75.00408463013687,0,0,ok,extreme thresholds are audit flags only; units differ by modality
7,data/limb/subject07/StaticP14/subject7_limb_EMG.mat,StaticP14,18,GYRO.Z electrode 2,float64,75600,0,0,False,-35.896913381747,12.227811675850866,-4.070144544042063,3.0428537392443245,-3.9599250600382545,1.5382454742404685,35.896913381747,0,0,ok,extreme thresholds are audit flags only; units differ by modality
7,data/limb/subject07/StaticP14/subject7_limb_EMG.mat,StaticP14,19,ACC.X electrode 3,float64,75600,0,0,False,0.06555804637778538,0.9249126648851113,0.6308127468789276,0.09965898848550037,0.6567749174890198,0.058465471324066765,0.9249126648851113,0,0,ok,extreme thresholds are audit flags only; units differ by modality
7,data/limb/subject07/StaticP14/subject7_limb_EMG.mat,StaticP14,20,ACC.Y electrode 3,float64,75600,0,0,False,-1.0189559718976628,0.9037792261865198,0.4200187076683255,0.6493531728393328,0.7294900914341622,0.04596231552703711,1.0189559718976628,0,15117,ok,extreme thresholds are audit flags only; units differ by modality
7,data/limb/subject07/StaticP14/subject7_limb_EMG.mat,StaticP14,21,ACC.Z electrode 3,float64,75600,0,0,False,-0.28889505264848475,0.036656213083974286,-0.1381816254479501,0.05694480908310942,-0.14651434527165014,0.03853099634492639,0.28889505264848475,0,0,ok,extreme thresholds are audit flags only; units differ by modality
7,data/limb/subject07/StaticP14/subject7_limb_EMG.mat,StaticP14,22,GYRO.X electrode 3,float64,75600,0,0,False,1.139117242367432,51.58701523038103,17.451863219729592,3.152403323432546,17.356499366946323,1.5964754492555109,51.58701523038103,0,0,ok,extreme thresholds are audit flags only; units differ by modality
7,data/limb/subject07/StaticP14/subject7_limb_EMG.mat,StaticP14,23,GYRO.Y electrode 3,float64,75600,0,0,False,-70.67203359084488,60.28444523226222,2.845072519598524,8.269328113965173,3.0108479872682876,3.96775935920952,70.67203359084488,0,0,ok,extreme thresholds are audit flags only; units differ by modality
7,data/limb/subject07/StaticP14/subject7_limb_EMG.mat,StaticP14,24,GYRO.Z electrode 3,float64,75600,0,0,False,-16.169741800406626,16.90024597124572,2.4427633010272514,2.9222676013138087,2.525913190481022,1.5688386292355414,16.90024597124572,0,0,ok,extreme thresholds are audit flags only; units differ by modality
7,data/limb/subject07/StaticP14/subject7_limb_EMG.mat,StaticP14,25,ACC.X electrode 4,float64,75600,0,0,False,0.06692103366165456,0.9332015289159931,0.5579171233011109,0.10766945830405766,0.584495487022372,0.05854674932461662,0.9332015289159931,0,0,ok,extreme thresholds are audit flags only; units differ by modality
7,data/limb/subject07/StaticP14/subject7_limb_EMG.mat,StaticP14,26,ACC.Y electrode 4,float64,75600,0,0,False,-1.0407769042488064,0.8764823136193494,0.3957657045832797,0.648740280083892,0.7038165206635714,0.046346308380153856,1.0407769042488064,0,15117,ok,extreme thresholds are audit flags only; units differ by modality
7,data/limb/subject07/StaticP14/subject7_limb_EMG.mat,StaticP14,27,ACC.Z electrode 4,float64,75600,0,0,False,0.014080480615433946,0.41825151531288585,0.24041218553700813,0.06508134295381818,0.23460356943794564,0.05514230361221811,0.41825151531288585,0,0,ok,extreme thresholds are audit flags only; units differ by modality
7,data/limb/subject07/StaticP14/subject7_limb_EMG.mat,StaticP14,28,GYRO.X electrode 4,float64,75600,0,0,False,-13.42435419786417,20.495902497116642,3.441616746056999,2.7652464819334623,3.280565090220567,1.3890529245767202,20.495902497116642,0,0,ok,extreme thresholds are audit flags only; units differ by modality
7,data/limb/subject07/StaticP14/subject7_limb_EMG.mat,StaticP14,29,GYRO.Y electrode 4,float64,75600,0,0,False,-46.8965178053112,92.07412587166434,6.635128166791289,8.369190267451705,6.762414514055681,3.9979903919474182,92.07412587166434,0,0,ok,extreme thresholds are audit flags only; units differ by modality
7,data/limb/subject07/StaticP14/subject7_limb_EMG.mat,StaticP14,30,GYRO.Z electrode 4,float64,75600,0,0,False,-6.235304245976181,17.249643889602478,3.9036122866237477,2.251218222582589,3.8286094231740235,1.2450380873790634,17.249643889602478,0,0,ok,extreme thresholds are audit flags only; units differ by modality
7,data/limb/subject07/StaticP14/subject7_limb_EMG.mat,StaticP14,31,ACC.X electrode 5,float64,75600,0,0,False,-0.6696424796723034,0.06549461521541193,-0.4580528362639621,0.17790801962923744,-0.5373970566867531,0.03002852105716669,0.6696424796723034,0,0,ok,extreme thresholds are audit flags only; units differ by modality
7,data/limb/subject07/StaticP14/subject7_limb_EMG.mat,StaticP14,32,ACC.Y electrode 5,float64,75600,0,0,False,-1.1030738492477508,0.7524243557633863,0.2443318065963169,0.6012258714424147,0.5250824696555747,0.04820165599093884,1.1030738492477508,0,14566,ok,extreme thresholds are audit flags only; units differ by modality
7,data/limb/subject07/StaticP14/subject7_limb_EMG.mat,StaticP14,33,ACC.Z electrode 5,float64,75600,0,0,False,-0.9050946771312771,-0.06152864961752293,-0.6398202121767721,0.16231475568284445,-0.7082542634083306,0.03729336796927474,0.9050946771312771,0,0,ok,extreme thresholds are audit flags only; units differ by modality
7,data/limb/subject07/StaticP14/subject7_limb_EMG.mat,StaticP14,34,GYRO.X electrode 5,float64,75600,0,0,False,-27.602897527664116,27.221692651359167,5.219180903034119,4.0291728319498565,5.247429239366308,2.2840517416186237,27.602897527664116,0,0,ok,extreme thresholds are audit flags only; units differ by modality
7,data/limb/subject07/StaticP14/subject7_limb_EMG.mat,StaticP14,35,GYRO.Y electrode 5,float64,75600,0,0,False,-72.80494385054882,73.31953143205979,5.376304609375883,10.39590545719171,5.509025896509101,5.51997170968794,73.31953143205979,0,0,ok,extreme thresholds are audit flags only; units differ by modality
7,data/limb/subject07/StaticP14/subject7_limb_EMG.mat,StaticP14,36,GYRO.Z electrode 5,float64,75600,0,0,False,-28.088610529525884,14.66654107254746,-2.389222585865809,3.083513952708423,-2.3208963487977945,1.5399783610768305,28.088610529525884,0,0,ok,extreme thresholds are audit flags only; units differ by modality
7,data/limb/subject07/StaticP14/subject7_limb_EMG.mat,StaticP14,37,ACC.X electrode 6,float64,75600,0,0,False,-0.04604708786177709,0.9553739193624288,0.4949794847088986,0.19127643793473761,0.5721618162430918,0.04665327321528834,0.9553739193624288,0,0,ok,extreme thresholds are audit flags only; units differ by modality
7,data/limb/subject07/StaticP14/subject7_limb_EMG.mat,StaticP14,38,ACC.Y electrode 6,float64,75600,0,0,False,-1.1448000389861883,0.6562396384394455,0.15817977327725843,0.5730315954224156,0.42110182792920814,0.060792582547769564,1.1448000389861883,0,0,ok,extreme thresholds are audit flags only; units differ by modality
7,data/limb/subject07/StaticP14/subject7_limb_EMG.mat,StaticP14,39,ACC.Z electrode 6,float64,75600,0,0,False,-0.23162917841062594,0.8401348993746655,0.47478393450854867,0.2912537117210258,0.6073530744094371,0.03877249591371568,0.8401348993746655,0,0,ok,extreme thresholds are audit flags only; units differ by modality
7,data/limb/subject07/StaticP14/subject7_limb_EMG.mat,StaticP14,40,GYRO.X electrode 6,float64,75600,0,0,False,-20.402891327776913,21.234335120581335,-1.1947227031425156,2.490306570130534,-1.2171406406038525,1.3202194692823008,21.234335120581335,0,0,ok,extreme thresholds are audit flags only; units differ by modality
7,data/limb/subject07/StaticP14/subject7_limb_EMG.mat,StaticP14,41,GYRO.Y electrode 6,float64,75600,0,0,False,-107.76485486456923,89.02327397422539,6.617693800920569,10.209559438397816,6.583841714774552,5.505935207186429,107.76485486456923,0,0,ok,extreme thresholds are audit flags only; units differ by modality
7,data/limb/subject07/StaticP14/subject7_limb_EMG.mat,StaticP14,42,GYRO.Z electrode 6,float64,75600,0,0,False,-15.829872861824144,15.68124666399771,-0.4937466909990476,2.43327667596935,-0.4881333015711744,1.3497382738357127,15.829872861824144,0,0,ok,extreme thresholds are audit flags only; units differ by modality
7,data/limb/subject07/Dynamic/subject7_limb_EMG.mat,Dynamic,1,EMG electrode 1,float64,740347,0,0,False,-0.000267552,0.0002224,1.5361316921254496e-07,1.2643232594664822e-05,1.67849e-07,3.6926790000000003e-06,0.000267552,0,281,ok,extreme thresholds are audit flags only; units differ by modality
7,data/limb/subject07/Dynamic/subject7_limb_EMG.mat,Dynamic,2,EMG electrode 2,float64,740347,0,0,False,-0.000212329,0.000268391,4.026559564533927e-06,1.315247584356631e-05,3.86053e-06,3.356982e-06,0.000268391,0,541,ok,extreme thresholds are audit flags only; units differ by modality
7,data/limb/subject07/Dynamic/subject7_limb_EMG.mat,Dynamic,3,EMG electrode 3,float64,740347,0,0,False,-0.00037615,0.000442954,9.147971210206839e-06,1.5751182968108707e-05,9.23171e-06,3.0212900000000003e-06,0.000442954,0,3065,ok,extreme thresholds are audit flags only; units differ by modality
7,data/limb/subject07/Dynamic/subject7_limb_EMG.mat,Dynamic,4,EMG electrode 4,float64,740347,0,0,False,-0.000144183,0.000117327,-2.1177151389691585e-05,7.773745561721078e-06,-2.1149e-05,2.6856e-06,0.000144183,0,109,ok,extreme thresholds are audit flags only; units differ by modality
7,data/limb/subject07/Dynamic/subject7_limb_EMG.mat,Dynamic,5,EMG electrode 5,float64,740347,0,0,False,-0.000280812,0.000130083,-1.95641509426296e-05,7.595607921607938e-06,-1.94705e-05,2.5178000000000015e-06,0.000280812,0,489,ok,extreme thresholds are audit flags only; units differ by modality
7,data/limb/subject07/Dynamic/subject7_limb_EMG.mat,Dynamic,6,EMG electrode 6,float64,740347,0,0,False,-0.000311025,0.000301625,-7.686989503723251e-06,1.3514517632932884e-05,-7.55322e-06,3.860539999999999e-06,0.000311025,0,752,ok,extreme thresholds are audit flags only; units differ by modality
7,data/limb/subject07/Dynamic/subject7_limb_EMG.mat,Dynamic,7,ACC.X electrode 1,float64,740347,0,0,False,-1.453295241444425,0.5792268202966547,-0.37649013995933794,0.3658853584269021,-0.31295443134692386,0.32030122159997415,1.453295241444425,0,0,ok,extreme thresholds are audit flags only; units differ by modality
7,data/limb/subject07/Dynamic/subject7_limb_EMG.mat,Dynamic,8,ACC.Y electrode 1,float64,740347,0,0,False,-1.6031282085712528,1.3438926236785325,-0.36730304353409565,0.6727696906090755,-0.6418503862042011,0.3425271825940286,1.6031282085712528,0,0,ok,extreme thresholds are audit flags only; units differ by modality
7,data/limb/subject07/Dynamic/subject7_limb_EMG.mat,Dynamic,9,ACC.Z electrode 1,float64,740347,0,0,False,-0.24161656756176655,1.144809959572957,0.2946624655715088,0.14280937537926486,0.26543755588980633,0.11023077335678921,1.144809959572957,0,0,ok,extreme thresholds are audit flags only; units differ by modality
7,data/limb/subject07/Dynamic/subject7_limb_EMG.mat,Dynamic,10,GYRO.X electrode 1,float64,740347,0,0,False,-286.65529317914155,56.443479984676095,-13.542943620113673,15.238543381449915,-12.38374712071302,3.274197339897645,286.65529317914155,0,4349,ok,extreme thresholds are audit flags only; units differ by modality
7,data/limb/subject07/Dynamic/subject7_limb_EMG.mat,Dynamic,11,GYRO.Y electrode 1,float64,740347,0,0,False,-297.8447493821667,251.5101570303719,0.42772897303847407,20.41990881080812,0.3209443315269817,5.784306477465777,297.8447493821667,0,553,ok,extreme thresholds are audit flags only; units differ by modality
7,data/limb/subject07/Dynamic/subject7_limb_EMG.mat,Dynamic,12,GYRO.Z electrode 1,float64,740347,0,0,False,-323.78081258574343,90.49861322048898,-1.5965694941864637,25.137333579531123,-0.2356855269955492,5.835908221146034,323.78081258574343,0,3380,ok,extreme thresholds are audit flags only; units differ by modality
7,data/limb/subject07/Dynamic/subject7_limb_EMG.mat,Dynamic,13,ACC.X electrode 2,float64,740347,0,0,False,-0.9277719947452642,0.7339634379386006,0.023858371652861192,0.18725171431718227,-0.023218806336638545,0.13908939380708973,0.9277719947452642,0,0,ok,extreme thresholds are audit flags only; units differ by modality
7,data/limb/subject07/Dynamic/subject7_limb_EMG.mat,Dynamic,14,ACC.Y electrode 2,float64,740347,0,0,False,-1.1989076967634282,1.1697786755642399,-0.25886336458908626,0.6847529451324282,-0.4755512547235583,0.44461466709295827,1.1989076967634282,0,0,ok,extreme thresholds are audit flags only; units differ by modality
7,data/limb/subject07/Dynamic/subject7_limb_EMG.mat,Dynamic,15,ACC.Z electrode 2,float64,740347,0,0,False,-1.688026152491892,0.1274738142368753,-0.6910992762446289,0.26926489131918785,-0.5927320608227867,0.18104313862249,1.688026152491892,0,0,ok,extreme thresholds are audit flags only; units differ by modality
7,data/limb/subject07/Dynamic/subject7_limb_EMG.mat,Dynamic,16,GYRO.X electrode 2,float64,740347,0,0,False,-98.5838093604267,353.8116487774016,-9.484564593476906,25.19667067128328,-11.048541665371273,5.625801979444459,353.8116487774016,0,4027,ok,extreme thresholds are audit flags only; units differ by modality
7,data/limb/subject07/Dynamic/subject7_limb_EMG.mat,Dynamic,17,GYRO.Y electrode 2,float64,740347,0,0,False,-273.6401612288672,249.06951553934144,-2.5664408672768486,18.77275485971401,-2.6860321816553667,4.8262215933526456,273.6401612288672,0,1264,ok,extreme thresholds are audit flags only; units differ by modality
7,data/limb/subject07/Dynamic/subject7_limb_EMG.mat,Dynamic,18,GYRO.Z electrode 2,float64,740347,0,0,False,-125.25961089681171,150.11071498704942,-4.018644397108177,14.142869347669723,-4.696372045800032,3.7239211520963647,150.11071498704942,0,1455,ok,extreme thresholds are audit flags only; units differ by modality
7,data/limb/subject07/Dynamic/subject7_limb_EMG.mat,Dynamic,19,ACC.X electrode 3,float64,740347,0,0,False,-0.22088159575551836,1.6765492293213455,0.6055307949549711,0.2635567449640972,0.5180029222747062,0.16248495483398806,1.6765492293213455,0,0,ok,extreme thresholds are audit flags only; units differ by modality
7,data/limb/subject07/Dynamic/subject7_limb_EMG.mat,Dynamic,20,ACC.Y electrode 3,float64,740347,0,0,False,-1.5403972789191192,1.3506237407404407,-0.23114413130001527,0.6975154185185567,-0.43431366276706274,0.47779179291734886,1.5403972789191192,0,0,ok,extreme thresholds are audit flags only; units differ by modality
7,data/limb/subject07/Dynamic/subject7_limb_EMG.mat,Dynamic,21,ACC.Z electrode 3,float64,740347,0,0,False,-0.5867988308152142,0.5849548323935477,-0.0038453927359676787,0.17512797734647784,-0.06551028238091462,0.12309356604259529,0.5867988308152142,0,0,ok,extreme thresholds are audit flags only; units differ by modality
7,data/limb/subject07/Dynamic/subject7_limb_EMG.mat,Dynamic,22,GYRO.X electrode 3,float64,740347,0,0,False,-163.21977597456825,153.18078602113488,17.427432837612105,15.629055513023497,18.16529714994643,3.9458341764412594,163.21977597456825,0,1220,ok,extreme thresholds are audit flags only; units differ by modality
7,data/limb/subject07/Dynamic/subject7_limb_EMG.mat,Dynamic,23,GYRO.Y electrode 3,float64,740347,0,0,False,-320.5312795336571,280.81620573992967,3.0887445534727713,19.114434598352034,2.9649414348977365,5.057093157254836,320.5312795336571,0,1210,ok,extreme thresholds are audit flags only; units differ by modality
7,data/limb/subject07/Dynamic/subject7_limb_EMG.mat,Dynamic,24,GYRO.Z electrode 3,float64,740347,0,0,False,-71.82848452630134,424.6756221313654,2.6414236282170673,25.78775301918073,1.0696741165658403,5.6869089506529615,424.6756221313654,0,4337,ok,extreme thresholds are audit flags only; units differ by modality
7,data/limb/subject07/Dynamic/subject7_limb_EMG.mat,Dynamic,25,ACC.X electrode 4,float64,740347,0,0,False,-0.2241088748034796,1.3533422741290226,0.38814915440612935,0.12048818200773219,0.3777409769304078,0.06665032805116167,1.3533422741290226,0,0,ok,extreme thresholds are audit flags only; units differ by modality
7,data/limb/subject07/Dynamic/subject7_limb_EMG.mat,Dynamic,26,ACC.Y electrode 4,float64,740347,0,0,False,-1.4097413098632887,1.505744116057851,-0.26793489546887594,0.6937671834120547,-0.4877642990532712,0.4442874121547314,1.505744116057851,0,0,ok,extreme thresholds are audit flags only; units differ by modality
7,data/limb/subject07/Dynamic/subject7_limb_EMG.mat,Dynamic,27,ACC.Z electrode 4,float64,740347,0,0,False,-0.28229135639032427,1.1794146383345827,0.3896074531983291,0.2872396959353136,0.2601670324528739,0.17144318605447245,1.1794146383345827,0,0,ok,extreme thresholds are audit flags only; units differ by modality
7,data/limb/subject07/Dynamic/subject7_limb_EMG.mat,Dynamic,28,GYRO.X electrode 4,float64,740347,0,0,False,-328.1537419485253,98.60291691064707,3.240186343095029,24.59406066077972,4.6908907549110035,5.589659974109504,328.1537419485253,0,3425,ok,extreme thresholds are audit flags only; units differ by modality
7,data/limb/subject07/Dynamic/subject7_limb_EMG.mat,Dynamic,29,GYRO.Y electrode 4,float64,740347,0,0,False,-285.8410373016539,268.60208304869406,6.654891912228757,18.903145583343342,6.636008253169996,5.106140148382672,285.8410373016539,0,1029,ok,extreme thresholds are audit flags only; units differ by modality
7,data/limb/subject07/Dynamic/subject7_limb_EMG.mat,Dynamic,30,GYRO.Z electrode 4,float64,740347,0,0,False,-94.1349420565622,256.0143620002045,4.128284675162644,14.060987066784772,3.0885156879237363,3.0409032931456266,256.0143620002045,0,4302,ok,extreme thresholds are audit flags only; units differ by modality
7,data/limb/subject07/Dynamic/subject7_limb_EMG.mat,Dynamic,31,ACC.X electrode 5,float64,740347,0,0,False,-0.9595847330431662,0.27435388357886337,-0.19081088721243272,0.11977570095673949,-0.15181101215973683,0.05548602645339423,0.9595847330431662,0,0,ok,extreme thresholds are audit flags only; units differ by modality
7,data/limb/subject07/Dynamic/subject7_limb_EMG.mat,Dynamic,32,ACC.Y electrode 5,float64,740347,0,0,False,-1.3227244671815082,0.8687482900446636,-0.6050100455276862,0.549244071568958,-0.9310576327604247,0.04368296525878801,1.3227244671815082,0,66583,ok,extreme thresholds are audit flags only; units differ by modality
7,data/limb/subject07/Dynamic/subject7_limb_EMG.mat,Dynamic,33,ACC.Z electrode 5,float64,740347,0,0,False,-1.3679689106557293,0.11328176583553164,-0.517799528560004,0.29315386510701164,-0.3819258808206089,0.12842360547677656,1.3679689106557293,0,0,ok,extreme thresholds are audit flags only; units differ by modality
7,data/limb/subject07/Dynamic/subject7_limb_EMG.mat,Dynamic,34,GYRO.X electrode 5,float64,740347,0,0,False,-95.58550099024073,234.3310277434685,5.156738446544141,22.160114728185597,4.32028891653342,3.5290080532008115,234.3310277434685,0,9452,ok,extreme thresholds are audit flags only; units differ by modality
7,data/limb/subject07/Dynamic/subject7_limb_EMG.mat,Dynamic,35,GYRO.Y electrode 5,float64,740347,0,0,False,-198.42390253825752,230.33791731441383,5.478525660555937,17.98537216653237,5.132291196925677,5.2715774027609195,230.33791731441383,0,180,ok,extreme thresholds are audit flags only; units differ by modality
7,data/limb/subject07/Dynamic/subject7_limb_EMG.mat,Dynamic,36,GYRO.Z electrode 5,float64,740347,0,0,False,-159.4914859757185,207.12510586278282,-2.1214441124861487,10.51690982890266,-1.955423750956236,2.5519792866800484,207.12510586278282,0,2704,ok,extreme thresholds are audit flags only; units differ by modality
7,data/limb/subject07/Dynamic/subject7_limb_EMG.mat,Dynamic,37,ACC.X electrode 6,float64,740347,0,0,False,-0.5279253224718649,1.1999189901770888,0.22589410719523564,0.13718025106933296,0.19495375749515984,0.08471886849800406,1.1999189901770888,0,0,ok,extreme thresholds are audit flags only; units differ by modality
7,data/limb/subject07/Dynamic/subject7_limb_EMG.mat,Dynamic,38,ACC.Y electrode 6,float64,740347,0,0,False,-1.7781430429688925,0.9343273065228341,-0.6604843519448986,0.5188331389270785,-0.9643714482605716,0.026307653364668115,1.7781430429688925,0,181928,ok,extreme thresholds are audit flags only; units differ by modality
7,data/limb/subject07/Dynamic/subject7_limb_EMG.mat,Dynamic,39,ACC.Z electrode 6,float64,740347,0,0,False,-0.4899000870616652,1.1920203868613026,0.1767939305581293,0.40811163460471706,-0.02833838854247868,0.14761101493660322,1.1920203868613026,0,0,ok,extreme thresholds are audit flags only; units differ by modality
7,data/limb/subject07/Dynamic/subject7_limb_EMG.mat,Dynamic,40,GYRO.X electrode 6,float64,740347,0,0,False,-219.9488028802538,62.70212881131131,-1.0080306706123923,22.10298862377409,-0.3211824373986922,3.198080116680421,219.9488028802538,0,12545,ok,extreme thresholds are audit flags only; units differ by modality
7,data/limb/subject07/Dynamic/subject7_limb_EMG.mat,Dynamic,41,GYRO.Y electrode 6,float64,740347,0,0,False,-243.89742352988586,254.8810979416512,6.382017093926659,18.467713702249004,5.951508957873717,5.795051979236128,254.8810979416512,0,347,ok,extreme thresholds are audit flags only; units differ by modality
7,data/limb/subject07/Dynamic/subject7_limb_EMG.mat,Dynamic,42,GYRO.Z electrode 6,float64,740347,0,0,False,-111.39523436157572,109.76882671528577,-0.557015152183622,8.761911997623496,-1.1010705003493255,2.1070222508233463,111.39523436157572,0,2198,ok,extreme thresholds are audit flags only; units differ by modality
8,data/limb/subject08/StaticP1/subject8_limb_EMG.mat,StaticP1,1,EMG electrode 1,float64,75600,0,0,False,-0.000188159,0.000190845,-1.3705571322751313e-08,1.810785980233468e-05,-1.67849e-07,6.713970999999999e-06,0.000190845,0,0,ok,extreme thresholds are audit flags only; units differ by modality
8,data/limb/subject08/StaticP1/subject8_limb_EMG.mat,StaticP1,2,EMG electrode 2,float64,75600,0,0,False,-0.000665522,0.000646387,3.915416863465608e-06,5.420772657559289e-05,3.69268e-06,1.057452e-05,0.000665522,0,216,ok,extreme thresholds are audit flags only; units differ by modality
8,data/limb/subject08/StaticP1/subject8_limb_EMG.mat,StaticP1,3,EMG electrode 3,float64,75600,0,0,False,-0.000423484,0.000677775,9.363404442724867e-06,3.2374441370532826e-05,9.23171e-06,3.860489999999999e-06,0.000677775,0,1290,ok,extreme thresholds are audit flags only; units differ by modality
8,data/limb/subject08/StaticP1/subject8_limb_EMG.mat,StaticP1,4,EMG electrode 4,float64,75600,0,0,False,-0.000142168,8.91279e-05,-2.088086579726191e-05,7.668494380343221e-06,-2.09812e-05,2.6856e-06,0.000142168,0,22,ok,extreme thresholds are audit flags only; units differ by modality
8,data/limb/subject08/StaticP1/subject8_limb_EMG.mat,StaticP1,5,EMG electrode 5,float64,75600,0,0,False,-0.000188495,9.24849e-05,-1.9785753234074073e-05,6.513888555348349e-06,-1.96384e-05,2.6856e-06,0.000188495,0,33,ok,extreme thresholds are audit flags only; units differ by modality
8,data/limb/subject08/StaticP1/subject8_limb_EMG.mat,StaticP1,6,EMG electrode 6,float64,75600,0,0,False,-5.33761e-05,2.1149e-05,-7.38902647373016e-06,3.5739242688210347e-06,-7.38537e-06,2.18204e-06,5.33761e-05,0,0,ok,extreme thresholds are audit flags only; units differ by modality
8,data/limb/subject08/StaticP1/subject8_limb_EMG.mat,StaticP1,7,ACC.X electrode 1,float64,75600,0,0,False,0.00628692758795212,0.762837634759051,0.36296911466411996,0.15836697175570455,0.4146284043985061,0.05464119843368512,0.762837634759051,0,0,ok,extreme thresholds are audit flags only; units differ by modality
8,data/limb/subject08/StaticP1/subject8_limb_EMG.mat,StaticP1,8,ACC.Y electrode 1,float64,75600,0,0,False,0.06917611431590494,1.1201148885886325,0.8087463212286211,0.10860481621266607,0.7882583748958135,0.04704624573297861,1.1201148885886325,0,0,ok,extreme thresholds are audit flags only; units differ by modality
8,data/limb/subject08/StaticP1/subject8_limb_EMG.mat,StaticP1,9,ACC.Z electrode 1,float64,75600,0,0,False,0.004839815320654233,0.5066887813449248,0.3543674816263468,0.13231585067006404,0.42332351225774045,0.024668886411023494,0.5066887813449248,0,0,ok,extreme thresholds are audit flags only; units differ by modality
8,data/limb/subject08/StaticP1/subject8_limb_EMG.mat,StaticP1,10,GYRO.X electrode 1,float64,75600,0,0,False,-38.88413289328013,11.369053018376727,-12.913108250854489,1.8658462081087837,-12.860249987583593,0.7465014426891621,38.88413289328013,0,18,ok,extreme thresholds are audit flags only; units differ by modality
8,data/limb/subject08/StaticP1/subject8_limb_EMG.mat,StaticP1,11,GYRO.Y electrode 1,float64,75600,0,0,False,-61.70526161495909,111.76090318613102,0.20104387829328205,4.904150260583956,0.06112338873007533,1.791583256441283,111.76090318613102,0,49,ok,extreme thresholds are audit flags only; units differ by modality
8,data/limb/subject08/StaticP1/subject8_limb_EMG.mat,StaticP1,12,GYRO.Z electrode 1,float64,75600,0,0,False,-19.823884403958925,7.956879368054387,-1.6901804695076394,1.4109070755009099,-1.6687828830108726,0.6169512794693246,19.823884403958925,0,0,ok,extreme thresholds are audit flags only; units differ by modality
8,data/limb/subject08/StaticP1/subject8_limb_EMG.mat,StaticP1,13,ACC.X electrode 2,float64,75600,0,0,False,-0.9735266620898781,-0.033675390274178686,-0.6953595400930541,0.14400649405016272,-0.7276489370724528,0.04768577373156313,0.9735266620898781,0,0,ok,extreme thresholds are audit flags only; units differ by modality
8,data/limb/subject08/StaticP1/subject8_limb_EMG.mat,StaticP1,14,ACC.Y electrode 2,float64,75600,0,0,False,-1.0118259043784692,-0.04879870214151101,-0.6192204100667577,0.16142313312687973,-0.5704344745243517,0.05517565797033824,1.0118259043784692,0,0,ok,extreme thresholds are audit flags only; units differ by modality
8,data/limb/subject08/StaticP1/subject8_limb_EMG.mat,StaticP1,15,ACC.Z electrode 2,float64,75600,0,0,False,-0.578011268429235,-0.011532878640566454,-0.3436644781508561,0.1535147838346642,-0.3741483192201224,0.11757546194981078,0.578011268429235,0,0,ok,extreme thresholds are audit flags only; units differ by modality
8,data/limb/subject08/StaticP1/subject8_limb_EMG.mat,StaticP1,16,GYRO.X electrode 2,float64,75600,0,0,False,-27.524163803777608,-0.1695895820334298,-9.970639881802478,1.4654790426709399,-9.927274142664693,0.6108065813586654,27.524163803777608,0,0,ok,extreme thresholds are audit flags only; units differ by modality
8,data/limb/subject08/StaticP1/subject8_limb_EMG.mat,StaticP1,17,GYRO.Y electrode 2,float64,75600,0,0,False,-78.53166148144018,65.77037243810504,-3.111156794666461,5.399060233795225,-2.7964264617567887,1.7396938819251377,78.53166148144018,0,119,ok,extreme thresholds are audit flags only; units differ by modality
8,data/limb/subject08/StaticP1/subject8_limb_EMG.mat,StaticP1,18,GYRO.Z electrode 2,float64,75600,0,0,False,-23.70668923831014,3.785741384346821,-3.690932051305807,1.1211610353900223,-3.6938830927235324,0.5297466868401335,23.70668923831014,0,18,ok,extreme thresholds are audit flags only; units differ by modality
8,data/limb/subject08/StaticP1/subject8_limb_EMG.mat,StaticP1,19,ACC.X electrode 3,float64,75600,0,0,False,0.012907080563250276,0.6669525692241655,0.33387244116003056,0.11226612944825069,0.3847208313342013,0.03779392343483623,0.6669525692241655,0,0,ok,extreme thresholds are audit flags only; units differ by modality
8,data/limb/subject08/StaticP1/subject8_limb_EMG.mat,StaticP1,20,ACC.Y electrode 3,float64,75600,0,0,False,-0.9716196904694235,-0.04334239114387405,-0.5344636210692298,0.1760441221418529,-0.4521528319457092,0.0495371452017658,0.9716196904694235,0,0,ok,extreme thresholds are audit flags only; units differ by modality
8,data/limb/subject08/StaticP1/subject8_limb_EMG.mat,StaticP1,21,ACC.Z electrode 3,float64,75600,0,0,False,-1.0123806786886096,-0.044887526314187784,-0.8010697151788153,0.12583840438433347,-0.8608439423180225,0.02109722079664722,1.0123806786886096,0,2,ok,extreme thresholds are audit flags only; units differ by modality
8,data/limb/subject08/StaticP1/subject8_limb_EMG.mat,StaticP1,22,GYRO.X electrode 3,float64,75600,0,0,False,1.3164422371486915,31.497730162613653,17.00829789449609,1.5184104696696574,17.008370976156144,0.7045008816471974,31.497730162613653,0,0,ok,extreme thresholds are audit flags only; units differ by modality
8,data/limb/subject08/StaticP1/subject8_limb_EMG.mat,StaticP1,23,GYRO.Y electrode 3,float64,75600,0,0,False,-47.10488111339615,41.2161433838418,2.818109676603817,3.124681656404847,2.9624958916330524,1.1846575062250766,47.10488111339615,0,45,ok,extreme thresholds are audit flags only; units differ by modality
8,data/limb/subject08/StaticP1/subject8_limb_EMG.mat,StaticP1,24,GYRO.Z electrode 3,float64,75600,0,0,False,-19.807103007645107,11.975641387401197,2.2792093207128064,1.2657413723118875,2.278105382960085,0.49341666513343774,19.807103007645107,0,25,ok,extreme thresholds are audit flags only; units differ by modality
8,data/limb/subject08/StaticP1/subject8_limb_EMG.mat,StaticP1,25,ACC.X electrode 4,float64,75600,0,0,False,0.026260688707571634,1.1882992089375255,0.5759578153213843,0.123259677073069,0.6318906191165301,0.024050376879022117,1.1882992089375255,0,0,ok,extreme thresholds are audit flags only; units differ by modality
8,data/limb/subject08/StaticP1/subject8_limb_EMG.mat,StaticP1,26,ACC.Y electrode 4,float64,75600,0,0,False,-1.0682929309742173,-0.06204348645109155,-0.7256570269957479,0.12384657516720544,-0.6805082254849826,0.04362849985073575,1.0682929309742173,0,0,ok,extreme thresholds are audit flags only; units differ by modality
8,data/limb/subject08/StaticP1/subject8_limb_EMG.mat,StaticP1,27,ACC.Z electrode 4,float64,75600,0,0,False,-0.03083084337351186,0.58530809360189,0.2413165960810973,0.14594174872006063,0.30000677417727567,0.06300275207843307,0.58530809360189,0,0,ok,extreme thresholds are audit flags only; units differ by modality
8,data/limb/subject08/StaticP1/subject8_limb_EMG.mat,StaticP1,28,GYRO.X electrode 4,float64,75600,0,0,False,-31.64300157991262,35.2001672880119,3.0994463678038957,1.8679286051898365,3.0959032634118104,0.7202143453676821,35.2001672880119,0,41,ok,extreme thresholds are audit flags only; units differ by modality
8,data/limb/subject08/StaticP1/subject8_limb_EMG.mat,StaticP1,29,GYRO.Y electrode 4,float64,75600,0,0,False,-152.9581158987737,111.60442730926202,6.437832598111613,4.4760478103613766,6.625957036340941,1.330912438772017,152.9581158987737,0,84,ok,extreme thresholds are audit flags only; units differ by modality
8,data/limb/subject08/StaticP1/subject8_limb_EMG.mat,StaticP1,30,GYRO.Z electrode 4,float64,75600,0,0,False,-9.265411449010829,35.80517404191682,3.6653246171521916,1.3551622184980814,3.664452093164122,0.5998251087767179,35.80517404191682,0,12,ok,extreme thresholds are audit flags only; units differ by modality
8,data/limb/subject08/StaticP1/subject8_limb_EMG.mat,StaticP1,31,ACC.X electrode 5,float64,75600,0,0,False,-0.10777625510264377,0.4421144498161775,0.18285688156244173,0.03060056138689682,0.18632109216702514,0.02277936955917531,0.4421144498161775,0,0,ok,extreme thresholds are audit flags only; units differ by modality
8,data/limb/subject08/StaticP1/subject8_limb_EMG.mat,StaticP1,32,ACC.Y electrode 5,float64,75600,0,0,False,-1.1175743213803258,-0.08739076230008769,-0.9648471108412111,0.014214806388908261,-0.9619605166349805,0.0077087205914483925,1.1175743213803258,0,2,ok,extreme thresholds are audit flags only; units differ by modality
8,data/limb/subject08/StaticP1/subject8_limb_EMG.mat,StaticP1,33,ACC.Z electrode 5,float64,75600,0,0,False,-0.3495286140338111,-0.017375818793220917,-0.2164701050779999,0.06851341329586347,-0.25896316966882804,0.016776293963545796,0.3495286140338111,0,0,ok,extreme thresholds are audit flags only; units differ by modality
8,data/limb/subject08/StaticP1/subject8_limb_EMG.mat,StaticP1,34,GYRO.X electrode 5,float64,75600,0,0,False,-7.272062891896009,25.581503827943624,5.1552699854012465,1.137060680760284,5.117278810852945,0.5653417512646515,25.581503827943624,0,9,ok,extreme thresholds are audit flags only; units differ by modality
8,data/limb/subject08/StaticP1/subject8_limb_EMG.mat,StaticP1,35,GYRO.Y electrode 5,float64,75600,0,0,False,-33.391835910396104,50.78386170042059,5.702655564762417,3.348296447766698,5.660967704222514,1.2760287233207737,50.78386170042059,0,30,ok,extreme thresholds are audit flags only; units differ by modality
8,data/limb/subject08/StaticP1/subject8_limb_EMG.mat,StaticP1,36,GYRO.Z electrode 5,float64,75600,0,0,False,-10.850407558179834,9.754916962585268,-2.0192053610954748,1.015566000064053,-2.030158844877276,0.48050135583399745,10.850407558179834,0,0,ok,extreme thresholds are audit flags only; units differ by modality
8,data/limb/subject08/StaticP1/subject8_limb_EMG.mat,StaticP1,37,ACC.X electrode 6,float64,75600,0,0,False,-0.4298070910665785,0.06487115427308447,-0.2437078561818627,0.040134886267501786,-0.24877866264371729,0.022633687644443123,0.4298070910665785,0,0,ok,extreme thresholds are audit flags only; units differ by modality
8,data/limb/subject08/StaticP1/subject8_limb_EMG.mat,StaticP1,38,ACC.Y electrode 6,float64,75600,0,0,False,-1.0969277556591377,0.2549333954217401,-0.9517700894788536,0.02040368055013202,-0.9527888127927975,0.009643733810971167,1.0969277556591377,0,21,ok,extreme thresholds are audit flags only; units differ by modality
8,data/limb/subject08/StaticP1/subject8_limb_EMG.mat,StaticP1,39,ACC.Z electrode 6,float64,75600,0,0,False,-0.3244372052400131,0.062299935534173026,-0.20135132132535655,0.04020917869678149,-0.18751016663167447,0.024358412194776566,0.3244372052400131,0,0,ok,extreme thresholds are audit flags only; units differ by modality
8,data/limb/subject08/StaticP1/subject8_limb_EMG.mat,StaticP1,40,GYRO.X electrode 6,float64,75600,0,0,False,-9.906366225308881,11.047657853376991,-0.8644032042477844,0.9846230122806799,-0.896370079908323,0.4226395176643174,11.047657853376991,0,0,ok,extreme thresholds are audit flags only; units differ by modality
8,data/limb/subject08/StaticP1/subject8_limb_EMG.mat,StaticP1,41,GYRO.Y electrode 6,float64,75600,0,0,False,-19.020478873920535,64.0457717930824,6.398185028244539,2.658908573166973,6.351814976618401,0.87561647112227,64.0457717930824,0,55,ok,extreme thresholds are audit flags only; units differ by modality
8,data/limb/subject08/StaticP1/subject8_limb_EMG.mat,StaticP1,42,GYRO.Z electrode 6,float64,75600,0,0,False,-21.7929077837465,27.25577625079528,-0.7304639393330288,1.434461258821402,-0.7717450524759865,0.5660437442417805,27.25577625079528,0,57,ok,extreme thresholds are audit flags only; units differ by modality
8,data/limb/subject08/StaticP2/subject8_limb_EMG.mat,StaticP2,1,EMG electrode 1,float64,75600,0,0,False,-0.000252613,0.0002318,2.8159259907407385e-08,2.5289595888139513e-05,1.67849e-07,8.728161e-06,0.000252613,0,0,ok,extreme thresholds are audit flags only; units differ by modality
8,data/limb/subject08/StaticP2/subject8_limb_EMG.mat,StaticP2,2,EMG electrode 2,float64,75600,0,0,False,-0.00261761,0.00528742,3.913927213664022e-06,8.788203219036665e-05,3.69268e-06,1.4602879999999999e-05,0.00528742,0,146,ok,extreme thresholds are audit flags only; units differ by modality
8,data/limb/subject08/StaticP2/subject8_limb_EMG.mat,StaticP2,3,EMG electrode 3,float64,75600,0,0,False,-0.00041912,0.000607111,9.233858502870369e-06,3.326928967986578e-05,9.06386e-06,3.860539999999999e-06,0.000607111,0,1283,ok,extreme thresholds are audit flags only; units differ by modality
8,data/limb/subject08/StaticP2/subject8_limb_EMG.mat,StaticP2,4,EMG electrode 4,float64,75600,0,0,False,-0.000119005,0.000109606,-2.104708560035714e-05,8.666215559010191e-06,-2.09812e-05,3.3568999999999983e-06,0.000119005,0,2,ok,extreme thresholds are audit flags only; units differ by modality
8,data/limb/subject08/StaticP2/subject8_limb_EMG.mat,StaticP2,5,EMG electrode 5,float64,75600,0,0,False,-5.55581e-05,9.23171e-06,-1.9842647153650795e-05,5.0297250417160495e-06,-1.96384e-05,3.0211999999999974e-06,5.55581e-05,0,0,ok,extreme thresholds are audit flags only; units differ by modality
8,data/limb/subject08/StaticP2/subject8_limb_EMG.mat,StaticP2,6,EMG electrode 6,float64,75600,0,0,False,-8.27497e-05,2.50095e-05,-7.431069176521164e-06,4.818720909993457e-06,-7.38537e-06,3.18914e-06,8.27497e-05,0,0,ok,extreme thresholds are audit flags only; units differ by modality
8,data/limb/subject08/StaticP2/subject8_limb_EMG.mat,StaticP2,7,ACC.X electrode 1,float64,75600,0,0,False,0.010110478867914077,0.8135351556005903,0.573031896859532,0.2249735655120406,0.6715539354651964,0.03300230653967179,0.8135351556005903,0,0,ok,extreme thresholds are audit flags only; units differ by modality
8,data/limb/subject08/StaticP2/subject8_limb_EMG.mat,StaticP2,8,ACC.Y electrode 1,float64,75600,0,0,False,0.0885258690690277,1.1171289108061457,0.5361692083006072,0.22866114085321249,0.44646088581373833,0.04124861235527694,1.1171289108061457,0,0,ok,extreme thresholds are audit flags only; units differ by modality
8,data/limb/subject08/StaticP2/subject8_limb_EMG.mat,StaticP2,9,ACC.Z electrode 1,float64,75600,0,0,False,0.013665368112751214,0.6765850381990073,0.4482441013096416,0.17440969110814378,0.5278362611916441,0.01219063835559242,0.6765850381990073,0,15120,ok,extreme thresholds are audit flags only; units differ by modality
8,data/limb/subject08/StaticP2/subject8_limb_EMG.mat,StaticP2,10,GYRO.X electrode 1,float64,75600,0,0,False,-30.023456479526306,7.147736434432399,-13.140375644957102,2.3497414430953087,-13.104404901893869,0.9545847241569358,30.023456479526306,0,0,ok,extreme thresholds are audit flags only; units differ by modality
8,data/limb/subject08/StaticP2/subject8_limb_EMG.mat,StaticP2,11,GYRO.Y electrode 1,float64,75600,0,0,False,-27.92311488370632,56.065975645432204,0.014593090069142384,4.558448724595277,0.12483177858685211,2.059475202149173,56.065975645432204,0,0,ok,extreme thresholds are audit flags only; units differ by modality
8,data/limb/subject08/StaticP2/subject8_limb_EMG.mat,StaticP2,12,GYRO.Z electrode 1,float64,75600,0,0,False,-21.130527300406882,12.048736241874268,-1.7439007849440693,1.7774763813107133,-1.7333096034061648,0.6798849946493236,21.130527300406882,0,0,ok,extreme thresholds are audit flags only; units differ by modality
8,data/limb/subject08/StaticP2/subject8_limb_EMG.mat,StaticP2,13,ACC.X electrode 2,float64,75600,0,0,False,-1.0436592847328587,-0.04781865201998217,-0.7977821989730308,0.18160739521114505,-0.8447204009929383,0.04582933917720583,1.0436592847328587,0,0,ok,extreme thresholds are audit flags only; units differ by modality
8,data/limb/subject08/StaticP2/subject8_limb_EMG.mat,StaticP2,14,ACC.Y electrode 2,float64,75600,0,0,False,-1.0159125020541255,0.013113449945747185,-0.2669062671947899,0.3172627187819216,-0.1492061128547873,0.05962905156353514,1.0159125020541255,0,0,ok,extreme thresholds are audit flags only; units differ by modality
8,data/limb/subject08/StaticP2/subject8_limb_EMG.mat,StaticP2,15,ACC.Z electrode 2,float64,75600,0,0,False,-0.7327918693911607,-0.005677187660444179,-0.43351084548039887,0.20865915905693572,-0.5377900578204093,0.11257478380687447,0.7327918693911607,0,0,ok,extreme thresholds are audit flags only; units differ by modality
8,data/limb/subject08/StaticP2/subject8_limb_EMG.mat,StaticP2,16,GYRO.X electrode 2,float64,75600,0,0,False,-24.96336027146223,3.3774753727489735,-9.911914289949468,1.7697509953411843,-9.905152336899452,0.6830524848089432,24.96336027146223,0,0,ok,extreme thresholds are audit flags only; units differ by modality
8,data/limb/subject08/StaticP2/subject8_limb_EMG.mat,StaticP2,17,GYRO.Y electrode 2,float64,75600,0,0,False,-52.0054359106008,95.4300829723075,-2.687703078372584,5.135686813483081,-2.7206463587839123,1.587757431051537,95.4300829723075,0,93,ok,extreme thresholds are audit flags only; units differ by modality
8,data/limb/subject08/StaticP2/subject8_limb_EMG.mat,StaticP2,18,GYRO.Z electrode 2,float64,75600,0,0,False,-28.152031861764208,7.111043665564583,-3.6469656839806226,1.7818726204163209,-3.625841793076157,0.5742210963877237,28.152031861764208,0,176,ok,extreme thresholds are audit flags only; units differ by modality
8,data/limb/subject08/StaticP2/subject8_limb_EMG.mat,StaticP2,19,ACC.X electrode 3,float64,75600,0,0,False,0.010147989160092057,0.6077764005644769,0.423283738394095,0.14087503182854874,0.48842747030433065,0.03047652657196287,0.6077764005644769,0,0,ok,extreme thresholds are audit flags only; units differ by modality
8,data/limb/subject08/StaticP2/subject8_limb_EMG.mat,StaticP2,20,ACC.Y electrode 3,float64,75600,0,0,False,-0.9809335416031183,0.10767557715796967,-0.1866529923094175,0.34255882669085935,-0.08020045425159478,0.12975570097124328,0.9809335416031183,0,0,ok,extreme thresholds are audit flags only; units differ by modality
8,data/limb/subject08/StaticP2/subject8_limb_EMG.mat,StaticP2,21,ACC.Z electrode 3,float64,75600,0,0,False,-1.0262722839814746,-0.05626758030585097,-0.8605878293663701,0.15504852967560198,-0.9292692226138057,0.016282274407935282,1.0262722839814746,0,3,ok,extreme thresholds are audit flags only; units differ by modality
8,data/limb/subject08/StaticP2/subject8_limb_EMG.mat,StaticP2,22,GYRO.X electrode 3,float64,75600,0,0,False,2.849055883075757,39.92544345879541,16.98181461708222,1.984972724966048,16.955453674320456,0.7745900736354763,39.92544345879541,0,1,ok,extreme thresholds are audit flags only; units differ by modality
8,data/limb/subject08/StaticP2/subject8_limb_EMG.mat,StaticP2,23,GYRO.Y electrode 3,float64,75600,0,0,False,-21.814250220279657,39.21900126688965,2.8533496435658083,3.472013735811473,2.820483693423399,1.5207937400332803,39.21900126688965,0,0,ok,extreme thresholds are audit flags only; units differ by modality
8,data/limb/subject08/StaticP2/subject8_limb_EMG.mat,StaticP2,24,GYRO.Z electrode 3,float64,75600,0,0,False,-8.298546417741251,16.305527964138083,2.2848608029196784,1.6646543032291714,2.282447586361047,0.6042974491003842,16.305527964138083,0,0,ok,extreme thresholds are audit flags only; units differ by modality
8,data/limb/subject08/StaticP2/subject8_limb_EMG.mat,StaticP2,25,ACC.X electrode 4,float64,75600,0,0,False,-0.2179262253194762,0.907573063004599,0.6980675265457347,0.1845366123632537,0.7776420794255834,0.029774560451085896,0.907573063004599,0,32,ok,extreme thresholds are audit flags only; units differ by modality
8,data/limb/subject08/StaticP2/subject8_limb_EMG.mat,StaticP2,26,ACC.Y electrode 4,float64,75600,0,0,False,-1.0692821351828652,0.09967052867081161,-0.437504709141262,0.2599616605653275,-0.3621045763644076,0.08472030208153691,1.0692821351828652,0,0,ok,extreme thresholds are audit flags only; units differ by modality
8,data/limb/subject08/StaticP2/subject8_limb_EMG.mat,StaticP2,27,ACC.Z electrode 4,float64,75600,0,0,False,-0.12386156165699008,0.5641171615971081,0.3675023573726051,0.18315107505696337,0.4539610330621825,0.015101562332067275,0.5641171615971081,0,8519,ok,extreme thresholds are audit flags only; units differ by modality
8,data/limb/subject08/StaticP2/subject8_limb_EMG.mat,StaticP2,28,GYRO.X electrode 4,float64,75600,0,0,False,-16.88410305458848,22.085073257933267,3.0484469258981934,2.095351132824328,3.1093785244637813,0.8566989220162844,22.085073257933267,0,0,ok,extreme thresholds are audit flags only; units differ by modality
8,data/limb/subject08/StaticP2/subject8_limb_EMG.mat,StaticP2,29,GYRO.Y electrode 4,float64,75600,0,0,False,-21.001839959676396,29.6175768314402,6.525510091684518,3.5581710096896466,6.562168558982393,1.5377856366677047,29.6175768314402,0,0,ok,extreme thresholds are audit flags only; units differ by modality
8,data/limb/subject08/StaticP2/subject8_limb_EMG.mat,StaticP2,30,GYRO.Z electrode 4,float64,75600,0,0,False,-5.084689176992441,22.454101852083483,3.6121267743556795,1.7494067813665704,3.606722370259309,0.7070131296314939,22.454101852083483,0,0,ok,extreme thresholds are audit flags only; units differ by modality
8,data/limb/subject08/StaticP2/subject8_limb_EMG.mat,StaticP2,31,ACC.X electrode 5,float64,75600,0,0,False,0.014719703439195172,0.27076895442997534,0.20248464277446004,0.03861333531068742,0.21643819508607154,0.012725263271834902,0.27076895442997534,0,0,ok,extreme thresholds are audit flags only; units differ by modality
8,data/limb/subject08/StaticP2/subject8_limb_EMG.mat,StaticP2,32,ACC.Y electrode 5,float64,75600,0,0,False,-1.120267732320655,-0.09025857565895895,-0.9485799105221541,0.02154104120230896,-0.9418584246986659,0.00747761609432307,1.120267732320655,0,3,ok,extreme thresholds are audit flags only; units differ by modality
8,data/limb/subject08/StaticP2/subject8_limb_EMG.mat,StaticP2,33,ACC.Z electrode 5,float64,75600,0,0,False,-0.3829935829466476,-0.00858964817203288,-0.276687965493197,0.07513665020911442,-0.31026767530438754,0.027911841504418833,0.3829935829466476,0,0,ok,extreme thresholds are audit flags only; units differ by modality
8,data/limb/subject08/StaticP2/subject8_limb_EMG.mat,StaticP2,34,GYRO.X electrode 5,float64,75600,0,0,False,-9.099059241845959,13.860274889887188,5.368918247854624,1.3939372201125237,5.315411778588947,0.6069872052220915,13.860274889887188,0,0,ok,extreme thresholds are audit flags only; units differ by modality
8,data/limb/subject08/StaticP2/subject8_limb_EMG.mat,StaticP2,35,GYRO.Y electrode 5,float64,75600,0,0,False,-14.03150989947751,24.325967327489764,5.53920936938478,2.370025133039997,5.5525144291102,1.0703880882427161,24.325967327489764,0,0,ok,extreme thresholds are audit flags only; units differ by modality
8,data/limb/subject08/StaticP2/subject8_limb_EMG.mat,StaticP2,36,GYRO.Z electrode 5,float64,75600,0,0,False,-11.578867739682543,5.766904084906785,-2.018394755031013,1.1515520569452042,-2.0609071769980076,0.5764582583305553,11.578867739682543,0,0,ok,extreme thresholds are audit flags only; units differ by modality
8,data/limb/subject08/StaticP2/subject8_limb_EMG.mat,StaticP2,37,ACC.X electrode 6,float64,75600,0,0,False,-0.31113439840344137,-0.016944276295196754,-0.2305118298723492,0.01804149512399285,-0.23074729285362533,0.010464154297501832,0.31113439840344137,0,0,ok,extreme thresholds are audit flags only; units differ by modality
8,data/limb/subject08/StaticP2/subject8_limb_EMG.mat,StaticP2,38,ACC.Y electrode 6,float64,75600,0,0,False,-1.0879933576522933,-0.08739251753412008,-0.9578096055300503,0.011681115241942683,-0.9578443976384277,0.005063003921568943,1.0879933576522933,0,3,ok,extreme thresholds are audit flags only; units differ by modality
8,data/limb/subject08/StaticP2/subject8_limb_EMG.mat,StaticP2,39,ACC.Z electrode 6,float64,75600,0,0,False,-0.4050875927587908,-0.0201503625320446,-0.19464525188520068,0.029633763524118867,-0.1966390581395953,0.026053029805513134,0.4050875927587908,0,0,ok,extreme thresholds are audit flags only; units differ by modality
8,data/limb/subject08/StaticP2/subject8_limb_EMG.mat,StaticP2,40,GYRO.X electrode 6,float64,75600,0,0,False,-37.229228464753895,12.151840774420881,-1.0142850086555992,1.2595936544925979,-1.014722254066708,0.3960477011205008,37.229228464753895,0,102,ok,extreme thresholds are audit flags only; units differ by modality
8,data/limb/subject08/StaticP2/subject8_limb_EMG.mat,StaticP2,41,GYRO.Y electrode 6,float64,75600,0,0,False,-12.932332333825693,53.98673854514457,6.378468910679874,2.6879267110175613,6.3326164118912995,0.9963229969334191,53.98673854514457,0,30,ok,extreme thresholds are audit flags only; units differ by modality
8,data/limb/subject08/StaticP2/subject8_limb_EMG.mat,StaticP2,42,GYRO.Z electrode 6,float64,75600,0,0,False,-12.216741598698816,22.365522965901214,-0.7815936032235665,1.2957685644504702,-0.7695070931205987,0.586456979947281,22.365522965901214,0,17,ok,extreme thresholds are audit flags only; units differ by modality
8,data/limb/subject08/StaticP3/subject8_limb_EMG.mat,StaticP3,1,EMG electrode 1,float64,75604,0,0,False,-0.000626078,0.00067039,5.79734532961219e-08,3.1165060710751805e-05,1.67849e-07,8.392461000000001e-06,0.00067039,0,70,ok,extreme thresholds are audit flags only; units differ by modality
8,data/limb/subject08/StaticP3/subject8_limb_EMG.mat,StaticP3,2,EMG electrode 2,float64,75604,0,0,False,-0.00237356,0.00119677,3.980454260991481e-06,6.94924743180714e-05,3.52483e-06,1.309224e-05,0.00237356,0,270,ok,extreme thresholds are audit flags only; units differ by modality
8,data/limb/subject08/StaticP3/subject8_limb_EMG.mat,StaticP3,3,EMG electrode 3,float64,75604,0,0,False,-0.000405524,0.000567834,9.255704344981747e-06,3.676584555335688e-05,8.979935000000001e-06,4.951564999999999e-06,0.000567834,0,786,ok,extreme thresholds are audit flags only; units differ by modality
8,data/limb/subject08/StaticP3/subject8_limb_EMG.mat,StaticP3,4,EMG electrode 4,float64,75604,0,0,False,-0.00014284,9.36599e-05,-2.099432058506164e-05,1.0730356595716184e-05,-2.09812e-05,3.0211999999999974e-06,0.00014284,0,30,ok,extreme thresholds are audit flags only; units differ by modality
8,data/limb/subject08/StaticP3/subject8_limb_EMG.mat,StaticP3,5,EMG electrode 5,float64,75604,0,0,False,-0.000125048,5.82437e-05,-1.986974150785673e-05,1.0580323796568812e-05,-1.93027e-05,5.035500000000001e-06,0.000125048,0,0,ok,extreme thresholds are audit flags only; units differ by modality
8,data/limb/subject08/StaticP3/subject8_limb_EMG.mat,StaticP3,6,EMG electrode 6,float64,75604,0,0,False,-8.74495e-05,1.8967e-05,-7.51999093956669e-06,4.507196609608657e-06,-7.55322e-06,2.85348e-06,8.74495e-05,0,0,ok,extreme thresholds are audit flags only; units differ by modality
8,data/limb/subject08/StaticP3/subject8_limb_EMG.mat,StaticP3,7,ACC.X electrode 1,float64,75604,0,0,False,-0.06810606535658784,0.7399355290733082,0.5266211422834395,0.1951224231032721,0.5882866612559923,0.055986671983348946,0.7399355290733082,0,0,ok,extreme thresholds are audit flags only; units differ by modality
8,data/limb/subject08/StaticP3/subject8_limb_EMG.mat,StaticP3,8,ACC.Y electrode 1,float64,75604,0,0,False,-0.5344351342886932,1.1229388008223233,-0.11905293337405794,0.5214940984043392,-0.336697850768572,0.10484143510096533,1.1229388008223233,0,0,ok,extreme thresholds are audit flags only; units differ by modality
8,data/limb/subject08/StaticP3/subject8_limb_EMG.mat,StaticP3,9,ACC.Z electrode 1,float64,75604,0,0,False,0.011929153147770823,0.7243058088744977,0.5414212109147232,0.19679380103486635,0.6253171322877606,0.018564291645410402,0.7243058088744977,0,17,ok,extreme thresholds are audit flags only; units differ by modality
8,data/limb/subject08/StaticP3/subject8_limb_EMG.mat,StaticP3,10,GYRO.X electrode 1,float64,75604,0,0,False,-154.97057563525053,2.901690913424879,-13.985074803253278,8.408012559338472,-13.081276530405516,0.945060281775012,154.97057563525053,0,678,ok,extreme thresholds are audit flags only; units differ by modality
8,data/limb/subject08/StaticP3/subject8_limb_EMG.mat,StaticP3,11,GYRO.Y electrode 1,float64,75604,0,0,False,-68.55379343228591,28.26965601535164,-0.2811298138333203,4.572555900390767,0.08338211291624523,1.3837164459265592,68.55379343228591,0,215,ok,extreme thresholds are audit flags only; units differ by modality
8,data/limb/subject08/StaticP3/subject8_limb_EMG.mat,StaticP3,12,GYRO.Z electrode 1,float64,75604,0,0,False,-15.92273530966633,123.19285525246212,-0.9758542335840601,7.667317751300229,-1.7542790660494783,0.6158311433725696,123.19285525246212,0,1275,ok,extreme thresholds are audit flags only; units differ by modality
8,data/limb/subject08/StaticP3/subject8_limb_EMG.mat,StaticP3,13,ACC.X electrode 2,float64,75604,0,0,False,-1.0494024237691508,-0.04235822413112049,-0.640921238898913,0.0924470719285139,-0.6506170356699295,0.02421308679529055,1.0494024237691508,0,0,ok,extreme thresholds are audit flags only; units differ by modality
8,data/limb/subject08/StaticP3/subject8_limb_EMG.mat,StaticP3,14,ACC.Y electrode 2,float64,75604,0,0,False,-1.0196905199626785,0.8281940146420436,0.42161387117208204,0.6118298082421725,0.7103084018471933,0.06365013588941448,1.0196905199626785,0,0,ok,extreme thresholds are audit flags only; units differ by modality
8,data/limb/subject08/StaticP3/subject8_limb_EMG.mat,StaticP3,15,ACC.Z electrode 2,float64,75604,0,0,False,-0.44313237124068583,-0.012852975312304286,-0.2509404969708719,0.12074567080915205,-0.2340062808873722,0.12685600650871104,0.44313237124068583,0,0,ok,extreme thresholds are audit flags only; units differ by modality
8,data/limb/subject08/StaticP3/subject8_limb_EMG.mat,StaticP3,16,GYRO.X electrode 2,float64,75604,0,0,False,-68.29909795055701,6.930563045214572,-10.154811364125473,3.894205435300236,-9.90581048377524,0.7001028739029405,68.29909795055701,0,620,ok,extreme thresholds are audit flags only; units differ by modality
8,data/limb/subject08/StaticP3/subject8_limb_EMG.mat,StaticP3,17,GYRO.Y electrode 2,float64,75604,0,0,False,-31.918503920755867,66.60193763562003,-2.374885649484407,4.708276244495356,-2.633781837387418,1.5332869533898412,66.60193763562003,0,107,ok,extreme thresholds are audit flags only; units differ by modality
8,data/limb/subject08/StaticP3/subject8_limb_EMG.mat,StaticP3,18,GYRO.Z electrode 2,float64,75604,0,0,False,-13.811349867880795,180.21304396331004,-2.352831999058304,11.164953892541327,-3.5724131985404073,0.5709657702419091,180.21304396331004,0,1434,ok,extreme thresholds are audit flags only; units differ by modality
8,data/limb/subject08/StaticP3/subject8_limb_EMG.mat,StaticP3,19,ACC.X electrode 3,float64,75604,0,0,False,0.015710628592339234,0.44699902435624933,0.2674405596011425,0.07798439690886162,0.26741923876760176,0.03359682345461466,0.44699902435624933,0,0,ok,extreme thresholds are audit flags only; units differ by modality
8,data/limb/subject08/StaticP3/subject8_limb_EMG.mat,StaticP3,20,ACC.Y electrode 3,float64,75604,0,0,False,-0.976571621390541,0.9137794038059222,0.4799589072543179,0.6220974180239213,0.798250421915397,0.03041528850821279,0.976571621390541,0,13585,ok,extreme thresholds are audit flags only; units differ by modality
8,data/limb/subject08/StaticP3/subject8_limb_EMG.mat,StaticP3,21,ACC.Z electrode 3,float64,75604,0,0,False,-1.0796244839385178,-0.0525445267515636,-0.6271553265047041,0.07002615905910686,-0.6070129957455745,0.027407667272846437,1.0796244839385178,0,0,ok,extreme thresholds are audit flags only; units differ by modality
8,data/limb/subject08/StaticP3/subject8_limb_EMG.mat,StaticP3,22,GYRO.X electrode 3,float64,75604,0,0,False,-153.0994214361726,32.74549753579021,15.701079357781259,10.690776281063378,16.88927125486346,0.780837279459071,153.0994214361726,0,1278,ok,extreme thresholds are audit flags only; units differ by modality
8,data/limb/subject08/StaticP3/subject8_limb_EMG.mat,StaticP3,23,GYRO.Y electrode 3,float64,75604,0,0,False,-14.652522751998598,56.13347360254622,3.1716334814315585,3.778350768859944,2.961596993420549,1.3980700827997463,56.13347360254622,0,65,ok,extreme thresholds are audit flags only; units differ by modality
8,data/limb/subject08/StaticP3/subject8_limb_EMG.mat,StaticP3,24,GYRO.Z electrode 3,float64,75604,0,0,False,-79.50467209190495,13.86081472252171,1.875491319708315,5.18132868587737,2.283267108629401,0.6230785641156626,79.50467209190495,0,868,ok,extreme thresholds are audit flags only; units differ by modality
8,data/limb/subject08/StaticP3/subject8_limb_EMG.mat,StaticP3,25,ACC.X electrode 4,float64,75604,0,0,False,0.03277863416137731,0.8455759976777912,0.6145033653575986,0.12896785802490218,0.639091525027223,0.04868409199314144,0.8455759976777912,0,0,ok,extreme thresholds are audit flags only; units differ by modality
8,data/limb/subject08/StaticP3/subject8_limb_EMG.mat,StaticP3,26,ACC.Y electrode 4,float64,75604,0,0,False,-1.068696147749272,0.7029867958923808,0.27911580784337603,0.5737172439158104,0.5558827449835593,0.06774628124512455,1.068696147749272,0,0,ok,extreme thresholds are audit flags only; units differ by modality
8,data/limb/subject08/StaticP3/subject8_limb_EMG.mat,StaticP3,27,ACC.Z electrode 4,float64,75604,0,0,False,-0.039438601234230465,0.5272095829261305,0.3472276760662288,0.16500230962342977,0.405582160667451,0.016635208733333018,0.5272095829261305,0,0,ok,extreme thresholds are audit flags only; units differ by modality
8,data/limb/subject08/StaticP3/subject8_limb_EMG.mat,StaticP3,28,GYRO.X electrode 4,float64,75604,0,0,False,-44.63651314093755,112.3318845962744,3.648002628252285,6.83348806058462,3.11228401559743,0.9190966529689752,112.3318845962744,0,775,ok,extreme thresholds are audit flags only; units differ by modality
8,data/limb/subject08/StaticP3/subject8_limb_EMG.mat,StaticP3,29,GYRO.Y electrode 4,float64,75604,0,0,False,-25.923573045856227,77.26739266210663,6.823360780778019,4.1669193581972985,6.605713888164262,1.2536981966788012,77.26739266210663,0,186,ok,extreme thresholds are audit flags only; units differ by modality
8,data/limb/subject08/StaticP3/subject8_limb_EMG.mat,StaticP3,30,GYRO.Z electrode 4,float64,75604,0,0,False,-147.29406489226025,17.399415072275364,2.5128406517690074,9.224814537610518,3.543689090721468,0.6835323609322093,147.29406489226025,0,1187,ok,extreme thresholds are audit flags only; units differ by modality
8,data/limb/subject08/StaticP3/subject8_limb_EMG.mat,StaticP3,31,ACC.X electrode 5,float64,75604,0,0,False,-0.040586365688494296,0.2718681778183453,0.18308643633583271,0.020041921215048657,0.1864981003256677,0.011252565972742448,0.2718681778183453,0,0,ok,extreme thresholds are audit flags only; units differ by modality
8,data/limb/subject08/StaticP3/subject8_limb_EMG.mat,StaticP3,32,ACC.Y electrode 5,float64,75604,0,0,False,-1.122720404666515,0.26154139510563723,-0.9578704299841412,0.023903976022845087,-0.9525965473442165,0.012456012937272498,1.122720404666515,0,20,ok,extreme thresholds are audit flags only; units differ by modality
8,data/limb/subject08/StaticP3/subject8_limb_EMG.mat,StaticP3,33,ACC.Z electrode 5,float64,75604,0,0,False,-0.23709954349439005,0.2820719950586324,0.09748550502578353,0.12784303927889895,0.16988043275005887,0.04127899752134723,0.2820719950586324,0,0,ok,extreme thresholds are audit flags only; units differ by modality
8,data/limb/subject08/StaticP3/subject8_limb_EMG.mat,StaticP3,34,GYRO.X electrode 5,float64,75604,0,0,False,-16.009581010148914,72.73092859186627,5.261560220714643,3.2245515048688804,5.209091415517921,0.5653259654546319,72.73092859186627,0,522,ok,extreme thresholds are audit flags only; units differ by modality
8,data/limb/subject08/StaticP3/subject8_limb_EMG.mat,StaticP3,35,GYRO.Y electrode 5,float64,75604,0,0,False,-17.72675027458289,37.2254034291137,5.751909273907851,2.243974715580379,5.61676428180761,0.7446125077856731,37.2254034291137,0,90,ok,extreme thresholds are audit flags only; units differ by modality
8,data/limb/subject08/StaticP3/subject8_limb_EMG.mat,StaticP3,36,GYRO.Z electrode 5,float64,75604,0,0,False,-13.714467806679338,8.034678615114595,-2.070081158603484,1.2672857983618517,-2.0947322569054307,0.5586431412975553,13.714467806679338,0,0,ok,extreme thresholds are audit flags only; units differ by modality
8,data/limb/subject08/StaticP3/subject8_limb_EMG.mat,StaticP3,37,ACC.X electrode 6,float64,75604,0,0,False,-0.31528367835561116,0.15849283594067792,-0.021026057568611065,0.10206595760218688,0.01410545671998048,0.03504746840306759,0.31528367835561116,0,0,ok,extreme thresholds are audit flags only; units differ by modality
8,data/limb/subject08/StaticP3/subject8_limb_EMG.mat,StaticP3,38,ACC.Y electrode 6,float64,75604,0,0,False,-1.104224556020069,-0.08476411459466719,-0.7933925652780721,0.09013125549627873,-0.7568219590002231,0.04612436222562405,1.104224556020069,0,0,ok,extreme thresholds are audit flags only; units differ by modality
8,data/limb/subject08/StaticP3/subject8_limb_EMG.mat,StaticP3,39,ACC.Z electrode 6,float64,75604,0,0,False,-0.787150410133596,-0.018917209875879002,-0.6180661690941445,0.19466981470964528,-0.7118098081294931,0.04917529935059767,0.787150410133596,0,0,ok,extreme thresholds are audit flags only; units differ by modality
8,data/limb/subject08/StaticP3/subject8_limb_EMG.mat,StaticP3,40,GYRO.X electrode 6,float64,75604,0,0,False,-86.15481270002283,13.461294903000182,-1.184131218408996,3.713536600516984,-0.9587801792805514,0.4446036881572114,86.15481270002283,0,525,ok,extreme thresholds are audit flags only; units differ by modality
8,data/limb/subject08/StaticP3/subject8_limb_EMG.mat,StaticP3,41,GYRO.Y electrode 6,float64,75604,0,0,False,-89.05073373400532,68.75167115618498,6.683571590666763,3.685375871858736,6.406748957701028,1.163251817003105,89.05073373400532,0,146,ok,extreme thresholds are audit flags only; units differ by modality
8,data/limb/subject08/StaticP3/subject8_limb_EMG.mat,StaticP3,42,GYRO.Z electrode 6,float64,75604,0,0,False,-47.39375204488712,11.071042706769829,-0.9908242613157473,2.160067787852627,-0.8222038727247923,0.6053498312047065,47.39375204488712,0,242,ok,extreme thresholds are audit flags only; units differ by modality
8,data/limb/subject08/StaticP4/subject8_limb_EMG.mat,StaticP4,1,EMG electrode 1,float64,75604,0,0,False,-0.000571359,0.000401831,-5.83690393100894e-08,1.947055893034001e-05,-1.67849e-07,7.888911e-06,0.000571359,0,44,ok,extreme thresholds are audit flags only; units differ by modality
8,data/limb/subject08/StaticP4/subject8_limb_EMG.mat,StaticP4,2,EMG electrode 2,float64,75604,0,0,False,-0.00157459,0.00235157,3.914161705333051e-06,9.259726796662886e-05,3.18914e-06,1.947054e-05,0.00235157,0,283,ok,extreme thresholds are audit flags only; units differ by modality
8,data/limb/subject08/StaticP4/subject8_limb_EMG.mat,StaticP4,3,EMG electrode 3,float64,75604,0,0,False,-0.000570016,0.000496162,9.301001043833661e-06,3.841024431929374e-05,9.06386e-06,5.87472e-06,0.000570016,0,448,ok,extreme thresholds are audit flags only; units differ by modality
8,data/limb/subject08/StaticP4/subject8_limb_EMG.mat,StaticP4,4,EMG electrode 4,float64,75604,0,0,False,-0.000115984,8.03998e-05,-2.104902085994127e-05,8.84725903687172e-06,-2.1149e-05,3.1890999999999997e-06,0.000115984,0,7,ok,extreme thresholds are audit flags only; units differ by modality
8,data/limb/subject08/StaticP4/subject8_limb_EMG.mat,StaticP4,5,EMG electrode 5,float64,75604,0,0,False,-5.69009e-05,1.19173e-05,-1.9748379900005288e-05,2.6671724407809043e-06,-1.96384e-05,1.678500000000001e-06,5.69009e-05,0,0,ok,extreme thresholds are audit flags only; units differ by modality
8,data/limb/subject08/StaticP4/subject8_limb_EMG.mat,StaticP4,6,EMG electrode 6,float64,75604,0,0,False,-0.000129076,6.32792e-05,-7.488081451669225e-06,9.175557519423893e-06,-7.04967e-06,4.69973e-06,0.000129076,0,0,ok,extreme thresholds are audit flags only; units differ by modality
8,data/limb/subject08/StaticP4/subject8_limb_EMG.mat,StaticP4,7,ACC.X electrode 1,float64,75604,0,0,False,-0.043547964746172986,0.23967530914817256,0.07831391343923831,0.026915633337996032,0.07884497147390118,0.019643349616499772,0.23967530914817256,0,0,ok,extreme thresholds are audit flags only; units differ by modality
8,data/limb/subject08/StaticP4/subject8_limb_EMG.mat,StaticP4,8,ACC.Y electrode 1,float64,75604,0,0,False,0.08964873974091331,1.1253905292715194,0.9937848565087518,0.011564027321010464,0.9943207457340548,0.006735408641907137,1.1253905292715194,0,2,ok,extreme thresholds are audit flags only; units differ by modality
8,data/limb/subject08/StaticP4/subject8_limb_EMG.mat,StaticP4,9,ACC.Z electrode 1,float64,75604,0,0,False,-0.036076985938770095,0.21179551644772202,0.07462473371994792,0.04582114342859913,0.06280873111394653,0.028841585639506177,0.21179551644772202,0,0,ok,extreme thresholds are audit flags only; units differ by modality
8,data/limb/subject08/StaticP4/subject8_limb_EMG.mat,StaticP4,10,GYRO.X electrode 1,float64,75604,0,0,False,-32.51699554059351,-1.0773450905480741,-12.87386697094272,1.756633233189686,-12.897410069025401,0.7925720749012886,32.51699554059351,0,0,ok,extreme thresholds are audit flags only; units differ by modality
8,data/limb/subject08/StaticP4/subject8_limb_EMG.mat,StaticP4,11,GYRO.Y electrode 1,float64,75604,0,0,False,-32.13828369383522,20.705022149322296,0.267771210621648,3.704913451559673,0.277664945787944,1.764241003148874,32.13828369383522,0,0,ok,extreme thresholds are audit flags only; units differ by modality
8,data/limb/subject08/StaticP4/subject8_limb_EMG.mat,StaticP4,12,GYRO.Z electrode 1,float64,75604,0,0,False,-14.597886839076203,8.049102947594715,-1.6545564723134087,1.2571451910390687,-1.6552633171421904,0.577618765246733,14.597886839076203,0,0,ok,extreme thresholds are audit flags only; units differ by modality
8,data/limb/subject08/StaticP4/subject8_limb_EMG.mat,StaticP4,13,ACC.X electrode 2,float64,75604,0,0,False,-0.5200418713927883,-0.038173550232287315,-0.42451663746283735,0.024748061097091333,-0.42824831184232914,0.017852720278561662,0.5200418713927883,0,0,ok,extreme thresholds are audit flags only; units differ by modality
8,data/limb/subject08/StaticP4/subject8_limb_EMG.mat,StaticP4,14,ACC.Y electrode 2,float64,75604,0,0,False,-1.0247164133003202,-0.08089790712611135,-0.9049942012189677,0.01311242843037068,-0.9030763569511698,0.00822732237075885,1.0247164133003202,0,2,ok,extreme thresholds are audit flags only; units differ by modality
8,data/limb/subject08/StaticP4/subject8_limb_EMG.mat,StaticP4,15,ACC.Z electrode 2,float64,75604,0,0,False,-0.22514171571309866,0.04971146874940294,-0.11102714760654615,0.05464995354073617,-0.12084372538195,0.02991117405757481,0.22514171571309866,0,0,ok,extreme thresholds are audit flags only; units differ by modality
8,data/limb/subject08/StaticP4/subject8_limb_EMG.mat,StaticP4,16,GYRO.X electrode 2,float64,75604,0,0,False,-19.336293357681935,1.6444518074721293,-10.07218950609578,1.3799229566542612,-10.031298624980813,0.6672539040387866,19.336293357681935,0,0,ok,extreme thresholds are audit flags only; units differ by modality
8,data/limb/subject08/StaticP4/subject8_limb_EMG.mat,StaticP4,17,GYRO.Y electrode 2,float64,75604,0,0,False,-55.20869019420972,51.34168021255621,-2.79693441028834,4.817512713449352,-2.6876101778787627,1.8062901588056246,55.20869019420972,0,4,ok,extreme thresholds are audit flags only; units differ by modality
8,data/limb/subject08/StaticP4/subject8_limb_EMG.mat,StaticP4,18,GYRO.Z electrode 2,float64,75604,0,0,False,-14.233149611274978,1.4267473118301233,-3.701482814210815,1.1537681537549707,-3.6324236435348425,0.5987343640105871,14.233149611274978,0,0,ok,extreme thresholds are audit flags only; units differ by modality
8,data/limb/subject08/StaticP4/subject8_limb_EMG.mat,StaticP4,19,ACC.X electrode 3,float64,75604,0,0,False,-0.019973014028082596,0.196673451533774,0.10924739929009081,0.022704405768077963,0.11078880655331073,0.01573236139571406,0.196673451533774,0,0,ok,extreme thresholds are audit flags only; units differ by modality
8,data/limb/subject08/StaticP4/subject8_limb_EMG.mat,StaticP4,20,ACC.Y electrode 3,float64,75604,0,0,False,-0.9906896041549356,0.11862695878452752,-0.8654609742389252,0.021956835457598183,-0.863862287450821,0.013426753837169236,0.9906896041549356,0,16,ok,extreme thresholds are audit flags only; units differ by modality
8,data/limb/subject08/StaticP4/subject8_limb_EMG.mat,StaticP4,21,ACC.Z electrode 3,float64,75604,0,0,False,-0.6460376021821371,0.07802674385811739,-0.5426284973402146,0.032376070061731106,-0.5452937393242945,0.023887463359397287,0.6460376021821371,0,0,ok,extreme thresholds are audit flags only; units differ by modality
8,data/limb/subject08/StaticP4/subject8_limb_EMG.mat,StaticP4,22,GYRO.X electrode 3,float64,75604,0,0,False,-2.5593966595166506,27.165243104561842,17.05661736595663,1.547148496488972,17.023649517715345,0.8252691991630652,27.165243104561842,0,0,ok,extreme thresholds are audit flags only; units differ by modality
8,data/limb/subject08/StaticP4/subject8_limb_EMG.mat,StaticP4,23,GYRO.Y electrode 3,float64,75604,0,0,False,-20.93634084925824,23.418570492697192,2.8538797317695623,2.9543679202317925,2.9252840902160018,1.3219749055302221,23.418570492697192,0,0,ok,extreme thresholds are audit flags only; units differ by modality
8,data/limb/subject08/StaticP4/subject8_limb_EMG.mat,StaticP4,24,GYRO.Z electrode 3,float64,75604,0,0,False,-5.0472025650358745,12.508412725658163,2.21325840445792,1.2139176240832714,2.236443604489457,0.5063545965411071,12.508412725658163,0,0,ok,extreme thresholds are audit flags only; units differ by modality
8,data/limb/subject08/StaticP4/subject8_limb_EMG.mat,StaticP4,25,ACC.X electrode 4,float64,75604,0,0,False,-0.0821446762221259,0.44699629535839464,0.3285878138616036,0.02988442928315584,0.3329292694904117,0.018311064513861386,0.44699629535839464,0,0,ok,extreme thresholds are audit flags only; units differ by modality
8,data/limb/subject08/StaticP4/subject8_limb_EMG.mat,StaticP4,26,ACC.Y electrode 4,float64,75604,0,0,False,-1.077849032026097,0.25694547979158033,-0.9460339879446847,0.01860368297112136,-0.9452977906507234,0.0072722274058188985,1.077849032026097,0,22,ok,extreme thresholds are audit flags only; units differ by modality
8,data/limb/subject08/StaticP4/subject8_limb_EMG.mat,StaticP4,27,ACC.Z electrode 4,float64,75604,0,0,False,-0.11287403572247483,0.07523195263806372,-0.03161862562036962,0.017551937541305615,-0.031050917679465627,0.011945203812172811,0.11287403572247483,0,0,ok,extreme thresholds are audit flags only; units differ by modality
8,data/limb/subject08/StaticP4/subject8_limb_EMG.mat,StaticP4,28,GYRO.X electrode 4,float64,75604,0,0,False,-10.805534812120712,17.8771710113378,3.1465686308018936,1.5732092434312672,3.1298606716985313,0.7163267199266816,17.8771710113378,0,0,ok,extreme thresholds are audit flags only; units differ by modality
8,data/limb/subject08/StaticP4/subject8_limb_EMG.mat,StaticP4,29,GYRO.Y electrode 4,float64,75604,0,0,False,-16.440547485195978,49.48728928269325,6.550257356562483,3.693732969393357,6.6067201045038,1.6643760548813855,49.48728928269325,0,0,ok,extreme thresholds are audit flags only; units differ by modality
8,data/limb/subject08/StaticP4/subject8_limb_EMG.mat,StaticP4,30,GYRO.Z electrode 4,float64,75604,0,0,False,-3.5495897046394815,10.961059235824049,3.6525422186194985,1.2337350965024507,3.6341570464478465,0.6404812373968021,10.961059235824049,0,0,ok,extreme thresholds are audit flags only; units differ by modality
8,data/limb/subject08/StaticP4/subject8_limb_EMG.mat,StaticP4,31,ACC.X electrode 5,float64,75604,0,0,False,-0.018724339837623387,0.26488278188242687,0.1209293584775611,0.02497567988418864,0.12163807032191876,0.014050663921516271,0.26488278188242687,0,0,ok,extreme thresholds are audit flags only; units differ by modality
8,data/limb/subject08/StaticP4/subject8_limb_EMG.mat,StaticP4,32,ACC.Y electrode 5,float64,75604,0,0,False,-1.1269032264603185,-0.08983249137645291,-0.985989085283541,0.00819771713877467,-0.9860084417561876,0.0037863765575932296,1.1269032264603185,0,12,ok,extreme thresholds are audit flags only; units differ by modality
8,data/limb/subject08/StaticP4/subject8_limb_EMG.mat,StaticP4,33,ACC.Z electrode 5,float64,75604,0,0,False,-0.264329842419045,-0.011864438710455604,-0.14754387480520012,0.014115057098522813,-0.14577550734866887,0.008872207314129882,0.264329842419045,0,0,ok,extreme thresholds are audit flags only; units differ by modality
8,data/limb/subject08/StaticP4/subject8_limb_EMG.mat,StaticP4,34,GYRO.X electrode 5,float64,75604,0,0,False,-1.5257094844057466,19.66642346878698,5.160333474422632,1.5156369812992398,5.128989145615694,0.854304259519056,19.66642346878698,0,0,ok,extreme thresholds are audit flags only; units differ by modality
8,data/limb/subject08/StaticP4/subject8_limb_EMG.mat,StaticP4,35,GYRO.Y electrode 5,float64,75604,0,0,False,-38.04961933492363,35.08990369731338,5.486417770292639,4.065822948508038,5.56992754091965,1.9699463180941477,38.04961933492363,0,0,ok,extreme thresholds are audit flags only; units differ by modality
8,data/limb/subject08/StaticP4/subject8_limb_EMG.mat,StaticP4,36,GYRO.Z electrode 5,float64,75604,0,0,False,-9.69910211309084,2.5092191428858843,-2.0446428353780886,1.0527188273102088,-2.030682198357603,0.5050061657504006,9.69910211309084,0,0,ok,extreme thresholds are audit flags only; units differ by modality
8,data/limb/subject08/StaticP4/subject8_limb_EMG.mat,StaticP4,37,ACC.X electrode 6,float64,75604,0,0,False,-0.3317027068579727,0.0316640496942899,-0.2295379931721423,0.020800865843870885,-0.22839998586379215,0.012176785929147615,0.3317027068579727,0,0,ok,extreme thresholds are audit flags only; units differ by modality
8,data/limb/subject08/StaticP4/subject8_limb_EMG.mat,StaticP4,38,ACC.Y electrode 6,float64,75604,0,0,False,-1.092969492963776,0.13237296893124229,-0.9566227167330278,0.016531080912581184,-0.9568365899409699,0.006213123978939583,1.092969492963776,0,18,ok,extreme thresholds are audit flags only; units differ by modality
8,data/limb/subject08/StaticP4/subject8_limb_EMG.mat,StaticP4,39,ACC.Z electrode 6,float64,75604,0,0,False,-0.33194199832045385,0.02941886447910971,-0.20494998079683666,0.02681654195239802,-0.21511403198225526,0.012643725944769521,0.33194199832045385,0,0,ok,extreme thresholds are audit flags only; units differ by modality
8,data/limb/subject08/StaticP4/subject8_limb_EMG.mat,StaticP4,40,GYRO.X electrode 6,float64,75604,0,0,False,-13.664885227255231,15.939195214633969,-1.0030681918351283,1.6447170097192283,-1.0193325570783758,0.7515787618186411,15.939195214633969,0,0,ok,extreme thresholds are audit flags only; units differ by modality
8,data/limb/subject08/StaticP4/subject8_limb_EMG.mat,StaticP4,41,GYRO.Y electrode 6,float64,75604,0,0,False,-23.51763392770022,61.698978278399686,6.208484380424471,3.514640258073828,6.216621336222532,1.4720026911946822,61.698978278399686,0,15,ok,extreme thresholds are audit flags only; units differ by modality
8,data/limb/subject08/StaticP4/subject8_limb_EMG.mat,StaticP4,42,GYRO.Z electrode 6,float64,75604,0,0,False,-12.790779327465255,11.03169741805704,-0.7617978251019075,1.5154019683214954,-0.7526815174830161,0.738204526974915,12.790779327465255,0,0,ok,extreme thresholds are audit flags only; units differ by modality
8,data/limb/subject08/StaticP9/subject8_limb_EMG.mat,StaticP9,1,EMG electrode 1,float64,75600,0,0,False,-0.000251774,0.000131426,-1.6413264648148147e-07,1.7125029340390577e-05,-1.67849e-07,8.728161e-06,0.000251774,0,0,ok,extreme thresholds are audit flags only; units differ by modality
8,data/limb/subject08/StaticP9/subject8_limb_EMG.mat,StaticP9,2,EMG electrode 2,float64,75600,0,0,False,-0.000792416,0.00122983,4.0135549441666665e-06,8.07467913424255e-05,2.51774e-06,2.030976e-05,0.00122983,0,53,ok,extreme thresholds are audit flags only; units differ by modality
8,data/limb/subject08/StaticP9/subject8_limb_EMG.mat,StaticP9,3,EMG electrode 3,float64,75600,0,0,False,-0.000521172,0.000703792,9.264832436269843e-06,4.5964219783099715e-05,9.06386e-06,6.04257e-06,0.000703792,0,793,ok,extreme thresholds are audit flags only; units differ by modality
8,data/limb/subject08/StaticP9/subject8_limb_EMG.mat,StaticP9,4,EMG electrode 4,float64,75600,0,0,False,-0.000130755,0.000115816,-2.0958460728650796e-05,1.096906245486269e-05,-2.1149e-05,3.357000000000002e-06,0.000130755,0,17,ok,extreme thresholds are audit flags only; units differ by modality
8,data/limb/subject08/StaticP9/subject8_limb_EMG.mat,StaticP9,5,EMG electrode 5,float64,75600,0,0,False,-7.26787e-05,4.75013e-05,-1.9637272431111113e-05,7.688816359684129e-06,-1.94705e-05,3.0212999999999977e-06,7.26787e-05,0,0,ok,extreme thresholds are audit flags only; units differ by modality
8,data/limb/subject08/StaticP9/subject8_limb_EMG.mat,StaticP9,6,EMG electrode 6,float64,75600,0,0,False,-0.000196216,0.000123369,-7.451308918637565e-06,1.4458864151781307e-05,-7.21752e-06,5.70688e-06,0.000196216,0,2,ok,extreme thresholds are audit flags only; units differ by modality
8,data/limb/subject08/StaticP9/subject8_limb_EMG.mat,StaticP9,7,ACC.X electrode 1,float64,75600,0,0,False,-0.00935844036646011,0.4717050203574718,0.2636613369144891,0.09855652861883468,0.28534152648693173,0.05822943675444871,0.4717050203574718,0,0,ok,extreme thresholds are audit flags only; units differ by modality
8,data/limb/subject08/StaticP9/subject8_limb_EMG.mat,StaticP9,8,ACC.Y electrode 1,float64,75600,0,0,False,-0.14376310822881186,1.1313651912780733,0.1828632217181913,0.4065532493596914,0.0010096169255792023,0.06412667983298534,1.1313651912780733,0,0,ok,extreme thresholds are audit flags only; units differ by modality
8,data/limb/subject08/StaticP9/subject8_limb_EMG.mat,StaticP9,9,ACC.Z electrode 1,float64,75600,0,0,False,0.027482130855203873,1.0113086925990822,0.7340556051164077,0.31819240362306017,0.8859767487851911,0.01990551628638837,1.0113086925990822,0,15120,ok,extreme thresholds are audit flags only; units differ by modality
8,data/limb/subject08/StaticP9/subject8_limb_EMG.mat,StaticP9,10,GYRO.X electrode 1,float64,75600,0,0,False,-26.673456583161204,8.357994945403398,-12.999420532520874,1.7005366806866538,-12.98318119109439,0.7864893801785868,26.673456583161204,0,0,ok,extreme thresholds are audit flags only; units differ by modality
8,data/limb/subject08/StaticP9/subject8_limb_EMG.mat,StaticP9,11,GYRO.Y electrode 1,float64,75600,0,0,False,-44.25716298109073,30.227784036287044,0.48893526932153775,3.464188316515718,0.47567455353946664,1.6659073789561023,44.25716298109073,0,0,ok,extreme thresholds are audit flags only; units differ by modality
8,data/limb/subject08/StaticP9/subject8_limb_EMG.mat,StaticP9,12,GYRO.Z electrode 1,float64,75600,0,0,False,-13.301544527582118,8.186460817131898,-1.5191610981622534,1.5101997234371622,-1.5321987881981256,0.7858469482808188,13.301544527582118,0,0,ok,extreme thresholds are audit flags only; units differ by modality
8,data/limb/subject08/StaticP9/subject8_limb_EMG.mat,StaticP9,13,ACC.X electrode 2,float64,75600,0,0,False,-1.0527123718054008,-0.061223703917872234,-0.8562591009837878,0.21047736604153486,-0.9531358842592333,0.022645850327514816,1.0527123718054008,0,3,ok,extreme thresholds are audit flags only; units differ by modality
8,data/limb/subject08/StaticP9/subject8_limb_EMG.mat,StaticP9,14,ACC.Y electrode 2,float64,75600,0,0,False,-1.0384568695030105,0.3196244177767755,0.004801358387472357,0.45349481610848125,0.2164560019899608,0.0319781931386285,1.0384568695030105,0,15117,ok,extreme thresholds are audit flags only; units differ by modality
8,data/limb/subject08/StaticP9/subject8_limb_EMG.mat,StaticP9,15,ACC.Z electrode 2,float64,75600,0,0,False,-0.42290945526265705,0.1509264039032252,-0.19456735390182953,0.13216300732908992,-0.23100125542375569,0.11346842296465351,0.42290945526265705,0,0,ok,extreme thresholds are audit flags only; units differ by modality
8,data/limb/subject08/StaticP9/subject8_limb_EMG.mat,StaticP9,16,GYRO.X electrode 2,float64,75600,0,0,False,-19.524684252414243,3.5341241515469597,-10.212326806418234,1.6580991280268282,-10.188870503219993,0.832439164136197,19.524684252414243,0,0,ok,extreme thresholds are audit flags only; units differ by modality
8,data/limb/subject08/StaticP9/subject8_limb_EMG.mat,StaticP9,17,GYRO.Y electrode 2,float64,75600,0,0,False,-46.83011482812011,36.125602142913,-2.732561359605821,4.678409114057469,-2.693258978482134,1.9375695821809766,46.83011482812011,0,0,ok,extreme thresholds are audit flags only; units differ by modality
8,data/limb/subject08/StaticP9/subject8_limb_EMG.mat,StaticP9,18,GYRO.Z electrode 2,float64,75600,0,0,False,-13.118623132066672,3.368078491428518,-3.631316584271228,1.3347585106792388,-3.655310949510085,0.6203253232046935,13.118623132066672,0,0,ok,extreme thresholds are audit flags only; units differ by modality
8,data/limb/subject08/StaticP9/subject8_limb_EMG.mat,StaticP9,19,ACC.X electrode 3,float64,75600,0,0,False,-0.111819898941278,0.36402175177809176,0.1740707445557371,0.07329904392481286,0.16671410639651474,0.056078091432898214,0.36402175177809176,0,0,ok,extreme thresholds are audit flags only; units differ by modality
8,data/limb/subject08/StaticP9/subject8_limb_EMG.mat,StaticP9,20,ACC.Y electrode 3,float64,75600,0,0,False,-0.9961092523990133,0.3977723127460652,0.07887863523475894,0.47361394906171694,0.3072219513752066,0.030775574639144182,0.9961092523990133,0,15117,ok,extreme thresholds are audit flags only; units differ by modality
8,data/limb/subject08/StaticP9/subject8_limb_EMG.mat,StaticP9,21,ACC.Z electrode 3,float64,75600,0,0,False,-1.124400916964444,-0.07082474468028405,-0.9092856523765566,0.18464536914085855,-0.9933440888684354,0.020888423448839233,1.124400916964444,0,3,ok,extreme thresholds are audit flags only; units differ by modality
8,data/limb/subject08/StaticP9/subject8_limb_EMG.mat,StaticP9,22,GYRO.X electrode 3,float64,75600,0,0,False,6.0833864277383,31.180161371278206,17.04149302108904,1.6154593692063628,17.032842635043096,0.8475130294620108,31.180161371278206,0,0,ok,extreme thresholds are audit flags only; units differ by modality
8,data/limb/subject08/StaticP9/subject8_limb_EMG.mat,StaticP9,23,GYRO.Y electrode 3,float64,75600,0,0,False,-28.548849403124304,38.601469985047316,2.7752099722467953,3.7962871136288285,2.7882182794678103,1.7599673189029732,38.601469985047316,0,0,ok,extreme thresholds are audit flags only; units differ by modality
8,data/limb/subject08/StaticP9/subject8_limb_EMG.mat,StaticP9,24,GYRO.Z electrode 3,float64,75600,0,0,False,-4.558450075625438,17.575941577625386,2.111154351660616,1.5781464962922236,2.1238723221391536,0.7118683789087872,17.575941577625386,0,0,ok,extreme thresholds are audit flags only; units differ by modality
8,data/limb/subject08/StaticP9/subject8_limb_EMG.mat,StaticP9,25,ACC.X electrode 4,float64,75600,0,0,False,0.049424967277397897,1.0710580848529003,0.765622650779945,0.22037446628498328,0.8593981387165343,0.03836962087956458,1.0710580848529003,0,0,ok,extreme thresholds are audit flags only; units differ by modality
8,data/limb/subject08/StaticP9/subject8_limb_EMG.mat,StaticP9,26,ACC.Y electrode 4,float64,75600,0,0,False,-1.0837747575926107,0.25109693544469375,-0.05029034881443389,0.4483577702083014,0.1643000685703214,0.0272347511230647,1.0837747575926107,0,15117,ok,extreme thresholds are audit flags only; units differ by modality
8,data/limb/subject08/StaticP9/subject8_limb_EMG.mat,StaticP9,27,ACC.Z electrode 4,float64,75600,0,0,False,-0.05936344673251455,0.5288999949401609,0.29810113696194257,0.16991304551005396,0.35973388700872777,0.07418027024440946,0.5288999949401609,0,0,ok,extreme thresholds are audit flags only; units differ by modality
8,data/limb/subject08/StaticP9/subject8_limb_EMG.mat,StaticP9,28,GYRO.X electrode 4,float64,75600,0,0,False,-11.132907919488657,16.473221418144878,3.2140750756565266,1.8380233224359732,3.203583565205193,0.877265966494692,16.473221418144878,0,0,ok,extreme thresholds are audit flags only; units differ by modality
8,data/limb/subject08/StaticP9/subject8_limb_EMG.mat,StaticP9,29,GYRO.Y electrode 4,float64,75600,0,0,False,-22.03376377666183,46.79128440753735,6.381204960571835,3.646893315442232,6.302317953686117,1.7074068864421732,46.79128440753735,0,0,ok,extreme thresholds are audit flags only; units differ by modality
8,data/limb/subject08/StaticP9/subject8_limb_EMG.mat,StaticP9,30,GYRO.Z electrode 4,float64,75600,0,0,False,-1.7000605613380282,12.448484139161266,3.636572082371939,1.1825661428153804,3.6283835163479066,0.5775516323693393,12.448484139161266,0,0,ok,extreme thresholds are audit flags only; units differ by modality
8,data/limb/subject08/StaticP9/subject8_limb_EMG.mat,StaticP9,31,ACC.X electrode 5,float64,75600,0,0,False,0.0023516230480419152,0.3679909701204335,0.1596417043386314,0.04911246432863278,0.14725400969148578,0.03165168226648401,0.3679909701204335,0,0,ok,extreme thresholds are audit flags only; units differ by modality
8,data/limb/subject08/StaticP9/subject8_limb_EMG.mat,StaticP9,32,ACC.Y electrode 5,float64,75600,0,0,False,-1.1311971503253464,0.06205343499357571,-0.21966515472317763,0.3856349076633294,-0.04653339063442952,0.04117543252278997,1.1311971503253464,0,0,ok,extreme thresholds are audit flags only; units differ by modality
8,data/limb/subject08/StaticP9/subject8_limb_EMG.mat,StaticP9,33,ACC.Z electrode 5,float64,75600,0,0,False,-0.1616082117944084,0.9925115406089067,0.7192870506406809,0.41877297060054547,0.9252890662662354,0.012586070652964798,0.9925115406089067,0,15120,ok,extreme thresholds are audit flags only; units differ by modality
8,data/limb/subject08/StaticP9/subject8_limb_EMG.mat,StaticP9,34,GYRO.X electrode 5,float64,75600,0,0,False,-8.65241604483363,17.702213128133018,5.1208167201331145,1.5923973413938748,5.1225091384752695,0.8701384077597574,17.702213128133018,0,0,ok,extreme thresholds are audit flags only; units differ by modality
8,data/limb/subject08/StaticP9/subject8_limb_EMG.mat,StaticP9,35,GYRO.Y electrode 5,float64,75600,0,0,False,-16.74830457424105,42.974958192135475,5.4022282328022815,4.0594084710057565,5.360426813787058,2.0874546485720993,42.974958192135475,0,0,ok,extreme thresholds are audit flags only; units differ by modality
8,data/limb/subject08/StaticP9/subject8_limb_EMG.mat,StaticP9,36,GYRO.Z electrode 5,float64,75600,0,0,False,-9.823677065334158,5.720230037990221,-1.9766097410539216,1.406282741119211,-1.975936430123934,0.7756174729723226,9.823677065334158,0,0,ok,extreme thresholds are audit flags only; units differ by modality
8,data/limb/subject08/StaticP9/subject8_limb_EMG.mat,StaticP9,37,ACC.X electrode 6,float64,75600,0,0,False,-0.3712241300145093,0.09654396852593783,-0.09037086418640683,0.08428179924207337,-0.08257369352017122,0.05787372798347548,0.3712241300145093,0,0,ok,extreme thresholds are audit flags only; units differ by modality
8,data/limb/subject08/StaticP9/subject8_limb_EMG.mat,StaticP9,38,ACC.Y electrode 6,float64,75600,0,0,False,-1.0837374937129212,0.235567958228164,-0.08833271869684456,0.43342761389837153,0.11633354335246658,0.03726817459267459,1.0837374937129212,0,476,ok,extreme thresholds are audit flags only; units differ by modality
8,data/limb/subject08/StaticP9/subject8_limb_EMG.mat,StaticP9,39,ACC.Z electrode 6,float64,75600,0,0,False,-1.1614542192637392,-0.04511101612306074,-0.8953023896694917,0.3278130679797211,-1.055599712137547,0.01174646178935923,1.1614542192637392,0,15120,ok,extreme thresholds are audit flags only; units differ by modality
8,data/limb/subject08/StaticP9/subject8_limb_EMG.mat,StaticP9,40,GYRO.X electrode 6,float64,75600,0,0,False,-22.893970264109722,39.396139556048155,-1.1192885802887726,2.448427512052431,-0.9775787186630093,0.9890980999106032,39.396139556048155,0,21,ok,extreme thresholds are audit flags only; units differ by modality
8,data/limb/subject08/StaticP9/subject8_limb_EMG.mat,StaticP9,41,GYRO.Y electrode 6,float64,75600,0,0,False,-33.92616005631915,107.34502303977223,5.919797821267068,5.652139462509365,5.957148734084582,2.4791995858106,107.34502303977223,0,24,ok,extreme thresholds are audit flags only; units differ by modality
8,data/limb/subject08/StaticP9/subject8_limb_EMG.mat,StaticP9,42,GYRO.Z electrode 6,float64,75600,0,0,False,-14.530018626038684,14.196053403255274,-0.8171900563923511,1.8157461073894248,-0.7955279939114837,0.9628022321970379,14.530018626038684,0,0,ok,extreme thresholds are audit flags only; units differ by modality
8,data/limb/subject08/StaticP10/subject8_limb_EMG.mat,StaticP10,1,EMG electrode 1,float64,75604,0,0,False,-0.000263355,0.000318914,-4.4761805618750303e-08,2.3545054251574257e-05,3.35698e-07,8.728162e-06,0.000318914,0,14,ok,extreme thresholds are audit flags only; units differ by modality
8,data/limb/subject08/StaticP10/subject8_limb_EMG.mat,StaticP10,2,EMG electrode 2,float64,75604,0,0,False,-0.000610132,0.00101028,4.035230563329982e-06,7.236569695463607e-05,3.02129e-06,2.249181e-05,0.00101028,0,4,ok,extreme thresholds are audit flags only; units differ by modality
8,data/limb/subject08/StaticP10/subject8_limb_EMG.mat,StaticP10,3,EMG electrode 3,float64,75604,0,0,False,-0.000411734,0.000443961,9.419432677927093e-06,4.546032567665456e-05,9.06386e-06,9.90314e-06,0.000443961,0,56,ok,extreme thresholds are audit flags only; units differ by modality
8,data/limb/subject08/StaticP10/subject8_limb_EMG.mat,StaticP10,4,EMG electrode 4,float64,75604,0,0,False,-0.000145525,0.000115984,-2.08256851269245e-05,1.1853720935759961e-05,-2.09812e-05,3.357000000000002e-06,0.000145525,0,28,ok,extreme thresholds are audit flags only; units differ by modality
8,data/limb/subject08/StaticP10/subject8_limb_EMG.mat,StaticP10,5,EMG electrode 5,float64,75604,0,0,False,-0.000118837,7.30144e-05,-1.9630377652227395e-05,1.0281079307006373e-05,-1.8967e-05,3.692599999999999e-06,0.000118837,0,0,ok,extreme thresholds are audit flags only; units differ by modality
8,data/limb/subject08/StaticP10/subject8_limb_EMG.mat,StaticP10,6,EMG electrode 6,float64,75604,0,0,False,-6.88182e-05,3.57519e-05,-7.417999309018041e-06,5.597095238491597e-06,-7.55322e-06,3.3569899999999995e-06,6.88182e-05,0,0,ok,extreme thresholds are audit flags only; units differ by modality
8,data/limb/subject08/StaticP10/subject8_limb_EMG.mat,StaticP10,7,ACC.X electrode 1,float64,75604,0,0,False,-0.2010691858370119,0.6990811265300242,-0.026982720241661096,0.09345679413169301,-0.05492117282619095,0.038043737522026305,0.6990811265300242,0,0,ok,extreme thresholds are audit flags only; units differ by modality
8,data/limb/subject08/StaticP10/subject8_limb_EMG.mat,StaticP10,8,ACC.Y electrode 1,float64,75604,0,0,False,-1.0650011651838454,1.1277842408061904,-0.495961984689438,0.7630277762492019,-0.8804751771432225,0.03444671562380203,1.1277842408061904,0,15893,ok,extreme thresholds are audit flags only; units differ by modality
8,data/limb/subject08/StaticP10/subject8_limb_EMG.mat,StaticP10,9,ACC.Z electrode 1,float64,75604,0,0,False,-0.016749435053098824,0.8071838839550102,0.32847730460434327,0.12566255448550073,0.369138448240507,0.06523569678182478,0.8071838839550102,0,0,ok,extreme thresholds are audit flags only; units differ by modality
8,data/limb/subject08/StaticP10/subject8_limb_EMG.mat,StaticP10,10,GYRO.X electrode 1,float64,75604,0,0,False,-156.2059543723498,89.7321238174614,-14.94193937019339,15.706424435529822,-12.797269315286854,1.5845407941942549,156.2059543723498,0,1474,ok,extreme thresholds are audit flags only; units differ by modality
8,data/limb/subject08/StaticP10/subject8_limb_EMG.mat,StaticP10,11,GYRO.Y electrode 1,float64,75604,0,0,False,-62.323070757066574,70.46765567685635,0.04229586254380487,5.917712562348233,0.09033918551364711,2.834643674424152,70.46765567685635,0,0,ok,extreme thresholds are audit flags only; units differ by modality
8,data/limb/subject08/StaticP10/subject8_limb_EMG.mat,StaticP10,12,GYRO.Z electrode 1,float64,75604,0,0,False,-109.31672409087172,101.65336853887875,-0.2868870807794646,10.556731200456648,-1.7021201535888082,0.9487595775096849,109.31672409087172,0,1550,ok,extreme thresholds are audit flags only; units differ by modality
8,data/limb/subject08/StaticP10/subject8_limb_EMG.mat,StaticP10,13,ACC.X electrode 2,float64,75604,0,0,False,-1.115635483149808,0.25442285627612166,-0.14329059624674936,0.20154230383934382,-0.08786492413594643,0.08053577480366483,1.115635483149808,0,0,ok,extreme thresholds are audit flags only; units differ by modality
8,data/limb/subject08/StaticP10/subject8_limb_EMG.mat,StaticP10,14,ACC.Y electrode 2,float64,75604,0,0,False,-1.0212869543546512,1.0553998254099526,0.5743029850179888,0.7504158136929703,0.9574633751029924,0.017632353729753913,1.0553998254099526,0,16072,ok,extreme thresholds are audit flags only; units differ by modality
8,data/limb/subject08/StaticP10/subject8_limb_EMG.mat,StaticP10,15,ACC.Z electrode 2,float64,75604,0,0,False,-0.29569046678030186,0.2978011472922848,0.13042328801152614,0.12875107774501277,0.1834569922415284,0.054672420171954825,0.2978011472922848,0,0,ok,extreme thresholds are audit flags only; units differ by modality
8,data/limb/subject08/StaticP10/subject8_limb_EMG.mat,StaticP10,16,GYRO.X electrode 2,float64,75604,0,0,False,-52.927939337519824,39.959768793218146,-10.613486441955347,4.462428483531355,-10.107838096363977,0.8643542245013789,52.927939337519824,0,805,ok,extreme thresholds are audit flags only; units differ by modality
8,data/limb/subject08/StaticP10/subject8_limb_EMG.mat,StaticP10,17,GYRO.Y electrode 2,float64,75604,0,0,False,-93.5356210121466,69.54081605060588,-2.4913077145445004,5.675554435062992,-2.7433795928408453,1.6197615592762737,93.5356210121466,0,204,ok,extreme thresholds are audit flags only; units differ by modality
8,data/limb/subject08/StaticP10/subject8_limb_EMG.mat,StaticP10,18,GYRO.Z electrode 2,float64,75604,0,0,False,-158.96049677827946,169.87024885254618,-1.1042589706450372,18.571710132140073,-3.6995203686819993,0.753233927363421,169.87024885254618,0,1836,ok,extreme thresholds are audit flags only; units differ by modality
8,data/limb/subject08/StaticP10/subject8_limb_EMG.mat,StaticP10,19,ACC.X electrode 3,float64,75604,0,0,False,-0.38894641827163784,0.4295089220711659,-0.17789442576841574,0.16696472952587343,-0.25273347536151025,0.031902946740321556,0.4295089220711659,0,0,ok,extreme thresholds are audit flags only; units differ by modality
8,data/limb/subject08/StaticP10/subject8_limb_EMG.mat,StaticP10,20,ACC.Y electrode 3,float64,75604,0,0,False,-0.9816411172175357,1.0171249756650815,0.583398850721829,0.7370688003448099,0.9614280076075514,0.014326250949554531,1.0171249756650815,0,16101,ok,extreme thresholds are audit flags only; units differ by modality
8,data/limb/subject08/StaticP10/subject8_limb_EMG.mat,StaticP10,21,ACC.Z electrode 3,float64,75604,0,0,False,-1.207224121698997,0.1747290941175425,-0.21394603993509886,0.2158429569004901,-0.14039195282787093,0.08323194007085541,1.207224121698997,0,0,ok,extreme thresholds are audit flags only; units differ by modality
8,data/limb/subject08/StaticP10/subject8_limb_EMG.mat,StaticP10,22,GYRO.X electrode 3,float64,75604,0,0,False,-147.35510594636148,154.4656044509417,14.65774292126585,17.473238348244006,17.079249057855677,0.9795313281172859,154.4656044509417,0,1777,ok,extreme thresholds are audit flags only; units differ by modality
8,data/limb/subject08/StaticP10/subject8_limb_EMG.mat,StaticP10,23,GYRO.Y electrode 3,float64,75604,0,0,False,-26.66069727713297,55.57357107133644,3.261814942071015,4.066259777140903,3.0508318839785673,1.7985222064479927,55.57357107133644,0,0,ok,extreme thresholds are audit flags only; units differ by modality
8,data/limb/subject08/StaticP10/subject8_limb_EMG.mat,StaticP10,24,GYRO.Z electrode 3,float64,75604,0,0,False,-73.88264654023719,73.02723848504415,1.1923858967824519,7.8616485067268576,2.2571106377479007,0.731694695758617,73.88264654023719,0,1406,ok,extreme thresholds are audit flags only; units differ by modality
8,data/limb/subject08/StaticP10/subject8_limb_EMG.mat,StaticP10,25,ACC.X electrode 4,float64,75604,0,0,False,-0.09053375712113336,0.9843125270281281,0.25840841635589973,0.10403542320957625,0.2600280284322781,0.06814613162697128,0.9843125270281281,0,0,ok,extreme thresholds are audit flags only; units differ by modality
8,data/limb/subject08/StaticP10/subject8_limb_EMG.mat,StaticP10,26,ACC.Y electrode 4,float64,75604,0,0,False,-1.0769562128205772,1.1104225291766272,0.5618994874918389,0.7719883579753047,0.9546070385174953,0.023663334984918738,1.1104225291766272,0,16021,ok,extreme thresholds are audit flags only; units differ by modality
8,data/limb/subject08/StaticP10/subject8_limb_EMG.mat,StaticP10,27,ACC.Z electrode 4,float64,75604,0,0,False,-0.29433522287697556,0.4619327987181343,-0.1356874527684552,0.08858660821096007,-0.16736345534452662,0.030639759060725816,0.4619327987181343,0,0,ok,extreme thresholds are audit flags only; units differ by modality
8,data/limb/subject08/StaticP10/subject8_limb_EMG.mat,StaticP10,28,GYRO.X electrode 4,float64,75604,0,0,False,-79.86073685208089,106.35152835863597,4.566624593389962,10.308085363798321,3.171262240137674,1.3787013133123338,106.35152835863597,0,1143,ok,extreme thresholds are audit flags only; units differ by modality
8,data/limb/subject08/StaticP10/subject8_limb_EMG.mat,StaticP10,29,GYRO.Y electrode 4,float64,75604,0,0,False,-33.271816567323015,71.01891238121793,6.887841631239102,5.006243063308428,6.687651582104779,2.210945704357298,71.01891238121793,0,0,ok,extreme thresholds are audit flags only; units differ by modality
8,data/limb/subject08/StaticP10/subject8_limb_EMG.mat,StaticP10,30,GYRO.Z electrode 4,float64,75604,0,0,False,-141.05006881785667,140.92988797649784,1.5039769374330354,15.87037075654068,3.6889352137836036,1.0044627082254496,141.05006881785667,0,1773,ok,extreme thresholds are audit flags only; units differ by modality
8,data/limb/subject08/StaticP10/subject8_limb_EMG.mat,StaticP10,31,ACC.X electrode 5,float64,75604,0,0,False,0.013649651258800822,0.3331118956691366,0.15509253527167674,0.03150801908901071,0.15448249838545447,0.018566463951911458,0.3331118956691366,0,0,ok,extreme thresholds are audit flags only; units differ by modality
8,data/limb/subject08/StaticP10/subject8_limb_EMG.mat,StaticP10,32,ACC.Y electrode 5,float64,75604,0,0,False,-1.122289617062053,0.0810145875432838,-0.2725448511491955,0.37173205900406686,-0.11405007510793598,0.04063711604844072,1.122289617062053,0,0,ok,extreme thresholds are audit flags only; units differ by modality
8,data/limb/subject08/StaticP10/subject8_limb_EMG.mat,StaticP10,33,ACC.Z electrode 5,float64,75604,0,0,False,-0.20543445028855514,1.0178766998248985,0.7084798344801737,0.42421473762758216,0.9233277462416586,0.011871236239809457,1.0178766998248985,0,15791,ok,extreme thresholds are audit flags only; units differ by modality
8,data/limb/subject08/StaticP10/subject8_limb_EMG.mat,StaticP10,34,GYRO.X electrode 5,float64,75604,0,0,False,-77.56888046447258,112.88091980142954,6.498516139415086,10.989840854000933,5.174529660751645,0.7878613190253314,112.88091980142954,0,1403,ok,extreme thresholds are audit flags only; units differ by modality
8,data/limb/subject08/StaticP10/subject8_limb_EMG.mat,StaticP10,35,GYRO.Y electrode 5,float64,75604,0,0,False,-22.633397061857938,33.107090754941225,5.713999613098191,3.3038808844274707,5.60829408281267,1.3827882285361563,33.107090754941225,0,0,ok,extreme thresholds are audit flags only; units differ by modality
8,data/limb/subject08/StaticP10/subject8_limb_EMG.mat,StaticP10,36,GYRO.Z electrode 5,float64,75604,0,0,False,-18.671057507335426,10.500932243121559,-2.1479264738633286,1.772765259589194,-2.017227293655562,0.5610889427242134,18.671057507335426,0,2,ok,extreme thresholds are audit flags only; units differ by modality
8,data/limb/subject08/StaticP10/subject8_limb_EMG.mat,StaticP10,37,ACC.X electrode 6,float64,75604,0,0,False,-0.3359013759090252,0.09430172407715133,-0.10086007329135804,0.07651401390435007,-0.08165214564576992,0.033100893554212855,0.3359013759090252,0,0,ok,extreme thresholds are audit flags only; units differ by modality
8,data/limb/subject08/StaticP10/subject8_limb_EMG.mat,StaticP10,38,ACC.Y electrode 6,float64,75604,0,0,False,-1.0763777806796753,0.36741081662995945,-0.010544435654574217,0.48413883638917826,0.21727117949141034,0.03362300294778789,1.0763777806796753,0,15591,ok,extreme thresholds are audit flags only; units differ by modality
8,data/limb/subject08/StaticP10/subject8_limb_EMG.mat,StaticP10,39,ACC.Z electrode 6,float64,75604,0,0,False,-1.1015246616832532,-0.022436122176506434,-0.8744578843438037,0.32118686520332196,-1.0373155037853734,0.010777660046778492,1.1015246616832532,0,15501,ok,extreme thresholds are audit flags only; units differ by modality
8,data/limb/subject08/StaticP10/subject8_limb_EMG.mat,StaticP10,40,GYRO.X electrode 6,float64,75604,0,0,False,-114.22282231863814,105.46352231487123,-2.299612348153433,11.38332690061507,-0.8836016134723819,0.570751603137688,114.22282231863814,0,1590,ok,extreme thresholds are audit flags only; units differ by modality
8,data/limb/subject08/StaticP10/subject8_limb_EMG.mat,StaticP10,41,GYRO.Y electrode 6,float64,75604,0,0,False,-18.323083712222022,82.22995104251329,6.576143102040221,4.850711165964154,6.371145316846486,2.293222036883132,82.22995104251329,0,16,ok,extreme thresholds are audit flags only; units differ by modality
8,data/limb/subject08/StaticP10/subject8_limb_EMG.mat,StaticP10,42,GYRO.Z electrode 6,float64,75604,0,0,False,-24.589738207211454,37.43524487306637,-0.8994439400922931,2.4268423307074873,-0.7642010874102267,0.8254438888211273,37.43524487306637,0,1,ok,extreme thresholds are audit flags only; units differ by modality
8,data/limb/subject08/StaticP14/subject8_limb_EMG.mat,StaticP14,1,EMG electrode 1,float64,75600,0,0,False,-0.000143175,0.000197894,1.3037241600529121e-08,1.8396892174678036e-05,1.67849e-07,8.392459e-06,0.000197894,0,0,ok,extreme thresholds are audit flags only; units differ by modality
8,data/limb/subject08/StaticP14/subject8_limb_EMG.mat,StaticP14,2,EMG electrode 2,float64,75600,0,0,False,-0.000718563,0.000877684,4.066804633333334e-06,8.537518824023881e-05,2.51774e-06,2.450596e-05,0.000877684,0,4,ok,extreme thresholds are audit flags only; units differ by modality
8,data/limb/subject08/StaticP14/subject8_limb_EMG.mat,StaticP14,3,EMG electrode 3,float64,75600,0,0,False,-0.000671565,0.000578576,9.398022355687831e-06,4.8049109476485616e-05,8.89601e-06,1.107809e-05,0.000671565,0,42,ok,extreme thresholds are audit flags only; units differ by modality
8,data/limb/subject08/StaticP14/subject8_limb_EMG.mat,StaticP14,4,EMG electrode 4,float64,75600,0,0,False,-0.000151568,0.000120684,-2.0775659147142856e-05,1.1015337549701378e-05,-2.09812e-05,3.357000000000002e-06,0.000151568,0,23,ok,extreme thresholds are audit flags only; units differ by modality
8,data/limb/subject08/StaticP14/subject8_limb_EMG.mat,StaticP14,5,EMG electrode 5,float64,75600,0,0,False,-9.41634e-05,4.39765e-05,-1.960491104115079e-05,7.734966786037568e-06,-1.94705e-05,3.357000000000002e-06,9.41634e-05,0,0,ok,extreme thresholds are audit flags only; units differ by modality
8,data/limb/subject08/StaticP14/subject8_limb_EMG.mat,StaticP14,6,EMG electrode 6,float64,75600,0,0,False,-0.000235157,0.000100206,-7.527608409708995e-06,2.2104140708677874e-05,-5.87472e-06,8.89601e-06,0.000235157,0,0,ok,extreme thresholds are audit flags only; units differ by modality
8,data/limb/subject08/StaticP14/subject8_limb_EMG.mat,StaticP14,7,ACC.X electrode 1,float64,75600,0,0,False,-0.32280882393519633,0.14903747508531917,-0.07229723112888142,0.09302599809682925,-0.09745774770071929,0.04546682544325426,0.32280882393519633,0,0,ok,extreme thresholds are audit flags only; units differ by modality
8,data/limb/subject08/StaticP14/subject8_limb_EMG.mat,StaticP14,8,ACC.Y electrode 1,float64,75600,0,0,False,-0.8988976038687795,1.1666950841604626,-0.41276538582538513,0.7034502165453207,-0.7318715758939046,0.056119329067233215,1.1666950841604626,0,15109,ok,extreme thresholds are audit flags only; units differ by modality
8,data/limb/subject08/StaticP14/subject8_limb_EMG.mat,StaticP14,9,ACC.Z electrode 1,float64,75600,0,0,False,0.01105694854717997,0.7221657036682386,0.474470725039771,0.2013628319763138,0.560046423132373,0.09004256960973991,0.7221657036682386,0,0,ok,extreme thresholds are audit flags only; units differ by modality
8,data/limb/subject08/StaticP14/subject8_limb_EMG.mat,StaticP14,10,GYRO.X electrode 1,float64,75600,0,0,False,-25.627647069103848,10.656831974642067,-12.90447162271571,1.8977397792944242,-12.89060674827062,0.9939387129144448,25.627647069103848,0,0,ok,extreme thresholds are audit flags only; units differ by modality
8,data/limb/subject08/StaticP14/subject8_limb_EMG.mat,StaticP14,11,GYRO.Y electrode 1,float64,75600,0,0,False,-32.201204421393534,27.66281384223372,0.49499232529096776,5.001877680384117,0.5321133292712115,2.5455947815840125,32.201204421393534,0,0,ok,extreme thresholds are audit flags only; units differ by modality
8,data/limb/subject08/StaticP14/subject8_limb_EMG.mat,StaticP14,12,GYRO.Z electrode 1,float64,75600,0,0,False,-11.312236761345407,6.878122964475703,-1.492976776063083,1.5686647782387446,-1.5594383404555845,0.8697352055055017,11.312236761345407,0,0,ok,extreme thresholds are audit flags only; units differ by modality
8,data/limb/subject08/StaticP14/subject8_limb_EMG.mat,StaticP14,13,ACC.X electrode 2,float64,75600,0,0,False,-0.6015287620908539,-0.04349203675544808,-0.4377795012007115,0.05948021654344082,-0.45029323189168924,0.037489211512756054,0.6015287620908539,0,0,ok,extreme thresholds are audit flags only; units differ by modality
8,data/limb/subject08/StaticP14/subject8_limb_EMG.mat,StaticP14,14,ACC.Y electrode 2,float64,75600,0,0,False,-1.0423750148275652,0.9728222866142117,0.5181536485984297,0.7108534937591006,0.8560447460804851,0.03389544440127218,1.0423750148275652,0,15117,ok,extreme thresholds are audit flags only; units differ by modality
8,data/limb/subject08/StaticP14/subject8_limb_EMG.mat,StaticP14,15,ACC.Z electrode 2,float64,75600,0,0,False,-0.1367416136197381,0.3231497575602689,0.10907403937905509,0.11041212750383445,0.12652739515242672,0.05467152660600679,0.3231497575602689,0,0,ok,extreme thresholds are audit flags only; units differ by modality
8,data/limb/subject08/StaticP14/subject8_limb_EMG.mat,StaticP14,16,GYRO.X electrode 2,float64,75600,0,0,False,-20.79455262634014,5.486441221022612,-10.338852350591853,2.037731012041559,-10.245750639275222,1.0290028889061835,20.79455262634014,0,0,ok,extreme thresholds are audit flags only; units differ by modality
8,data/limb/subject08/StaticP14/subject8_limb_EMG.mat,StaticP14,17,GYRO.Y electrode 2,float64,75600,0,0,False,-57.38109871366797,39.43963197535341,-2.707253861821092,5.436929390419134,-2.768178141421518,2.4441679544678676,57.38109871366797,0,0,ok,extreme thresholds are audit flags only; units differ by modality
8,data/limb/subject08/StaticP14/subject8_limb_EMG.mat,StaticP14,18,GYRO.Z electrode 2,float64,75600,0,0,False,-18.93750948411706,2.96711645068378,-3.6815885722125126,1.421776646806664,-3.65949056971514,0.7608729728077432,18.93750948411706,0,0,ok,extreme thresholds are audit flags only; units differ by modality
8,data/limb/subject08/StaticP14/subject8_limb_EMG.mat,StaticP14,19,ACC.X electrode 3,float64,75600,0,0,False,-0.5202246585880003,0.1884824246997545,-0.20131380793425224,0.1627095750138845,-0.2654954912558553,0.04492311726313267,0.5202246585880003,0,0,ok,extreme thresholds are audit flags only; units differ by modality
8,data/limb/subject08/StaticP14/subject8_limb_EMG.mat,StaticP14,20,ACC.Y electrode 3,float64,75600,0,0,False,-0.9943278696859846,0.985508406214891,0.5382192356530822,0.7032884099045388,0.8773875169698935,0.03554953237923886,0.9943278696859846,0,15117,ok,extreme thresholds are audit flags only; units differ by modality
8,data/limb/subject08/StaticP14/subject8_limb_EMG.mat,StaticP14,21,ACC.Z electrode 3,float64,75600,0,0,False,-0.679217201909881,-0.05179678562426691,-0.45924973903107486,0.07481537167475832,-0.4649568048934894,0.04512169829717058,0.679217201909881,0,0,ok,extreme thresholds are audit flags only; units differ by modality
8,data/limb/subject08/StaticP14/subject8_limb_EMG.mat,StaticP14,22,GYRO.X electrode 3,float64,75600,0,0,False,1.684531473967453,31.923097353282042,17.092283050021003,1.805421902087905,17.055343100039813,1.0347132606152147,31.923097353282042,0,0,ok,extreme thresholds are audit flags only; units differ by modality
8,data/limb/subject08/StaticP14/subject8_limb_EMG.mat,StaticP14,23,GYRO.Y electrode 3,float64,75600,0,0,False,-36.64992582324735,32.76593723581426,2.846202206303723,4.673038178638379,2.8166640270544505,2.2045685453242068,36.64992582324735,0,0,ok,extreme thresholds are audit flags only; units differ by modality
8,data/limb/subject08/StaticP14/subject8_limb_EMG.mat,StaticP14,24,GYRO.Z electrode 3,float64,75600,0,0,False,-8.943261923339215,13.484033272694234,2.1016289428287376,1.7985461973621513,2.181642262590982,0.8247947786711879,13.484033272694234,0,0,ok,extreme thresholds are audit flags only; units differ by modality
8,data/limb/subject08/StaticP14/subject8_limb_EMG.mat,StaticP14,25,ACC.X electrode 4,float64,75600,0,0,False,0.043090321083775064,0.7222277680175709,0.4682932572251,0.09275054949771563,0.49892335073521227,0.06404767190776864,0.7222277680175709,0,0,ok,extreme thresholds are audit flags only; units differ by modality
8,data/limb/subject08/StaticP14/subject8_limb_EMG.mat,StaticP14,26,ACC.Y electrode 4,float64,75600,0,0,False,-1.10647711050077,0.9606355716492881,0.49648442807651183,0.7210505413120628,0.8399199010675846,0.03291170042987995,1.10647711050077,0,15117,ok,extreme thresholds are audit flags only; units differ by modality
8,data/limb/subject08/StaticP14/subject8_limb_EMG.mat,StaticP14,27,ACC.Z electrode 4,float64,75600,0,0,False,-0.2714392111136286,0.11557172547615915,-0.10832583639866081,0.07360254871617578,-0.1236937623887698,0.05772721624998953,0.2714392111136286,0,0,ok,extreme thresholds are audit flags only; units differ by modality
8,data/limb/subject08/StaticP14/subject8_limb_EMG.mat,StaticP14,28,GYRO.X electrode 4,float64,75600,0,0,False,-12.727232506005896,12.417578015959302,3.2341898946332717,1.9374674908921372,3.1796231966376904,1.0188227740501807,12.727232506005896,0,0,ok,extreme thresholds are audit flags only; units differ by modality
8,data/limb/subject08/StaticP14/subject8_limb_EMG.mat,StaticP14,29,GYRO.Y electrode 4,float64,75600,0,0,False,-18.529931915267337,36.92367011584278,6.356933394930072,4.490629551351493,6.345727917060177,2.151893536808546,36.92367011584278,0,0,ok,extreme thresholds are audit flags only; units differ by modality
8,data/limb/subject08/StaticP14/subject8_limb_EMG.mat,StaticP14,30,GYRO.Z electrode 4,float64,75600,0,0,False,-1.1778823806043475,17.538834550548877,3.7019169429209873,1.3536116028048655,3.661637176177786,0.7366047183988287,17.538834550548877,0,0,ok,extreme thresholds are audit flags only; units differ by modality
8,data/limb/subject08/StaticP14/subject8_limb_EMG.mat,StaticP14,31,ACC.X electrode 5,float64,75600,0,0,False,0.0010982157778413372,0.5975098298325866,0.3333225586232278,0.11098833478115237,0.3635347876536068,0.05531780946026782,0.5975098298325866,0,0,ok,extreme thresholds are audit flags only; units differ by modality
8,data/limb/subject08/StaticP14/subject8_limb_EMG.mat,StaticP14,32,ACC.Y electrode 5,float64,75600,0,0,False,-1.1504785632888466,0.8551539191320956,0.3690434287671253,0.6786064995936291,0.6798364454383266,0.04262923377689504,1.1504785632888466,0,15117,ok,extreme thresholds are audit flags only; units differ by modality
8,data/limb/subject08/StaticP14/subject8_limb_EMG.mat,StaticP14,33,ACC.Z electrode 5,float64,75600,0,0,False,-0.1598689273250357,0.6471888449102866,0.4023004554836098,0.26858513240564863,0.538327483893908,0.03499743944115524,0.6471888449102866,0,0,ok,extreme thresholds are audit flags only; units differ by modality
8,data/limb/subject08/StaticP14/subject8_limb_EMG.mat,StaticP14,34,GYRO.X electrode 5,float64,75600,0,0,False,-16.779585368612302,12.954945386909742,4.901099488236992,1.7128500751780276,4.97959298629455,0.9707789296998861,16.779585368612302,0,0,ok,extreme thresholds are audit flags only; units differ by modality
8,data/limb/subject08/StaticP14/subject8_limb_EMG.mat,StaticP14,35,GYRO.Y electrode 5,float64,75600,0,0,False,-27.92019486760576,69.80152673188248,5.373162544455988,5.816656167701904,5.387117738410588,2.9913462329692955,69.80152673188248,0,0,ok,extreme thresholds are audit flags only; units differ by modality
8,data/limb/subject08/StaticP14/subject8_limb_EMG.mat,StaticP14,36,GYRO.Z electrode 5,float64,75600,0,0,False,-7.279268431488666,7.8013209856583146,-1.960047478412038,1.2808611957003146,-2.0104560203171955,0.6826841759472408,7.8013209856583146,0,0,ok,extreme thresholds are audit flags only; units differ by modality
8,data/limb/subject08/StaticP14/subject8_limb_EMG.mat,StaticP14,37,ACC.X electrode 6,float64,75600,0,0,False,-0.5763005240534018,-0.009661465699811423,-0.28904793902422,0.06055994940830668,-0.2920680679151081,0.0406757240477601,0.5763005240534018,0,0,ok,extreme thresholds are audit flags only; units differ by modality
8,data/limb/subject08/StaticP14/subject8_limb_EMG.mat,StaticP14,38,ACC.Y electrode 6,float64,75600,0,0,False,-1.200355568690326,0.9034396222345128,0.42975832081838583,0.6939112164894066,0.7525124946807671,0.03599874662764191,1.200355568690326,0,15117,ok,extreme thresholds are audit flags only; units differ by modality
8,data/limb/subject08/StaticP14/subject8_limb_EMG.mat,StaticP14,39,ACC.Z electrode 6,float64,75600,0,0,False,-0.7422511936200802,-0.022365373668641317,-0.5468492962252308,0.16636369515041258,-0.6332911284675993,0.036988251503014935,0.7422511936200802,0,0,ok,extreme thresholds are audit flags only; units differ by modality
8,data/limb/subject08/StaticP14/subject8_limb_EMG.mat,StaticP14,40,GYRO.X electrode 6,float64,75600,0,0,False,-21.292028616146453,46.636309571026516,-0.8051545030449331,2.145070565375411,-0.840177500907425,0.9641543153102501,46.636309571026516,0,31,ok,extreme thresholds are audit flags only; units differ by modality
8,data/limb/subject08/StaticP14/subject8_limb_EMG.mat,StaticP14,41,GYRO.Y electrode 6,float64,75600,0,0,False,-30.024228992750913,60.91596707357214,5.996451221045765,5.5884839067809,6.1573295475881515,2.915710123170143,60.91596707357214,0,0,ok,extreme thresholds are audit flags only; units differ by modality
8,data/limb/subject08/StaticP14/subject8_limb_EMG.mat,StaticP14,42,GYRO.Z electrode 6,float64,75600,0,0,False,-12.799279195984258,12.37135938922376,-0.8665789369795894,1.6428185910998472,-0.7855056422446876,0.8777630863549011,12.799279195984258,0,0,ok,extreme thresholds are audit flags only; units differ by modality
8,data/limb/subject08/Dynamic/subject8_limb_EMG.mat,Dynamic,1,EMG electrode 1,float64,698263,0,0,False,-0.00243096,0.00120868,-5.8155204133686025e-08,2.666751643468893e-05,-1.67849e-07,5.874719e-06,0.00243096,0,942,ok,extreme thresholds are audit flags only; units differ by modality
8,data/limb/subject08/Dynamic/subject8_limb_EMG.mat,Dynamic,2,EMG electrode 2,float64,698263,0,0,False,-0.00065478,0.000738705,4.154949246891215e-06,4.853492669580754e-05,3.52483e-06,1.0406670000000001e-05,0.000738705,0,851,ok,extreme thresholds are audit flags only; units differ by modality
8,data/limb/subject08/Dynamic/subject8_limb_EMG.mat,Dynamic,3,EMG electrode 3,float64,698263,0,0,False,-0.000398642,0.000445975,9.383127581777926e-06,2.461872839594322e-05,9.23171e-06,4.0283800000000006e-06,0.000445975,0,4322,ok,extreme thresholds are audit flags only; units differ by modality
8,data/limb/subject08/Dynamic/subject8_limb_EMG.mat,Dynamic,4,EMG electrode 4,float64,698263,0,0,False,-0.000107927,9.41634e-05,-2.0803475314653644e-05,6.427122677271866e-06,-2.08133e-05,2.3498999999999993e-06,0.000107927,0,61,ok,extreme thresholds are audit flags only; units differ by modality
8,data/limb/subject08/Dynamic/subject8_limb_EMG.mat,Dynamic,5,EMG electrode 5,float64,698263,0,0,False,-0.00016466,0.000122698,-1.9652793681359327e-05,1.1311348115595163e-05,-1.93027e-05,3.5249000000000008e-06,0.00016466,0,69,ok,extreme thresholds are audit flags only; units differ by modality
8,data/limb/subject08/Dynamic/subject8_limb_EMG.mat,Dynamic,6,EMG electrode 6,float64,698263,0,0,False,-0.000722087,0.000659815,-7.4676171308504105e-06,2.823645717834083e-05,-7.21752e-06,4.36408e-06,0.000722087,0,7853,ok,extreme thresholds are audit flags only; units differ by modality
8,data/limb/subject08/Dynamic/subject8_limb_EMG.mat,Dynamic,7,ACC.X electrode 1,float64,698263,0,0,False,-1.0377422436975272,0.8989075686024138,0.27380080769299536,0.26877184581528873,0.13010266054340572,0.10978221430949933,1.0377422436975272,0,0,ok,extreme thresholds are audit flags only; units differ by modality
8,data/limb/subject08/Dynamic/subject8_limb_EMG.mat,Dynamic,8,ACC.Y electrode 1,float64,698263,0,0,False,-1.0242206455139549,1.323914906250118,0.31761865435255343,0.6822248992772949,0.433196057699939,0.5530621953782189,1.323914906250118,0,0,ok,extreme thresholds are audit flags only; units differ by modality
8,data/limb/subject08/Dynamic/subject8_limb_EMG.mat,Dynamic,9,ACC.Z electrode 1,float64,698263,0,0,False,-0.12426670922370138,1.1090053147098742,0.40995066586096746,0.27591696007557026,0.47492842042495165,0.28294505789687774,1.1090053147098742,0,0,ok,extreme thresholds are audit flags only; units differ by modality
8,data/limb/subject08/Dynamic/subject8_limb_EMG.mat,Dynamic,10,GYRO.X electrode 1,float64,698263,0,0,False,-66.33192421528409,158.64369826301348,-12.20650377614165,18.721968092279617,-13.523651034388157,2.5012964690539885,158.64369826301348,0,13692,ok,extreme thresholds are audit flags only; units differ by modality
8,data/limb/subject08/Dynamic/subject8_limb_EMG.mat,Dynamic,11,GYRO.Y electrode 1,float64,698263,0,0,False,-206.90694031454223,223.8824876504841,0.8637881370203444,11.669498748344369,0.535533316652254,2.6213558337309673,223.8824876504841,0,733,ok,extreme thresholds are audit flags only; units differ by modality
8,data/limb/subject08/Dynamic/subject8_limb_EMG.mat,Dynamic,12,GYRO.Z electrode 1,float64,698263,0,0,False,-127.03238350066711,55.82327067016676,-0.5077833839008297,14.192345876926694,-1.09829867769387,3.791073410325497,127.03238350066711,0,56,ok,extreme thresholds are audit flags only; units differ by modality
8,data/limb/subject08/Dynamic/subject8_limb_EMG.mat,Dynamic,13,ACC.X electrode 2,float64,698263,0,0,False,-1.294908897025769,0.47340454344696814,-0.5946315838500771,0.27717218614589434,-0.4950571344885598,0.1760749956404562,1.294908897025769,0,0,ok,extreme thresholds are audit flags only; units differ by modality
8,data/limb/subject08/Dynamic/subject8_limb_EMG.mat,Dynamic,14,ACC.Y electrode 2,float64,698263,0,0,False,-1.0847469579086753,1.1184924544107515,-0.12880902807454234,0.7279563329991311,-0.11676581042842937,0.7670389124548477,1.1184924544107515,0,0,ok,extreme thresholds are audit flags only; units differ by modality
8,data/limb/subject08/Dynamic/subject8_limb_EMG.mat,Dynamic,15,ACC.Z electrode 2,float64,698263,0,0,False,-0.5606686001627473,0.6582084685455775,-0.12636716550017307,0.1843807526415312,-0.11342335282830095,0.06825869315239103,0.6582084685455775,0,0,ok,extreme thresholds are audit flags only; units differ by modality
8,data/limb/subject08/Dynamic/subject8_limb_EMG.mat,Dynamic,16,GYRO.X electrode 2,float64,698263,0,0,False,-56.39966209720359,54.42975915038041,-11.46941538133551,9.060084185802868,-10.630554075235564,2.618479560036768,56.39966209720359,0,0,ok,extreme thresholds are audit flags only; units differ by modality
8,data/limb/subject08/Dynamic/subject8_limb_EMG.mat,Dynamic,17,GYRO.Y electrode 2,float64,698263,0,0,False,-169.20348806536344,247.04472240912648,-3.0423336164275385,10.126800604818486,-3.1115348547060053,2.3283576013334732,247.04472240912648,0,1261,ok,extreme thresholds are audit flags only; units differ by modality
8,data/limb/subject08/Dynamic/subject8_limb_EMG.mat,Dynamic,18,GYRO.Z electrode 2,float64,698263,0,0,False,-217.38271942277436,69.62002401958084,-3.862950304288974,23.00112452278303,-2.936186111614841,4.339569979052603,217.38271942277436,0,5235,ok,extreme thresholds are audit flags only; units differ by modality
8,data/limb/subject08/Dynamic/subject8_limb_EMG.mat,Dynamic,19,ACC.X electrode 3,float64,698263,0,0,False,-0.7207866295795265,0.7866686655753332,0.14948287504907162,0.19992292034261433,0.13488357152177768,0.08201943739355291,0.7866686655753332,0,0,ok,extreme thresholds are audit flags only; units differ by modality
8,data/limb/subject08/Dynamic/subject8_limb_EMG.mat,Dynamic,20,ACC.Y electrode 3,float64,698263,0,0,False,-1.0500262113030099,1.0993693978231862,-0.08574770069701729,0.7276459686320876,-0.05387199781842725,0.7940037776927068,1.0993693978231862,0,0,ok,extreme thresholds are audit flags only; units differ by modality
8,data/limb/subject08/Dynamic/subject8_limb_EMG.mat,Dynamic,21,ACC.Z electrode 3,float64,698263,0,0,False,-1.321470613331783,0.24693990166442475,-0.6555525553811895,0.2455937623313837,-0.5866784029483733,0.1341464382179779,1.321470613331783,0,0,ok,extreme thresholds are audit flags only; units differ by modality
8,data/limb/subject08/Dynamic/subject8_limb_EMG.mat,Dynamic,22,GYRO.X electrode 3,float64,698263,0,0,False,-53.51821114944782,214.81625067399284,17.360159903936985,21.36341122620897,16.26729075479106,4.2341076604638825,214.81625067399284,0,4365,ok,extreme thresholds are audit flags only; units differ by modality
8,data/limb/subject08/Dynamic/subject8_limb_EMG.mat,Dynamic,23,GYRO.Y electrode 3,float64,698263,0,0,False,-155.4053460595606,212.96234818180824,2.926590625458739,8.781274485363252,2.840389278145689,1.8786293517528856,212.96234818180824,0,1455,ok,extreme thresholds are audit flags only; units differ by modality
8,data/limb/subject08/Dynamic/subject8_limb_EMG.mat,Dynamic,24,GYRO.Z electrode 3,float64,698263,0,0,False,-51.715754315518005,103.01068333670413,1.0734109411559813,11.629430273611868,1.6588729463266285,2.9909497979701194,103.01068333670413,0,13,ok,extreme thresholds are audit flags only; units differ by modality
8,data/limb/subject08/Dynamic/subject8_limb_EMG.mat,Dynamic,25,ACC.X electrode 4,float64,698263,0,0,False,-1.9466528588014786,2.1671700193287426,0.5377850883633976,0.23546340511397643,0.4483927664578076,0.16389115978807262,2.1671700193287426,0,0,ok,extreme thresholds are audit flags only; units differ by modality
8,data/limb/subject08/Dynamic/subject8_limb_EMG.mat,Dynamic,26,ACC.Y electrode 4,float64,698263,0,0,False,-1.4370192956504448,1.1516545630164372,-0.21823897694165592,0.7181187416057719,-0.31134095565629455,0.628295962042712,1.4370192956504448,0,0,ok,extreme thresholds are audit flags only; units differ by modality
8,data/limb/subject08/Dynamic/subject8_limb_EMG.mat,Dynamic,27,ACC.Z electrode 4,float64,698263,0,0,False,-0.5623769927970074,0.7991342722556913,0.14855084673743754,0.22558351982851987,0.043405704720891655,0.14224116081290572,0.7991342722556913,0,0,ok,extreme thresholds are audit flags only; units differ by modality
8,data/limb/subject08/Dynamic/subject8_limb_EMG.mat,Dynamic,28,GYRO.X electrode 4,float64,698263,0,0,False,-167.83116827955988,81.70105286269971,4.049864003509724,14.41993416027153,3.8597161875550037,3.1067732215020984,167.83116827955988,0,836,ok,extreme thresholds are audit flags only; units differ by modality
8,data/limb/subject08/Dynamic/subject8_limb_EMG.mat,Dynamic,29,GYRO.Y electrode 4,float64,698263,0,0,False,-702.5606288133151,412.9420033078212,6.378050145384398,10.18693074579488,6.317320621221757,2.253142801027675,702.5606288133151,0,1088,ok,extreme thresholds are audit flags only; units differ by modality
8,data/limb/subject08/Dynamic/subject8_limb_EMG.mat,Dynamic,30,GYRO.Z electrode 4,float64,698263,0,0,False,-54.878950062679266,192.33935791075936,3.9296276527433953,18.87356586713284,2.9028960844068146,3.5818832950006945,192.33935791075936,0,7208,ok,extreme thresholds are audit flags only; units differ by modality
8,data/limb/subject08/Dynamic/subject8_limb_EMG.mat,Dynamic,31,ACC.X electrode 5,float64,698263,0,0,False,-0.3024494170143422,0.7944194690988134,0.17918682180596804,0.07771845341951296,0.15841837088316585,0.04176221037425637,0.7944194690988134,0,0,ok,extreme thresholds are audit flags only; units differ by modality
8,data/limb/subject08/Dynamic/subject8_limb_EMG.mat,Dynamic,32,ACC.Y electrode 5,float64,698263,0,0,False,-1.2285905202207712,0.7623122936896506,-0.6798819361262212,0.5076439253794381,-0.9719823312353928,0.017238203365320337,1.2285905202207712,0,182595,ok,extreme thresholds are audit flags only; units differ by modality
8,data/limb/subject08/Dynamic/subject8_limb_EMG.mat,Dynamic,33,ACC.Z electrode 5,float64,698263,0,0,False,-0.43535180256096917,1.091554141552195,0.17101535130645557,0.4343729783923779,-0.10108625745454272,0.05862167701932494,1.091554141552195,0,0,ok,extreme thresholds are audit flags only; units differ by modality
8,data/limb/subject08/Dynamic/subject8_limb_EMG.mat,Dynamic,34,GYRO.X electrode 5,float64,698263,0,0,False,-177.11187206361876,109.36249670155142,5.810546438824403,22.658215414121003,5.1929891516010995,1.8792261460146493,177.11187206361876,0,27330,ok,extreme thresholds are audit flags only; units differ by modality
8,data/limb/subject08/Dynamic/subject8_limb_EMG.mat,Dynamic,35,GYRO.Y electrode 5,float64,698263,0,0,False,-157.71333456528814,144.0238333255757,5.5029537390316365,7.382412914113707,5.43182761625574,1.741886719305176,157.71333456528814,0,859,ok,extreme thresholds are audit flags only; units differ by modality
8,data/limb/subject08/Dynamic/subject8_limb_EMG.mat,Dynamic,36,GYRO.Z electrode 5,float64,698263,0,0,False,-25.13890755951875,53.96571038075283,-1.8496865476382727,4.060403769358837,-2.221624781014271,0.9806000067047302,53.96571038075283,0,729,ok,extreme thresholds are audit flags only; units differ by modality
8,data/limb/subject08/Dynamic/subject8_limb_EMG.mat,Dynamic,37,ACC.X electrode 6,float64,698263,0,0,False,-0.5201405619091459,0.4697958031690844,-0.1756331498979077,0.10055374436709819,-0.21468886804221474,0.04107724987175962,0.5201405619091459,0,0,ok,extreme thresholds are audit flags only; units differ by modality
8,data/limb/subject08/Dynamic/subject8_limb_EMG.mat,Dynamic,38,ACC.Y electrode 6,float64,698263,0,0,False,-1.2218639626173562,0.8657893418435116,-0.5885702653648356,0.5537298049648142,-0.9296304651506594,0.02712131291708586,1.2218639626173562,0,181652,ok,extreme thresholds are audit flags only; units differ by modality
8,data/limb/subject08/Dynamic/subject8_limb_EMG.mat,Dynamic,39,ACC.Z electrode 6,float64,698263,0,0,False,-1.351695835306031,0.07894513827500943,-0.5076022629188559,0.3279678268583127,-0.33970082668396806,0.12780561759111622,1.351695835306031,0,0,ok,extreme thresholds are audit flags only; units differ by modality
8,data/limb/subject08/Dynamic/subject8_limb_EMG.mat,Dynamic,40,GYRO.X electrode 6,float64,698263,0,0,False,-84.94207731237822,157.12638120396818,-1.5423507839354165,19.713300998286034,-1.5254159419892837,1.5858834235857553,157.12638120396818,0,22408,ok,extreme thresholds are audit flags only; units differ by modality
8,data/limb/subject08/Dynamic/subject8_limb_EMG.mat,Dynamic,41,GYRO.Y electrode 6,float64,698263,0,0,False,-133.22960483930487,145.4809586322463,5.855672547051023,9.123893007068567,6.101663767957135,1.7074074317373729,145.4809586322463,0,2703,ok,extreme thresholds are audit flags only; units differ by modality
8,data/limb/subject08/Dynamic/subject8_limb_EMG.mat,Dynamic,42,GYRO.Z electrode 6,float64,698263,0,0,False,-54.34116273777704,46.00768300577626,-1.0405395383934362,3.7823815222162422,-0.9235153918031941,0.9417268388860208,54.34116273777704,0,584,ok,extreme thresholds are audit flags only; units differ by modality
10,data/limb/subject10/StaticP1/subject10_limb_EMG.mat,StaticP1,1,EMG electrode 1,float64,75604,0,0,False,-0.00032546,0.000473671,4.197075030421671e-07,3.066591411187026e-05,-1.67849e-07,7.3853709999999995e-06,0.000473671,0,78,ok,extreme thresholds are audit flags only; units differ by modality
10,data/limb/subject10/StaticP1/subject10_limb_EMG.mat,StaticP1,2,EMG electrode 2,float64,75604,0,0,False,-0.000149218,0.000136126,4.083247909647637e-06,1.0327997233095319e-05,3.86053e-06,3.860539999999999e-06,0.000149218,0,8,ok,extreme thresholds are audit flags only; units differ by modality
10,data/limb/subject10/StaticP1/subject10_limb_EMG.mat,StaticP1,3,EMG electrode 3,float64,75604,0,0,False,-0.000226429,0.000272755,9.711670812774454e-06,1.6985758298727657e-05,9.23171e-06,4.0283899999999996e-06,0.000272755,0,169,ok,extreme thresholds are audit flags only; units differ by modality
10,data/limb/subject10/StaticP1/subject10_limb_EMG.mat,StaticP1,4,EMG electrode 4,float64,75604,0,0,False,-0.000103563,9.71847e-05,-2.0493687615813977e-05,7.97050284222608e-06,-2.04776e-05,3.860499999999998e-06,0.000103563,0,1,ok,extreme thresholds are audit flags only; units differ by modality
10,data/limb/subject10/StaticP1/subject10_limb_EMG.mat,StaticP1,5,EMG electrode 5,float64,75604,0,0,False,-0.000133104,8.5771e-05,-1.9324316665308714e-05,1.6893295131528837e-05,-1.86313e-05,8.056799999999999e-06,0.000133104,0,0,ok,extreme thresholds are audit flags only; units differ by modality
10,data/limb/subject10/StaticP1/subject10_limb_EMG.mat,StaticP1,6,EMG electrode 6,float64,75604,0,0,False,-8.20783e-05,6.16007e-05,-7.072826989669858e-06,3.901456745591912e-06,-7.04967e-06,2.3498899999999995e-06,8.20783e-05,0,1,ok,extreme thresholds are audit flags only; units differ by modality
10,data/limb/subject10/StaticP1/subject10_limb_EMG.mat,StaticP1,7,ACC.X electrode 1,float64,75604,0,0,False,-1.100973149900524,-0.03247896588007539,-0.7663541277684238,0.2473772489855598,-0.8620839544448314,0.046807993033485706,1.100973149900524,0,0,ok,extreme thresholds are audit flags only; units differ by modality
10,data/limb/subject10/StaticP1/subject10_limb_EMG.mat,StaticP1,8,ACC.Y electrode 1,float64,75604,0,0,False,-1.0817533837442428,-0.0347814830378388,-0.5040506615047133,0.21124786767156836,-0.46056451114654806,0.09127535866650069,1.0817533837442428,0,0,ok,extreme thresholds are audit flags only; units differ by modality
10,data/limb/subject10/StaticP1/subject10_limb_EMG.mat,StaticP1,9,ACC.Z electrode 1,float64,75604,0,0,False,0.011075345710223661,0.26496549512561735,0.1693670321414545,0.04966867205436195,0.1774884491200478,0.04000522868885156,0.26496549512561735,0,0,ok,extreme thresholds are audit flags only; units differ by modality
10,data/limb/subject10/StaticP1/subject10_limb_EMG.mat,StaticP1,10,GYRO.X electrode 1,float64,75604,0,0,False,-25.532489012040905,1.9403436794104019,-12.840576365599784,1.7843982097383446,-12.829457969474952,0.7481324879216604,25.532489012040905,0,0,ok,extreme thresholds are audit flags only; units differ by modality
10,data/limb/subject10/StaticP1/subject10_limb_EMG.mat,StaticP1,11,GYRO.Y electrode 1,float64,75604,0,0,False,-45.00739164533756,48.932912962936776,0.36653492084928385,4.545749223958502,0.41987563841373254,1.6095835191682764,48.932912962936776,0,4,ok,extreme thresholds are audit flags only; units differ by modality
10,data/limb/subject10/StaticP1/subject10_limb_EMG.mat,StaticP1,12,GYRO.Z electrode 1,float64,75604,0,0,False,-26.188397763509315,17.056149364946467,-1.7409153879725743,2.655206056930502,-1.653846415520186,0.6972156218277501,26.188397763509315,0,268,ok,extreme thresholds are audit flags only; units differ by modality
10,data/limb/subject10/StaticP1/subject10_limb_EMG.mat,StaticP1,13,ACC.X electrode 2,float64,75604,0,0,False,-0.14631591112762227,0.3276327973558374,0.07293385794780878,0.05611809095633809,0.06693215013772907,0.043159208566163364,0.3276327973558374,0,0,ok,extreme thresholds are audit flags only; units differ by modality
10,data/limb/subject10/StaticP1/subject10_limb_EMG.mat,StaticP1,14,ACC.Y electrode 2,float64,75604,0,0,False,-1.0895614901449957,-0.026111147660156327,-0.4186837715846012,0.24061120978750497,-0.3549625420807723,0.10246484231104908,1.0895614901449957,0,0,ok,extreme thresholds are audit flags only; units differ by modality
10,data/limb/subject10/StaticP1/subject10_limb_EMG.mat,StaticP1,15,ACC.Z electrode 2,float64,75604,0,0,False,-1.1055322888000003,-0.05553250882290889,-0.9267021602059661,0.22239132835485778,-1.011685195432907,0.03782447509989306,1.1055322888000003,0,0,ok,extreme thresholds are audit flags only; units differ by modality
10,data/limb/subject10/StaticP1/subject10_limb_EMG.mat,StaticP1,16,GYRO.X electrode 2,float64,75604,0,0,False,-34.23824662052739,13.756856251130964,-9.649831870206084,2.883572350152706,-9.661915170034334,0.9188962693383296,34.23824662052739,0,0,ok,extreme thresholds are audit flags only; units differ by modality
10,data/limb/subject10/StaticP1/subject10_limb_EMG.mat,StaticP1,17,GYRO.Y electrode 2,float64,75604,0,0,False,-39.62025372323416,57.91505857089543,-2.8395436842924786,4.730766980879572,-2.9579813125109404,1.6102801210780542,57.91505857089543,0,44,ok,extreme thresholds are audit flags only; units differ by modality
10,data/limb/subject10/StaticP1/subject10_limb_EMG.mat,StaticP1,18,GYRO.Z electrode 2,float64,75604,0,0,False,-17.07351972532079,8.298261123344876,-3.5819622525167603,1.877422989308705,-3.571212348866843,0.7603235707588261,17.07351972532079,0,0,ok,extreme thresholds are audit flags only; units differ by modality
10,data/limb/subject10/StaticP1/subject10_limb_EMG.mat,StaticP1,19,ACC.X electrode 3,float64,75604,0,0,False,-0.020032973484905084,1.0478457509358212,0.7868081223351863,0.24205867502449205,0.8750887932856046,0.048396473185820965,1.0478457509358212,0,0,ok,extreme thresholds are audit flags only; units differ by modality
10,data/limb/subject10/StaticP1/subject10_limb_EMG.mat,StaticP1,20,ACC.Y electrode 3,float64,75604,0,0,False,-1.0991919646221793,-0.03821418681150903,-0.5270152781356061,0.19619762999242907,-0.4833099945599182,0.08815559169222606,1.0991919646221793,0,0,ok,extreme thresholds are audit flags only; units differ by modality
10,data/limb/subject10/StaticP1/subject10_limb_EMG.mat,StaticP1,21,ACC.Z electrode 3,float64,75604,0,0,False,-0.5163367180393904,0.05135761841365709,-0.10177092698958505,0.07362222302506924,-0.08063585481352704,0.022491248763068614,0.5163367180393904,0,0,ok,extreme thresholds are audit flags only; units differ by modality
10,data/limb/subject10/StaticP1/subject10_limb_EMG.mat,StaticP1,22,GYRO.X electrode 3,float64,75604,0,0,False,0.5751750789117359,76.16744040127568,16.842272913511863,2.3557082196054107,16.88752506401543,1.0020763267610864,76.16744040127568,0,17,ok,extreme thresholds are audit flags only; units differ by modality
10,data/limb/subject10/StaticP1/subject10_limb_EMG.mat,StaticP1,23,GYRO.Y electrode 3,float64,75604,0,0,False,-189.37584432995632,63.161089951462024,2.9276917712199477,7.146615187602141,2.8725767103147923,1.7625970060050142,189.37584432995632,0,121,ok,extreme thresholds are audit flags only; units differ by modality
10,data/limb/subject10/StaticP1/subject10_limb_EMG.mat,StaticP1,24,GYRO.Z electrode 3,float64,75604,0,0,False,-17.42186410722917,27.340651142572714,2.396581696413852,2.7331337359730457,2.301980841562548,0.79288966450242,27.340651142572714,0,52,ok,extreme thresholds are audit flags only; units differ by modality
10,data/limb/subject10/StaticP1/subject10_limb_EMG.mat,StaticP1,25,ACC.X electrode 4,float64,75604,0,0,False,0.027289842307250574,0.562783791485437,0.41367673465525734,0.08690726912463526,0.455683517757523,0.02519105676474223,0.562783791485437,0,0,ok,extreme thresholds are audit flags only; units differ by modality
10,data/limb/subject10/StaticP1/subject10_limb_EMG.mat,StaticP1,26,ACC.Y electrode 4,float64,75604,0,0,False,-1.0796607637620068,-0.0348052436239583,-0.4889746872134324,0.21597304341273174,-0.43452497461612294,0.08951490834068931,1.0796607637620068,0,0,ok,extreme thresholds are audit flags only; units differ by modality
10,data/limb/subject10/StaticP1/subject10_limb_EMG.mat,StaticP1,27,ACC.Z electrode 4,float64,75604,0,0,False,0.024295074904494098,0.8121315190093055,0.6361469946293405,0.22924870924920115,0.7450041776066367,0.033550737012949916,0.8121315190093055,0,0,ok,extreme thresholds are audit flags only; units differ by modality
10,data/limb/subject10/StaticP1/subject10_limb_EMG.mat,StaticP1,28,GYRO.X electrode 4,float64,75604,0,0,False,-21.97319567717484,21.698072991635353,2.974539059800534,2.7766123827057503,3.0087930854211806,0.8363929691396839,21.97319567717484,0,23,ok,extreme thresholds are audit flags only; units differ by modality
10,data/limb/subject10/StaticP1/subject10_limb_EMG.mat,StaticP1,29,GYRO.Y electrode 4,float64,75604,0,0,False,-21.658869992461675,59.89007912820386,6.398757286678403,4.635150047515796,6.331447739964269,1.549249070118634,59.89007912820386,0,67,ok,extreme thresholds are audit flags only; units differ by modality
10,data/limb/subject10/StaticP1/subject10_limb_EMG.mat,StaticP1,30,GYRO.Z electrode 4,float64,75604,0,0,False,-13.299489564563922,15.659292510647393,3.5999878003951413,1.8999997475563097,3.5999812228255026,0.8013673130363612,15.659292510647393,0,0,ok,extreme thresholds are audit flags only; units differ by modality
10,data/limb/subject10/StaticP1/subject10_limb_EMG.mat,StaticP1,31,ACC.X electrode 5,float64,75604,0,0,False,-0.008741153562447111,0.26899397521264745,0.1581814999651865,0.024829758128440727,0.16133461107500519,0.013286096267435377,0.26899397521264745,0,0,ok,extreme thresholds are audit flags only; units differ by modality
10,data/limb/subject10/StaticP1/subject10_limb_EMG.mat,StaticP1,32,ACC.Y electrode 5,float64,75604,0,0,False,-1.119451531477932,-0.08976764214742679,-0.9824815342385997,0.010298176676718205,-0.9826154338128397,0.004652510589185421,1.119451531477932,0,3,ok,extreme thresholds are audit flags only; units differ by modality
10,data/limb/subject10/StaticP1/subject10_limb_EMG.mat,StaticP1,33,ACC.Z electrode 5,float64,75604,0,0,False,-0.2830661833463325,-0.0037561106216719695,-0.10680135653250977,0.04251566683091278,-0.11433489769666004,0.03538905947024425,0.2830661833463325,0,0,ok,extreme thresholds are audit flags only; units differ by modality
10,data/limb/subject10/StaticP1/subject10_limb_EMG.mat,StaticP1,34,GYRO.X electrode 5,float64,75604,0,0,False,-22.76617872159327,20.24469944909899,4.903393257494131,2.490980688202791,5.084719258403137,0.6833040757534912,22.76617872159327,0,251,ok,extreme thresholds are audit flags only; units differ by modality
10,data/limb/subject10/StaticP1/subject10_limb_EMG.mat,StaticP1,35,GYRO.Y electrode 5,float64,75604,0,0,False,-24.12426757741207,41.8071465239102,5.41028890442852,4.523391657021743,5.435099118059459,2.216064694513867,41.8071465239102,0,0,ok,extreme thresholds are audit flags only; units differ by modality
10,data/limb/subject10/StaticP1/subject10_limb_EMG.mat,StaticP1,36,GYRO.Z electrode 5,float64,75604,0,0,False,-20.208544440514487,12.25373770106808,-2.0104414004917817,1.7157947588323685,-1.9906986259201955,0.6524562181137334,20.208544440514487,0,0,ok,extreme thresholds are audit flags only; units differ by modality
10,data/limb/subject10/StaticP1/subject10_limb_EMG.mat,StaticP1,37,ACC.X electrode 6,float64,75604,0,0,False,-0.21446086343749976,0.029748036021143405,-0.09165502068392921,0.03314908819554709,-0.08969342613998346,0.023064997354548235,0.21446086343749976,0,0,ok,extreme thresholds are audit flags only; units differ by modality
10,data/limb/subject10/StaticP1/subject10_limb_EMG.mat,StaticP1,38,ACC.Y electrode 6,float64,75604,0,0,False,-1.1204192538301394,-0.08837810092881228,-0.9725554548093963,0.012204426791818547,-0.9729906735588326,0.007207389934727582,1.1204192538301394,0,3,ok,extreme thresholds are audit flags only; units differ by modality
10,data/limb/subject10/StaticP1/subject10_limb_EMG.mat,StaticP1,39,ACC.Z electrode 6,float64,75604,0,0,False,-0.32248413789871333,-0.017676419109857126,-0.2334539191777203,0.04388051385825979,-0.2326112854563608,0.0351005750672867,0.32248413789871333,0,0,ok,extreme thresholds are audit flags only; units differ by modality
10,data/limb/subject10/StaticP1/subject10_limb_EMG.mat,StaticP1,40,GYRO.X electrode 6,float64,75604,0,0,False,-20.58202543325505,30.8816497053573,-0.8361687651960779,2.7575988276759444,-1.0352324822046848,0.7292823855053696,30.8816497053573,0,327,ok,extreme thresholds are audit flags only; units differ by modality
10,data/limb/subject10/StaticP1/subject10_limb_EMG.mat,StaticP1,41,GYRO.Y electrode 6,float64,75604,0,0,False,-29.602409498810886,38.8302859808482,6.24906701748495,2.8883499673309716,6.239234776107108,1.2596725729262355,38.8302859808482,0,0,ok,extreme thresholds are audit flags only; units differ by modality
10,data/limb/subject10/StaticP1/subject10_limb_EMG.mat,StaticP1,42,GYRO.Z electrode 6,float64,75604,0,0,False,-34.176154241447456,10.555899532833827,-0.8478656070478114,2.3786854524764953,-0.7925962645325798,0.8952471081445137,34.176154241447456,0,124,ok,extreme thresholds are audit flags only; units differ by modality
10,data/limb/subject10/StaticP2/subject10_limb_EMG.mat,StaticP2,1,EMG electrode 1,float64,75600,0,0,False,-0.000219883,0.000313375,2.9593859134920634e-07,1.9586050852924375e-05,-5.03548e-07,6.546122e-06,0.000313375,0,15,ok,extreme thresholds are audit flags only; units differ by modality
10,data/limb/subject10/StaticP2/subject10_limb_EMG.mat,StaticP2,2,EMG electrode 2,float64,75600,0,0,False,-0.000148547,0.000137301,3.940834145965608e-06,1.0904769937983074e-05,3.86053e-06,3.356982e-06,0.000148547,0,25,ok,extreme thresholds are audit flags only; units differ by modality
10,data/limb/subject10/StaticP2/subject10_limb_EMG.mat,StaticP2,3,EMG electrode 3,float64,75600,0,0,False,-0.000137469,0.000242878,9.417558622949735e-06,8.398535554265127e-06,9.23171e-06,3.0212900000000003e-06,0.000242878,0,46,ok,extreme thresholds are audit flags only; units differ by modality
10,data/limb/subject10/StaticP2/subject10_limb_EMG.mat,StaticP2,4,EMG electrode 4,float64,75600,0,0,False,-6.98253e-05,1.7792e-05,-2.0693939291388887e-05,6.268848205907606e-06,-2.04776e-05,3.5248000000000005e-06,6.98253e-05,0,0,ok,extreme thresholds are audit flags only; units differ by modality
10,data/limb/subject10/StaticP2/subject10_limb_EMG.mat,StaticP2,5,EMG electrode 5,float64,75600,0,0,False,-0.000246067,8.15747e-05,-1.9498574950343915e-05,1.0759371017697855e-05,-1.8967e-05,5.706800000000001e-06,0.000246067,0,3,ok,extreme thresholds are audit flags only; units differ by modality
10,data/limb/subject10/StaticP2/subject10_limb_EMG.mat,StaticP2,6,EMG electrode 6,float64,75600,0,0,False,-2.53452e-05,1.02388e-05,-7.370469636230159e-06,2.9230175927140078e-06,-7.38537e-06,1.8463400000000007e-06,2.53452e-05,0,0,ok,extreme thresholds are audit flags only; units differ by modality
10,data/limb/subject10/StaticP2/subject10_limb_EMG.mat,StaticP2,7,ACC.X electrode 1,float64,75600,0,0,False,-1.2632729881683828,0.2521225689174201,-0.9323348071179616,0.20311730342200657,-0.9919387011257368,0.004904613807579727,1.2632729881683828,0,6190,ok,extreme thresholds are audit flags only; units differ by modality
10,data/limb/subject10/StaticP2/subject10_limb_EMG.mat,StaticP2,8,ACC.Y electrode 1,float64,75600,0,0,False,-1.1135962212489718,0.5035848359589958,-0.13017471985026266,0.2515684240524862,-0.0874611233257434,0.0373016201411827,1.1135962212489718,0,0,ok,extreme thresholds are audit flags only; units differ by modality
10,data/limb/subject10/StaticP2/subject10_limb_EMG.mat,StaticP2,9,ACC.Z electrode 1,float64,75600,0,0,False,-0.39885247925257405,0.24186166779030818,0.0413652267624138,0.050865213972227735,0.028744708883542282,0.035293252590779464,0.39885247925257405,0,0,ok,extreme thresholds are audit flags only; units differ by modality
10,data/limb/subject10/StaticP2/subject10_limb_EMG.mat,StaticP2,10,GYRO.X electrode 1,float64,75600,0,0,False,-70.57326130997781,34.698473566809476,-12.881154749792564,3.63030390825719,-13.070781043584187,1.0504966161321079,70.57326130997781,0,208,ok,extreme thresholds are audit flags only; units differ by modality
10,data/limb/subject10/StaticP2/subject10_limb_EMG.mat,StaticP2,11,GYRO.Y electrode 1,float64,75600,0,0,False,-72.91131525718656,76.77145443932476,0.43109931581483896,6.401055045206635,0.37766571982347974,1.7283961718251626,76.77145443932476,0,239,ok,extreme thresholds are audit flags only; units differ by modality
10,data/limb/subject10/StaticP2/subject10_limb_EMG.mat,StaticP2,12,GYRO.Z electrode 1,float64,75600,0,0,False,-226.91697740438175,115.80988972526964,-1.392031349839091,7.047433726492598,-1.6991355061064284,0.63465849516762,226.91697740438175,0,591,ok,extreme thresholds are audit flags only; units differ by modality
10,data/limb/subject10/StaticP2/subject10_limb_EMG.mat,StaticP2,13,ACC.X electrode 2,float64,75600,0,0,False,-0.05152475554246718,0.5937972996443999,0.27575092261041007,0.15974584615586318,0.2233957388402628,0.07149079217630253,0.5937972996443999,0,0,ok,extreme thresholds are audit flags only; units differ by modality
10,data/limb/subject10/StaticP2/subject10_limb_EMG.mat,StaticP2,14,ACC.Y electrode 2,float64,75600,0,0,False,-0.9884835435801432,0.3088202116576409,-0.018712914110521218,0.2787157090506469,0.03388549011621723,0.04916533054812167,0.9884835435801432,0,0,ok,extreme thresholds are audit flags only; units differ by modality
10,data/limb/subject10/StaticP2/subject10_limb_EMG.mat,StaticP2,15,ACC.Z electrode 2,float64,75600,0,0,False,-1.13880904675287,-0.3044707515817295,-0.9784132347443155,0.16282334552704925,-1.04144564461486,0.027877793992414412,1.13880904675287,0,0,ok,extreme thresholds are audit flags only; units differ by modality
10,data/limb/subject10/StaticP2/subject10_limb_EMG.mat,StaticP2,16,GYRO.X electrode 2,float64,75600,0,0,False,-139.5448530404605,190.73828397101622,-10.008692551570702,7.920913515716211,-9.632860227655973,1.0710038240016377,190.73828397101622,0,569,ok,extreme thresholds are audit flags only; units differ by modality
10,data/limb/subject10/StaticP2/subject10_limb_EMG.mat,StaticP2,17,GYRO.Y electrode 2,float64,75600,0,0,False,-53.55470059983212,49.54889203695863,-2.534238544499455,5.425280772347213,-2.6865572659791064,2.0669490051941457,53.55470059983212,0,0,ok,extreme thresholds are audit flags only; units differ by modality
10,data/limb/subject10/StaticP2/subject10_limb_EMG.mat,StaticP2,18,GYRO.Z electrode 2,float64,75600,0,0,False,-26.77391552351178,41.96067272929594,-3.569276835894717,2.8343562846484542,-3.634639223989682,1.119862740149673,41.96067272929594,0,30,ok,extreme thresholds are audit flags only; units differ by modality
10,data/limb/subject10/StaticP2/subject10_limb_EMG.mat,StaticP2,19,ACC.X electrode 3,float64,75600,0,0,False,0.12839975971260909,1.1151677820081858,0.9070450711128275,0.18407273906629543,0.9636610022843115,0.02099373632397461,1.1151677820081858,0,5359,ok,extreme thresholds are audit flags only; units differ by modality
10,data/limb/subject10/StaticP2/subject10_limb_EMG.mat,StaticP2,20,ACC.Y electrode 3,float64,75600,0,0,False,-1.0309279249285486,0.16846672429012408,-0.2098292191211381,0.2294547270342635,-0.15600267217358202,0.07131746746158174,1.0309279249285486,0,0,ok,extreme thresholds are audit flags only; units differ by modality
10,data/limb/subject10/StaticP2/subject10_limb_EMG.mat,StaticP2,21,ACC.Z electrode 3,float64,75600,0,0,False,-0.3580636853495565,0.2976611114684238,0.13506619170408463,0.11805759247650831,0.14080220615124445,0.046952317408342714,0.3580636853495565,0,0,ok,extreme thresholds are audit flags only; units differ by modality
10,data/limb/subject10/StaticP2/subject10_limb_EMG.mat,StaticP2,22,GYRO.X electrode 3,float64,75600,0,0,False,-36.84515132805942,45.635931475221184,17.30399341361444,2.9801407513413825,17.247961045684526,1.080119083856303,45.635931475221184,0,30,ok,extreme thresholds are audit flags only; units differ by modality
10,data/limb/subject10/StaticP2/subject10_limb_EMG.mat,StaticP2,23,GYRO.Y electrode 3,float64,75600,0,0,False,-49.796249400985786,69.68096500638025,3.2827438742101482,5.860367155292613,3.2269506552460694,1.6567423609302523,69.68096500638025,0,91,ok,extreme thresholds are audit flags only; units differ by modality
10,data/limb/subject10/StaticP2/subject10_limb_EMG.mat,StaticP2,24,GYRO.Z electrode 3,float64,75600,0,0,False,-118.99076581487151,195.75450776660037,2.1657798689431655,7.367287097025148,2.5401916641381206,0.8325878586553016,195.75450776660037,0,646,ok,extreme thresholds are audit flags only; units differ by modality
10,data/limb/subject10/StaticP2/subject10_limb_EMG.mat,StaticP2,25,ACC.X electrode 4,float64,75600,0,0,False,0.15023606701411885,0.5135124404378135,0.30617560766424784,0.07200814236411411,0.30690314356437787,0.06444575195527225,0.5135124404378135,0,0,ok,extreme thresholds are audit flags only; units differ by modality
10,data/limb/subject10/StaticP2/subject10_limb_EMG.mat,StaticP2,26,ACC.Y electrode 4,float64,75600,0,0,False,-1.072040478974064,0.1778678360766127,-0.12850373075490784,0.2504535253709169,-0.07993222758796009,0.034958812200455394,1.072040478974064,0,0,ok,extreme thresholds are audit flags only; units differ by modality
10,data/limb/subject10/StaticP2/subject10_limb_EMG.mat,StaticP2,27,ACC.Z electrode 4,float64,75600,0,0,False,0.014456719866603185,0.9635178214690004,0.8246050296281515,0.19898369821845993,0.8827556036330384,0.021582608179837592,0.9635178214690004,0,5849,ok,extreme thresholds are audit flags only; units differ by modality
10,data/limb/subject10/StaticP2/subject10_limb_EMG.mat,StaticP2,28,GYRO.X electrode 4,float64,75600,0,0,False,-185.0634672856396,100.29942159602275,3.2701889723107134,6.543442834794361,3.0112942724629725,0.7979756801008333,185.0634672856396,0,602,ok,extreme thresholds are audit flags only; units differ by modality
10,data/limb/subject10/StaticP2/subject10_limb_EMG.mat,StaticP2,29,GYRO.Y electrode 4,float64,75600,0,0,False,-65.03667095735815,70.51001025131838,6.652796467280715,5.815286782922714,6.289013120645414,1.6778396388987717,70.51001025131838,0,188,ok,extreme thresholds are audit flags only; units differ by modality
10,data/limb/subject10/StaticP2/subject10_limb_EMG.mat,StaticP2,30,GYRO.Z electrode 4,float64,75600,0,0,False,-74.1681723414978,75.48070003026768,3.466673033050024,4.496042891683248,3.6695722231990127,1.0287076773203596,75.48070003026768,0,299,ok,extreme thresholds are audit flags only; units differ by modality
10,data/limb/subject10/StaticP2/subject10_limb_EMG.mat,StaticP2,31,ACC.X electrode 5,float64,75600,0,0,False,-0.06426575628955239,0.27890727437433877,0.08217172092281305,0.026523475674243305,0.07902726676771424,0.012855955642680682,0.27890727437433877,0,0,ok,extreme thresholds are audit flags only; units differ by modality
10,data/limb/subject10/StaticP2/subject10_limb_EMG.mat,StaticP2,32,ACC.Y electrode 5,float64,75600,0,0,False,-1.0358568254128122,-0.8822094195410464,-0.9835454558455445,0.010744837771398405,-0.9850132975723374,0.006422887332597438,1.0358568254128122,0,0,ok,extreme thresholds are audit flags only; units differ by modality
10,data/limb/subject10/StaticP2/subject10_limb_EMG.mat,StaticP2,33,ACC.Z electrode 5,float64,75600,0,0,False,-0.30881245509336397,-0.02100534291526601,-0.1974655915318605,0.05052017472146689,-0.1920831162544967,0.02809087089531835,0.30881245509336397,0,0,ok,extreme thresholds are audit flags only; units differ by modality
10,data/limb/subject10/StaticP2/subject10_limb_EMG.mat,StaticP2,34,GYRO.X electrode 5,float64,75600,0,0,False,-12.405684321766802,26.946107010004198,5.076817252744641,1.9655199771434542,5.055502262273671,0.820332398174668,26.946107010004198,0,0,ok,extreme thresholds are audit flags only; units differ by modality
10,data/limb/subject10/StaticP2/subject10_limb_EMG.mat,StaticP2,35,GYRO.Y electrode 5,float64,75600,0,0,False,-55.72897026553294,89.10949816475237,5.604258566771215,5.65828106848292,5.387222332188653,2.3522173852075543,89.10949816475237,0,20,ok,extreme thresholds are audit flags only; units differ by modality
10,data/limb/subject10/StaticP2/subject10_limb_EMG.mat,StaticP2,36,GYRO.Z electrode 5,float64,75600,0,0,False,-16.831553994307203,8.703592893468587,-2.119671577854284,1.2451580281841237,-2.108982768147609,0.49255171149720134,16.831553994307203,0,6,ok,extreme thresholds are audit flags only; units differ by modality
10,data/limb/subject10/StaticP2/subject10_limb_EMG.mat,StaticP2,37,ACC.X electrode 6,float64,75600,0,0,False,-0.3302869837845206,0.05961041904348607,-0.05243157289373261,0.05644170177483658,-0.04612968164196056,0.020079205062013765,0.3302869837845206,0,0,ok,extreme thresholds are audit flags only; units differ by modality
10,data/limb/subject10/StaticP2/subject10_limb_EMG.mat,StaticP2,38,ACC.Y electrode 6,float64,75600,0,0,False,-1.0244973986653991,-0.9132265154017811,-0.9786502409392076,0.009944843810146525,-0.9797286978536904,0.0061342874895390365,1.0244973986653991,0,0,ok,extreme thresholds are audit flags only; units differ by modality
10,data/limb/subject10/StaticP2/subject10_limb_EMG.mat,StaticP2,39,ACC.Z electrode 6,float64,75600,0,0,False,-0.2931321179632494,-0.08610123768980883,-0.2088587068942504,0.045952547990686265,-0.21350816672762077,0.03899760263375615,0.2931321179632494,0,0,ok,extreme thresholds are audit flags only; units differ by modality
10,data/limb/subject10/StaticP2/subject10_limb_EMG.mat,StaticP2,40,GYRO.X electrode 6,float64,75600,0,0,False,-27.710808926014465,16.254040083080564,-0.9187255320860893,1.8849481491536977,-0.9765687230319748,0.7347814417135934,27.710808926014465,0,8,ok,extreme thresholds are audit flags only; units differ by modality
10,data/limb/subject10/StaticP2/subject10_limb_EMG.mat,StaticP2,41,GYRO.Y electrode 6,float64,75600,0,0,False,-51.54995649041665,60.833614584569524,6.3706751720205075,3.6070647290527926,6.226917715620932,1.2585543974951157,60.833614584569524,0,127,ok,extreme thresholds are audit flags only; units differ by modality
10,data/limb/subject10/StaticP2/subject10_limb_EMG.mat,StaticP2,42,GYRO.Z electrode 6,float64,75600,0,0,False,-20.869523662571705,17.400348276041186,-0.7494414617221692,1.9813305082077746,-0.6951698913264732,0.7544872650206826,20.869523662571705,0,0,ok,extreme thresholds are audit flags only; units differ by modality
10,data/limb/subject10/StaticP3/subject10_limb_EMG.mat,StaticP3,1,EMG electrode 1,float64,75600,0,0,False,-0.000216526,0.000333516,3.23966761984127e-07,2.0357985734476224e-05,-1.67849e-07,5.035481e-06,0.000333516,0,105,ok,extreme thresholds are audit flags only; units differ by modality
10,data/limb/subject10/StaticP3/subject10_limb_EMG.mat,StaticP3,2,EMG electrode 2,float64,75600,0,0,False,-9.08064e-05,9.08064e-05,3.869624704047619e-06,6.107694332395325e-06,3.86053e-06,2.85344e-06,9.08064e-05,0,2,ok,extreme thresholds are audit flags only; units differ by modality
10,data/limb/subject10/StaticP3/subject10_limb_EMG.mat,StaticP3,3,EMG electrode 3,float64,75600,0,0,False,-0.000101045,0.000155932,9.358520129166668e-06,7.3828455258141144e-06,9.23171e-06,2.6855899999999995e-06,0.000155932,0,23,ok,extreme thresholds are audit flags only; units differ by modality
10,data/limb/subject10/StaticP3/subject10_limb_EMG.mat,StaticP3,4,EMG electrode 4,float64,75600,0,0,False,-6.93217e-05,3.97803e-05,-2.063672285138889e-05,5.773816549542557e-06,-2.06455e-05,3.021200000000001e-06,6.93217e-05,0,0,ok,extreme thresholds are audit flags only; units differ by modality
10,data/limb/subject10/StaticP3/subject10_limb_EMG.mat,StaticP3,5,EMG electrode 5,float64,75600,0,0,False,-0.000135454,0.000124712,-1.9579968194021165e-05,9.728184831233446e-06,-1.8967e-05,4.6998e-06,0.000135454,0,1,ok,extreme thresholds are audit flags only; units differ by modality
10,data/limb/subject10/StaticP3/subject10_limb_EMG.mat,StaticP3,6,EMG electrode 6,float64,75600,0,0,False,-6.63004e-05,3.44091e-05,-7.570299186468255e-06,2.9744371971837697e-06,-7.55322e-06,2.0141899999999994e-06,6.63004e-05,0,0,ok,extreme thresholds are audit flags only; units differ by modality
10,data/limb/subject10/StaticP3/subject10_limb_EMG.mat,StaticP3,7,ACC.X electrode 1,float64,75600,0,0,False,-0.8790841337833448,0.03509449067113222,-0.6764619821701564,0.18768674392034804,-0.7362366383059062,0.05674096114121169,0.8790841337833448,0,0,ok,extreme thresholds are audit flags only; units differ by modality
10,data/limb/subject10/StaticP3/subject10_limb_EMG.mat,StaticP3,8,ACC.Y electrode 1,float64,75600,0,0,False,-1.0623457682219537,0.7479819840614236,0.32648182969731787,0.630529724772108,0.6107452076505477,0.0710647756739603,1.0623457682219537,0,0,ok,extreme thresholds are audit flags only; units differ by modality
10,data/limb/subject10/StaticP3/subject10_limb_EMG.mat,StaticP3,9,ACC.Z electrode 1,float64,75600,0,0,False,-0.08628174545698643,0.2323462956795274,0.037071970894453514,0.051530196518100306,0.02036574551476866,0.01583129081331864,0.2323462956795274,0,0,ok,extreme thresholds are audit flags only; units differ by modality
10,data/limb/subject10/StaticP3/subject10_limb_EMG.mat,StaticP3,10,GYRO.X electrode 1,float64,75600,0,0,False,-25.710908223361866,16.390468510762844,-12.930024223249083,2.521296165256735,-12.949475586684477,1.0761206872638915,25.710908223361866,0,0,ok,extreme thresholds are audit flags only; units differ by modality
10,data/limb/subject10/StaticP3/subject10_limb_EMG.mat,StaticP3,11,GYRO.Y electrode 1,float64,75600,0,0,False,-158.70118218199195,204.49028057554077,0.23813706252508626,7.804471157770181,0.39634280333876104,1.6122991585379713,204.49028057554077,0,296,ok,extreme thresholds are audit flags only; units differ by modality
10,data/limb/subject10/StaticP3/subject10_limb_EMG.mat,StaticP3,12,GYRO.Z electrode 1,float64,75600,0,0,False,-42.713622223386466,28.016322086615553,-1.8784780511968344,3.3558125472961797,-1.7431570978412605,0.9338079129120054,42.713622223386466,0,78,ok,extreme thresholds are audit flags only; units differ by modality
10,data/limb/subject10/StaticP3/subject10_limb_EMG.mat,StaticP3,13,ACC.X electrode 2,float64,75600,0,0,False,-0.28767728410917154,0.36679523678159937,0.06027157225927756,0.04297832138304313,0.05677260672870488,0.022655331261792637,0.36679523678159937,0,0,ok,extreme thresholds are audit flags only; units differ by modality
10,data/limb/subject10/StaticP3/subject10_limb_EMG.mat,StaticP3,14,ACC.Y electrode 2,float64,75600,0,0,False,-1.0137888875857666,0.8423635445776693,0.4202904173196096,0.6610076392833862,0.7263406812611186,0.061903067888575136,1.0137888875857666,0,0,ok,extreme thresholds are audit flags only; units differ by modality
10,data/limb/subject10/StaticP3/subject10_limb_EMG.mat,StaticP3,15,ACC.Z electrode 2,float64,75600,0,0,False,-0.8822590620970558,-0.37452783518092064,-0.6979092621938919,0.10617061280041228,-0.7101053676062962,0.061788729817946086,0.8822590620970558,0,0,ok,extreme thresholds are audit flags only; units differ by modality
10,data/limb/subject10/StaticP3/subject10_limb_EMG.mat,StaticP3,16,GYRO.X electrode 2,float64,75600,0,0,False,-50.82688440404299,34.644990821985004,-9.609087820503884,3.7544159060299696,-9.705080970543982,1.0978696448498342,50.82688440404299,0,102,ok,extreme thresholds are audit flags only; units differ by modality
10,data/limb/subject10/StaticP3/subject10_limb_EMG.mat,StaticP3,17,GYRO.Y electrode 2,float64,75600,0,0,False,-228.07948432903171,156.51551418696442,-3.3819359957117867,10.700635321387217,-3.006638992443065,1.8724335299614658,228.07948432903171,0,358,ok,extreme thresholds are audit flags only; units differ by modality
10,data/limb/subject10/StaticP3/subject10_limb_EMG.mat,StaticP3,18,GYRO.Z electrode 2,float64,75600,0,0,False,-20.92789253814708,31.74653230734455,-3.6053479707675113,2.5734651763118537,-3.6281616820607177,1.0036999095834833,31.74653230734455,0,57,ok,extreme thresholds are audit flags only; units differ by modality
10,data/limb/subject10/StaticP3/subject10_limb_EMG.mat,StaticP3,19,ACC.X electrode 3,float64,75600,0,0,False,-0.4004434587105054,1.2681054911469187,0.6763698069473455,0.16993921572683707,0.7322981516226954,0.04946465108856768,1.2681054911469187,0,0,ok,extreme thresholds are audit flags only; units differ by modality
10,data/limb/subject10/StaticP3/subject10_limb_EMG.mat,StaticP3,20,ACC.Y electrode 3,float64,75600,0,0,False,-1.0931522655177068,0.7516695980554928,0.308083635099619,0.6187071830134112,0.5888135980108266,0.07137306935429144,1.0931522655177068,0,0,ok,extreme thresholds are audit flags only; units differ by modality
10,data/limb/subject10/StaticP3/subject10_limb_EMG.mat,StaticP3,21,ACC.Z electrode 3,float64,75600,0,0,False,-0.35573395880545805,0.2738193862365781,0.09747230317988478,0.14241923701571824,0.15978860526072397,0.02434296571870409,0.35573395880545805,0,0,ok,extreme thresholds are audit flags only; units differ by modality
10,data/limb/subject10/StaticP3/subject10_limb_EMG.mat,StaticP3,22,GYRO.X electrode 3,float64,75600,0,0,False,-55.585859496162705,54.44661995227657,17.21325637617468,3.236383037860477,17.29641342753193,1.2703998698564014,55.585859496162705,0,27,ok,extreme thresholds are audit flags only; units differ by modality
10,data/limb/subject10/StaticP3/subject10_limb_EMG.mat,StaticP3,23,GYRO.Y electrode 3,float64,75600,0,0,False,-514.3900033855385,172.61609561408267,2.348969059269851,13.467876493368191,3.0293085049806403,1.6869456781837282,514.3900033855385,0,461,ok,extreme thresholds are audit flags only; units differ by modality
10,data/limb/subject10/StaticP3/subject10_limb_EMG.mat,StaticP3,24,GYRO.Z electrode 3,float64,75600,0,0,False,-69.41150088729961,56.82551184529748,2.575205799132602,3.182193694636863,2.4395222242663634,0.8775610551659423,69.41150088729961,0,90,ok,extreme thresholds are audit flags only; units differ by modality
10,data/limb/subject10/StaticP3/subject10_limb_EMG.mat,StaticP3,25,ACC.X electrode 4,float64,75600,0,0,False,-0.19378505649794672,0.8332284275301772,0.21067513437931587,0.03886137141593522,0.2022840492533077,0.021248099742520496,0.8332284275301772,0,2,ok,extreme thresholds are audit flags only; units differ by modality
10,data/limb/subject10/StaticP3/subject10_limb_EMG.mat,StaticP3,26,ACC.Y electrode 4,float64,75600,0,0,False,-1.1205287359246445,0.8296600006134908,0.3855496438143558,0.6600475603239951,0.6936525120330481,0.09355116962720206,1.1205287359246445,0,0,ok,extreme thresholds are audit flags only; units differ by modality
10,data/limb/subject10/StaticP3/subject10_limb_EMG.mat,StaticP3,27,ACC.Z electrode 4,float64,75600,0,0,False,0.10887121092555477,0.7518311974829922,0.5232021084957393,0.15877412260473475,0.5552507444335006,0.06901893857930785,0.7518311974829922,0,0,ok,extreme thresholds are audit flags only; units differ by modality
10,data/limb/subject10/StaticP3/subject10_limb_EMG.mat,StaticP3,28,GYRO.X electrode 4,float64,75600,0,0,False,-32.5172165330602,28.69676016220661,2.872318869608335,3.3821770073232384,3.1047486158673365,1.0116483121860305,32.5172165330602,0,36,ok,extreme thresholds are audit flags only; units differ by modality
10,data/limb/subject10/StaticP3/subject10_limb_EMG.mat,StaticP3,29,GYRO.Y electrode 4,float64,75600,0,0,False,-225.28748338353807,163.1005779778281,6.285243771610882,8.886544181351697,6.4146749617139065,1.296925174634819,225.28748338353807,0,555,ok,extreme thresholds are audit flags only; units differ by modality
10,data/limb/subject10/StaticP3/subject10_limb_EMG.mat,StaticP3,30,GYRO.Z electrode 4,float64,75600,0,0,False,-23.433970543092155,30.63224013372522,3.682828406363685,2.571527711218861,3.714247072806868,1.0956720475906543,30.63224013372522,0,0,ok,extreme thresholds are audit flags only; units differ by modality
10,data/limb/subject10/StaticP3/subject10_limb_EMG.mat,StaticP3,31,ACC.X electrode 5,float64,75600,0,0,False,-0.0429572343054223,0.34740165033130344,0.10724531187169965,0.026394827975677024,0.11133180164528754,0.01690971146221905,0.34740165033130344,0,0,ok,extreme thresholds are audit flags only; units differ by modality
10,data/limb/subject10/StaticP3/subject10_limb_EMG.mat,StaticP3,32,ACC.Y electrode 5,float64,75600,0,0,False,-1.1288952862711445,-0.9146254874998307,-0.9896213426447263,0.007681640822260654,-0.9893715078074202,0.004073464527328097,1.1288952862711445,0,3,ok,extreme thresholds are audit flags only; units differ by modality
10,data/limb/subject10/StaticP3/subject10_limb_EMG.mat,StaticP3,33,ACC.Z electrode 5,float64,75600,0,0,False,-0.18962776115610425,0.14032404541366855,-0.06318733181840053,0.06018429545934194,-0.053139239444408265,0.059337030817900926,0.18962776115610425,0,0,ok,extreme thresholds are audit flags only; units differ by modality
10,data/limb/subject10/StaticP3/subject10_limb_EMG.mat,StaticP3,34,GYRO.X electrode 5,float64,75600,0,0,False,-46.844262539524735,21.447907823538777,4.978417150377077,3.0591874874343206,5.087338621971011,0.8802455010489072,46.844262539524735,0,205,ok,extreme thresholds are audit flags only; units differ by modality
10,data/limb/subject10/StaticP3/subject10_limb_EMG.mat,StaticP3,35,GYRO.Y electrode 5,float64,75600,0,0,False,-22.93027611128202,91.89110277666249,5.395633885653005,4.442299371123065,5.386461400472067,1.3049783414642873,91.89110277666249,0,90,ok,extreme thresholds are audit flags only; units differ by modality
10,data/limb/subject10/StaticP3/subject10_limb_EMG.mat,StaticP3,36,GYRO.Z electrode 5,float64,75600,0,0,False,-24.60040217162054,21.355863214770697,-1.967599578949784,2.244966353297569,-1.9471090090450058,0.853598141595139,24.60040217162054,0,0,ok,extreme thresholds are audit flags only; units differ by modality
10,data/limb/subject10/StaticP3/subject10_limb_EMG.mat,StaticP3,37,ACC.X electrode 6,float64,75600,0,0,False,-0.2225440968564616,0.15732839226202938,0.03727242904429672,0.06014970549485355,0.05455121596355591,0.01985988377370653,0.2225440968564616,0,0,ok,extreme thresholds are audit flags only; units differ by modality
10,data/limb/subject10/StaticP3/subject10_limb_EMG.mat,StaticP3,38,ACC.Y electrode 6,float64,75600,0,0,False,-1.0885381866503563,-0.8108574376442796,-0.8964385300150424,0.03881127659265615,-0.896599021483105,0.02589641703418466,1.0885381866503563,0,0,ok,extreme thresholds are audit flags only; units differ by modality
10,data/limb/subject10/StaticP3/subject10_limb_EMG.mat,StaticP3,39,ACC.Z electrode 6,float64,75600,0,0,False,-0.6126803586828675,-0.18108930281718616,-0.4754706280580771,0.09997495630955078,-0.48553716036153594,0.06094693987062577,0.6126803586828675,0,0,ok,extreme thresholds are audit flags only; units differ by modality
10,data/limb/subject10/StaticP3/subject10_limb_EMG.mat,StaticP3,40,GYRO.X electrode 6,float64,75600,0,0,False,-25.180086913246527,53.54248452304607,-0.8049406538041759,3.182750029466806,-0.9433119408184354,0.9010557842457392,53.54248452304607,0,208,ok,extreme thresholds are audit flags only; units differ by modality
10,data/limb/subject10/StaticP3/subject10_limb_EMG.mat,StaticP3,41,GYRO.Y electrode 6,float64,75600,0,0,False,-34.61577472569526,89.6385155178812,6.311383926984078,4.905575350450771,6.397887952806325,1.7047486592960444,89.6385155178812,0,70,ok,extreme thresholds are audit flags only; units differ by modality
10,data/limb/subject10/StaticP3/subject10_limb_EMG.mat,StaticP3,42,GYRO.Z electrode 6,float64,75600,0,0,False,-23.746367364988007,51.2643757445464,-0.6840325632846502,3.4056845970131504,-0.7948541806490727,0.8694576793939985,51.2643757445464,0,240,ok,extreme thresholds are audit flags only; units differ by modality
10,data/limb/subject10/StaticP4/subject10_limb_EMG.mat,StaticP4,1,EMG electrode 1,float64,75600,0,0,False,-0.000306325,0.000517479,3.896233695238095e-07,2.8172707993053124e-05,-1.67849e-07,8.056761e-06,0.000517479,0,39,ok,extreme thresholds are audit flags only; units differ by modality
10,data/limb/subject10/StaticP4/subject10_limb_EMG.mat,StaticP4,2,EMG electrode 2,float64,75600,0,0,False,-0.000152071,0.000210819,3.928014580740741e-06,1.6106843724696643e-05,3.86053e-06,4.364078e-06,0.000210819,0,20,ok,extreme thresholds are audit flags only; units differ by modality
10,data/limb/subject10/StaticP4/subject10_limb_EMG.mat,StaticP4,3,EMG electrode 3,float64,75600,0,0,False,-0.00022475,0.000276616,9.412353969682542e-06,1.4470561713814284e-05,9.06386e-06,3.52484e-06,0.000276616,0,118,ok,extreme thresholds are audit flags only; units differ by modality
10,data/limb/subject10/StaticP4/subject10_limb_EMG.mat,StaticP4,4,EMG electrode 4,float64,75600,0,0,False,-7.26787e-05,2.90379e-05,-2.0607523186005293e-05,5.899260075759396e-06,-2.06455e-05,2.853399999999999e-06,7.26787e-05,0,0,ok,extreme thresholds are audit flags only; units differ by modality
10,data/limb/subject10/StaticP4/subject10_limb_EMG.mat,StaticP4,5,EMG electrode 5,float64,75600,0,0,False,-0.000138476,0.00013814,-1.955817999587302e-05,3.767465135539095e-06,-1.96384e-05,1.678500000000001e-06,0.000138476,0,39,ok,extreme thresholds are audit flags only; units differ by modality
10,data/limb/subject10/StaticP4/subject10_limb_EMG.mat,StaticP4,6,EMG electrode 6,float64,75600,0,0,False,-0.000100877,6.96574e-05,-7.684538992235451e-06,5.108483811704547e-06,-7.55322e-06,2.3498800000000004e-06,0.000100877,0,6,ok,extreme thresholds are audit flags only; units differ by modality
10,data/limb/subject10/StaticP4/subject10_limb_EMG.mat,StaticP4,7,ACC.X electrode 1,float64,75600,0,0,False,-0.7406051405569282,0.09443042879365396,-0.20251756701560372,0.07815471359714692,-0.22513292261728213,0.03416554676642475,0.7406051405569282,0,0,ok,extreme thresholds are audit flags only; units differ by modality
10,data/limb/subject10/StaticP4/subject10_limb_EMG.mat,StaticP4,8,ACC.Y electrode 1,float64,75600,0,0,False,-1.1210589494885357,-0.0874726261338945,-0.9467918384602173,0.028835217162696335,-0.9450238562867971,0.014401544731390825,1.1210589494885357,0,1,ok,extreme thresholds are audit flags only; units differ by modality
10,data/limb/subject10/StaticP4/subject10_limb_EMG.mat,StaticP4,9,ACC.Z electrode 1,float64,75600,0,0,False,0.014272603433059399,0.2820328519976193,0.1767329482118293,0.03982684096839245,0.17701804599899607,0.021574368236157937,0.2820328519976193,0,0,ok,extreme thresholds are audit flags only; units differ by modality
10,data/limb/subject10/StaticP4/subject10_limb_EMG.mat,StaticP4,10,GYRO.X electrode 1,float64,75600,0,0,False,-43.49983320968666,0.20171244017992385,-12.997666370631693,2.9446597403359664,-12.932183989622324,0.7956462770215076,43.49983320968666,0,91,ok,extreme thresholds are audit flags only; units differ by modality
10,data/limb/subject10/StaticP4/subject10_limb_EMG.mat,StaticP4,11,GYRO.Y electrode 1,float64,75600,0,0,False,-90.75786343543803,94.1781155984402,0.1915098603947487,8.365154079133362,0.34585592262594883,2.041026190733834,94.1781155984402,0,257,ok,extreme thresholds are audit flags only; units differ by modality
10,data/limb/subject10/StaticP4/subject10_limb_EMG.mat,StaticP4,12,GYRO.Z electrode 1,float64,75600,0,0,False,-68.8622227250875,19.732719430941,-2.457700284430562,6.219343733046122,-1.7170445612431604,0.9759732747114616,68.8622227250875,0,864,ok,extreme thresholds are audit flags only; units differ by modality
10,data/limb/subject10/StaticP4/subject10_limb_EMG.mat,StaticP4,13,ACC.X electrode 2,float64,75600,0,0,False,-0.18905466082149874,0.11008667268527964,-0.032682597036626584,0.029461019336548586,-0.03424989882156876,0.015804642574902134,0.18905466082149874,0,0,ok,extreme thresholds are audit flags only; units differ by modality
10,data/limb/subject10/StaticP4/subject10_limb_EMG.mat,StaticP4,14,ACC.Y electrode 2,float64,75600,0,0,False,-1.0973546426200533,-0.08550104438464042,-0.9236944524235624,0.03551582976888047,-0.9220640224988499,0.0234800939064016,1.0973546426200533,0,1,ok,extreme thresholds are audit flags only; units differ by modality
10,data/limb/subject10/StaticP4/subject10_limb_EMG.mat,StaticP4,15,ACC.Z electrode 2,float64,75600,0,0,False,-0.923241498546163,-0.04007845710533548,-0.45222784775983754,0.07987171072462672,-0.46795781284392224,0.05530203328105371,0.923241498546163,0,0,ok,extreme thresholds are audit flags only; units differ by modality
10,data/limb/subject10/StaticP4/subject10_limb_EMG.mat,StaticP4,16,GYRO.X electrode 2,float64,75600,0,0,False,-38.80659997659092,52.61055870461269,-9.289436503441562,6.474482314832416,-9.868683662257956,1.0818900982695192,52.61055870461269,0,739,ok,extreme thresholds are audit flags only; units differ by modality
10,data/limb/subject10/StaticP4/subject10_limb_EMG.mat,StaticP4,17,GYRO.Y electrode 2,float64,75600,0,0,False,-86.73218455687397,103.69065948173777,-2.7868885912045136,7.9828367765510695,-2.970529402029965,1.9489007011908046,103.69065948173777,0,332,ok,extreme thresholds are audit flags only; units differ by modality
10,data/limb/subject10/StaticP4/subject10_limb_EMG.mat,StaticP4,18,GYRO.Z electrode 2,float64,75600,0,0,False,-28.717326124690764,39.57142417153438,-3.443317092090423,2.86804189401336,-3.672559324861301,0.6958300897801291,39.57142417153438,0,256,ok,extreme thresholds are audit flags only; units differ by modality
10,data/limb/subject10/StaticP4/subject10_limb_EMG.mat,StaticP4,19,ACC.X electrode 3,float64,75600,0,0,False,-0.04501537268308742,0.7521609786686522,0.2786790746310556,0.07674015695137155,0.30560843657244097,0.03336024245797259,0.7521609786686522,0,0,ok,extreme thresholds are audit flags only; units differ by modality
10,data/limb/subject10/StaticP4/subject10_limb_EMG.mat,StaticP4,20,ACC.Y electrode 3,float64,75600,0,0,False,-1.1103169493756628,-0.08577715204776466,-0.9339826258644566,0.02669313705346666,-0.9329793170611642,0.013982558395021327,1.1103169493756628,0,1,ok,extreme thresholds are audit flags only; units differ by modality
10,data/limb/subject10/StaticP4/subject10_limb_EMG.mat,StaticP4,21,ACC.Z electrode 3,float64,75600,0,0,False,-0.4037598766597386,-0.02149436844672457,-0.25308923048652904,0.034410073992174946,-0.2605828137687239,0.02229916959388349,0.4037598766597386,0,0,ok,extreme thresholds are audit flags only; units differ by modality
10,data/limb/subject10/StaticP4/subject10_limb_EMG.mat,StaticP4,22,GYRO.X electrode 3,float64,75600,0,0,False,-22.84701580563045,37.40092256642914,16.941680987868665,2.9947347706394396,17.14373488655268,0.9217961366365319,37.40092256642914,0,118,ok,extreme thresholds are audit flags only; units differ by modality
10,data/limb/subject10/StaticP4/subject10_limb_EMG.mat,StaticP4,23,GYRO.Y electrode 3,float64,75600,0,0,False,-90.65055318264945,121.70110850501722,2.519093611311696,9.908800865271203,2.535326162338503,2.3436494511231434,121.70110850501722,0,215,ok,extreme thresholds are audit flags only; units differ by modality
10,data/limb/subject10/StaticP4/subject10_limb_EMG.mat,StaticP4,24,GYRO.Z electrode 3,float64,75600,0,0,False,-19.366731988323338,59.181492219253606,2.9408739019370924,5.927394939084233,2.251746384250116,0.9763597629804572,59.181492219253606,0,791,ok,extreme thresholds are audit flags only; units differ by modality
10,data/limb/subject10/StaticP4/subject10_limb_EMG.mat,StaticP4,25,ACC.X electrode 4,float64,75600,0,0,False,0.024200676070451375,0.4642522091607819,0.2599896671540109,0.044322174389659415,0.268162049237049,0.027356365416012052,0.4642522091607819,0,0,ok,extreme thresholds are audit flags only; units differ by modality
10,data/limb/subject10/StaticP4/subject10_limb_EMG.mat,StaticP4,26,ACC.Y electrode 4,float64,75600,0,0,False,-1.1180659757856346,-0.08716636777890432,-0.9459540566024862,0.03075538879684773,-0.9425289123387037,0.013185877040738814,1.1180659757856346,0,1,ok,extreme thresholds are audit flags only; units differ by modality
10,data/limb/subject10/StaticP4/subject10_limb_EMG.mat,StaticP4,27,ACC.Z electrode 4,float64,75600,0,0,False,-0.15236144335943208,0.5978474601104048,0.12249926415369518,0.07056703478259806,0.12495808633169236,0.05016086265963563,0.5978474601104048,0,0,ok,extreme thresholds are audit flags only; units differ by modality
10,data/limb/subject10/StaticP4/subject10_limb_EMG.mat,StaticP4,28,GYRO.X electrode 4,float64,75600,0,0,False,-60.92108150933972,24.304319602376516,2.4591943857048135,5.9705895671972735,3.1118529246194186,0.9243491708574267,60.92108150933972,0,861,ok,extreme thresholds are audit flags only; units differ by modality
10,data/limb/subject10/StaticP4/subject10_limb_EMG.mat,StaticP4,29,GYRO.Y electrode 4,float64,75600,0,0,False,-77.00725106041807,111.90426293581014,6.641257932916347,9.21808142075838,6.492311518291444,2.6744510095768326,111.90426293581014,0,127,ok,extreme thresholds are audit flags only; units differ by modality
10,data/limb/subject10/StaticP4/subject10_limb_EMG.mat,StaticP4,30,GYRO.Z electrode 4,float64,75600,0,0,False,-11.657777673142864,41.99451726978548,3.7562737387662093,3.3867989463478727,3.639213001689537,0.722243264114355,41.99451726978548,0,406,ok,extreme thresholds are audit flags only; units differ by modality
10,data/limb/subject10/StaticP4/subject10_limb_EMG.mat,StaticP4,31,ACC.X electrode 5,float64,75600,0,0,False,-0.11335724015802259,0.39677612816095476,0.1701610654090249,0.038411856326147464,0.16278826520996828,0.022785875058863522,0.39677612816095476,0,0,ok,extreme thresholds are audit flags only; units differ by modality
10,data/limb/subject10/StaticP4/subject10_limb_EMG.mat,StaticP4,32,ACC.Y electrode 5,float64,75600,0,0,False,-1.1050755132141041,-0.08969854571356238,-0.9754107398891928,0.027735530337511215,-0.9786200000234615,0.007167515514197809,1.1050755132141041,0,626,ok,extreme thresholds are audit flags only; units differ by modality
10,data/limb/subject10/StaticP4/subject10_limb_EMG.mat,StaticP4,33,ACC.Z electrode 5,float64,75600,0,0,False,-0.723142360533858,-0.012209014716828061,-0.13842733036685598,0.08050816000094385,-0.11572586008600105,0.03916286259152185,0.723142360533858,0,0,ok,extreme thresholds are audit flags only; units differ by modality
10,data/limb/subject10/StaticP4/subject10_limb_EMG.mat,StaticP4,34,GYRO.X electrode 5,float64,75600,0,0,False,-53.7201441257548,26.855088004587266,4.808393921620334,4.478969807896133,5.141428801224128,0.8269477549036033,53.7201441257548,0,589,ok,extreme thresholds are audit flags only; units differ by modality
10,data/limb/subject10/StaticP4/subject10_limb_EMG.mat,StaticP4,35,GYRO.Y electrode 5,float64,75600,0,0,False,-94.3967837033485,92.37334327498786,4.893429178147107,9.570823694651502,5.394132929123323,2.68189442579952,94.3967837033485,0,143,ok,extreme thresholds are audit flags only; units differ by modality
10,data/limb/subject10/StaticP4/subject10_limb_EMG.mat,StaticP4,36,GYRO.Z electrode 5,float64,75600,0,0,False,-42.28453911813472,34.22579374673791,-2.355640772740083,3.4885724576389276,-2.1039329709495878,0.6615205740148604,42.28453911813472,0,666,ok,extreme thresholds are audit flags only; units differ by modality
10,data/limb/subject10/StaticP4/subject10_limb_EMG.mat,StaticP4,37,ACC.X electrode 6,float64,75600,0,0,False,-0.43511911135418746,0.01774089311783306,-0.21355599975912853,0.04421518094545732,-0.2184088942662082,0.03632186664302692,0.43511911135418746,0,0,ok,extreme thresholds are audit flags only; units differ by modality
10,data/limb/subject10/StaticP4/subject10_limb_EMG.mat,StaticP4,38,ACC.Y electrode 6,float64,75600,0,0,False,-1.1278331765215315,-0.08961023651675674,-0.9573461561351874,0.018299155414207433,-0.958620926113236,0.007243019078809199,1.1278331765215315,0,1,ok,extreme thresholds are audit flags only; units differ by modality
10,data/limb/subject10/StaticP4/subject10_limb_EMG.mat,StaticP4,39,ACC.Z electrode 6,float64,75600,0,0,False,-0.37155563881245346,0.4280143969753423,-0.20141752432146054,0.08197981540503953,-0.2196030049543647,0.03770728786001093,0.4280143969753423,0,0,ok,extreme thresholds are audit flags only; units differ by modality
10,data/limb/subject10/StaticP4/subject10_limb_EMG.mat,StaticP4,40,GYRO.X electrode 6,float64,75600,0,0,False,-51.49803579725091,66.6104308682755,-0.6703038018931663,5.375475187677956,-1.0457423640351555,0.8369405823653149,66.6104308682755,0,782,ok,extreme thresholds are audit flags only; units differ by modality
10,data/limb/subject10/StaticP4/subject10_limb_EMG.mat,StaticP4,41,GYRO.Y electrode 6,float64,75600,0,0,False,-96.60491989936098,87.12273460798735,5.7589205702840625,8.084972712998347,6.223649132088104,1.2097958286549217,96.60491989936098,0,1003,ok,extreme thresholds are audit flags only; units differ by modality
10,data/limb/subject10/StaticP4/subject10_limb_EMG.mat,StaticP4,42,GYRO.Z electrode 6,float64,75600,0,0,False,-71.79841383482257,22.76671979308613,-0.7382938898379969,3.4005638418608513,-0.678988559294717,0.7868424148177912,71.79841383482257,0,232,ok,extreme thresholds are audit flags only; units differ by modality
10,data/limb/subject10/StaticP9/subject10_limb_EMG.mat,StaticP9,1,EMG electrode 1,float64,75604,0,0,False,-0.000312703,0.000569177,4.2243376773715674e-07,3.089186055495787e-05,-1.67849e-07,7.3853709999999995e-06,0.000569177,0,126,ok,extreme thresholds are audit flags only; units differ by modality
10,data/limb/subject10/StaticP9/subject10_limb_EMG.mat,StaticP9,2,EMG electrode 2,float64,75604,0,0,False,-0.000138476,0.000113298,4.012215441709433e-06,1.1751778522847609e-05,3.86053e-06,4.0283800000000006e-06,0.000138476,0,4,ok,extreme thresholds are audit flags only; units differ by modality
10,data/limb/subject10/StaticP9/subject10_limb_EMG.mat,StaticP9,3,EMG electrode 3,float64,75604,0,0,False,-0.000134783,0.000233982,9.383431948878366e-06,1.437632033069673e-05,8.89601e-06,3.3569899999999995e-06,0.000233982,0,106,ok,extreme thresholds are audit flags only; units differ by modality
10,data/limb/subject10/StaticP9/subject10_limb_EMG.mat,StaticP9,4,EMG electrode 4,float64,75604,0,0,False,-0.000103563,4.91798e-05,-2.0563370999497382e-05,6.387459123435309e-06,-2.06455e-05,2.853399999999999e-06,0.000103563,0,0,ok,extreme thresholds are audit flags only; units differ by modality
10,data/limb/subject10/StaticP9/subject10_limb_EMG.mat,StaticP9,5,EMG electrode 5,float64,75604,0,0,False,-0.000150393,0.000103059,-1.943619155643881e-05,1.502747242877195e-05,-1.96384e-05,5.371200000000002e-06,0.000150393,0,0,ok,extreme thresholds are audit flags only; units differ by modality
10,data/limb/subject10/StaticP9/subject10_limb_EMG.mat,StaticP9,6,EMG electrode 6,float64,75604,0,0,False,-0.000112627,6.83146e-05,-7.5555061806253635e-06,6.224186407465985e-06,-7.38537e-06,3.18913e-06,0.000112627,0,1,ok,extreme thresholds are audit flags only; units differ by modality
10,data/limb/subject10/StaticP9/subject10_limb_EMG.mat,StaticP9,7,ACC.X electrode 1,float64,75604,0,0,False,-1.005873442692429,-0.04386601384152619,-0.7759052915806706,0.2891146360990152,-0.9009935680166314,0.020583534628047906,1.005873442692429,0,12926,ok,extreme thresholds are audit flags only; units differ by modality
10,data/limb/subject10/StaticP9/subject10_limb_EMG.mat,StaticP9,8,ACC.Y electrode 1,float64,75604,0,0,False,-1.1164770445344125,0.07378091268849649,-0.2336444231413961,0.3491433980518423,-0.09107524005715635,0.05784979377145231,1.1164770445344125,0,0,ok,extreme thresholds are audit flags only; units differ by modality
10,data/limb/subject10/StaticP9/subject10_limb_EMG.mat,StaticP9,9,ACC.Z electrode 1,float64,75604,0,0,False,0.03295638227087579,0.4843640795025421,0.30310769064255855,0.10961797522017463,0.34238930643726306,0.05432418180780724,0.4843640795025421,0,0,ok,extreme thresholds are audit flags only; units differ by modality
10,data/limb/subject10/StaticP9/subject10_limb_EMG.mat,StaticP9,10,GYRO.X electrode 1,float64,75604,0,0,False,-21.8050844703254,71.37587540126245,-12.43068012477918,4.340404478883342,-12.89693689244081,0.760018912651792,71.37587540126245,0,500,ok,extreme thresholds are audit flags only; units differ by modality
10,data/limb/subject10/StaticP9/subject10_limb_EMG.mat,StaticP9,11,GYRO.Y electrode 1,float64,75604,0,0,False,-39.1120696752856,156.04128446282962,0.864658555674863,10.102815038841598,0.17409248899585722,1.8558521919659507,156.04128446282962,0,454,ok,extreme thresholds are audit flags only; units differ by modality
10,data/limb/subject10/StaticP9/subject10_limb_EMG.mat,StaticP9,12,GYRO.Z electrode 1,float64,75604,0,0,False,-18.282322731016666,87.98597632371202,-0.8473234186243522,7.4693332565738455,-1.6899220052077635,0.7165663007747729,87.98597632371202,0,1012,ok,extreme thresholds are audit flags only; units differ by modality
10,data/limb/subject10/StaticP9/subject10_limb_EMG.mat,StaticP9,13,ACC.X electrode 2,float64,75604,0,0,False,-0.273437317959574,0.22098166069230246,-0.05612479162234599,0.0776996907330399,-0.041418098983599556,0.05171517487350377,0.273437317959574,0,0,ok,extreme thresholds are audit flags only; units differ by modality
10,data/limb/subject10/StaticP9/subject10_limb_EMG.mat,StaticP9,14,ACC.Y electrode 2,float64,75604,0,0,False,-1.0909006664078171,0.10266800816281904,-0.20103238574518512,0.3550531456632757,-0.05036581272260794,0.05685491051161136,1.0909006664078171,0,0,ok,extreme thresholds are audit flags only; units differ by modality
10,data/limb/subject10/StaticP9/subject10_limb_EMG.mat,StaticP9,15,ACC.Z electrode 2,float64,75604,0,0,False,-1.138151790561393,-0.09821827591341156,-0.9538788187440663,0.2715244814555632,-1.0766231004153903,0.009510555816881205,1.138151790561393,0,13140,ok,extreme thresholds are audit flags only; units differ by modality
10,data/limb/subject10/StaticP9/subject10_limb_EMG.mat,StaticP9,16,GYRO.X electrode 2,float64,75604,0,0,False,-110.72059970292797,0.24964707605409608,-10.771019309972482,8.609112671065057,-9.756161778240859,0.9555660436472655,110.72059970292797,0,953,ok,extreme thresholds are audit flags only; units differ by modality
10,data/limb/subject10/StaticP9/subject10_limb_EMG.mat,StaticP9,17,GYRO.Y electrode 2,float64,75604,0,0,False,-57.08134962945115,123.5416275766467,-2.4622655962063833,8.460333638286102,-2.9883322025784755,1.6867599721696132,123.5416275766467,0,526,ok,extreme thresholds are audit flags only; units differ by modality
10,data/limb/subject10/StaticP9/subject10_limb_EMG.mat,StaticP9,18,GYRO.Z electrode 2,float64,75604,0,0,False,-26.732254050082883,31.311406728977424,-3.5297288372603033,2.9231565112104656,-3.6719045019700767,0.6793393701843331,31.311406728977424,0,390,ok,extreme thresholds are audit flags only; units differ by modality
10,data/limb/subject10/StaticP9/subject10_limb_EMG.mat,StaticP9,19,ACC.X electrode 3,float64,75604,0,0,False,0.05989749459575576,1.0929524819396543,0.8504081367212172,0.29991630829628907,0.9841797852799499,0.013233896478934748,1.0929524819396543,0,13098,ok,extreme thresholds are audit flags only; units differ by modality
10,data/limb/subject10/StaticP9/subject10_limb_EMG.mat,StaticP9,20,ACC.Y electrode 3,float64,75604,0,0,False,-1.102563643701941,0.06511510535429951,-0.2510217876242554,0.33625900565563804,-0.10765891356950015,0.06054039979915579,1.102563643701941,0,0,ok,extreme thresholds are audit flags only; units differ by modality
10,data/limb/subject10/StaticP9/subject10_limb_EMG.mat,StaticP9,21,ACC.Z electrode 3,float64,75604,0,0,False,-0.5313498638183864,0.08948803911177913,-0.1706201790301793,0.07203513310603825,-0.18927836587567218,0.043544165507061236,0.5313498638183864,0,0,ok,extreme thresholds are audit flags only; units differ by modality
10,data/limb/subject10/StaticP9/subject10_limb_EMG.mat,StaticP9,22,GYRO.X electrode 3,float64,75604,0,0,False,-24.867924907117956,44.00182402379441,17.21891653250495,2.786299199702322,17.253678659013044,0.8075879633328515,44.00182402379441,0,230,ok,extreme thresholds are audit flags only; units differ by modality
10,data/limb/subject10/StaticP9/subject10_limb_EMG.mat,StaticP9,23,GYRO.Y electrode 3,float64,75604,0,0,False,-112.41852649329488,155.01959940830181,3.2483068783818654,11.0826176976741,2.5661064977783257,1.7667828179715117,155.01959940830181,0,914,ok,extreme thresholds are audit flags only; units differ by modality
10,data/limb/subject10/StaticP9/subject10_limb_EMG.mat,StaticP9,24,GYRO.Z electrode 3,float64,75604,0,0,False,-83.22667538255179,22.65711952015765,1.4610568074475883,7.664941971713508,2.3778809986148595,0.8115779637635865,83.22667538255179,0,975,ok,extreme thresholds are audit flags only; units differ by modality
10,data/limb/subject10/StaticP9/subject10_limb_EMG.mat,StaticP9,25,ACC.X electrode 4,float64,75604,0,0,False,0.056410449175083796,0.7946088441308408,0.5268292664056085,0.17059516953404347,0.5717438447982688,0.06904625451287455,0.7946088441308408,0,0,ok,extreme thresholds are audit flags only; units differ by modality
10,data/limb/subject10/StaticP9/subject10_limb_EMG.mat,StaticP9,26,ACC.Y electrode 4,float64,75604,0,0,False,-1.1126610796646508,0.06268365859201877,-0.24625798468466217,0.34332854512279753,-0.10792298855059398,0.056967161228971656,1.1126610796646508,0,0,ok,extreme thresholds are audit flags only; units differ by modality
10,data/limb/subject10/StaticP9/subject10_limb_EMG.mat,StaticP9,27,ACC.Z electrode 4,float64,75604,0,0,False,-0.039243793607994217,0.8482220620340777,0.60911664464069,0.259735823546008,0.7310514820961365,0.046654232349768066,0.8482220620340777,0,0,ok,extreme thresholds are audit flags only; units differ by modality
10,data/limb/subject10/StaticP9/subject10_limb_EMG.mat,StaticP9,28,GYRO.X electrode 4,float64,75604,0,0,False,-4.442084926204447,92.17316727934214,3.8903228718658123,7.11389931252897,3.1118529246194186,0.7310530086650082,92.17316727934214,0,934,ok,extreme thresholds are audit flags only; units differ by modality
10,data/limb/subject10/StaticP9/subject10_limb_EMG.mat,StaticP9,29,GYRO.Y electrode 4,float64,75604,0,0,False,-31.14345417479267,160.25660664723313,7.004943474411381,10.068950042896217,6.3545705337496265,1.8371952578313415,160.25660664723313,0,526,ok,extreme thresholds are audit flags only; units differ by modality
10,data/limb/subject10/StaticP9/subject10_limb_EMG.mat,StaticP9,30,GYRO.Z electrode 4,float64,75604,0,0,False,-62.32940666532083,11.663583709174603,3.134217634757719,4.639841298635839,3.6513490188804996,0.706860489678063,62.32940666532083,0,564,ok,extreme thresholds are audit flags only; units differ by modality
10,data/limb/subject10/StaticP9/subject10_limb_EMG.mat,StaticP9,31,ACC.X electrode 5,float64,75604,0,0,False,0.0011592524914938967,0.521001619145641,0.28759797906151574,0.10612825502080092,0.26741849932818973,0.09781387033403849,0.521001619145641,0,0,ok,extreme thresholds are audit flags only; units differ by modality
10,data/limb/subject10/StaticP9/subject10_limb_EMG.mat,StaticP9,32,ACC.Y electrode 5,float64,75604,0,0,False,-1.097252034656993,-0.03285103001847384,-0.3845621541851282,0.2833436740675496,-0.282361844379952,0.06044171332904405,1.097252034656993,0,0,ok,extreme thresholds are audit flags only; units differ by modality
10,data/limb/subject10/StaticP9/subject10_limb_EMG.mat,StaticP9,33,ACC.Z electrode 5,float64,75604,0,0,False,-0.26769444084700267,0.9273617405371072,0.6675532583662318,0.39291008487854934,0.8375168675308513,0.02912384684898167,0.9273617405371072,0,12884,ok,extreme thresholds are audit flags only; units differ by modality
10,data/limb/subject10/StaticP9/subject10_limb_EMG.mat,StaticP9,34,GYRO.X electrode 5,float64,75604,0,0,False,-1.69396490068548,115.41840199549588,6.026649902763162,9.32627357570944,4.92883058399282,0.7069741549459816,115.41840199549588,0,909,ok,extreme thresholds are audit flags only; units differ by modality
10,data/limb/subject10/StaticP9/subject10_limb_EMG.mat,StaticP9,35,GYRO.Y electrode 5,float64,75604,0,0,False,-37.5340632449967,75.94820025957635,5.480943667226832,6.272218786842215,5.279725560011943,2.396598279788183,75.94820025957635,0,0,ok,extreme thresholds are audit flags only; units differ by modality
10,data/limb/subject10/StaticP9/subject10_limb_EMG.mat,StaticP9,36,GYRO.Z electrode 5,float64,75604,0,0,False,-14.35242759880862,17.283015753966936,-1.94324426654842,1.6302249614666728,-2.005923509691328,0.6687500859808517,17.283015753966936,0,0,ok,extreme thresholds are audit flags only; units differ by modality
10,data/limb/subject10/StaticP9/subject10_limb_EMG.mat,StaticP9,37,ACC.X electrode 6,float64,75604,0,0,False,-0.35863920832403473,0.11883883096153164,-0.21886515794568173,0.07246292744985584,-0.23209009576902404,0.05667811974250228,0.35863920832403473,0,0,ok,extreme thresholds are audit flags only; units differ by modality
10,data/limb/subject10/StaticP9/subject10_limb_EMG.mat,StaticP9,38,ACC.Y electrode 6,float64,75604,0,0,False,-1.0956090348785033,0.0793905183735114,-0.22680731125946985,0.34149786500327356,-0.08493145501872601,0.04777962308919691,1.0956090348785033,0,0,ok,extreme thresholds are audit flags only; units differ by modality
10,data/limb/subject10/StaticP9/subject10_limb_EMG.mat,StaticP9,39,ACC.Z electrode 6,float64,75604,0,0,False,-1.097235427502638,-0.07800479336197016,-0.8845080676790837,0.33765591879471546,-1.0358566813673844,0.016967427736909846,1.097235427502638,0,13098,ok,extreme thresholds are audit flags only; units differ by modality
10,data/limb/subject10/StaticP9/subject10_limb_EMG.mat,StaticP9,40,GYRO.X electrode 6,float64,75604,0,0,False,-119.04306424659777,11.520145077481997,-2.0026079224177287,9.48707781660587,-0.896900411697084,1.3055768883453367,119.04306424659777,0,757,ok,extreme thresholds are audit flags only; units differ by modality
10,data/limb/subject10/StaticP9/subject10_limb_EMG.mat,StaticP9,41,GYRO.Y electrode 6,float64,75604,0,0,False,-26.878702901701168,71.915913028356,6.342134898623396,5.528655014595203,6.12343862322524,2.0295847058957612,71.915913028356,0,29,ok,extreme thresholds are audit flags only; units differ by modality
10,data/limb/subject10/StaticP9/subject10_limb_EMG.mat,StaticP9,42,GYRO.Z electrode 6,float64,75604,0,0,False,-41.14480993632169,11.926235667812994,-1.0296198993230807,3.147962559562197,-0.774086392397081,0.9373941875810985,41.14480993632169,0,254,ok,extreme thresholds are audit flags only; units differ by modality
10,data/limb/subject10/StaticP10/subject10_limb_EMG.mat,StaticP10,1,EMG electrode 1,float64,75600,0,0,False,-0.000312367,0.0004448,4.99113866031746e-07,2.5476537179436788e-05,-1.67849e-07,7.721061000000001e-06,0.0004448,0,36,ok,extreme thresholds are audit flags only; units differ by modality
10,data/limb/subject10/StaticP10/subject10_limb_EMG.mat,StaticP10,2,EMG electrode 2,float64,75600,0,0,False,-0.000238346,0.000154589,3.996750657486772e-06,1.5257856008625624e-05,3.86053e-06,4.6997760000000005e-06,0.000238346,0,14,ok,extreme thresholds are audit flags only; units differ by modality
10,data/limb/subject10/StaticP10/subject10_limb_EMG.mat,StaticP10,3,EMG electrode 3,float64,75600,0,0,False,-0.000139818,0.000269734,9.536813169378306e-06,1.5800541763309332e-05,9.23171e-06,3.3569900000000004e-06,0.000269734,0,207,ok,extreme thresholds are audit flags only; units differ by modality
10,data/limb/subject10/StaticP10/subject10_limb_EMG.mat,StaticP10,4,EMG electrode 4,float64,75600,0,0,False,-8.54353e-05,4.12909e-05,-2.0534768519378307e-05,5.511156830574782e-06,-2.06455e-05,2.6856e-06,8.54353e-05,0,0,ok,extreme thresholds are audit flags only; units differ by modality
10,data/limb/subject10/StaticP10/subject10_limb_EMG.mat,StaticP10,5,EMG electrode 5,float64,75600,0,0,False,-0.000159457,0.000103563,-1.942039160468254e-05,1.5136247492986953e-05,-1.8967e-05,5.035399999999999e-06,0.000159457,0,0,ok,extreme thresholds are audit flags only; units differ by modality
10,data/limb/subject10/StaticP10/subject10_limb_EMG.mat,StaticP10,6,EMG electrode 6,float64,75600,0,0,False,-2.56809e-05,1.0071e-05,-7.169767840410053e-06,3.4655220985039113e-06,-7.04967e-06,2.1820400000000007e-06,2.56809e-05,0,0,ok,extreme thresholds are audit flags only; units differ by modality
10,data/limb/subject10/StaticP10/subject10_limb_EMG.mat,StaticP10,7,ACC.X electrode 1,float64,75600,0,0,False,-0.7853104495671072,0.14205625648316336,-0.18390943846869512,0.09809005208287759,-0.1850478544823676,0.0835950906365597,0.7853104495671072,0,0,ok,extreme thresholds are audit flags only; units differ by modality
10,data/limb/subject10/StaticP10/subject10_limb_EMG.mat,StaticP10,8,ACC.Y electrode 1,float64,75600,0,0,False,-1.1224850803880382,1.0406755545139836,0.624479937468945,0.7311988793116702,0.9468838257806726,0.02764563390076963,1.1224850803880382,0,13073,ok,extreme thresholds are audit flags only; units differ by modality
10,data/limb/subject10/StaticP10/subject10_limb_EMG.mat,StaticP10,9,ACC.Z electrode 1,float64,75600,0,0,False,0.006220244005244354,0.4542657607380677,0.14664734308955846,0.04826289715780633,0.14479877583443113,0.025904712790887824,0.4542657607380677,0,0,ok,extreme thresholds are audit flags only; units differ by modality
10,data/limb/subject10/StaticP10/subject10_limb_EMG.mat,StaticP10,10,GYRO.X electrode 1,float64,75600,0,0,False,-27.316682978569716,105.77885768866261,-12.790636206163592,3.451614040360973,-12.77852356891847,1.0887681570057008,105.77885768866261,0,57,ok,extreme thresholds are audit flags only; units differ by modality
10,data/limb/subject10/StaticP10/subject10_limb_EMG.mat,StaticP10,11,GYRO.Y electrode 1,float64,75600,0,0,False,-51.274232440599654,70.41181115677252,0.34776160262284733,6.473658028994842,0.6056493145370156,2.398154530407252,70.41181115677252,0,0,ok,extreme thresholds are audit flags only; units differ by modality
10,data/limb/subject10/StaticP10/subject10_limb_EMG.mat,StaticP10,12,GYRO.Z electrode 1,float64,75600,0,0,False,-18.84786764536249,157.539679539369,-1.9119030211862003,5.245998508023463,-1.947293306942926,1.087109394659168,157.539679539369,0,131,ok,extreme thresholds are audit flags only; units differ by modality
10,data/limb/subject10/StaticP10/subject10_limb_EMG.mat,StaticP10,13,ACC.X electrode 2,float64,75600,0,0,False,-0.3892036665683627,0.0924941470654117,-0.22036910993680664,0.10713600814081377,-0.2664693753075248,0.04026074753823901,0.3892036665683627,0,0,ok,extreme thresholds are audit flags only; units differ by modality
10,data/limb/subject10/StaticP10/subject10_limb_EMG.mat,StaticP10,14,ACC.Y electrode 2,float64,75600,0,0,False,-1.1014045618352695,1.00639624075896,0.6200031403004018,0.7207515424952423,0.9466194066685961,0.013824705367513734,1.1014045618352695,0,13104,ok,extreme thresholds are audit flags only; units differ by modality
10,data/limb/subject10/StaticP10/subject10_limb_EMG.mat,StaticP10,15,ACC.Z electrode 2,float64,75600,0,0,False,-1.075467233462792,0.0588379995199986,-0.27090055961868653,0.11499284485346899,-0.31367982840441055,0.06651111075954186,1.075467233462792,0,0,ok,extreme thresholds are audit flags only; units differ by modality
10,data/limb/subject10/StaticP10/subject10_limb_EMG.mat,StaticP10,16,GYRO.X electrode 2,float64,75600,0,0,False,-201.41844397071148,11.171362333046899,-9.5613203065032,6.201274130755385,-9.470996402443191,1.348504695754035,201.41844397071148,0,131,ok,extreme thresholds are audit flags only; units differ by modality
10,data/limb/subject10/StaticP10/subject10_limb_EMG.mat,StaticP10,17,GYRO.Y electrode 2,float64,75600,0,0,False,-51.330811285211844,48.03332160226745,-2.555673536041943,5.344881192480528,-2.5550207364659268,2.2162083367487444,51.330811285211844,0,0,ok,extreme thresholds are audit flags only; units differ by modality
10,data/limb/subject10/StaticP10/subject10_limb_EMG.mat,StaticP10,18,GYRO.Z electrode 2,float64,75600,0,0,False,-29.892345662218872,63.963646367839516,-3.467204262216703,2.425569693628363,-3.538970188914832,1.0292753932161673,63.963646367839516,0,46,ok,extreme thresholds are audit flags only; units differ by modality
10,data/limb/subject10/StaticP10/subject10_limb_EMG.mat,StaticP10,19,ACC.X electrode 3,float64,75600,0,0,False,-0.10529187815808304,0.9949344647465845,0.2659594351601891,0.11088715820523223,0.27069988096241315,0.09907495465151195,0.9949344647465845,0,0,ok,extreme thresholds are audit flags only; units differ by modality
10,data/limb/subject10/StaticP10/subject10_limb_EMG.mat,StaticP10,20,ACC.Y electrode 3,float64,75600,0,0,False,-1.1060653010940507,1.0783565416227365,0.624960016254327,0.7245788068460306,0.9398548264046224,0.034406420049465036,1.1060653010940507,0,13071,ok,extreme thresholds are audit flags only; units differ by modality
10,data/limb/subject10/StaticP10/subject10_limb_EMG.mat,StaticP10,21,ACC.Z electrode 3,float64,75600,0,0,False,-0.3342087772612973,-0.015154133196860218,-0.18273114027773973,0.03712778690583588,-0.1800923107226387,0.024942802556633906,0.3342087772612973,0,0,ok,extreme thresholds are audit flags only; units differ by modality
10,data/limb/subject10/StaticP10/subject10_limb_EMG.mat,StaticP10,22,GYRO.X electrode 3,float64,75600,0,0,False,-9.98797951429194,42.09187431164606,17.0241461252625,3.0125727095638544,17.107802212692953,1.3806465100674092,42.09187431164606,0,0,ok,extreme thresholds are audit flags only; units differ by modality
10,data/limb/subject10/StaticP10/subject10_limb_EMG.mat,StaticP10,23,GYRO.Y electrode 3,float64,75600,0,0,False,-55.081451204088424,68.01805025438317,2.9016876012169797,6.951257775350392,2.905546526840072,2.585946861629277,68.01805025438317,0,0,ok,extreme thresholds are audit flags only; units differ by modality
10,data/limb/subject10/StaticP10/subject10_limb_EMG.mat,StaticP10,24,GYRO.Z electrode 3,float64,75600,0,0,False,-194.71512743900917,19.796702856077232,2.5947266861780185,6.206260749848179,2.5962285799477236,1.286485179561008,194.71512743900917,0,131,ok,extreme thresholds are audit flags only; units differ by modality
10,data/limb/subject10/StaticP10/subject10_limb_EMG.mat,StaticP10,25,ACC.X electrode 4,float64,75600,0,0,False,0.035041313029531736,0.7515421699385392,0.25048287627853316,0.0643420964554042,0.25068827701199803,0.045415015194553016,0.7515421699385392,0,0,ok,extreme thresholds are audit flags only; units differ by modality
10,data/limb/subject10/StaticP10/subject10_limb_EMG.mat,StaticP10,26,ACC.Y electrode 4,float64,75600,0,0,False,-1.1195648276360135,1.0456232500235783,0.6149484949258585,0.7273963126300287,0.9343801881883442,0.0289668521754749,1.1195648276360135,0,13072,ok,extreme thresholds are audit flags only; units differ by modality
10,data/limb/subject10/StaticP10/subject10_limb_EMG.mat,StaticP10,27,ACC.Z electrode 4,float64,75600,0,0,False,-0.2206048188030159,0.5102457977260147,0.06123848085492018,0.09297635553966027,0.06027353183601978,0.07604546359723345,0.5102457977260147,0,0,ok,extreme thresholds are audit flags only; units differ by modality
10,data/limb/subject10/StaticP10/subject10_limb_EMG.mat,StaticP10,28,GYRO.X electrode 4,float64,75600,0,0,False,-15.269537896825225,118.17187545241364,2.822177316712007,4.8439018113957815,2.8284204317680457,1.2076124360622846,118.17187545241364,0,131,ok,extreme thresholds are audit flags only; units differ by modality
10,data/limb/subject10/StaticP10/subject10_limb_EMG.mat,StaticP10,29,GYRO.Y electrode 4,float64,75600,0,0,False,-52.3735531885163,84.72544408493827,6.677552632568684,6.816621200690122,6.794368499975752,2.2717088418070945,84.72544408493827,0,14,ok,extreme thresholds are audit flags only; units differ by modality
10,data/limb/subject10/StaticP10/subject10_limb_EMG.mat,StaticP10,30,GYRO.Z electrode 4,float64,75600,0,0,False,-158.22197854228864,20.560360160010482,3.6245277148862893,4.552576424724303,3.720437052223338,1.2187545070917052,158.22197854228864,0,129,ok,extreme thresholds are audit flags only; units differ by modality
10,data/limb/subject10/StaticP10/subject10_limb_EMG.mat,StaticP10,31,ACC.X electrode 5,float64,75600,0,0,False,0.023514644652662304,0.43487035792041434,0.29790335417161334,0.07412619287843601,0.3254318035740549,0.01892994337172918,0.43487035792041434,0,0,ok,extreme thresholds are audit flags only; units differ by modality
10,data/limb/subject10/StaticP10/subject10_limb_EMG.mat,StaticP10,32,ACC.Y electrode 5,float64,75600,0,0,False,-1.1247980627579732,-0.04406024241998333,-0.4087081696990094,0.27398324397365054,-0.3342890114119387,0.10171058721010495,1.1247980627579732,0,0,ok,extreme thresholds are audit flags only; units differ by modality
10,data/limb/subject10/StaticP10/subject10_limb_EMG.mat,StaticP10,33,ACC.Z electrode 5,float64,75600,0,0,False,-0.2901650907820349,0.9057417319088998,0.6584118455588577,0.39052303529422155,0.8282746485037968,0.03390360849227575,0.9057417319088998,0,8872,ok,extreme thresholds are audit flags only; units differ by modality
10,data/limb/subject10/StaticP10/subject10_limb_EMG.mat,StaticP10,34,GYRO.X electrode 5,float64,75600,0,0,False,-3.7830343380178744,94.78678372895519,5.041983644849611,3.6081393853162442,4.979471370671775,0.9413696000061962,94.78678372895519,0,131,ok,extreme thresholds are audit flags only; units differ by modality
10,data/limb/subject10/StaticP10/subject10_limb_EMG.mat,StaticP10,35,GYRO.Y electrode 5,float64,75600,0,0,False,-25.14956003471068,49.98262195045308,5.464332208106206,4.828001875765185,5.612223548103134,2.359888625137293,49.98262195045308,0,0,ok,extreme thresholds are audit flags only; units differ by modality
10,data/limb/subject10/StaticP10/subject10_limb_EMG.mat,StaticP10,36,GYRO.Z electrode 5,float64,75600,0,0,False,-25.223912883568318,28.956893449291645,-1.8599266635917324,1.8179657784713152,-1.8716861659081085,0.876740780172087,28.956893449291645,0,2,ok,extreme thresholds are audit flags only; units differ by modality
10,data/limb/subject10/StaticP10/subject10_limb_EMG.mat,StaticP10,37,ACC.X electrode 6,float64,75600,0,0,False,-0.43886570279812753,-0.0059951788371323915,-0.16079989719647012,0.04655273159999887,-0.1474149840688135,0.01952680342022188,0.43886570279812753,0,0,ok,extreme thresholds are audit flags only; units differ by modality
10,data/limb/subject10/StaticP10/subject10_limb_EMG.mat,StaticP10,38,ACC.Y electrode 6,float64,75600,0,0,False,-1.0956378978951262,0.07621738447978188,-0.22807048863295393,0.34225785538622105,-0.09989800650512262,0.0881511449753094,1.0956378978951262,0,0,ok,extreme thresholds are audit flags only; units differ by modality
10,data/limb/subject10/StaticP10/subject10_limb_EMG.mat,StaticP10,39,ACC.Z electrode 6,float64,75600,0,0,False,-1.0964374258802918,-0.034510398323732525,-0.894552018757136,0.3461434268541903,-1.0505766903652791,0.01068707893046228,1.0964374258802918,0,13073,ok,extreme thresholds are audit flags only; units differ by modality
10,data/limb/subject10/StaticP10/subject10_limb_EMG.mat,StaticP10,40,GYRO.X electrode 6,float64,75600,0,0,False,-97.11051405863704,7.593492271676778,-0.932383400551137,3.640206083406976,-0.7886034222861706,0.9018027491423484,97.11051405863704,0,131,ok,extreme thresholds are audit flags only; units differ by modality
10,data/limb/subject10/StaticP10/subject10_limb_EMG.mat,StaticP10,41,GYRO.Y electrode 6,float64,75600,0,0,False,-25.15487299559739,50.13725815151537,6.334920821351284,4.748321910868528,6.407151593969378,2.381823883703971,50.13725815151537,0,0,ok,extreme thresholds are audit flags only; units differ by modality
10,data/limb/subject10/StaticP10/subject10_limb_EMG.mat,StaticP10,42,GYRO.Z electrode 6,float64,75600,0,0,False,-45.783556789063454,30.23896163474657,-0.8419177065890388,2.5646628493023744,-0.7932164899690313,1.2527289678976699,45.783556789063454,0,2,ok,extreme thresholds are audit flags only; units differ by modality
10,data/limb/subject10/StaticP14/subject10_limb_EMG.mat,StaticP14,1,EMG electrode 1,float64,75600,0,0,False,-0.000225086,0.000432715,4.7274411461640216e-07,3.3511128562906955e-05,-1.67849e-07,1.2085149e-05,0.000432715,0,2,ok,extreme thresholds are audit flags only; units differ by modality
10,data/limb/subject10/StaticP14/subject10_limb_EMG.mat,StaticP14,2,EMG electrode 2,float64,75600,0,0,False,-0.000161303,0.000150225,4.003622272037038e-06,1.4004205732864972e-05,3.86053e-06,4.699780000000001e-06,0.000161303,0,5,ok,extreme thresholds are audit flags only; units differ by modality
10,data/limb/subject10/StaticP14/subject10_limb_EMG.mat,StaticP14,3,EMG electrode 3,float64,75600,0,0,False,-0.000130587,0.000311193,9.579463894074075e-06,1.607284617338971e-05,9.23171e-06,3.6926899999999987e-06,0.000311193,0,80,ok,extreme thresholds are audit flags only; units differ by modality
10,data/limb/subject10/StaticP14/subject10_limb_EMG.mat,StaticP14,4,EMG electrode 4,float64,75600,0,0,False,-7.3518e-05,5.92508e-05,-2.0544736244351853e-05,7.077386640542816e-06,-2.06455e-05,3.3568999999999983e-06,7.3518e-05,0,0,ok,extreme thresholds are audit flags only; units differ by modality
10,data/limb/subject10/StaticP14/subject10_limb_EMG.mat,StaticP14,5,EMG electrode 5,float64,75600,0,0,False,-0.000208301,0.000124041,-1.921637719899471e-05,1.8428763694872885e-05,-1.96384e-05,7.721100000000001e-06,0.000208301,0,0,ok,extreme thresholds are audit flags only; units differ by modality
10,data/limb/subject10/StaticP14/subject10_limb_EMG.mat,StaticP14,6,EMG electrode 6,float64,75600,0,0,False,-9.75204e-05,6.86503e-05,-7.023570723227513e-06,8.386854916401207e-06,-6.88182e-06,4.19628e-06,9.75204e-05,0,0,ok,extreme thresholds are audit flags only; units differ by modality
10,data/limb/subject10/StaticP14/subject10_limb_EMG.mat,StaticP14,7,ACC.X electrode 1,float64,75600,0,0,False,-1.0094278995963453,-0.001796049336649886,-0.4490712247271592,0.15145552198150142,-0.45504216059972036,0.0632892318769509,1.0094278995963453,0,0,ok,extreme thresholds are audit flags only; units differ by modality
10,data/limb/subject10/StaticP14/subject10_limb_EMG.mat,StaticP14,8,ACC.Y electrode 1,float64,75600,0,0,False,-1.243026016294825,0.8140244847064181,0.4136507053194133,0.6262238006471184,0.6955919668185254,0.05632508646399337,1.243026016294825,0,2023,ok,extreme thresholds are audit flags only; units differ by modality
10,data/limb/subject10/StaticP14/subject10_limb_EMG.mat,StaticP14,9,ACC.Z electrode 1,float64,75600,0,0,False,-0.008380300894885858,0.5773708316079627,0.39340079562907976,0.14479269406627365,0.4581449643148413,0.05738456276296455,0.5773708316079627,0,0,ok,extreme thresholds are audit flags only; units differ by modality
10,data/limb/subject10/StaticP14/subject10_limb_EMG.mat,StaticP14,10,GYRO.X electrode 1,float64,75600,0,0,False,-34.978478722849474,9.828908531395765,-13.104839177307207,2.780943184785062,-12.992413578540184,0.8641565161957612,34.978478722849474,0,0,ok,extreme thresholds are audit flags only; units differ by modality
10,data/limb/subject10/StaticP14/subject10_limb_EMG.mat,StaticP14,11,GYRO.Y electrode 1,float64,75600,0,0,False,-50.66834549588634,65.29417504770068,0.6524205966525504,6.713990140177492,0.4765820751092795,2.02377600843555,65.29417504770068,0,43,ok,extreme thresholds are audit flags only; units differ by modality
10,data/limb/subject10/StaticP14/subject10_limb_EMG.mat,StaticP14,12,GYRO.Z electrode 1,float64,75600,0,0,False,-250.19088970237908,15.865352570600525,-3.413610900703835,17.02496600406153,-1.8585706455241655,0.821283001740966,250.19088970237908,0,816,ok,extreme thresholds are audit flags only; units differ by modality
10,data/limb/subject10/StaticP14/subject10_limb_EMG.mat,StaticP14,13,ACC.X electrode 2,float64,75600,0,0,False,-0.5110857385862482,0.1613692238979427,-0.34159718303348124,0.17325142702241936,-0.42674727295969395,0.03849685268082398,0.5110857385862482,0,0,ok,extreme thresholds are audit flags only; units differ by modality
10,data/limb/subject10/StaticP14/subject10_limb_EMG.mat,StaticP14,14,ACC.Y electrode 2,float64,75600,0,0,False,-1.112077945152455,0.7983526149550505,0.39582786549744214,0.605946149115981,0.6633199684437467,0.06672772113791747,1.112077945152455,0,0,ok,extreme thresholds are audit flags only; units differ by modality
10,data/limb/subject10/StaticP14/subject10_limb_EMG.mat,StaticP14,15,ACC.Z electrode 2,float64,75600,0,0,False,-1.1013307169385693,-0.06535997728890143,-0.6467524543364932,0.14233327862620065,-0.6495004844200614,0.05245217493810994,1.1013307169385693,0,0,ok,extreme thresholds are audit flags only; units differ by modality
10,data/limb/subject10/StaticP14/subject10_limb_EMG.mat,StaticP14,16,GYRO.X electrode 2,float64,75600,0,0,False,-28.456289938100834,230.58208153081867,-8.1162278646402,16.250278026182677,-9.540579384790156,1.051770850368527,230.58208153081867,0,800,ok,extreme thresholds are audit flags only; units differ by modality
10,data/limb/subject10/StaticP14/subject10_limb_EMG.mat,StaticP14,17,GYRO.Y electrode 2,float64,75600,0,0,False,-73.69879854766938,104.09984288404476,-2.1078331574372196,8.24354330954384,-2.479886246730996,1.9657794237635948,104.09984288404476,0,276,ok,extreme thresholds are audit flags only; units differ by modality
10,data/limb/subject10/StaticP14/subject10_limb_EMG.mat,StaticP14,18,GYRO.Z electrode 2,float64,75600,0,0,False,-20.682797519595088,76.98804352865267,-3.3396164429381536,5.640650266881868,-3.7221490844813383,0.8211811297454679,76.98804352865267,0,551,ok,extreme thresholds are audit flags only; units differ by modality
10,data/limb/subject10/StaticP14/subject10_limb_EMG.mat,StaticP14,19,ACC.X electrode 3,float64,75600,0,0,False,0.06050819542035952,1.0182648497100186,0.5941803830376701,0.1741816490598595,0.6229154845529191,0.05166385328743017,1.0182648497100186,0,0,ok,extreme thresholds are audit flags only; units differ by modality
10,data/limb/subject10/StaticP14/subject10_limb_EMG.mat,StaticP14,20,ACC.Y electrode 3,float64,75600,0,0,False,-1.2207438347235822,0.8192609150209723,0.40473627833299425,0.6177121941402137,0.680126530251048,0.059391714745626434,1.2207438347235822,0,196,ok,extreme thresholds are audit flags only; units differ by modality
10,data/limb/subject10/StaticP14/subject10_limb_EMG.mat,StaticP14,21,ACC.Z electrode 3,float64,75600,0,0,False,-0.5507819615610804,0.04427752288805233,-0.33718873649951225,0.10576698026423971,-0.37645680011447324,0.06419131211148807,0.5507819615610804,0,0,ok,extreme thresholds are audit flags only; units differ by modality
10,data/limb/subject10/StaticP14/subject10_limb_EMG.mat,StaticP14,22,GYRO.X electrode 3,float64,75600,0,0,False,-66.11229992954087,66.67538519510744,16.791753899827885,6.13957631924014,17.191514461732986,0.9550625889688007,66.67538519510744,0,534,ok,extreme thresholds are audit flags only; units differ by modality
10,data/limb/subject10/StaticP14/subject10_limb_EMG.mat,StaticP14,23,GYRO.Y electrode 3,float64,75600,0,0,False,-90.30004432530151,154.14311631330577,3.253163571134858,9.117665931696768,2.8471130315231266,2.2897924590003065,154.14311631330577,0,231,ok,extreme thresholds are audit flags only; units differ by modality
10,data/limb/subject10/StaticP14/subject10_limb_EMG.mat,StaticP14,24,GYRO.Z electrode 3,float64,75600,0,0,False,-13.289167943951194,239.22797729055264,4.042720909437276,16.121670172496763,2.591491897621979,0.9212152297356528,239.22797729055264,0,780,ok,extreme thresholds are audit flags only; units differ by modality
10,data/limb/subject10/StaticP14/subject10_limb_EMG.mat,StaticP14,25,ACC.X electrode 4,float64,75600,0,0,False,0.06632248561066374,0.7816379598162877,0.5699086692699409,0.17003071291674973,0.6317238139669752,0.057370253856190045,0.7816379598162877,0,0,ok,extreme thresholds are audit flags only; units differ by modality
10,data/limb/subject10/StaticP14/subject10_limb_EMG.mat,StaticP14,26,ACC.Y electrode 4,float64,75600,0,0,False,-1.3324361504578297,0.8033643432806773,0.39640054368705324,0.6178754016131076,0.6718388555713165,0.061070802180554884,1.3324361504578297,0,182,ok,extreme thresholds are audit flags only; units differ by modality
10,data/limb/subject10/StaticP14/subject10_limb_EMG.mat,StaticP14,27,ACC.Z electrode 4,float64,75600,0,0,False,-0.10100158181845581,0.8018092691750494,0.24157829922013488,0.1205630669504406,0.2316804881677902,0.04714551433766685,0.8018092691750494,0,0,ok,extreme thresholds are audit flags only; units differ by modality
10,data/limb/subject10/StaticP14/subject10_limb_EMG.mat,StaticP14,28,GYRO.X electrode 4,float64,75600,0,0,False,-238.00969170954556,22.348411287776212,1.4170694461105975,16.841861416241432,2.989810843337717,0.9061886173728337,238.00969170954556,0,798,ok,extreme thresholds are audit flags only; units differ by modality
10,data/limb/subject10/StaticP14/subject10_limb_EMG.mat,StaticP14,29,GYRO.Y electrode 4,float64,75600,0,0,False,-70.35221646688997,117.48766725153814,7.011676588350603,8.1563688878489,6.670650931679996,2.044967122950749,117.48766725153814,0,223,ok,extreme thresholds are audit flags only; units differ by modality
10,data/limb/subject10/StaticP14/subject10_limb_EMG.mat,StaticP14,30,GYRO.Z electrode 4,float64,75600,0,0,False,-10.518697685843426,96.98640624194125,4.199011711091061,4.762060329458935,3.8148484282762536,0.8140402150893982,96.98640624194125,0,429,ok,extreme thresholds are audit flags only; units differ by modality
10,data/limb/subject10/StaticP14/subject10_limb_EMG.mat,StaticP14,31,ACC.X electrode 5,float64,75600,0,0,False,-0.15394253088789567,0.7880116418581582,0.5494388841391478,0.20402188386789308,0.6452646251210317,0.045306924722355146,0.7880116418581582,0,0,ok,extreme thresholds are audit flags only; units differ by modality
10,data/limb/subject10/StaticP14/subject10_limb_EMG.mat,StaticP14,32,ACC.Y electrode 5,float64,75600,0,0,False,-1.1299270363311757,0.6718477577763153,0.2124110695604115,0.5957450462388927,0.4751613924758481,0.0646836969212608,1.1299270363311757,0,0,ok,extreme thresholds are audit flags only; units differ by modality
10,data/limb/subject10/StaticP14/subject10_limb_EMG.mat,StaticP14,33,ACC.Z electrode 5,float64,75600,0,0,False,-0.3537539226499017,0.6298185941972496,0.36203370221059666,0.2853341587807865,0.48622697057949915,0.0359201969657198,0.6298185941972496,0,0,ok,extreme thresholds are audit flags only; units differ by modality
10,data/limb/subject10/StaticP14/subject10_limb_EMG.mat,StaticP14,34,GYRO.X electrode 5,float64,75600,0,0,False,-42.44778950955116,57.96578578213242,4.9333182491693925,3.720198503630378,4.81338536225819,0.7976320591289818,57.96578578213242,0,548,ok,extreme thresholds are audit flags only; units differ by modality
10,data/limb/subject10/StaticP14/subject10_limb_EMG.mat,StaticP14,35,GYRO.Y electrode 5,float64,75600,0,0,False,-66.66103107432896,96.3511836118907,5.517770903950839,7.735463321895394,5.38789358023741,2.605282353363572,96.3511836118907,0,33,ok,extreme thresholds are audit flags only; units differ by modality
10,data/limb/subject10/StaticP14/subject10_limb_EMG.mat,StaticP14,36,GYRO.Z electrode 5,float64,75600,0,0,False,-19.107665639755115,40.08796177620734,-1.6822405169449168,2.793583218939968,-1.8496411006072098,0.7652800037992045,40.08796177620734,0,253,ok,extreme thresholds are audit flags only; units differ by modality
10,data/limb/subject10/StaticP14/subject10_limb_EMG.mat,StaticP14,37,ACC.X electrode 6,float64,75600,0,0,False,-0.5716229598144767,-0.01185515674440738,-0.4326058476111759,0.09612339772567227,-0.4710242525824088,0.03703051241672828,0.5716229598144767,0,0,ok,extreme thresholds are audit flags only; units differ by modality
10,data/limb/subject10/StaticP14/subject10_limb_EMG.mat,StaticP14,38,ACC.Y electrode 6,float64,75600,0,0,False,-1.1902505213227281,0.7523934069520377,0.2781647208045062,0.6184087125932467,0.556901119744968,0.05959279560891556,1.1902505213227281,0,0,ok,extreme thresholds are audit flags only; units differ by modality
10,data/limb/subject10/StaticP14/subject10_limb_EMG.mat,StaticP14,39,ACC.Z electrode 6,float64,75600,0,0,False,-0.8365006013648987,0.10226520016012046,-0.610778898977233,0.23834472767645307,-0.7107427392150711,0.042451901324714714,0.8365006013648987,0,0,ok,extreme thresholds are audit flags only; units differ by modality
10,data/limb/subject10/StaticP14/subject10_limb_EMG.mat,StaticP14,40,GYRO.X electrode 6,float64,75600,0,0,False,-40.73505535222188,45.31870917995208,-0.7575564624161404,3.3938247243748,-0.6764203294855857,1.1853050126554212,45.31870917995208,0,149,ok,extreme thresholds are audit flags only; units differ by modality
10,data/limb/subject10/StaticP14/subject10_limb_EMG.mat,StaticP14,41,GYRO.Y electrode 6,float64,75600,0,0,False,-63.94934397415283,50.70759001798272,6.188524176451952,6.1102026250775845,6.170577482637461,2.340167490729579,63.94934397415283,0,10,ok,extreme thresholds are audit flags only; units differ by modality
10,data/limb/subject10/StaticP14/subject10_limb_EMG.mat,StaticP14,42,GYRO.Z electrode 6,float64,75600,0,0,False,-64.12134595656885,28.934417077421525,-1.0552438832392625,4.346117222640355,-0.8317050127660288,0.9083898943673572,64.12134595656885,0,376,ok,extreme thresholds are audit flags only; units differ by modality
10,data/limb/subject10/Dynamic/subject10_limb_EMG.mat,Dynamic,1,EMG electrode 1,float64,672355,0,0,False,-0.000161639,0.000319417,5.444839688408655e-07,1.4071041074906532e-05,3.35698e-07,3.524832e-06,0.000319417,0,298,ok,extreme thresholds are audit flags only; units differ by modality
10,data/limb/subject10/Dynamic/subject10_limb_EMG.mat,Dynamic,2,EMG electrode 2,float64,672355,0,0,False,-0.000125048,0.000153582,4.017053720002081e-06,9.658187565321322e-06,3.86053e-06,2.6855899999999995e-06,0.000153582,0,322,ok,extreme thresholds are audit flags only; units differ by modality
10,data/limb/subject10/Dynamic/subject10_limb_EMG.mat,Dynamic,3,EMG electrode 3,float64,672355,0,0,False,-0.000106752,0.000227771,9.508025369572624e-06,7.967352715232135e-06,9.23171e-06,2.3498899999999986e-06,0.000227771,0,452,ok,extreme thresholds are audit flags only; units differ by modality
10,data/limb/subject10/Dynamic/subject10_limb_EMG.mat,Dynamic,4,EMG electrode 4,float64,672355,0,0,False,-0.000210819,0.000203937,-2.0619214158111418e-05,7.878400154809382e-06,-2.06455e-05,2.349799999999999e-06,0.000210819,0,783,ok,extreme thresholds are audit flags only; units differ by modality
10,data/limb/subject10/Dynamic/subject10_limb_EMG.mat,Dynamic,5,EMG electrode 5,float64,672355,0,0,False,-0.000392935,0.000300954,-1.9109278904108687e-05,2.0263900673754324e-05,-1.8967e-05,4.0283e-06,0.000392935,0,1770,ok,extreme thresholds are audit flags only; units differ by modality
10,data/limb/subject10/Dynamic/subject10_limb_EMG.mat,Dynamic,6,EMG electrode 6,float64,672355,0,0,False,-0.000243214,0.000193866,-6.995145826075514e-06,9.127617215709556e-06,-6.88182e-06,2.3498899999999995e-06,0.000243214,0,1537,ok,extreme thresholds are audit flags only; units differ by modality
10,data/limb/subject10/Dynamic/subject10_limb_EMG.mat,Dynamic,7,ACC.X electrode 1,float64,672355,0,0,False,-1.646369931711689,0.8998341954982119,-0.4821052137424632,0.3138327572011542,-0.3373397900962602,0.19278174710035784,1.646369931711689,0,0,ok,extreme thresholds are audit flags only; units differ by modality
10,data/limb/subject10/Dynamic/subject10_limb_EMG.mat,Dynamic,8,ACC.Y electrode 1,float64,672355,0,0,False,-1.7513625722088693,1.1663144227309088,-0.20376191950082398,0.7569564882730699,-0.32049975759199195,0.6382165258053418,1.7513625722088693,0,0,ok,extreme thresholds are audit flags only; units differ by modality
10,data/limb/subject10/Dynamic/subject10_limb_EMG.mat,Dynamic,9,ACC.Z electrode 1,float64,672355,0,0,False,-0.48030303520491247,0.90490560820596,0.17353935864386377,0.10435562570457377,0.1461909950838766,0.03516428409412728,0.90490560820596,0,0,ok,extreme thresholds are audit flags only; units differ by modality
10,data/limb/subject10/Dynamic/subject10_limb_EMG.mat,Dynamic,10,GYRO.X electrode 1,float64,672355,0,0,False,-174.73998074383812,85.52779511287166,-13.884985068888735,12.297844264595895,-12.569453779759375,1.6519016168026717,174.73998074383812,0,10217,ok,extreme thresholds are audit flags only; units differ by modality
10,data/limb/subject10/Dynamic/subject10_limb_EMG.mat,Dynamic,11,GYRO.Y electrode 1,float64,672355,0,0,False,-647.0186515924524,620.0489895998572,0.18282077260165636,21.775174931144562,0.29208723020443733,3.2916560216624897,647.0186515924524,0,5076,ok,extreme thresholds are audit flags only; units differ by modality
10,data/limb/subject10/Dynamic/subject10_limb_EMG.mat,Dynamic,12,GYRO.Z electrode 1,float64,672355,0,0,False,-380.0115826436033,254.62225011651563,-1.3596810374479613,28.303502513537477,-0.9111635479676209,4.718389430928291,380.0115826436033,0,5044,ok,extreme thresholds are audit flags only; units differ by modality
10,data/limb/subject10/Dynamic/subject10_limb_EMG.mat,Dynamic,13,ACC.X electrode 2,float64,672355,0,0,False,-1.1379753628596576,0.5632202157691215,-0.057714158368576296,0.140692649432783,-0.015411240159378232,0.04843039354206952,1.1379753628596576,0,0,ok,extreme thresholds are audit flags only; units differ by modality
10,data/limb/subject10/Dynamic/subject10_limb_EMG.mat,Dynamic,14,ACC.Y electrode 2,float64,672355,0,0,False,-1.5710996260162784,1.110736275734945,-0.16564934101005171,0.7575314671700257,-0.24421777112836507,0.6904841990047498,1.5710996260162784,0,0,ok,extreme thresholds are audit flags only; units differ by modality
10,data/limb/subject10/Dynamic/subject10_limb_EMG.mat,Dynamic,15,ACC.Z electrode 2,float64,672355,0,0,False,-1.623161682392667,0.2916516767500522,-0.6349440693033108,0.28330529952621186,-0.5158348021000624,0.15050668222578412,1.623161682392667,0,0,ok,extreme thresholds are audit flags only; units differ by modality
10,data/limb/subject10/Dynamic/subject10_limb_EMG.mat,Dynamic,16,GYRO.X electrode 2,float64,672355,0,0,False,-293.58763045902975,386.17472776178965,-9.672981091067959,29.449649761984173,-10.555899532833827,5.087269973575916,386.17472776178965,0,5225,ok,extreme thresholds are audit flags only; units differ by modality
10,data/limb/subject10/Dynamic/subject10_limb_EMG.mat,Dynamic,17,GYRO.Y electrode 2,float64,672355,0,0,False,-444.10249300848176,509.5380880305336,-2.7283934832341306,20.48144380714276,-3.2127724958131925,3.552209743771317,509.5380880305336,0,4472,ok,extreme thresholds are audit flags only; units differ by modality
10,data/limb/subject10/Dynamic/subject10_limb_EMG.mat,Dynamic,18,GYRO.Z electrode 2,float64,672355,0,0,False,-120.63013165322928,140.74381660676696,-4.500909812733558,9.64233899158216,-4.0250203038065635,2.116157648177856,140.74381660676696,0,1694,ok,extreme thresholds are audit flags only; units differ by modality
10,data/limb/subject10/Dynamic/subject10_limb_EMG.mat,Dynamic,19,ACC.X electrode 3,float64,672355,0,0,False,-1.5799594854314511,2.3595358855253092,0.5361273267475481,0.30694986057389734,0.41035970530804383,0.19857644166964122,2.3595358855253092,0,0,ok,extreme thresholds are audit flags only; units differ by modality
10,data/limb/subject10/Dynamic/subject10_limb_EMG.mat,Dynamic,20,ACC.Y electrode 3,float64,672355,0,0,False,-1.7262603191242678,1.181944935272891,-0.20741914045929902,0.7458306410962584,-0.3522879366784546,0.5931189868285851,1.7262603191242678,0,0,ok,extreme thresholds are audit flags only; units differ by modality
10,data/limb/subject10/Dynamic/subject10_limb_EMG.mat,Dynamic,21,ACC.Z electrode 3,float64,672355,0,0,False,-1.4062157720788517,0.38922294551978637,-0.15902217685817174,0.13818484253828986,-0.19890273284006063,0.0697454668325819,1.4062157720788517,0,0,ok,extreme thresholds are audit flags only; units differ by modality
10,data/limb/subject10/Dynamic/subject10_limb_EMG.mat,Dynamic,22,GYRO.X electrode 3,float64,672355,0,0,False,-219.2700636740532,160.18242374832752,18.06447712825557,9.788873779572548,17.557240374785643,2.3179757144084654,219.2700636740532,0,1498,ok,extreme thresholds are audit flags only; units differ by modality
10,data/limb/subject10/Dynamic/subject10_limb_EMG.mat,Dynamic,23,GYRO.Y electrode 3,float64,672355,0,0,False,-1059.4388660807933,629.3844667804817,2.8933472616481453,24.897554462997984,2.9330152613580673,3.5172046829371832,1059.4388660807933,6,6210,review,extreme thresholds are audit flags only; units differ by modality
10,data/limb/subject10/Dynamic/subject10_limb_EMG.mat,Dynamic,24,GYRO.Z electrode 3,float64,672355,0,0,False,-280.5546913793501,403.59282361144733,2.402437577914039,29.71721094006808,1.6563116531405804,4.920707870071793,403.59282361144733,0,6009,ok,extreme thresholds are audit flags only; units differ by modality
10,data/limb/subject10/Dynamic/subject10_limb_EMG.mat,Dynamic,25,ACC.X electrode 4,float64,672355,0,0,False,-1.5491399325814306,1.236714666386193,0.34214214228037265,0.15651334839272157,0.29426783175561005,0.09592676433402364,1.5491399325814306,0,0,ok,extreme thresholds are audit flags only; units differ by modality
10,data/limb/subject10/Dynamic/subject10_limb_EMG.mat,Dynamic,26,ACC.Y electrode 4,float64,672355,0,0,False,-1.7333465476751664,1.190740851101574,-0.20103801592557982,0.7613116353715589,-0.31871278520135593,0.6422226261298074,1.7333465476751664,0,0,ok,extreme thresholds are audit flags only; units differ by modality
10,data/limb/subject10/Dynamic/subject10_limb_EMG.mat,Dynamic,27,ACC.Z electrode 4,float64,672355,0,0,False,-0.6091703801795931,1.0326201819177678,0.3461091919237069,0.27829236411551267,0.2110957454234895,0.162694807925229,1.0326201819177678,0,0,ok,extreme thresholds are audit flags only; units differ by modality
10,data/limb/subject10/Dynamic/subject10_limb_EMG.mat,Dynamic,28,GYRO.X electrode 4,float64,672355,0,0,False,-520.7596258638188,287.29875482033833,3.5866560901249818,26.727692636549175,3.8141416646639117,5.029330036122096,520.7596258638188,0,3850,ok,extreme thresholds are audit flags only; units differ by modality
10,data/limb/subject10/Dynamic/subject10_limb_EMG.mat,Dynamic,29,GYRO.Y electrode 4,float64,672355,0,0,False,-447.4062687317517,546.4015871120788,6.346300455444915,20.663515823317777,6.337722166283145,4.2013335435186505,546.4015871120788,0,2538,ok,extreme thresholds are audit flags only; units differ by modality
10,data/limb/subject10/Dynamic/subject10_limb_EMG.mat,Dynamic,30,GYRO.Z electrode 4,float64,672355,0,0,False,-178.77924073226893,217.76846353465447,4.448642358805514,16.49781841646554,3.0348692158122947,2.464414084388758,217.76846353465447,0,8821,ok,extreme thresholds are audit flags only; units differ by modality
10,data/limb/subject10/Dynamic/subject10_limb_EMG.mat,Dynamic,31,ACC.X electrode 5,float64,672355,0,0,False,-0.8658109383633386,1.119203784177622,0.22978964237879226,0.146746108872942,0.16925446764587432,0.06246699068777688,1.119203784177622,0,0,ok,extreme thresholds are audit flags only; units differ by modality
10,data/limb/subject10/Dynamic/subject10_limb_EMG.mat,Dynamic,32,ACC.Y electrode 5,float64,672355,0,0,False,-1.7199067497779974,0.8670295642146767,-0.6677387188960069,0.5040535289563455,-0.9730295601573506,0.02186468812770026,1.7199067497779974,0,158103,ok,extreme thresholds are audit flags only; units differ by modality
10,data/limb/subject10/Dynamic/subject10_limb_EMG.mat,Dynamic,33,ACC.Z electrode 5,float64,672355,0,0,False,-0.920052795680223,1.153469298032058,0.18873074424996683,0.4071901425132551,-0.058464292110452766,0.11274201682352317,1.153469298032058,0,0,ok,extreme thresholds are audit flags only; units differ by modality
10,data/limb/subject10/Dynamic/subject10_limb_EMG.mat,Dynamic,34,GYRO.X electrode 5,float64,672355,0,0,False,-214.53261543676166,121.12187612958452,5.216397532914895,22.864690964921323,5.373416438990395,2.654855044813093,214.53261543676166,0,13993,ok,extreme thresholds are audit flags only; units differ by modality
10,data/limb/subject10/Dynamic/subject10_limb_EMG.mat,Dynamic,35,GYRO.Y electrode 5,float64,672355,0,0,False,-469.78304748095206,376.9967502799202,5.399432795872606,17.925338358429187,5.06439157150713,3.971343094138792,469.78304748095206,0,2194,ok,extreme thresholds are audit flags only; units differ by modality
10,data/limb/subject10/Dynamic/subject10_limb_EMG.mat,Dynamic,36,GYRO.Z electrode 5,float64,672355,0,0,False,-51.92771690487888,148.15534470041314,-1.4055239714638068,9.587892068190396,-2.2383508784933355,1.2926840830877921,148.15534470041314,0,9238,ok,extreme thresholds are audit flags only; units differ by modality
10,data/limb/subject10/Dynamic/subject10_limb_EMG.mat,Dynamic,37,ACC.X electrode 6,float64,672355,0,0,False,-1.696290564367564,0.6572565392325715,-0.18666134521331504,0.10386872144873356,-0.183681593780769,0.053591251668733075,1.696290564367564,0,0,ok,extreme thresholds are audit flags only; units differ by modality
10,data/limb/subject10/Dynamic/subject10_limb_EMG.mat,Dynamic,38,ACC.Y electrode 6,float64,672355,0,0,False,-2.03072635659466,1.1362319255988131,-0.5976127112548768,0.5349979273931827,-0.9383142032307438,0.03766270300702712,2.03072635659466,0,99049,ok,extreme thresholds are audit flags only; units differ by modality
10,data/limb/subject10/Dynamic/subject10_limb_EMG.mat,Dynamic,39,ACC.Z electrode 6,float64,672355,0,0,False,-1.6329382577790414,0.6937356588864921,-0.5057030039116378,0.33881703373351246,-0.3355493803021609,0.15053801935805108,1.6329382577790414,0,0,ok,extreme thresholds are audit flags only; units differ by modality
10,data/limb/subject10/Dynamic/subject10_limb_EMG.mat,Dynamic,40,GYRO.X electrode 6,float64,672355,0,0,False,-160.35899931422838,266.59534601928925,-0.9580852856095504,22.981119920348917,-1.663120884116331,2.590296462344139,266.59534601928925,0,14542,ok,extreme thresholds are audit flags only; units differ by modality
10,data/limb/subject10/Dynamic/subject10_limb_EMG.mat,Dynamic,41,GYRO.Y electrode 6,float64,672355,0,0,False,-380.3048143745377,422.6853289748745,5.943779555479219,16.014736382657137,5.986886910444758,3.0559407520552284,422.6853289748745,0,3123,ok,extreme thresholds are audit flags only; units differ by modality
10,data/limb/subject10/Dynamic/subject10_limb_EMG.mat,Dynamic,42,GYRO.Z electrode 6,float64,672355,0,0,False,-145.59456525062944,106.1681379628328,-1.3726427863269821,8.968407732788759,-0.7569655196845103,1.489388896844078,145.59456525062944,0,6333,ok,extreme thresholds are audit flags only; units differ by modality
