selection_stage,subject_id,fold_id,fold_index,candidate_id,window_config_id,window_length_sec,window_length,step_samples,trim_config_id,trim_start_fraction,trim_end_fraction,modality,channel_count,model_type,feature_dim,train_window_count,validation_window_count,fit_eval_seconds,status,val_window_accuracy,val_window_balanced_accuracy,val_window_macro_precision,val_window_macro_recall,val_window_macro_f1,val_segment_accuracy,val_segment_balanced_accuracy,val_segment_macro_precision,val_segment_macro_recall,val_segment_macro_f1
feature_screen_with_shrinkage_lda,1,S01_personal_fold01,1,win0p25s_50ov__full_segment__EMG__ShrinkageLDA,win0p25s_50ov,0.25,315,157,full_segment,0.0,0.0,EMG,6,ShrinkageLDA,198,6065,480,0.3288707000010618,success,0.8270833333333333,0.8270833333333332,0.8309985958371691,0.8270833333333332,0.8228400664703488,1.0,1.0,1.0,1.0,1.0
feature_screen_with_shrinkage_lda,1,S01_personal_fold02,2,win0p25s_50ov__full_segment__EMG__ShrinkageLDA,win0p25s_50ov,0.25,315,157,full_segment,0.0,0.0,EMG,6,ShrinkageLDA,198,6065,480,0.3101263000007748,success,0.7854166666666667,0.7854166666666667,0.7910031345683708,0.7854166666666667,0.7655581219533063,0.8,0.8,0.7,0.8,0.7333333333333333
feature_screen_with_shrinkage_lda,1,S01_personal_fold03,3,win0p25s_50ov__full_segment__EMG__ShrinkageLDA,win0p25s_50ov,0.25,315,157,full_segment,0.0,0.0,EMG,6,ShrinkageLDA,198,6065,480,0.30187759999898844,success,0.7541666666666667,0.7541666666666667,0.8859236820247227,0.7541666666666667,0.6999473211675906,0.8,0.8,0.7,0.8,0.7333333333333333
feature_screen_with_shrinkage_lda,1,S01_personal_fold04,4,win0p25s_50ov__full_segment__EMG__ShrinkageLDA,win0p25s_50ov,0.25,315,157,full_segment,0.0,0.0,EMG,6,ShrinkageLDA,198,6065,480,0.2882028999993054,success,0.8479166666666667,0.8479166666666667,0.8920633039722979,0.8479166666666667,0.8263497770815761,0.8,0.8,0.7,0.8,0.7333333333333333
feature_screen_with_shrinkage_lda,1,S01_personal_fold05,5,win0p25s_50ov__full_segment__EMG__ShrinkageLDA,win0p25s_50ov,0.25,315,157,full_segment,0.0,0.0,EMG,6,ShrinkageLDA,198,6065,480,0.3408316000004561,success,0.8104166666666667,0.8104166666666668,0.832294930875576,0.8104166666666668,0.786101340167981,0.8,0.8,0.7,0.8,0.7333333333333333
feature_screen_with_shrinkage_lda,1,S01_personal_fold06,6,win0p25s_50ov__full_segment__EMG__ShrinkageLDA,win0p25s_50ov,0.25,315,157,full_segment,0.0,0.0,EMG,6,ShrinkageLDA,198,6065,480,0.3339928000004875,success,0.9520833333333333,0.9520833333333334,0.951904934932106,0.9520833333333334,0.9517449607942856,1.0,1.0,1.0,1.0,1.0
feature_screen_with_shrinkage_lda,1,S01_personal_fold07,7,win0p25s_50ov__full_segment__EMG__ShrinkageLDA,win0p25s_50ov,0.25,315,157,full_segment,0.0,0.0,EMG,6,ShrinkageLDA,198,2880,3665,0.13364580000052229,success,0.6316507503410641,0.6414865243131453,0.7617585426336356,0.6414865243131453,0.6285870736224091,0.8,0.8,0.7,0.8,0.7333333333333333
feature_screen_with_shrinkage_lda,1,S01_personal_fold08,8,win0p25s_50ov__full_segment__EMG__ShrinkageLDA,win0p25s_50ov,0.25,315,157,full_segment,0.0,0.0,EMG,6,ShrinkageLDA,198,2880,480,0.13910370000121475,success,0.9833333333333333,0.9833333333333332,0.9832853886235344,0.9833333333333332,0.9832670916983179,1.0,1.0,1.0,1.0,1.0
feature_screen_with_shrinkage_lda,1,S01_personal_fold01,1,win0p25s_50ov__full_segment__EMG_ACC__ShrinkageLDA,win0p25s_50ov,0.25,315,157,full_segment,0.0,0.0,EMG_ACC,24,ShrinkageLDA,792,6065,480,4.167983900000763,success,0.8541666666666666,0.8541666666666666,0.8947262197253039,0.8541666666666666,0.8445382794558844,0.8,0.8,0.7,0.8,0.7333333333333333
feature_screen_with_shrinkage_lda,1,S01_personal_fold02,2,win0p25s_50ov__full_segment__EMG_ACC__ShrinkageLDA,win0p25s_50ov,0.25,315,157,full_segment,0.0,0.0,EMG_ACC,24,ShrinkageLDA,792,6065,480,4.141598299998805,success,0.7479166666666667,0.7479166666666666,0.7725594149269794,0.7479166666666666,0.7304109631882341,0.8,0.8,0.7,0.8,0.7333333333333333
feature_screen_with_shrinkage_lda,1,S01_personal_fold03,3,win0p25s_50ov__full_segment__EMG_ACC__ShrinkageLDA,win0p25s_50ov,0.25,315,157,full_segment,0.0,0.0,EMG_ACC,24,ShrinkageLDA,792,6065,480,4.337705699999788,success,0.7895833333333333,0.7895833333333333,0.8957613814756673,0.7895833333333333,0.7281439296392318,0.8,0.8,0.7,0.8,0.7333333333333333
feature_screen_with_shrinkage_lda,1,S01_personal_fold04,4,win0p25s_50ov__full_segment__EMG_ACC__ShrinkageLDA,win0p25s_50ov,0.25,315,157,full_segment,0.0,0.0,EMG_ACC,24,ShrinkageLDA,792,6065,480,3.9852528999999777,success,0.8208333333333333,0.8208333333333334,0.9040154923961954,0.8208333333333334,0.7753277384713173,0.8,0.8,0.7,0.8,0.7333333333333333
feature_screen_with_shrinkage_lda,1,S01_personal_fold05,5,win0p25s_50ov__full_segment__EMG_ACC__ShrinkageLDA,win0p25s_50ov,0.25,315,157,full_segment,0.0,0.0,EMG_ACC,24,ShrinkageLDA,792,6065,480,4.248759000000064,success,0.8020833333333334,0.8020833333333333,0.8334945054945055,0.8020833333333333,0.7746854538144501,0.8,0.8,0.7,0.8,0.7333333333333333
feature_screen_with_shrinkage_lda,1,S01_personal_fold06,6,win0p25s_50ov__full_segment__EMG_ACC__ShrinkageLDA,win0p25s_50ov,0.25,315,157,full_segment,0.0,0.0,EMG_ACC,24,ShrinkageLDA,792,6065,480,4.014510499999233,success,0.9083333333333333,0.9083333333333332,0.9329281712685074,0.9083333333333332,0.9032887190425406,1.0,1.0,1.0,1.0,1.0
feature_screen_with_shrinkage_lda,1,S01_personal_fold07,7,win0p25s_50ov__full_segment__EMG_ACC__ShrinkageLDA,win0p25s_50ov,0.25,315,157,full_segment,0.0,0.0,EMG_ACC,24,ShrinkageLDA,792,2880,3665,2.344740799999272,success,0.6120054570259209,0.6203284341050791,0.735522931271596,0.6203284341050791,0.6172154857420051,0.8,0.8,0.7,0.8,0.7333333333333333
feature_screen_with_shrinkage_lda,1,S01_personal_fold08,8,win0p25s_50ov__full_segment__EMG_ACC__ShrinkageLDA,win0p25s_50ov,0.25,315,157,full_segment,0.0,0.0,EMG_ACC,24,ShrinkageLDA,792,2880,480,2.319586800000252,success,0.8458333333333333,0.8458333333333332,0.9091713793951316,0.8458333333333332,0.8214495947115763,0.8,0.8,0.7,0.8,0.7333333333333333
feature_screen_with_shrinkage_lda,1,S01_personal_fold01,1,win0p25s_50ov__full_segment__EMG_IMU__ShrinkageLDA,win0p25s_50ov,0.25,315,157,full_segment,0.0,0.0,EMG_IMU,42,ShrinkageLDA,1386,6065,480,16.015313400001105,success,0.85625,0.85625,0.8963692581014367,0.85625,0.8443721149167001,0.8,0.8,0.7,0.8,0.7333333333333333
feature_screen_with_shrinkage_lda,1,S01_personal_fold02,2,win0p25s_50ov__full_segment__EMG_IMU__ShrinkageLDA,win0p25s_50ov,0.25,315,157,full_segment,0.0,0.0,EMG_IMU,42,ShrinkageLDA,1386,6065,480,16.3054886000009,success,0.7458333333333333,0.7458333333333333,0.7841873124478742,0.7458333333333333,0.734941368244203,0.8,0.8,0.7,0.8,0.7333333333333333
feature_screen_with_shrinkage_lda,1,S01_personal_fold03,3,win0p25s_50ov__full_segment__EMG_IMU__ShrinkageLDA,win0p25s_50ov,0.25,315,157,full_segment,0.0,0.0,EMG_IMU,42,ShrinkageLDA,1386,6065,480,16.225806500000544,success,0.7875,0.7875,0.8952397067117879,0.7875,0.7265795812803875,0.8,0.8,0.7,0.8,0.7333333333333333
feature_screen_with_shrinkage_lda,1,S01_personal_fold04,4,win0p25s_50ov__full_segment__EMG_IMU__ShrinkageLDA,win0p25s_50ov,0.25,315,157,full_segment,0.0,0.0,EMG_IMU,42,ShrinkageLDA,1386,6065,480,16.051316799999768,success,0.8166666666666667,0.8166666666666667,0.9028561771167822,0.8166666666666667,0.7673673699413295,0.8,0.8,0.7,0.8,0.7333333333333333
feature_screen_with_shrinkage_lda,1,S01_personal_fold05,5,win0p25s_50ov__full_segment__EMG_IMU__ShrinkageLDA,win0p25s_50ov,0.25,315,157,full_segment,0.0,0.0,EMG_IMU,42,ShrinkageLDA,1386,6065,480,16.534347799999523,success,0.80625,0.80625,0.8409960983305972,0.80625,0.7854714638977207,0.8,0.8,0.7,0.8,0.7333333333333333
feature_screen_with_shrinkage_lda,1,S01_personal_fold06,6,win0p25s_50ov__full_segment__EMG_IMU__ShrinkageLDA,win0p25s_50ov,0.25,315,157,full_segment,0.0,0.0,EMG_IMU,42,ShrinkageLDA,1386,6065,480,16.326443300000392,success,0.9145833333333333,0.9145833333333332,0.9361126029359111,0.9145833333333332,0.910476675026018,1.0,1.0,1.0,1.0,1.0
feature_screen_with_shrinkage_lda,1,S01_personal_fold07,7,win0p25s_50ov__full_segment__EMG_IMU__ShrinkageLDA,win0p25s_50ov,0.25,315,157,full_segment,0.0,0.0,EMG_IMU,42,ShrinkageLDA,1386,2880,3665,9.025881600000503,success,0.6111869031377899,0.6181548331081365,0.6880451675819625,0.6181548331081365,0.6122698758105306,0.8,0.8,0.7,0.8,0.7333333333333333
feature_screen_with_shrinkage_lda,1,S01_personal_fold08,8,win0p25s_50ov__full_segment__EMG_IMU__ShrinkageLDA,win0p25s_50ov,0.25,315,157,full_segment,0.0,0.0,EMG_IMU,42,ShrinkageLDA,1386,2880,480,8.71500019999985,success,0.8770833333333333,0.8770833333333332,0.9221211508658446,0.8770833333333332,0.865007008157912,0.8,0.8,0.7,0.8,0.7333333333333333
feature_screen_with_shrinkage_lda,1,S01_personal_fold01,1,win0p25s_50ov__trim10_each_end__EMG__ShrinkageLDA,win0p25s_50ov,0.25,315,157,trim10_each_end,0.1,0.1,EMG,6,ShrinkageLDA,198,4858,385,0.2592074000003777,success,0.8467532467532467,0.8467532467532468,0.8518859618104667,0.8467532467532468,0.8444432347218239,1.0,1.0,1.0,1.0,1.0
feature_screen_with_shrinkage_lda,1,S01_personal_fold02,2,win0p25s_50ov__trim10_each_end__EMG__ShrinkageLDA,win0p25s_50ov,0.25,315,157,trim10_each_end,0.1,0.1,EMG,6,ShrinkageLDA,198,4858,385,0.2640943000005791,success,0.8181818181818182,0.8181818181818181,0.8396984063517451,0.8181818181818181,0.8044456022061027,0.8,0.8,0.7,0.8,0.7333333333333333
feature_screen_with_shrinkage_lda,1,S01_personal_fold03,3,win0p25s_50ov__trim10_each_end__EMG__ShrinkageLDA,win0p25s_50ov,0.25,315,157,trim10_each_end,0.1,0.1,EMG,6,ShrinkageLDA,198,4858,385,0.21698520000063581,success,0.7298701298701299,0.7298701298701299,0.6790168539325843,0.7298701298701299,0.6744429726351646,0.8,0.8,0.7,0.8,0.7333333333333333
feature_screen_with_shrinkage_lda,1,S01_personal_fold04,4,win0p25s_50ov__trim10_each_end__EMG__ShrinkageLDA,win0p25s_50ov,0.25,315,157,trim10_each_end,0.1,0.1,EMG,6,ShrinkageLDA,198,4858,385,0.2187990999991598,success,0.8571428571428571,0.8571428571428571,0.8867827868852458,0.8571428571428571,0.8438061868977919,0.8,0.8,0.7,0.8,0.7333333333333333
feature_screen_with_shrinkage_lda,1,S01_personal_fold05,5,win0p25s_50ov__trim10_each_end__EMG__ShrinkageLDA,win0p25s_50ov,0.25,315,157,trim10_each_end,0.1,0.1,EMG,6,ShrinkageLDA,198,4858,385,0.24141159999999218,success,0.7922077922077922,0.7922077922077922,0.8036271748135875,0.7922077922077922,0.7655966730575082,0.8,0.8,0.7,0.8,0.7333333333333333
feature_screen_with_shrinkage_lda,1,S01_personal_fold06,6,win0p25s_50ov__trim10_each_end__EMG__ShrinkageLDA,win0p25s_50ov,0.25,315,157,trim10_each_end,0.1,0.1,EMG,6,ShrinkageLDA,198,4858,385,0.23198149999916495,success,0.961038961038961,0.961038961038961,0.9613255977496484,0.961038961038961,0.9608779527515902,1.0,1.0,1.0,1.0,1.0
feature_screen_with_shrinkage_lda,1,S01_personal_fold07,7,win0p25s_50ov__trim10_each_end__EMG__ShrinkageLDA,win0p25s_50ov,0.25,315,157,trim10_each_end,0.1,0.1,EMG,6,ShrinkageLDA,198,2310,2933,0.12775479999982053,success,0.625980225025571,0.6352219464443931,0.7697710211398539,0.6352219464443931,0.6221994139147944,0.8,0.8,0.7,0.8,0.7333333333333333
feature_screen_with_shrinkage_lda,1,S01_personal_fold08,8,win0p25s_50ov__trim10_each_end__EMG__ShrinkageLDA,win0p25s_50ov,0.25,315,157,trim10_each_end,0.1,0.1,EMG,6,ShrinkageLDA,198,2310,385,0.14254190000065137,success,0.9688311688311688,0.9688311688311689,0.9687820512820513,0.9688311688311689,0.968510017471452,1.0,1.0,1.0,1.0,1.0
feature_screen_with_shrinkage_lda,1,S01_personal_fold01,1,win0p25s_50ov__trim10_each_end__EMG_ACC__ShrinkageLDA,win0p25s_50ov,0.25,315,157,trim10_each_end,0.1,0.1,EMG_ACC,24,ShrinkageLDA,792,4858,385,3.4521215000004304,success,0.8805194805194805,0.8805194805194805,0.8886647909342992,0.8805194805194805,0.8790533830219364,1.0,1.0,1.0,1.0,1.0
feature_screen_with_shrinkage_lda,1,S01_personal_fold02,2,win0p25s_50ov__trim10_each_end__EMG_ACC__ShrinkageLDA,win0p25s_50ov,0.25,315,157,trim10_each_end,0.1,0.1,EMG_ACC,24,ShrinkageLDA,792,4858,385,3.3313270999988163,success,0.7584415584415585,0.7584415584415585,0.7824080526519551,0.7584415584415585,0.75450995605571,0.8,0.8,0.7,0.8,0.7333333333333333
feature_screen_with_shrinkage_lda,1,S01_personal_fold03,3,win0p25s_50ov__trim10_each_end__EMG_ACC__ShrinkageLDA,win0p25s_50ov,0.25,315,157,trim10_each_end,0.1,0.1,EMG_ACC,24,ShrinkageLDA,792,4858,385,3.5366622999990796,success,0.7688311688311689,0.7688311688311689,0.6927710843373494,0.7688311688311689,0.7098475627427114,0.8,0.8,0.7,0.8,0.7333333333333333
feature_screen_with_shrinkage_lda,1,S01_personal_fold04,4,win0p25s_50ov__trim10_each_end__EMG_ACC__ShrinkageLDA,win0p25s_50ov,0.25,315,157,trim10_each_end,0.1,0.1,EMG_ACC,24,ShrinkageLDA,792,4858,385,3.3432571000012103,success,0.8363636363636363,0.8363636363636363,0.8868310270509798,0.8363636363636363,0.8098273709422618,0.8,0.8,0.7,0.8,0.7333333333333333
feature_screen_with_shrinkage_lda,1,S01_personal_fold05,5,win0p25s_50ov__trim10_each_end__EMG_ACC__ShrinkageLDA,win0p25s_50ov,0.25,315,157,trim10_each_end,0.1,0.1,EMG_ACC,24,ShrinkageLDA,792,4858,385,3.196637600000031,success,0.8285714285714286,0.8285714285714286,0.851087162034411,0.8285714285714286,0.8184084078882414,0.8,0.8,0.7,0.8,0.7333333333333333
feature_screen_with_shrinkage_lda,1,S01_personal_fold06,6,win0p25s_50ov__trim10_each_end__EMG_ACC__ShrinkageLDA,win0p25s_50ov,0.25,315,157,trim10_each_end,0.1,0.1,EMG_ACC,24,ShrinkageLDA,792,4858,385,3.143580199999633,success,0.922077922077922,0.922077922077922,0.9403820529903142,0.922077922077922,0.9198532000829462,1.0,1.0,1.0,1.0,1.0
feature_screen_with_shrinkage_lda,1,S01_personal_fold07,7,win0p25s_50ov__trim10_each_end__EMG_ACC__ShrinkageLDA,win0p25s_50ov,0.25,315,157,trim10_each_end,0.1,0.1,EMG_ACC,24,ShrinkageLDA,792,2310,2933,1.902600600000369,success,0.6055233549266962,0.6142570087543566,0.7461677527816845,0.6142570087543566,0.6028464484804033,0.8,0.8,0.7,0.8,0.7333333333333333
feature_screen_with_shrinkage_lda,1,S01_personal_fold08,8,win0p25s_50ov__trim10_each_end__EMG_ACC__ShrinkageLDA,win0p25s_50ov,0.25,315,157,trim10_each_end,0.1,0.1,EMG_ACC,24,ShrinkageLDA,792,2310,385,1.7981309999995574,success,0.8675324675324675,0.8675324675324676,0.9159044507962435,0.8675324675324676,0.8533562954458477,0.8,0.8,0.7,0.8,0.7333333333333333
feature_screen_with_shrinkage_lda,1,S01_personal_fold01,1,win0p25s_50ov__trim10_each_end__EMG_IMU__ShrinkageLDA,win0p25s_50ov,0.25,315,157,trim10_each_end,0.1,0.1,EMG_IMU,42,ShrinkageLDA,1386,4858,385,13.674243600000409,success,0.8935064935064935,0.8935064935064935,0.9020701754385965,0.8935064935064935,0.8926010872492013,1.0,1.0,1.0,1.0,1.0
feature_screen_with_shrinkage_lda,1,S01_personal_fold02,2,win0p25s_50ov__trim10_each_end__EMG_IMU__ShrinkageLDA,win0p25s_50ov,0.25,315,157,trim10_each_end,0.1,0.1,EMG_IMU,42,ShrinkageLDA,1386,4858,385,13.375172900001417,success,0.7454545454545455,0.7454545454545455,0.7784376825019634,0.7454545454545455,0.7447514595299951,0.8,0.8,0.7,0.8,0.7333333333333333
feature_screen_with_shrinkage_lda,1,S01_personal_fold03,3,win0p25s_50ov__trim10_each_end__EMG_IMU__ShrinkageLDA,win0p25s_50ov,0.25,315,157,trim10_each_end,0.1,0.1,EMG_IMU,42,ShrinkageLDA,1386,4858,385,13.310998000000836,success,0.7714285714285715,0.7714285714285715,0.6909173643975246,0.7714285714285715,0.7111341632088519,0.8,0.8,0.7,0.8,0.7333333333333333
feature_screen_with_shrinkage_lda,1,S01_personal_fold04,4,win0p25s_50ov__trim10_each_end__EMG_IMU__ShrinkageLDA,win0p25s_50ov,0.25,315,157,trim10_each_end,0.1,0.1,EMG_IMU,42,ShrinkageLDA,1386,4858,385,13.437542899999244,success,0.825974025974026,0.8259740259740258,0.9044781509570242,0.8259740259740258,0.7875224628074827,0.8,0.8,0.7,0.8,0.7333333333333333
feature_screen_with_shrinkage_lda,1,S01_personal_fold05,5,win0p25s_50ov__trim10_each_end__EMG_IMU__ShrinkageLDA,win0p25s_50ov,0.25,315,157,trim10_each_end,0.1,0.1,EMG_IMU,42,ShrinkageLDA,1386,4858,385,12.712031900000511,success,0.8051948051948052,0.8051948051948052,0.817459309785912,0.8051948051948052,0.7864563408260864,0.8,0.8,0.7,0.8,0.7333333333333333
feature_screen_with_shrinkage_lda,1,S01_personal_fold06,6,win0p25s_50ov__trim10_each_end__EMG_IMU__ShrinkageLDA,win0p25s_50ov,0.25,315,157,trim10_each_end,0.1,0.1,EMG_IMU,42,ShrinkageLDA,1386,4858,385,13.525753899999472,success,0.9428571428571428,0.9428571428571428,0.9536995954586975,0.9428571428571428,0.9427136455587399,1.0,1.0,1.0,1.0,1.0
feature_screen_with_shrinkage_lda,1,S01_personal_fold07,7,win0p25s_50ov__trim10_each_end__EMG_IMU__ShrinkageLDA,win0p25s_50ov,0.25,315,157,trim10_each_end,0.1,0.1,EMG_IMU,42,ShrinkageLDA,1386,2310,2933,7.8947547000007035,success,0.6055233549266962,0.6127065097345273,0.6845119633512662,0.6127065097345273,0.6027832453137675,0.8,0.8,0.7,0.8,0.7333333333333333
feature_screen_with_shrinkage_lda,1,S01_personal_fold08,8,win0p25s_50ov__trim10_each_end__EMG_IMU__ShrinkageLDA,win0p25s_50ov,0.25,315,157,trim10_each_end,0.1,0.1,EMG_IMU,42,ShrinkageLDA,1386,2310,385,7.466220799999064,success,0.8675324675324675,0.8675324675324674,0.918070818070818,0.8675324675324674,0.8523095258467894,0.8,0.8,0.7,0.8,0.7333333333333333
feature_screen_with_shrinkage_lda,1,S01_personal_fold01,1,win0p25s_50ov__trim20_each_end__EMG__ShrinkageLDA,win0p25s_50ov,0.25,315,157,trim20_each_end,0.2,0.2,EMG,6,ShrinkageLDA,198,3623,285,0.19984939999994822,success,0.8736842105263158,0.8736842105263157,0.8808328087511266,0.8736842105263157,0.8714740362578002,1.0,1.0,1.0,1.0,1.0
feature_screen_with_shrinkage_lda,1,S01_personal_fold02,2,win0p25s_50ov__trim20_each_end__EMG__ShrinkageLDA,win0p25s_50ov,0.25,315,157,trim20_each_end,0.2,0.2,EMG,6,ShrinkageLDA,198,3623,285,0.1610171000011178,success,0.8350877192982457,0.8350877192982455,0.8520352605652061,0.8350877192982455,0.82623034793705,0.8,0.8,0.7,0.8,0.7333333333333333
feature_screen_with_shrinkage_lda,1,S01_personal_fold03,3,win0p25s_50ov__trim20_each_end__EMG__ShrinkageLDA,win0p25s_50ov,0.25,315,157,trim20_each_end,0.2,0.2,EMG,6,ShrinkageLDA,198,3623,285,0.15758899999855203,success,0.6947368421052632,0.6947368421052632,0.6708510638297872,0.6947368421052632,0.6385947385947386,0.6,0.6,0.4666666666666666,0.6,0.5
feature_screen_with_shrinkage_lda,1,S01_personal_fold04,4,win0p25s_50ov__trim20_each_end__EMG__ShrinkageLDA,win0p25s_50ov,0.25,315,157,trim20_each_end,0.2,0.2,EMG,6,ShrinkageLDA,198,3623,285,0.18535120000160532,success,0.8631578947368421,0.8631578947368421,0.9013833992094862,0.8631578947368421,0.8489168294962195,0.8,0.8,0.7,0.8,0.7333333333333333
feature_screen_with_shrinkage_lda,1,S01_personal_fold05,5,win0p25s_50ov__trim20_each_end__EMG__ShrinkageLDA,win0p25s_50ov,0.25,315,157,trim20_each_end,0.2,0.2,EMG,6,ShrinkageLDA,198,3623,285,0.18057329999828653,success,0.8210526315789474,0.8210526315789473,0.885793923058074,0.8210526315789473,0.7898196669405587,0.8,0.8,0.7,0.8,0.7333333333333333
feature_screen_with_shrinkage_lda,1,S01_personal_fold06,6,win0p25s_50ov__trim20_each_end__EMG__ShrinkageLDA,win0p25s_50ov,0.25,315,157,trim20_each_end,0.2,0.2,EMG,6,ShrinkageLDA,198,3623,285,0.20569909999903757,success,0.9719298245614035,0.9719298245614034,0.9741727199354319,0.9719298245614034,0.9716977004839735,1.0,1.0,1.0,1.0,1.0
feature_screen_with_shrinkage_lda,1,S01_personal_fold07,7,win0p25s_50ov__trim20_each_end__EMG__ShrinkageLDA,win0p25s_50ov,0.25,315,157,trim20_each_end,0.2,0.2,EMG,6,ShrinkageLDA,198,1710,2198,0.10576340000079654,success,0.6587807097361238,0.6671594326808846,0.7906901450319073,0.6671594326808846,0.6609145298080215,0.8,0.8,0.7,0.8,0.7333333333333333
feature_screen_with_shrinkage_lda,1,S01_personal_fold08,8,win0p25s_50ov__trim20_each_end__EMG__ShrinkageLDA,win0p25s_50ov,0.25,315,157,trim20_each_end,0.2,0.2,EMG,6,ShrinkageLDA,198,1710,285,0.10570879999977478,success,0.9614035087719298,0.9614035087719298,0.9611958817016516,0.9614035087719298,0.9609157585358957,1.0,1.0,1.0,1.0,1.0
feature_screen_with_shrinkage_lda,1,S01_personal_fold01,1,win0p25s_50ov__trim20_each_end__EMG_ACC__ShrinkageLDA,win0p25s_50ov,0.25,315,157,trim20_each_end,0.2,0.2,EMG_ACC,24,ShrinkageLDA,792,3623,285,2.6012391000003845,success,0.9333333333333333,0.9333333333333332,0.9367417600906789,0.9333333333333332,0.9326359920143515,1.0,1.0,1.0,1.0,1.0
feature_screen_with_shrinkage_lda,1,S01_personal_fold02,2,win0p25s_50ov__trim20_each_end__EMG_ACC__ShrinkageLDA,win0p25s_50ov,0.25,315,157,trim20_each_end,0.2,0.2,EMG_ACC,24,ShrinkageLDA,792,3623,285,2.639988999999332,success,0.7719298245614035,0.7719298245614035,0.8039462866538777,0.7719298245614035,0.7749510763209393,0.8,0.8,0.7,0.8,0.7333333333333333
feature_screen_with_shrinkage_lda,1,S01_personal_fold03,3,win0p25s_50ov__trim20_each_end__EMG_ACC__ShrinkageLDA,win0p25s_50ov,0.25,315,157,trim20_each_end,0.2,0.2,EMG_ACC,24,ShrinkageLDA,792,3623,285,2.6203146999996534,success,0.7508771929824561,0.7508771929824561,0.6890625,0.7508771929824561,0.6952432432432432,0.8,0.8,0.7,0.8,0.7333333333333333
feature_screen_with_shrinkage_lda,1,S01_personal_fold04,4,win0p25s_50ov__trim20_each_end__EMG_ACC__ShrinkageLDA,win0p25s_50ov,0.25,315,157,trim20_each_end,0.2,0.2,EMG_ACC,24,ShrinkageLDA,792,3623,285,2.57678339999984,success,0.8421052631578947,0.8421052631578947,0.9117647058823529,0.8421052631578947,0.8129614438063987,0.8,0.8,0.7,0.8,0.7333333333333333
feature_screen_with_shrinkage_lda,1,S01_personal_fold05,5,win0p25s_50ov__trim20_each_end__EMG_ACC__ShrinkageLDA,win0p25s_50ov,0.25,315,157,trim20_each_end,0.2,0.2,EMG_ACC,24,ShrinkageLDA,792,3623,285,2.5890213000002404,success,0.8140350877192982,0.8140350877192983,0.8664108061749571,0.8140350877192983,0.7928562090718575,0.8,0.8,0.7,0.8,0.7333333333333333
feature_screen_with_shrinkage_lda,1,S01_personal_fold06,6,win0p25s_50ov__trim20_each_end__EMG_ACC__ShrinkageLDA,win0p25s_50ov,0.25,315,157,trim20_each_end,0.2,0.2,EMG_ACC,24,ShrinkageLDA,792,3623,285,2.6462951000012254,success,0.9508771929824561,0.9508771929824562,0.9605633802816902,0.9508771929824562,0.9501249999999999,1.0,1.0,1.0,1.0,1.0
feature_screen_with_shrinkage_lda,1,S01_personal_fold07,7,win0p25s_50ov__trim20_each_end__EMG_ACC__ShrinkageLDA,win0p25s_50ov,0.25,315,157,trim20_each_end,0.2,0.2,EMG_ACC,24,ShrinkageLDA,792,1710,2198,1.4592862000008608,success,0.6155595996360328,0.6231295715400683,0.7425979117899282,0.6231295715400683,0.6155206433053093,0.8,0.8,0.7,0.8,0.7333333333333333
feature_screen_with_shrinkage_lda,1,S01_personal_fold08,8,win0p25s_50ov__trim20_each_end__EMG_ACC__ShrinkageLDA,win0p25s_50ov,0.25,315,157,trim20_each_end,0.2,0.2,EMG_ACC,24,ShrinkageLDA,792,1710,285,1.482563300000038,success,0.856140350877193,0.856140350877193,0.9052330428192498,0.856140350877193,0.8390786103829582,0.8,0.8,0.7,0.8,0.7333333333333333
feature_screen_with_shrinkage_lda,1,S01_personal_fold01,1,win0p25s_50ov__trim20_each_end__EMG_IMU__ShrinkageLDA,win0p25s_50ov,0.25,315,157,trim20_each_end,0.2,0.2,EMG_IMU,42,ShrinkageLDA,1386,3623,285,10.57576440000048,success,0.9298245614035088,0.9298245614035088,0.9338915470494417,0.9298245614035088,0.929707194816309,1.0,1.0,1.0,1.0,1.0
feature_screen_with_shrinkage_lda,1,S01_personal_fold02,2,win0p25s_50ov__trim20_each_end__EMG_IMU__ShrinkageLDA,win0p25s_50ov,0.25,315,157,trim20_each_end,0.2,0.2,EMG_IMU,42,ShrinkageLDA,1386,3623,285,10.483872700000575,success,0.7929824561403509,0.7929824561403509,0.8267895545314901,0.7929824561403509,0.7929855072463767,0.8,0.8,0.7,0.8,0.7333333333333333
feature_screen_with_shrinkage_lda,1,S01_personal_fold03,3,win0p25s_50ov__trim20_each_end__EMG_IMU__ShrinkageLDA,win0p25s_50ov,0.25,315,157,trim20_each_end,0.2,0.2,EMG_IMU,42,ShrinkageLDA,1386,3623,285,10.408469899999545,success,0.7614035087719299,0.7614035087719297,0.6912,0.7614035087719297,0.7039155019737544,0.8,0.8,0.7,0.8,0.7333333333333333
feature_screen_with_shrinkage_lda,1,S01_personal_fold04,4,win0p25s_50ov__trim20_each_end__EMG_IMU__ShrinkageLDA,win0p25s_50ov,0.25,315,157,trim20_each_end,0.2,0.2,EMG_IMU,42,ShrinkageLDA,1386,3623,285,10.279884499999753,success,0.8350877192982457,0.8350877192982455,0.9072313357884166,0.8350877192982455,0.8036968404137337,0.8,0.8,0.7,0.8,0.7333333333333333
feature_screen_with_shrinkage_lda,1,S01_personal_fold05,5,win0p25s_50ov__trim20_each_end__EMG_IMU__ShrinkageLDA,win0p25s_50ov,0.25,315,157,trim20_each_end,0.2,0.2,EMG_IMU,42,ShrinkageLDA,1386,3623,285,10.434035000000222,success,0.8315789473684211,0.8315789473684211,0.8846638655462185,0.8315789473684211,0.8118948457101738,0.8,0.8,0.7,0.8,0.7333333333333333
feature_screen_with_shrinkage_lda,1,S01_personal_fold06,6,win0p25s_50ov__trim20_each_end__EMG_IMU__ShrinkageLDA,win0p25s_50ov,0.25,315,157,trim20_each_end,0.2,0.2,EMG_IMU,42,ShrinkageLDA,1386,3623,285,10.387717700001303,success,0.9578947368421052,0.9578947368421054,0.9641987829614604,0.9578947368421054,0.9571314578005115,1.0,1.0,1.0,1.0,1.0
feature_screen_with_shrinkage_lda,1,S01_personal_fold07,7,win0p25s_50ov__trim20_each_end__EMG_IMU__ShrinkageLDA,win0p25s_50ov,0.25,315,157,trim20_each_end,0.2,0.2,EMG_IMU,42,ShrinkageLDA,1386,1710,2198,6.086961999999403,success,0.5982711555959963,0.6043940201351296,0.6838856557864507,0.6043940201351296,0.59997365169631,0.6,0.6,0.4666666666666666,0.6,0.5
feature_screen_with_shrinkage_lda,1,S01_personal_fold08,8,win0p25s_50ov__trim20_each_end__EMG_IMU__ShrinkageLDA,win0p25s_50ov,0.25,315,157,trim20_each_end,0.2,0.2,EMG_IMU,42,ShrinkageLDA,1386,1710,285,6.5508184999998775,success,0.8666666666666667,0.8666666666666668,0.9119942853432041,0.8666666666666668,0.8521647653410342,0.8,0.8,0.7,0.8,0.7333333333333333
feature_screen_with_shrinkage_lda,1,S01_personal_fold01,1,win0p5s_50ov__full_segment__EMG__ShrinkageLDA,win0p5s_50ov,0.5,630,315,full_segment,0.0,0.0,EMG,6,ShrinkageLDA,198,3001,235,0.13649889999942388,success,0.8723404255319149,0.8723404255319149,0.8787248327496006,0.8723404255319149,0.8707102148506222,1.0,1.0,1.0,1.0,1.0
feature_screen_with_shrinkage_lda,1,S01_personal_fold02,2,win0p5s_50ov__full_segment__EMG__ShrinkageLDA,win0p5s_50ov,0.5,630,315,full_segment,0.0,0.0,EMG,6,ShrinkageLDA,198,3001,235,0.12908489999972517,success,0.8212765957446808,0.8212765957446809,0.8325200431699044,0.8212765957446809,0.8097866824066771,0.8,0.8,0.7,0.8,0.7333333333333333
feature_screen_with_shrinkage_lda,1,S01_personal_fold03,3,win0p5s_50ov__full_segment__EMG__ShrinkageLDA,win0p5s_50ov,0.5,630,315,full_segment,0.0,0.0,EMG,6,ShrinkageLDA,198,3001,235,0.1421568000005209,success,0.7489361702127659,0.7489361702127659,0.6853571428571429,0.7489361702127659,0.6923106546854942,0.8,0.8,0.7,0.8,0.7333333333333333
feature_screen_with_shrinkage_lda,1,S01_personal_fold04,4,win0p5s_50ov__full_segment__EMG__ShrinkageLDA,win0p5s_50ov,0.5,630,315,full_segment,0.0,0.0,EMG,6,ShrinkageLDA,198,3001,235,0.13681980000001204,success,0.8382978723404255,0.8382978723404255,0.9105882352941176,0.8382978723404255,0.8067099567099568,0.8,0.8,0.7,0.8,0.7333333333333333
feature_screen_with_shrinkage_lda,1,S01_personal_fold05,5,win0p5s_50ov__full_segment__EMG__ShrinkageLDA,win0p5s_50ov,0.5,630,315,full_segment,0.0,0.0,EMG,6,ShrinkageLDA,198,3001,235,0.16637030000129016,success,0.8170212765957446,0.8170212765957446,0.8391596638655463,0.8170212765957446,0.7902046808106856,0.8,0.8,0.7,0.8,0.7333333333333333
feature_screen_with_shrinkage_lda,1,S01_personal_fold06,6,win0p5s_50ov__full_segment__EMG__ShrinkageLDA,win0p5s_50ov,0.5,630,315,full_segment,0.0,0.0,EMG,6,ShrinkageLDA,198,3001,235,0.14894210000056773,success,0.948936170212766,0.948936170212766,0.9500227998176015,0.948936170212766,0.948843537414966,1.0,1.0,1.0,1.0,1.0
feature_screen_with_shrinkage_lda,1,S01_personal_fold07,7,win0p5s_50ov__full_segment__EMG__ShrinkageLDA,win0p5s_50ov,0.5,630,315,full_segment,0.0,0.0,EMG,6,ShrinkageLDA,198,1410,1826,0.10153669999999693,success,0.6265060240963856,0.6361949111711966,0.7555119889424401,0.6361949111711966,0.6193574109716005,0.8,0.8,0.7,0.8,0.7333333333333333
feature_screen_with_shrinkage_lda,1,S01_personal_fold08,8,win0p5s_50ov__full_segment__EMG__ShrinkageLDA,win0p5s_50ov,0.5,630,315,full_segment,0.0,0.0,EMG,6,ShrinkageLDA,198,1410,235,0.09853479999947012,success,0.9957446808510638,0.9957446808510639,0.9958333333333332,0.9957446808510639,0.9957441992076965,1.0,1.0,1.0,1.0,1.0
feature_screen_with_shrinkage_lda,1,S01_personal_fold01,1,win0p5s_50ov__full_segment__EMG_ACC__ShrinkageLDA,win0p5s_50ov,0.5,630,315,full_segment,0.0,0.0,EMG_ACC,24,ShrinkageLDA,792,3001,235,2.2839329999987967,success,0.851063829787234,0.851063829787234,0.8908922902494332,0.851063829787234,0.8363942482034352,0.8,0.8,0.7,0.8,0.7333333333333333
feature_screen_with_shrinkage_lda,1,S01_personal_fold02,2,win0p5s_50ov__full_segment__EMG_ACC__ShrinkageLDA,win0p5s_50ov,0.5,630,315,full_segment,0.0,0.0,EMG_ACC,24,ShrinkageLDA,792,3001,235,2.2132024000002275,success,0.8170212765957446,0.8170212765957446,0.8542670682730924,0.8170212765957446,0.7991602588035315,0.8,0.8,0.7,0.8,0.7333333333333333
feature_screen_with_shrinkage_lda,1,S01_personal_fold03,3,win0p5s_50ov__full_segment__EMG_ACC__ShrinkageLDA,win0p5s_50ov,0.5,630,315,full_segment,0.0,0.0,EMG_ACC,24,ShrinkageLDA,792,3001,235,2.1239412000013544,success,0.7829787234042553,0.7829787234042553,0.6959183673469388,0.7829787234042553,0.7207662835249042,0.8,0.8,0.7,0.8,0.7333333333333333
feature_screen_with_shrinkage_lda,1,S01_personal_fold04,4,win0p5s_50ov__full_segment__EMG_ACC__ShrinkageLDA,win0p5s_50ov,0.5,630,315,full_segment,0.0,0.0,EMG_ACC,24,ShrinkageLDA,792,3001,235,2.1402586000003794,success,0.8212765957446808,0.8212765957446809,0.9056179775280899,0.8212765957446809,0.7766968325791855,0.8,0.8,0.7,0.8,0.7333333333333333
feature_screen_with_shrinkage_lda,1,S01_personal_fold05,5,win0p5s_50ov__full_segment__EMG_ACC__ShrinkageLDA,win0p5s_50ov,0.5,630,315,full_segment,0.0,0.0,EMG_ACC,24,ShrinkageLDA,792,3001,235,2.158421099999032,success,0.825531914893617,0.825531914893617,0.8546341463414635,0.825531914893617,0.8113343339374456,0.8,0.8,0.7,0.8,0.7333333333333333
feature_screen_with_shrinkage_lda,1,S01_personal_fold06,6,win0p5s_50ov__full_segment__EMG_ACC__ShrinkageLDA,win0p5s_50ov,0.5,630,315,full_segment,0.0,0.0,EMG_ACC,24,ShrinkageLDA,792,3001,235,2.1768640000009327,success,0.902127659574468,0.902127659574468,0.9189027370478982,0.902127659574468,0.8991122176199629,1.0,1.0,1.0,1.0,1.0
feature_screen_with_shrinkage_lda,1,S01_personal_fold07,7,win0p5s_50ov__full_segment__EMG_ACC__ShrinkageLDA,win0p5s_50ov,0.5,630,315,full_segment,0.0,0.0,EMG_ACC,24,ShrinkageLDA,792,1410,1826,1.4156917000000249,success,0.6117196056955093,0.6206982222080368,0.737925398893767,0.6206982222080368,0.6130336928227679,0.8,0.8,0.7,0.8,0.7333333333333333
feature_screen_with_shrinkage_lda,1,S01_personal_fold08,8,win0p5s_50ov__full_segment__EMG_ACC__ShrinkageLDA,win0p5s_50ov,0.5,630,315,full_segment,0.0,0.0,EMG_ACC,24,ShrinkageLDA,792,1410,235,1.2767287000006036,success,0.9106382978723404,0.9106382978723404,0.9382352941176471,0.9106382978723404,0.9059440142942228,1.0,1.0,1.0,1.0,1.0
feature_screen_with_shrinkage_lda,1,S01_personal_fold01,1,win0p5s_50ov__full_segment__EMG_IMU__ShrinkageLDA,win0p5s_50ov,0.5,630,315,full_segment,0.0,0.0,EMG_IMU,42,ShrinkageLDA,1386,3001,235,9.116163500000766,success,0.8936170212765957,0.8936170212765958,0.9282276995305164,0.8936170212765958,0.8864948045345731,0.8,0.8,0.7,0.8,0.7333333333333333
feature_screen_with_shrinkage_lda,1,S01_personal_fold02,2,win0p5s_50ov__full_segment__EMG_IMU__ShrinkageLDA,win0p5s_50ov,0.5,630,315,full_segment,0.0,0.0,EMG_IMU,42,ShrinkageLDA,1386,3001,235,8.950436600000103,success,0.7957446808510639,0.7957446808510639,0.8276090924174546,0.7957446808510639,0.7819278555957019,0.8,0.8,0.7,0.8,0.7333333333333333
feature_screen_with_shrinkage_lda,1,S01_personal_fold03,3,win0p5s_50ov__full_segment__EMG_IMU__ShrinkageLDA,win0p5s_50ov,0.5,630,315,full_segment,0.0,0.0,EMG_IMU,42,ShrinkageLDA,1386,3001,235,8.942172699998991,success,0.7787234042553192,0.778723404255319,0.6959183673469388,0.778723404255319,0.7184192173576134,0.8,0.8,0.7,0.8,0.7333333333333333
feature_screen_with_shrinkage_lda,1,S01_personal_fold04,4,win0p5s_50ov__full_segment__EMG_IMU__ShrinkageLDA,win0p5s_50ov,0.5,630,315,full_segment,0.0,0.0,EMG_IMU,42,ShrinkageLDA,1386,3001,235,9.106456000001344,success,0.8212765957446808,0.8212765957446809,0.9056179775280899,0.8212765957446809,0.7766968325791855,0.8,0.8,0.7,0.8,0.7333333333333333
feature_screen_with_shrinkage_lda,1,S01_personal_fold05,5,win0p5s_50ov__full_segment__EMG_IMU__ShrinkageLDA,win0p5s_50ov,0.5,630,315,full_segment,0.0,0.0,EMG_IMU,42,ShrinkageLDA,1386,3001,235,9.200209700000414,success,0.8212765957446808,0.8212765957446809,0.8433221099887767,0.8212765957446809,0.8072792314926558,0.8,0.8,0.7,0.8,0.7333333333333333
feature_screen_with_shrinkage_lda,1,S01_personal_fold06,6,win0p5s_50ov__full_segment__EMG_IMU__ShrinkageLDA,win0p5s_50ov,0.5,630,315,full_segment,0.0,0.0,EMG_IMU,42,ShrinkageLDA,1386,3001,235,9.288372400000299,success,0.9106382978723404,0.9106382978723404,0.9245265151515152,0.9106382978723404,0.9085201619836594,1.0,1.0,1.0,1.0,1.0
feature_screen_with_shrinkage_lda,1,S01_personal_fold07,7,win0p5s_50ov__full_segment__EMG_IMU__ShrinkageLDA,win0p5s_50ov,0.5,630,315,full_segment,0.0,0.0,EMG_IMU,42,ShrinkageLDA,1386,1410,1826,5.60886599999867,success,0.6144578313253012,0.6219088503810983,0.7005130608274197,0.6219088503810983,0.6133578088340702,0.8,0.8,0.7,0.8,0.7333333333333333
feature_screen_with_shrinkage_lda,1,S01_personal_fold08,8,win0p5s_50ov__full_segment__EMG_IMU__ShrinkageLDA,win0p5s_50ov,0.5,630,315,full_segment,0.0,0.0,EMG_IMU,42,ShrinkageLDA,1386,1410,235,5.362368699999934,success,0.9106382978723404,0.9106382978723404,0.9382352941176471,0.9106382978723404,0.9059440142942228,1.0,1.0,1.0,1.0,1.0
feature_screen_with_shrinkage_lda,1,S01_personal_fold01,1,win0p5s_50ov__trim10_each_end__EMG__ShrinkageLDA,win0p5s_50ov,0.5,630,315,trim10_each_end,0.1,0.1,EMG,6,ShrinkageLDA,198,2410,190,0.11330199999974866,success,0.8842105263157894,0.8842105263157893,0.8903430741666035,0.8842105263157893,0.883872492435092,1.0,1.0,1.0,1.0,1.0
feature_screen_with_shrinkage_lda,1,S01_personal_fold02,2,win0p5s_50ov__trim10_each_end__EMG__ShrinkageLDA,win0p5s_50ov,0.5,630,315,trim10_each_end,0.1,0.1,EMG,6,ShrinkageLDA,198,2410,190,0.10955860000103712,success,0.8315789473684211,0.8315789473684211,0.8323636363636364,0.8315789473684211,0.8215617715617716,0.8,0.8,0.7,0.8,0.7333333333333333
feature_screen_with_shrinkage_lda,1,S01_personal_fold03,3,win0p5s_50ov__trim10_each_end__EMG__ShrinkageLDA,win0p5s_50ov,0.5,630,315,trim10_each_end,0.1,0.1,EMG,6,ShrinkageLDA,198,2410,190,0.1284909999994852,success,0.7315789473684211,0.7315789473684211,0.6853932584269662,0.7315789473684211,0.6784151981002374,0.8,0.8,0.7,0.8,0.7333333333333333
feature_screen_with_shrinkage_lda,1,S01_personal_fold04,4,win0p5s_50ov__trim10_each_end__EMG__ShrinkageLDA,win0p5s_50ov,0.5,630,315,trim10_each_end,0.1,0.1,EMG,6,ShrinkageLDA,198,2410,190,0.10998310000104539,success,0.8631578947368421,0.8631578947368421,0.91875,0.8631578947368421,0.8450196078431371,0.8,0.8,0.7,0.8,0.7333333333333333
feature_screen_with_shrinkage_lda,1,S01_personal_fold05,5,win0p5s_50ov__trim10_each_end__EMG__ShrinkageLDA,win0p5s_50ov,0.5,630,315,trim10_each_end,0.1,0.1,EMG,6,ShrinkageLDA,198,2410,190,0.13389569999890227,success,0.8210526315789474,0.8210526315789473,0.8462091503267974,0.8210526315789473,0.7909187489376168,0.8,0.8,0.7,0.8,0.7333333333333333
feature_screen_with_shrinkage_lda,1,S01_personal_fold06,6,win0p5s_50ov__trim10_each_end__EMG__ShrinkageLDA,win0p5s_50ov,0.5,630,315,trim10_each_end,0.1,0.1,EMG,6,ShrinkageLDA,198,2410,190,0.1406076999992365,success,0.9789473684210527,0.9789473684210528,0.9802376485303315,0.9789473684210528,0.9786965495826255,1.0,1.0,1.0,1.0,1.0
feature_screen_with_shrinkage_lda,1,S01_personal_fold07,7,win0p5s_50ov__trim10_each_end__EMG__ShrinkageLDA,win0p5s_50ov,0.5,630,315,trim10_each_end,0.1,0.1,EMG,6,ShrinkageLDA,198,1140,1460,0.08548890000020037,success,0.6452054794520548,0.6551228864514094,0.7862935794364365,0.6551228864514094,0.6408557723620216,0.8,0.8,0.7,0.8,0.7333333333333333
feature_screen_with_shrinkage_lda,1,S01_personal_fold08,8,win0p5s_50ov__trim10_each_end__EMG__ShrinkageLDA,win0p5s_50ov,0.5,630,315,trim10_each_end,0.1,0.1,EMG,6,ShrinkageLDA,198,1140,190,0.08192830000007234,success,1.0,1.0,1.0,1.0,1.0,1.0,1.0,1.0,1.0,1.0
feature_screen_with_shrinkage_lda,1,S01_personal_fold01,1,win0p5s_50ov__trim10_each_end__EMG_ACC__ShrinkageLDA,win0p5s_50ov,0.5,630,315,trim10_each_end,0.1,0.1,EMG_ACC,24,ShrinkageLDA,792,2410,190,1.892497100001492,success,0.9052631578947369,0.9052631578947368,0.9142889305816135,0.9052631578947368,0.9008102639463399,1.0,1.0,1.0,1.0,1.0
feature_screen_with_shrinkage_lda,1,S01_personal_fold02,2,win0p5s_50ov__trim10_each_end__EMG_ACC__ShrinkageLDA,win0p5s_50ov,0.5,630,315,trim10_each_end,0.1,0.1,EMG_ACC,24,ShrinkageLDA,792,2410,190,1.7872948000003817,success,0.8,0.8,0.8207210031347962,0.8,0.7966886116886117,0.8,0.8,0.7,0.8,0.7333333333333333
feature_screen_with_shrinkage_lda,1,S01_personal_fold03,3,win0p5s_50ov__trim10_each_end__EMG_ACC__ShrinkageLDA,win0p5s_50ov,0.5,630,315,trim10_each_end,0.1,0.1,EMG_ACC,24,ShrinkageLDA,792,2410,190,1.8495012000003044,success,0.7789473684210526,0.7789473684210526,0.6950000000000001,0.7789473684210526,0.7177024482109229,0.8,0.8,0.7,0.8,0.7333333333333333
feature_screen_with_shrinkage_lda,1,S01_personal_fold04,4,win0p5s_50ov__trim10_each_end__EMG_ACC__ShrinkageLDA,win0p5s_50ov,0.5,630,315,trim10_each_end,0.1,0.1,EMG_ACC,24,ShrinkageLDA,792,2410,190,2.155545199999324,success,0.8315789473684211,0.8315789473684211,0.9036953242835596,0.8315789473684211,0.7992474611342535,0.8,0.8,0.7,0.8,0.7333333333333333
feature_screen_with_shrinkage_lda,1,S01_personal_fold05,5,win0p5s_50ov__trim10_each_end__EMG_ACC__ShrinkageLDA,win0p5s_50ov,0.5,630,315,trim10_each_end,0.1,0.1,EMG_ACC,24,ShrinkageLDA,792,2410,190,1.9037760999999591,success,0.8631578947368421,0.8631578947368421,0.8903030303030303,0.8631578947368421,0.85858552429981,0.8,0.8,0.7,0.8,0.7333333333333333
feature_screen_with_shrinkage_lda,1,S01_personal_fold06,6,win0p5s_50ov__trim10_each_end__EMG_ACC__ShrinkageLDA,win0p5s_50ov,0.5,630,315,trim10_each_end,0.1,0.1,EMG_ACC,24,ShrinkageLDA,792,2410,190,1.8805159000003187,success,0.8789473684210526,0.8789473684210527,0.9059062776304156,0.8789473684210527,0.8718017896983413,0.8,0.8,0.7,0.8,0.7333333333333333
feature_screen_with_shrinkage_lda,1,S01_personal_fold07,7,win0p5s_50ov__trim10_each_end__EMG_ACC__ShrinkageLDA,win0p5s_50ov,0.5,630,315,trim10_each_end,0.1,0.1,EMG_ACC,24,ShrinkageLDA,792,1140,1460,1.157330300000467,success,0.6178082191780822,0.6264417797821873,0.7322045517147722,0.6264417797821873,0.6087159811283726,0.8,0.8,0.7,0.8,0.7333333333333333
feature_screen_with_shrinkage_lda,1,S01_personal_fold08,8,win0p5s_50ov__trim10_each_end__EMG_ACC__ShrinkageLDA,win0p5s_50ov,0.5,630,315,trim10_each_end,0.1,0.1,EMG_ACC,24,ShrinkageLDA,792,1140,190,1.2242888000000676,success,0.9210526315789473,0.9210526315789472,0.9433962264150942,0.9210526315789472,0.9178526391641146,1.0,1.0,1.0,1.0,1.0
feature_screen_with_shrinkage_lda,1,S01_personal_fold01,1,win0p5s_50ov__trim10_each_end__EMG_IMU__ShrinkageLDA,win0p5s_50ov,0.5,630,315,trim10_each_end,0.1,0.1,EMG_IMU,42,ShrinkageLDA,1386,2410,190,8.104172600000311,success,0.9315789473684211,0.9315789473684211,0.9417687074829931,0.9315789473684211,0.9311993479489103,1.0,1.0,1.0,1.0,1.0
feature_screen_with_shrinkage_lda,1,S01_personal_fold02,2,win0p5s_50ov__trim10_each_end__EMG_IMU__ShrinkageLDA,win0p5s_50ov,0.5,630,315,trim10_each_end,0.1,0.1,EMG_IMU,42,ShrinkageLDA,1386,2410,190,7.708625100000063,success,0.8157894736842105,0.8157894736842104,0.8457678522194652,0.8157894736842104,0.8084819624819625,0.8,0.8,0.7,0.8,0.7333333333333333
feature_screen_with_shrinkage_lda,1,S01_personal_fold03,3,win0p5s_50ov__trim10_each_end__EMG_IMU__ShrinkageLDA,win0p5s_50ov,0.5,630,315,trim10_each_end,0.1,0.1,EMG_IMU,42,ShrinkageLDA,1386,2410,190,7.788819800000056,success,0.7842105263157895,0.7842105263157895,0.6962025316455696,0.7842105263157895,0.7216953518323381,0.8,0.8,0.7,0.8,0.7333333333333333
feature_screen_with_shrinkage_lda,1,S01_personal_fold04,4,win0p5s_50ov__trim10_each_end__EMG_IMU__ShrinkageLDA,win0p5s_50ov,0.5,630,315,trim10_each_end,0.1,0.1,EMG_IMU,42,ShrinkageLDA,1386,2410,190,7.876276900000448,success,0.8052631578947368,0.8052631578947368,0.8868151290208555,0.8052631578947368,0.7613414228817044,0.8,0.8,0.7,0.8,0.7333333333333333
feature_screen_with_shrinkage_lda,1,S01_personal_fold05,5,win0p5s_50ov__trim10_each_end__EMG_IMU__ShrinkageLDA,win0p5s_50ov,0.5,630,315,trim10_each_end,0.1,0.1,EMG_IMU,42,ShrinkageLDA,1386,2410,190,7.510777899999084,success,0.8578947368421053,0.8578947368421053,0.8788135593220339,0.8578947368421053,0.8530205393763758,0.8,0.8,0.7,0.8,0.7333333333333333
feature_screen_with_shrinkage_lda,1,S01_personal_fold06,6,win0p5s_50ov__trim10_each_end__EMG_IMU__ShrinkageLDA,win0p5s_50ov,0.5,630,315,trim10_each_end,0.1,0.1,EMG_IMU,42,ShrinkageLDA,1386,2410,190,7.7259113999989495,success,0.9157894736842105,0.9157894736842106,0.9290765879001175,0.9157894736842106,0.9139631960306117,1.0,1.0,1.0,1.0,1.0
feature_screen_with_shrinkage_lda,1,S01_personal_fold07,7,win0p5s_50ov__trim10_each_end__EMG_IMU__ShrinkageLDA,win0p5s_50ov,0.5,630,315,trim10_each_end,0.1,0.1,EMG_IMU,42,ShrinkageLDA,1386,1140,1460,4.962108300000182,success,0.6054794520547945,0.6125301523603731,0.6557547018135589,0.6125301523603731,0.60161559365737,0.8,0.8,0.7,0.8,0.7333333333333333
feature_screen_with_shrinkage_lda,1,S01_personal_fold08,8,win0p5s_50ov__trim10_each_end__EMG_IMU__ShrinkageLDA,win0p5s_50ov,0.5,630,315,trim10_each_end,0.1,0.1,EMG_IMU,42,ShrinkageLDA,1386,1140,190,4.88876320000054,success,0.9315789473684211,0.9315789473684211,0.9490196078431372,0.9315789473684211,0.9295166755840913,1.0,1.0,1.0,1.0,1.0
feature_screen_with_shrinkage_lda,1,S01_personal_fold01,1,win0p5s_50ov__trim20_each_end__EMG__ShrinkageLDA,win0p5s_50ov,0.5,630,315,trim20_each_end,0.2,0.2,EMG,6,ShrinkageLDA,198,1795,140,0.1272530000005645,success,0.8642857142857143,0.8642857142857142,0.869454094292804,0.8642857142857142,0.859934086629002,1.0,1.0,1.0,1.0,1.0
feature_screen_with_shrinkage_lda,1,S01_personal_fold02,2,win0p5s_50ov__trim20_each_end__EMG__ShrinkageLDA,win0p5s_50ov,0.5,630,315,trim20_each_end,0.2,0.2,EMG,6,ShrinkageLDA,198,1795,140,0.11222819999966305,success,0.8642857142857143,0.8642857142857142,0.8729833281557419,0.8642857142857142,0.8597688200434195,0.8,0.8,0.7,0.8,0.7333333333333333
feature_screen_with_shrinkage_lda,1,S01_personal_fold03,3,win0p5s_50ov__trim20_each_end__EMG__ShrinkageLDA,win0p5s_50ov,0.5,630,315,trim20_each_end,0.2,0.2,EMG,6,ShrinkageLDA,198,1795,140,0.10710660000040662,success,0.6785714285714286,0.6785714285714286,0.6767123287671233,0.6785714285714286,0.6237116019294238,0.6,0.6,0.4666666666666666,0.6,0.5
feature_screen_with_shrinkage_lda,1,S01_personal_fold04,4,win0p5s_50ov__trim20_each_end__EMG__ShrinkageLDA,win0p5s_50ov,0.5,630,315,trim20_each_end,0.2,0.2,EMG,6,ShrinkageLDA,198,1795,140,0.10999290000108886,success,0.85,0.85,0.9142857142857143,0.85,0.8254545454545454,0.8,0.8,0.7,0.8,0.7333333333333333
feature_screen_with_shrinkage_lda,1,S01_personal_fold05,5,win0p5s_50ov__trim20_each_end__EMG__ShrinkageLDA,win0p5s_50ov,0.5,630,315,trim20_each_end,0.2,0.2,EMG,6,ShrinkageLDA,198,1795,140,0.09592150000025867,success,0.8428571428571429,0.8428571428571429,0.9073891625615763,0.8428571428571429,0.8125340088188386,0.8,0.8,0.7,0.8,0.7333333333333333
feature_screen_with_shrinkage_lda,1,S01_personal_fold06,6,win0p5s_50ov__trim20_each_end__EMG__ShrinkageLDA,win0p5s_50ov,0.5,630,315,trim20_each_end,0.2,0.2,EMG,6,ShrinkageLDA,198,1795,140,0.1171916000002966,success,0.9642857142857143,0.9642857142857142,0.9673118279569891,0.9642857142857142,0.9633261136131835,1.0,1.0,1.0,1.0,1.0
feature_screen_with_shrinkage_lda,1,S01_personal_fold07,7,win0p5s_50ov__trim20_each_end__EMG__ShrinkageLDA,win0p5s_50ov,0.5,630,315,trim20_each_end,0.2,0.2,EMG,6,ShrinkageLDA,198,840,1095,0.07144499999958498,success,0.6712328767123288,0.6795553079883938,0.8035202428400247,0.6795553079883938,0.6749542436597677,0.8,0.8,0.7,0.8,0.7333333333333333
feature_screen_with_shrinkage_lda,1,S01_personal_fold08,8,win0p5s_50ov__trim20_each_end__EMG__ShrinkageLDA,win0p5s_50ov,0.5,630,315,trim20_each_end,0.2,0.2,EMG,6,ShrinkageLDA,198,840,140,0.05985359999976936,success,0.9928571428571429,0.9928571428571429,0.993103448275862,0.9928571428571429,0.9928548644338118,1.0,1.0,1.0,1.0,1.0
feature_screen_with_shrinkage_lda,1,S01_personal_fold01,1,win0p5s_50ov__trim20_each_end__EMG_ACC__ShrinkageLDA,win0p5s_50ov,0.5,630,315,trim20_each_end,0.2,0.2,EMG_ACC,24,ShrinkageLDA,792,1795,140,1.4951481999996759,success,0.95,0.95,0.9539636633296256,0.95,0.9486455238036646,1.0,1.0,1.0,1.0,1.0
feature_screen_with_shrinkage_lda,1,S01_personal_fold02,2,win0p5s_50ov__trim20_each_end__EMG_ACC__ShrinkageLDA,win0p5s_50ov,0.5,630,315,trim20_each_end,0.2,0.2,EMG_ACC,24,ShrinkageLDA,792,1795,140,1.604832199998782,success,0.7928571428571428,0.7928571428571429,0.8086720867208672,0.7928571428571429,0.7915777960076567,0.8,0.8,0.7,0.8,0.7333333333333333
feature_screen_with_shrinkage_lda,1,S01_personal_fold03,3,win0p5s_50ov__trim20_each_end__EMG_ACC__ShrinkageLDA,win0p5s_50ov,0.5,630,315,trim20_each_end,0.2,0.2,EMG_ACC,24,ShrinkageLDA,792,1795,140,1.585829300000114,success,0.7428571428571429,0.7428571428571429,0.6875,0.7428571428571429,0.6884057971014493,0.8,0.8,0.7,0.8,0.7333333333333333
feature_screen_with_shrinkage_lda,1,S01_personal_fold04,4,win0p5s_50ov__trim20_each_end__EMG_ACC__ShrinkageLDA,win0p5s_50ov,0.5,630,315,trim20_each_end,0.2,0.2,EMG_ACC,24,ShrinkageLDA,792,1795,140,1.7138410000006843,success,0.85,0.85,0.9142857142857143,0.85,0.8254545454545454,0.8,0.8,0.7,0.8,0.7333333333333333
feature_screen_with_shrinkage_lda,1,S01_personal_fold05,5,win0p5s_50ov__trim20_each_end__EMG_ACC__ShrinkageLDA,win0p5s_50ov,0.5,630,315,trim20_each_end,0.2,0.2,EMG_ACC,24,ShrinkageLDA,792,1795,140,1.5501466000005166,success,0.85,0.85,0.8984848484848484,0.85,0.8388887525729631,0.8,0.8,0.7,0.8,0.7333333333333333
feature_screen_with_shrinkage_lda,1,S01_personal_fold06,6,win0p5s_50ov__trim20_each_end__EMG_ACC__ShrinkageLDA,win0p5s_50ov,0.5,630,315,trim20_each_end,0.2,0.2,EMG_ACC,24,ShrinkageLDA,792,1795,140,1.5876822999998694,success,0.9214285714285714,0.9214285714285715,0.9435897435897436,0.9214285714285715,0.9182752902155886,1.0,1.0,1.0,1.0,1.0
feature_screen_with_shrinkage_lda,1,S01_personal_fold07,7,win0p5s_50ov__trim20_each_end__EMG_ACC__ShrinkageLDA,win0p5s_50ov,0.5,630,315,trim20_each_end,0.2,0.2,EMG_ACC,24,ShrinkageLDA,792,840,1095,0.9962587999998505,success,0.6191780821917808,0.6274740247996752,0.7425866180795045,0.6274740247996752,0.6126745666797295,0.8,0.8,0.7,0.8,0.7333333333333333
feature_screen_with_shrinkage_lda,1,S01_personal_fold08,8,win0p5s_50ov__trim20_each_end__EMG_ACC__ShrinkageLDA,win0p5s_50ov,0.5,630,315,trim20_each_end,0.2,0.2,EMG_ACC,24,ShrinkageLDA,792,840,140,0.9292659000002459,success,0.9285714285714286,0.9285714285714285,0.9473684210526315,0.9285714285714285,0.9262187088274045,1.0,1.0,1.0,1.0,1.0
feature_screen_with_shrinkage_lda,1,S01_personal_fold01,1,win0p5s_50ov__trim20_each_end__EMG_IMU__ShrinkageLDA,win0p5s_50ov,0.5,630,315,trim20_each_end,0.2,0.2,EMG_IMU,42,ShrinkageLDA,1386,1795,140,6.830155999999988,success,0.9571428571428572,0.9571428571428571,0.9628004179728318,0.9571428571428571,0.9560977854472246,1.0,1.0,1.0,1.0,1.0
feature_screen_with_shrinkage_lda,1,S01_personal_fold02,2,win0p5s_50ov__trim20_each_end__EMG_IMU__ShrinkageLDA,win0p5s_50ov,0.5,630,315,trim20_each_end,0.2,0.2,EMG_IMU,42,ShrinkageLDA,1386,1795,140,6.733950199999526,success,0.8428571428571429,0.8428571428571429,0.8615176151761517,0.8428571428571429,0.8408531583264971,0.8,0.8,0.7,0.8,0.7333333333333333
feature_screen_with_shrinkage_lda,1,S01_personal_fold03,3,win0p5s_50ov__trim20_each_end__EMG_IMU__ShrinkageLDA,win0p5s_50ov,0.5,630,315,trim20_each_end,0.2,0.2,EMG_IMU,42,ShrinkageLDA,1386,1795,140,6.582434899999498,success,0.7714285714285715,0.7714285714285715,0.6933333333333334,0.7714285714285715,0.7118881118881119,0.8,0.8,0.7,0.8,0.7333333333333333
feature_screen_with_shrinkage_lda,1,S01_personal_fold04,4,win0p5s_50ov__trim20_each_end__EMG_IMU__ShrinkageLDA,win0p5s_50ov,0.5,630,315,trim20_each_end,0.2,0.2,EMG_IMU,42,ShrinkageLDA,1386,1795,140,6.782382699999289,success,0.8285714285714286,0.8285714285714286,0.8764705882352942,0.8285714285714286,0.7969593176741353,0.8,0.8,0.7,0.8,0.7333333333333333
feature_screen_with_shrinkage_lda,1,S01_personal_fold05,5,win0p5s_50ov__trim20_each_end__EMG_IMU__ShrinkageLDA,win0p5s_50ov,0.5,630,315,trim20_each_end,0.2,0.2,EMG_IMU,42,ShrinkageLDA,1386,1795,140,6.880984100000205,success,0.8142857142857143,0.8142857142857143,0.8579520697167755,0.8142857142857143,0.7952179819483378,0.8,0.8,0.7,0.8,0.7333333333333333
feature_screen_with_shrinkage_lda,1,S01_personal_fold06,6,win0p5s_50ov__trim20_each_end__EMG_IMU__ShrinkageLDA,win0p5s_50ov,0.5,630,315,trim20_each_end,0.2,0.2,EMG_IMU,42,ShrinkageLDA,1386,1795,140,6.999455699999089,success,0.95,0.95,0.9578093306288032,0.95,0.9485649607890695,1.0,1.0,1.0,1.0,1.0
feature_screen_with_shrinkage_lda,1,S01_personal_fold07,7,win0p5s_50ov__trim20_each_end__EMG_IMU__ShrinkageLDA,win0p5s_50ov,0.5,630,315,trim20_each_end,0.2,0.2,EMG_IMU,42,ShrinkageLDA,1386,840,1095,4.606619799998953,success,0.6109589041095891,0.6178389146022973,0.6817899241094569,0.6178389146022973,0.6034073365857301,0.8,0.8,0.7,0.8,0.7333333333333333
feature_screen_with_shrinkage_lda,1,S01_personal_fold08,8,win0p5s_50ov__trim20_each_end__EMG_IMU__ShrinkageLDA,win0p5s_50ov,0.5,630,315,trim20_each_end,0.2,0.2,EMG_IMU,42,ShrinkageLDA,1386,840,140,4.5536761000003025,success,0.9357142857142857,0.9357142857142857,0.9513513513513514,0.9357142857142857,0.9340098199672667,1.0,1.0,1.0,1.0,1.0
feature_screen_with_shrinkage_lda,1,S01_personal_fold01,1,win1p0s_50ov__full_segment__EMG__ShrinkageLDA,win1p0s_50ov,1.0,1260,630,full_segment,0.0,0.0,EMG,6,ShrinkageLDA,198,1487,115,0.104479600000559,success,0.9217391304347826,0.9217391304347826,0.9291746031746031,0.9217391304347826,0.9206902598437748,1.0,1.0,1.0,1.0,1.0
feature_screen_with_shrinkage_lda,1,S01_personal_fold02,2,win1p0s_50ov__full_segment__EMG__ShrinkageLDA,win1p0s_50ov,1.0,1260,630,full_segment,0.0,0.0,EMG,6,ShrinkageLDA,198,1487,115,0.08444729999973788,success,0.8782608695652174,0.8782608695652174,0.9075324675324676,0.8782608695652174,0.8693711967545639,0.8,0.8,0.7,0.8,0.7333333333333333
feature_screen_with_shrinkage_lda,1,S01_personal_fold03,3,win1p0s_50ov__full_segment__EMG__ShrinkageLDA,win1p0s_50ov,1.0,1260,630,full_segment,0.0,0.0,EMG,6,ShrinkageLDA,198,1487,115,0.0903878999997687,success,0.7739130434782608,0.7739130434782608,0.6938775510204082,0.7739130434782608,0.7138242894056848,0.8,0.8,0.7,0.8,0.7333333333333333
feature_screen_with_shrinkage_lda,1,S01_personal_fold04,4,win1p0s_50ov__full_segment__EMG__ShrinkageLDA,win1p0s_50ov,1.0,1260,630,full_segment,0.0,0.0,EMG,6,ShrinkageLDA,198,1487,115,0.14427669999895443,success,0.8260869565217391,0.826086956521739,0.9069767441860466,0.826086956521739,0.7855477855477856,0.8,0.8,0.7,0.8,0.7333333333333333
feature_screen_with_shrinkage_lda,1,S01_personal_fold05,5,win1p0s_50ov__full_segment__EMG__ShrinkageLDA,win1p0s_50ov,1.0,1260,630,full_segment,0.0,0.0,EMG,6,ShrinkageLDA,198,1487,115,0.1093178999999509,success,0.8260869565217391,0.826086956521739,0.9011904761904763,0.826086956521739,0.7834369885433715,0.8,0.8,0.7,0.8,0.7333333333333333
feature_screen_with_shrinkage_lda,1,S01_personal_fold06,6,win1p0s_50ov__full_segment__EMG__ShrinkageLDA,win1p0s_50ov,1.0,1260,630,full_segment,0.0,0.0,EMG,6,ShrinkageLDA,198,1487,115,0.10853170000154932,success,0.9652173913043478,0.9652173913043478,0.9664761904761905,0.9652173913043478,0.9651515151515152,1.0,1.0,1.0,1.0,1.0
feature_screen_with_shrinkage_lda,1,S01_personal_fold07,7,win1p0s_50ov__full_segment__EMG__ShrinkageLDA,win1p0s_50ov,1.0,1260,630,full_segment,0.0,0.0,EMG,6,ShrinkageLDA,198,690,912,0.05986940000002505,success,0.631578947368421,0.6422876407978129,0.7632775480157535,0.6422876407978129,0.6254568304218993,0.8,0.8,0.7,0.8,0.7333333333333333
feature_screen_with_shrinkage_lda,1,S01_personal_fold08,8,win1p0s_50ov__full_segment__EMG__ShrinkageLDA,win1p0s_50ov,1.0,1260,630,full_segment,0.0,0.0,EMG,6,ShrinkageLDA,198,690,115,0.059421300000394695,success,0.991304347826087,0.9913043478260869,0.9916666666666668,0.9913043478260869,0.9913002364066195,1.0,1.0,1.0,1.0,1.0
feature_screen_with_shrinkage_lda,1,S01_personal_fold01,1,win1p0s_50ov__full_segment__EMG_ACC__ShrinkageLDA,win1p0s_50ov,1.0,1260,630,full_segment,0.0,0.0,EMG_ACC,24,ShrinkageLDA,792,1487,115,1.5244311000005837,success,0.8782608695652174,0.8782608695652174,0.9154285714285715,0.8782608695652174,0.8670550330895159,1.0,1.0,1.0,1.0,1.0
feature_screen_with_shrinkage_lda,1,S01_personal_fold02,2,win1p0s_50ov__full_segment__EMG_ACC__ShrinkageLDA,win1p0s_50ov,1.0,1260,630,full_segment,0.0,0.0,EMG_ACC,24,ShrinkageLDA,792,1487,115,1.5576107000015327,success,0.8347826086956521,0.8347826086956521,0.9095238095238095,0.8347826086956521,0.8209183064997019,0.8,0.8,0.7,0.8,0.7333333333333333
feature_screen_with_shrinkage_lda,1,S01_personal_fold03,3,win1p0s_50ov__full_segment__EMG_ACC__ShrinkageLDA,win1p0s_50ov,1.0,1260,630,full_segment,0.0,0.0,EMG_ACC,24,ShrinkageLDA,792,1487,115,1.4552598000009311,success,0.8,0.8,0.7,0.8,0.7333333333333333,0.8,0.8,0.7,0.8,0.7333333333333333
feature_screen_with_shrinkage_lda,1,S01_personal_fold04,4,win1p0s_50ov__full_segment__EMG_ACC__ShrinkageLDA,win1p0s_50ov,1.0,1260,630,full_segment,0.0,0.0,EMG_ACC,24,ShrinkageLDA,792,1487,115,1.4474167999997007,success,0.8,0.8,0.7,0.8,0.7333333333333333,0.8,0.8,0.7,0.8,0.7333333333333333
feature_screen_with_shrinkage_lda,1,S01_personal_fold05,5,win1p0s_50ov__full_segment__EMG_ACC__ShrinkageLDA,win1p0s_50ov,1.0,1260,630,full_segment,0.0,0.0,EMG_ACC,24,ShrinkageLDA,792,1487,115,1.5624965000006341,success,0.8434782608695652,0.8434782608695652,0.861111111111111,0.8434782608695652,0.8368051173821283,0.8,0.8,0.7,0.8,0.7333333333333333
feature_screen_with_shrinkage_lda,1,S01_personal_fold06,6,win1p0s_50ov__full_segment__EMG_ACC__ShrinkageLDA,win1p0s_50ov,1.0,1260,630,full_segment,0.0,0.0,EMG_ACC,24,ShrinkageLDA,792,1487,115,1.4324252999995224,success,0.9130434782608695,0.9130434782608695,0.9393939393939394,0.9130434782608695,0.9087301587301587,1.0,1.0,1.0,1.0,1.0
feature_screen_with_shrinkage_lda,1,S01_personal_fold07,7,win1p0s_50ov__full_segment__EMG_ACC__ShrinkageLDA,win1p0s_50ov,1.0,1260,630,full_segment,0.0,0.0,EMG_ACC,24,ShrinkageLDA,792,690,912,1.058475300000282,success,0.6271929824561403,0.6364044874145284,0.7331143673326336,0.6364044874145284,0.6301605760132218,0.8,0.8,0.7,0.8,0.7333333333333333
feature_screen_with_shrinkage_lda,1,S01_personal_fold08,8,win1p0s_50ov__full_segment__EMG_ACC__ShrinkageLDA,win1p0s_50ov,1.0,1260,630,full_segment,0.0,0.0,EMG_ACC,24,ShrinkageLDA,792,690,115,0.9714043000003585,success,0.9652173913043478,0.9652173913043478,0.9703703703703704,0.9652173913043478,0.964952380952381,1.0,1.0,1.0,1.0,1.0
feature_screen_with_shrinkage_lda,1,S01_personal_fold01,1,win1p0s_50ov__full_segment__EMG_IMU__ShrinkageLDA,win1p0s_50ov,1.0,1260,630,full_segment,0.0,0.0,EMG_IMU,42,ShrinkageLDA,1386,1487,115,6.434775100000479,success,0.8869565217391304,0.8869565217391304,0.9277777777777778,0.8869565217391304,0.8808995236512684,0.8,0.8,0.7,0.8,0.7333333333333333
feature_screen_with_shrinkage_lda,1,S01_personal_fold02,2,win1p0s_50ov__full_segment__EMG_IMU__ShrinkageLDA,win1p0s_50ov,1.0,1260,630,full_segment,0.0,0.0,EMG_IMU,42,ShrinkageLDA,1386,1487,115,6.340583599998354,success,0.8260869565217391,0.826086956521739,0.8787456445993032,0.826086956521739,0.8084090909090909,0.8,0.8,0.7,0.8,0.7333333333333333
feature_screen_with_shrinkage_lda,1,S01_personal_fold03,3,win1p0s_50ov__full_segment__EMG_IMU__ShrinkageLDA,win1p0s_50ov,1.0,1260,630,full_segment,0.0,0.0,EMG_IMU,42,ShrinkageLDA,1386,1487,115,6.18076420000034,success,0.782608695652174,0.782608695652174,0.6958333333333334,0.782608695652174,0.7204865556978233,0.8,0.8,0.7,0.8,0.7333333333333333
feature_screen_with_shrinkage_lda,1,S01_personal_fold04,4,win1p0s_50ov__full_segment__EMG_IMU__ShrinkageLDA,win1p0s_50ov,1.0,1260,630,full_segment,0.0,0.0,EMG_IMU,42,ShrinkageLDA,1386,1487,115,6.333769500000926,success,0.782608695652174,0.782608695652174,0.6958333333333334,0.782608695652174,0.7204865556978233,0.8,0.8,0.7,0.8,0.7333333333333333
feature_screen_with_shrinkage_lda,1,S01_personal_fold05,5,win1p0s_50ov__full_segment__EMG_IMU__ShrinkageLDA,win1p0s_50ov,1.0,1260,630,full_segment,0.0,0.0,EMG_IMU,42,ShrinkageLDA,1386,1487,115,6.049413299999287,success,0.808695652173913,0.808695652173913,0.8277192982456141,0.808695652173913,0.799132762549501,0.8,0.8,0.7,0.8,0.7333333333333333
feature_screen_with_shrinkage_lda,1,S01_personal_fold06,6,win1p0s_50ov__full_segment__EMG_IMU__ShrinkageLDA,win1p0s_50ov,1.0,1260,630,full_segment,0.0,0.0,EMG_IMU,42,ShrinkageLDA,1386,1487,115,6.239258699999482,success,0.9391304347826087,0.9391304347826086,0.9533333333333334,0.9391304347826086,0.9376874697629415,1.0,1.0,1.0,1.0,1.0
feature_screen_with_shrinkage_lda,1,S01_personal_fold07,7,win1p0s_50ov__full_segment__EMG_IMU__ShrinkageLDA,win1p0s_50ov,1.0,1260,630,full_segment,0.0,0.0,EMG_IMU,42,ShrinkageLDA,1386,690,912,4.221791800000574,success,0.5975877192982456,0.6056026420737353,0.6543580627061504,0.6056026420737353,0.6005904792212742,0.8,0.8,0.7,0.8,0.7333333333333333
feature_screen_with_shrinkage_lda,1,S01_personal_fold08,8,win1p0s_50ov__full_segment__EMG_IMU__ShrinkageLDA,win1p0s_50ov,1.0,1260,630,full_segment,0.0,0.0,EMG_IMU,42,ShrinkageLDA,1386,690,115,4.263808400000926,success,0.9304347826086956,0.9304347826086957,0.9483870967741936,0.9304347826086957,0.9282651072124757,1.0,1.0,1.0,1.0,1.0
feature_screen_with_shrinkage_lda,1,S01_personal_fold01,1,win1p0s_50ov__trim10_each_end__EMG__ShrinkageLDA,win1p0s_50ov,1.0,1260,630,trim10_each_end,0.1,0.1,EMG,6,ShrinkageLDA,198,1205,95,0.08972490000087419,success,0.9052631578947369,0.9052631578947368,0.9088706420783417,0.9052631578947368,0.904344193817878,1.0,1.0,1.0,1.0,1.0
feature_screen_with_shrinkage_lda,1,S01_personal_fold02,2,win1p0s_50ov__trim10_each_end__EMG__ShrinkageLDA,win1p0s_50ov,1.0,1260,630,trim10_each_end,0.1,0.1,EMG,6,ShrinkageLDA,198,1205,95,0.10428069999943546,success,0.7894736842105263,0.7894736842105263,0.7824884792626727,0.7894736842105263,0.7661538461538462,0.8,0.8,0.7,0.8,0.7333333333333333
feature_screen_with_shrinkage_lda,1,S01_personal_fold03,3,win1p0s_50ov__trim10_each_end__EMG__ShrinkageLDA,win1p0s_50ov,1.0,1260,630,trim10_each_end,0.1,0.1,EMG,6,ShrinkageLDA,198,1205,95,0.09075900000061665,success,0.7473684210526316,0.7473684210526316,0.6883720930232557,0.7473684210526316,0.69227761485826,0.8,0.8,0.7,0.8,0.7333333333333333
feature_screen_with_shrinkage_lda,1,S01_personal_fold04,4,win1p0s_50ov__trim10_each_end__EMG__ShrinkageLDA,win1p0s_50ov,1.0,1260,630,trim10_each_end,0.1,0.1,EMG,6,ShrinkageLDA,198,1205,95,0.08817420000013954,success,0.8315789473684211,0.8315789473684211,0.9085714285714286,0.8315789473684211,0.7952861952861954,0.8,0.8,0.7,0.8,0.7333333333333333
feature_screen_with_shrinkage_lda,1,S01_personal_fold05,5,win1p0s_50ov__trim10_each_end__EMG__ShrinkageLDA,win1p0s_50ov,1.0,1260,630,trim10_each_end,0.1,0.1,EMG,6,ShrinkageLDA,198,1205,95,0.08624779999991006,success,0.8315789473684211,0.8315789473684211,0.871764705882353,0.8315789473684211,0.8046574876763556,0.8,0.8,0.7,0.8,0.7333333333333333
feature_screen_with_shrinkage_lda,1,S01_personal_fold06,6,win1p0s_50ov__trim10_each_end__EMG__ShrinkageLDA,win1p0s_50ov,1.0,1260,630,trim10_each_end,0.1,0.1,EMG,6,ShrinkageLDA,198,1205,95,0.08583069999986037,success,0.9894736842105263,0.9894736842105264,0.99,0.9894736842105264,0.9894663894663894,1.0,1.0,1.0,1.0,1.0
feature_screen_with_shrinkage_lda,1,S01_personal_fold07,7,win1p0s_50ov__trim10_each_end__EMG__ShrinkageLDA,win1p0s_50ov,1.0,1260,630,trim10_each_end,0.1,0.1,EMG,6,ShrinkageLDA,198,570,730,0.06411630000002333,success,0.6287671232876713,0.6377417319522583,0.7922290872096672,0.6377417319522583,0.6315996724829479,0.8,0.8,0.7,0.8,0.7333333333333333
feature_screen_with_shrinkage_lda,1,S01_personal_fold08,8,win1p0s_50ov__trim10_each_end__EMG__ShrinkageLDA,win1p0s_50ov,1.0,1260,630,trim10_each_end,0.1,0.1,EMG,6,ShrinkageLDA,198,570,95,0.06909020000057353,success,1.0,1.0,1.0,1.0,1.0,1.0,1.0,1.0,1.0,1.0
feature_screen_with_shrinkage_lda,1,S01_personal_fold01,1,win1p0s_50ov__trim10_each_end__EMG_ACC__ShrinkageLDA,win1p0s_50ov,1.0,1260,630,trim10_each_end,0.1,0.1,EMG_ACC,24,ShrinkageLDA,792,1205,95,1.3260649999992893,success,0.9263157894736842,0.9263157894736842,0.9392857142857143,0.9263157894736842,0.921582895723931,1.0,1.0,1.0,1.0,1.0
feature_screen_with_shrinkage_lda,1,S01_personal_fold02,2,win1p0s_50ov__trim10_each_end__EMG_ACC__ShrinkageLDA,win1p0s_50ov,1.0,1260,630,trim10_each_end,0.1,0.1,EMG_ACC,24,ShrinkageLDA,792,1205,95,1.2508096000001387,success,0.8105263157894737,0.8105263157894737,0.833939393939394,0.8105263157894737,0.8068027210884354,0.8,0.8,0.7,0.8,0.7333333333333333
feature_screen_with_shrinkage_lda,1,S01_personal_fold03,3,win1p0s_50ov__trim10_each_end__EMG_ACC__ShrinkageLDA,win1p0s_50ov,1.0,1260,630,trim10_each_end,0.1,0.1,EMG_ACC,24,ShrinkageLDA,792,1205,95,1.301826800001436,success,0.7894736842105263,0.7894736842105263,0.6974358974358974,0.7894736842105263,0.7256290773532152,0.8,0.8,0.7,0.8,0.7333333333333333
feature_screen_with_shrinkage_lda,1,S01_personal_fold04,4,win1p0s_50ov__trim10_each_end__EMG_ACC__ShrinkageLDA,win1p0s_50ov,1.0,1260,630,trim10_each_end,0.1,0.1,EMG_ACC,24,ShrinkageLDA,792,1205,95,1.289476800000557,success,0.8,0.8,0.880952380952381,0.8,0.7563971248876908,0.8,0.8,0.7,0.8,0.7333333333333333
feature_screen_with_shrinkage_lda,1,S01_personal_fold05,5,win1p0s_50ov__trim10_each_end__EMG_ACC__ShrinkageLDA,win1p0s_50ov,1.0,1260,630,trim10_each_end,0.1,0.1,EMG_ACC,24,ShrinkageLDA,792,1205,95,1.2663889000014024,success,0.8210526315789474,0.8210526315789473,0.8520833333333332,0.8210526315789473,0.8176048914189332,0.8,0.8,0.7,0.8,0.7333333333333333
feature_screen_with_shrinkage_lda,1,S01_personal_fold06,6,win1p0s_50ov__trim10_each_end__EMG_ACC__ShrinkageLDA,win1p0s_50ov,1.0,1260,630,trim10_each_end,0.1,0.1,EMG_ACC,24,ShrinkageLDA,792,1205,95,1.2369536999995034,success,0.8315789473684211,0.8315789473684211,0.8580086580086579,0.8315789473684211,0.811965811965812,0.8,0.8,0.7,0.8,0.7333333333333333
feature_screen_with_shrinkage_lda,1,S01_personal_fold07,7,win1p0s_50ov__trim10_each_end__EMG_ACC__ShrinkageLDA,win1p0s_50ov,1.0,1260,630,trim10_each_end,0.1,0.1,EMG_ACC,24,ShrinkageLDA,792,570,730,0.8785712999997486,success,0.5904109589041096,0.5971450281467259,0.6585282900814675,0.5971450281467259,0.5810930860080283,0.8,0.8,0.7,0.8,0.7333333333333333
feature_screen_with_shrinkage_lda,1,S01_personal_fold08,8,win1p0s_50ov__trim10_each_end__EMG_ACC__ShrinkageLDA,win1p0s_50ov,1.0,1260,630,trim10_each_end,0.1,0.1,EMG_ACC,24,ShrinkageLDA,792,570,95,0.9661394999984623,success,0.9894736842105263,0.9894736842105264,0.99,0.9894736842105264,0.9894663894663894,1.0,1.0,1.0,1.0,1.0
feature_screen_with_shrinkage_lda,1,S01_personal_fold01,1,win1p0s_50ov__trim10_each_end__EMG_IMU__ShrinkageLDA,win1p0s_50ov,1.0,1260,630,trim10_each_end,0.1,0.1,EMG_IMU,42,ShrinkageLDA,1386,1205,95,5.603973199999018,success,0.9157894736842105,0.9157894736842106,0.9306666666666666,0.9157894736842106,0.9172311348781937,1.0,1.0,1.0,1.0,1.0
feature_screen_with_shrinkage_lda,1,S01_personal_fold02,2,win1p0s_50ov__trim10_each_end__EMG_IMU__ShrinkageLDA,win1p0s_50ov,1.0,1260,630,trim10_each_end,0.1,0.1,EMG_IMU,42,ShrinkageLDA,1386,1205,95,5.854567799999131,success,0.8,0.8,0.86,0.8,0.7804329004329004,0.8,0.8,0.7,0.8,0.7333333333333333
feature_screen_with_shrinkage_lda,1,S01_personal_fold03,3,win1p0s_50ov__trim10_each_end__EMG_IMU__ShrinkageLDA,win1p0s_50ov,1.0,1260,630,trim10_each_end,0.1,0.1,EMG_IMU,42,ShrinkageLDA,1386,1205,95,5.557970900001237,success,0.8,0.8,0.7,0.8,0.7333333333333333,0.8,0.8,0.7,0.8,0.7333333333333333
feature_screen_with_shrinkage_lda,1,S01_personal_fold04,4,win1p0s_50ov__trim10_each_end__EMG_IMU__ShrinkageLDA,win1p0s_50ov,1.0,1260,630,trim10_each_end,0.1,0.1,EMG_IMU,42,ShrinkageLDA,1386,1205,95,5.757666299999983,success,0.8,0.8,0.880952380952381,0.8,0.7563971248876908,0.8,0.8,0.7,0.8,0.7333333333333333
feature_screen_with_shrinkage_lda,1,S01_personal_fold05,5,win1p0s_50ov__trim10_each_end__EMG_IMU__ShrinkageLDA,win1p0s_50ov,1.0,1260,630,trim10_each_end,0.1,0.1,EMG_IMU,42,ShrinkageLDA,1386,1205,95,5.670908000000054,success,0.8736842105263158,0.8736842105263157,0.8946708463949843,0.8736842105263157,0.8672222222222222,0.8,0.8,0.7,0.8,0.7333333333333333
feature_screen_with_shrinkage_lda,1,S01_personal_fold06,6,win1p0s_50ov__trim10_each_end__EMG_IMU__ShrinkageLDA,win1p0s_50ov,1.0,1260,630,trim10_each_end,0.1,0.1,EMG_IMU,42,ShrinkageLDA,1386,1205,95,5.404640400000062,success,0.9578947368421052,0.9578947368421054,0.9652173913043478,0.9578947368421054,0.957422969187675,1.0,1.0,1.0,1.0,1.0
feature_screen_with_shrinkage_lda,1,S01_personal_fold07,7,win1p0s_50ov__trim10_each_end__EMG_IMU__ShrinkageLDA,win1p0s_50ov,1.0,1260,630,trim10_each_end,0.1,0.1,EMG_IMU,42,ShrinkageLDA,1386,570,730,4.373346099999253,success,0.5602739726027397,0.5657722243800343,0.5732365804870997,0.5657722243800343,0.5416003203543879,0.8,0.8,0.7,0.8,0.7333333333333333
feature_screen_with_shrinkage_lda,1,S01_personal_fold08,8,win1p0s_50ov__trim10_each_end__EMG_IMU__ShrinkageLDA,win1p0s_50ov,1.0,1260,630,trim10_each_end,0.1,0.1,EMG_IMU,42,ShrinkageLDA,1386,570,95,4.242939500001739,success,0.968421052631579,0.968421052631579,0.9727272727272727,0.968421052631579,0.9682229965156793,1.0,1.0,1.0,1.0,1.0
feature_screen_with_shrinkage_lda,1,S01_personal_fold01,1,win1p0s_50ov__trim20_each_end__EMG__ShrinkageLDA,win1p0s_50ov,1.0,1260,630,trim20_each_end,0.2,0.2,EMG,6,ShrinkageLDA,198,897,70,0.07789739999861922,success,0.8857142857142857,0.8857142857142858,0.9118421052631579,0.8857142857142858,0.8775757575757576,1.0,1.0,1.0,1.0,1.0
feature_screen_with_shrinkage_lda,1,S01_personal_fold02,2,win1p0s_50ov__trim20_each_end__EMG__ShrinkageLDA,win1p0s_50ov,1.0,1260,630,trim20_each_end,0.2,0.2,EMG,6,ShrinkageLDA,198,897,70,0.07089819999964675,success,0.8428571428571429,0.8428571428571429,0.8730434782608697,0.8428571428571429,0.82475106685633,0.8,0.8,0.7,0.8,0.7333333333333333
feature_screen_with_shrinkage_lda,1,S01_personal_fold03,3,win1p0s_50ov__trim20_each_end__EMG__ShrinkageLDA,win1p0s_50ov,1.0,1260,630,trim20_each_end,0.2,0.2,EMG,6,ShrinkageLDA,198,897,70,0.05840210000133084,success,0.6857142857142857,0.6857142857142857,0.6777777777777778,0.6857142857142857,0.632,0.6,0.6,0.4666666666666666,0.6,0.5
feature_screen_with_shrinkage_lda,1,S01_personal_fold04,4,win1p0s_50ov__trim20_each_end__EMG__ShrinkageLDA,win1p0s_50ov,1.0,1260,630,trim20_each_end,0.2,0.2,EMG,6,ShrinkageLDA,198,897,70,0.05774580000070273,success,0.8428571428571429,0.8428571428571429,0.9120000000000001,0.8428571428571429,0.8141779788838612,0.8,0.8,0.7,0.8,0.7333333333333333
feature_screen_with_shrinkage_lda,1,S01_personal_fold05,5,win1p0s_50ov__trim20_each_end__EMG__ShrinkageLDA,win1p0s_50ov,1.0,1260,630,trim20_each_end,0.2,0.2,EMG,6,ShrinkageLDA,198,897,70,0.0638122000000294,success,0.8571428571428571,0.8571428571428571,0.9166666666666667,0.8571428571428571,0.8362573099415205,0.8,0.8,0.7,0.8,0.7333333333333333
feature_screen_with_shrinkage_lda,1,S01_personal_fold06,6,win1p0s_50ov__trim20_each_end__EMG__ShrinkageLDA,win1p0s_50ov,1.0,1260,630,trim20_each_end,0.2,0.2,EMG,6,ShrinkageLDA,198,897,70,0.05510839999988093,success,0.9714285714285714,0.9714285714285715,0.9733333333333334,0.9714285714285715,0.9708222811671089,1.0,1.0,1.0,1.0,1.0
feature_screen_with_shrinkage_lda,1,S01_personal_fold07,7,win1p0s_50ov__trim20_each_end__EMG__ShrinkageLDA,win1p0s_50ov,1.0,1260,630,trim20_each_end,0.2,0.2,EMG,6,ShrinkageLDA,198,420,547,0.05989930000032473,success,0.659963436928702,0.668330938529049,0.7948982052430329,0.668330938529049,0.6641152309650392,0.8,0.8,0.7,0.8,0.7333333333333333
feature_screen_with_shrinkage_lda,1,S01_personal_fold08,8,win1p0s_50ov__trim20_each_end__EMG__ShrinkageLDA,win1p0s_50ov,1.0,1260,630,trim20_each_end,0.2,0.2,EMG,6,ShrinkageLDA,198,420,70,0.054679200000464334,success,0.9714285714285714,0.9714285714285715,0.975,0.9714285714285715,0.9712820512820514,1.0,1.0,1.0,1.0,1.0
feature_screen_with_shrinkage_lda,1,S01_personal_fold01,1,win1p0s_50ov__trim20_each_end__EMG_ACC__ShrinkageLDA,win1p0s_50ov,1.0,1260,630,trim20_each_end,0.2,0.2,EMG_ACC,24,ShrinkageLDA,792,897,70,1.3001304000008531,success,0.9428571428571428,0.9428571428571428,0.9471153846153847,0.9428571428571428,0.9437037037037037,1.0,1.0,1.0,1.0,1.0
feature_screen_with_shrinkage_lda,1,S01_personal_fold02,2,win1p0s_50ov__trim20_each_end__EMG_ACC__ShrinkageLDA,win1p0s_50ov,1.0,1260,630,trim20_each_end,0.2,0.2,EMG_ACC,24,ShrinkageLDA,792,897,70,1.193672899999001,success,0.8285714285714286,0.8285714285714285,0.8583333333333332,0.8285714285714285,0.8035087719298246,0.8,0.8,0.7,0.8,0.7333333333333333
feature_screen_with_shrinkage_lda,1,S01_personal_fold03,3,win1p0s_50ov__trim20_each_end__EMG_ACC__ShrinkageLDA,win1p0s_50ov,1.0,1260,630,trim20_each_end,0.2,0.2,EMG_ACC,24,ShrinkageLDA,792,897,70,1.1816612000002351,success,0.7428571428571429,0.7428571428571429,0.6875,0.7428571428571429,0.6884057971014493,0.8,0.8,0.7,0.8,0.7333333333333333
feature_screen_with_shrinkage_lda,1,S01_personal_fold04,4,win1p0s_50ov__trim20_each_end__EMG_ACC__ShrinkageLDA,win1p0s_50ov,1.0,1260,630,trim20_each_end,0.2,0.2,EMG_ACC,24,ShrinkageLDA,792,897,70,1.0772477999998955,success,0.8285714285714286,0.8285714285714285,0.9076923076923077,0.8285714285714285,0.79,0.8,0.8,0.7,0.8,0.7333333333333333
feature_screen_with_shrinkage_lda,1,S01_personal_fold05,5,win1p0s_50ov__trim20_each_end__EMG_ACC__ShrinkageLDA,win1p0s_50ov,1.0,1260,630,trim20_each_end,0.2,0.2,EMG_ACC,24,ShrinkageLDA,792,897,70,1.14732130000084,success,0.8428571428571429,0.8428571428571429,0.9120000000000001,0.8428571428571429,0.8334682860998651,0.8,0.8,0.7,0.8,0.7333333333333333
feature_screen_with_shrinkage_lda,1,S01_personal_fold06,6,win1p0s_50ov__trim20_each_end__EMG_ACC__ShrinkageLDA,win1p0s_50ov,1.0,1260,630,trim20_each_end,0.2,0.2,EMG_ACC,24,ShrinkageLDA,792,897,70,1.1635406000004878,success,0.9428571428571428,0.9428571428571428,0.9555555555555555,0.9428571428571428,0.9416666666666668,1.0,1.0,1.0,1.0,1.0
feature_screen_with_shrinkage_lda,1,S01_personal_fold07,7,win1p0s_50ov__trim20_each_end__EMG_ACC__ShrinkageLDA,win1p0s_50ov,1.0,1260,630,trim20_each_end,0.2,0.2,EMG_ACC,24,ShrinkageLDA,792,420,547,0.7805324000000837,success,0.6471663619744058,0.6543463153533204,0.7509441288790475,0.6543463153533204,0.6503016461503667,0.8,0.8,0.7,0.8,0.7333333333333333
feature_screen_with_shrinkage_lda,1,S01_personal_fold08,8,win1p0s_50ov__trim20_each_end__EMG_ACC__ShrinkageLDA,win1p0s_50ov,1.0,1260,630,trim20_each_end,0.2,0.2,EMG_ACC,24,ShrinkageLDA,792,420,70,0.989460799999506,success,0.9714285714285714,0.9714285714285715,0.975,0.9714285714285715,0.9712820512820514,1.0,1.0,1.0,1.0,1.0
feature_screen_with_shrinkage_lda,1,S01_personal_fold01,1,win1p0s_50ov__trim20_each_end__EMG_IMU__ShrinkageLDA,win1p0s_50ov,1.0,1260,630,trim20_each_end,0.2,0.2,EMG_IMU,42,ShrinkageLDA,1386,897,70,4.761382500000764,success,0.9285714285714286,0.9285714285714285,0.9314285714285713,0.9285714285714285,0.9295384054004743,1.0,1.0,1.0,1.0,1.0
feature_screen_with_shrinkage_lda,1,S01_personal_fold02,2,win1p0s_50ov__trim20_each_end__EMG_IMU__ShrinkageLDA,win1p0s_50ov,1.0,1260,630,trim20_each_end,0.2,0.2,EMG_IMU,42,ShrinkageLDA,1386,897,70,5.123546200000419,success,0.7857142857142857,0.7857142857142858,0.7956521739130434,0.7857142857142858,0.7715115115115114,0.8,0.8,0.7,0.8,0.7333333333333333
feature_screen_with_shrinkage_lda,1,S01_personal_fold03,3,win1p0s_50ov__trim20_each_end__EMG_IMU__ShrinkageLDA,win1p0s_50ov,1.0,1260,630,trim20_each_end,0.2,0.2,EMG_IMU,42,ShrinkageLDA,1386,897,70,4.788775400000304,success,0.7857142857142857,0.7857142857142858,0.6965517241379311,0.7857142857142858,0.7228251507321275,0.8,0.8,0.7,0.8,0.7333333333333333
feature_screen_with_shrinkage_lda,1,S01_personal_fold04,4,win1p0s_50ov__trim20_each_end__EMG_IMU__ShrinkageLDA,win1p0s_50ov,1.0,1260,630,trim20_each_end,0.2,0.2,EMG_IMU,42,ShrinkageLDA,1386,897,70,4.859329999999318,success,0.8285714285714286,0.8285714285714285,0.9076923076923077,0.8285714285714285,0.79,0.8,0.8,0.7,0.8,0.7333333333333333
feature_screen_with_shrinkage_lda,1,S01_personal_fold05,5,win1p0s_50ov__trim20_each_end__EMG_IMU__ShrinkageLDA,win1p0s_50ov,1.0,1260,630,trim20_each_end,0.2,0.2,EMG_IMU,42,ShrinkageLDA,1386,897,70,4.984588600000279,success,0.8714285714285714,0.8714285714285716,0.9217391304347826,0.8714285714285716,0.8639439439439439,0.8,0.8,0.7,0.8,0.7333333333333333
feature_screen_with_shrinkage_lda,1,S01_personal_fold06,6,win1p0s_50ov__trim20_each_end__EMG_IMU__ShrinkageLDA,win1p0s_50ov,1.0,1260,630,trim20_each_end,0.2,0.2,EMG_IMU,42,ShrinkageLDA,1386,897,70,4.736730300001,success,0.9571428571428572,0.9571428571428571,0.9647058823529411,0.9571428571428571,0.9566451612903226,1.0,1.0,1.0,1.0,1.0
feature_screen_with_shrinkage_lda,1,S01_personal_fold07,7,win1p0s_50ov__trim20_each_end__EMG_IMU__ShrinkageLDA,win1p0s_50ov,1.0,1260,630,trim20_each_end,0.2,0.2,EMG_IMU,42,ShrinkageLDA,1386,420,547,4.055603400000109,success,0.6270566727605119,0.6322524244869344,0.6994630433017334,0.6322524244869344,0.6156612220585579,0.8,0.8,0.7,0.8,0.7333333333333333
feature_screen_with_shrinkage_lda,1,S01_personal_fold08,8,win1p0s_50ov__trim20_each_end__EMG_IMU__ShrinkageLDA,win1p0s_50ov,1.0,1260,630,trim20_each_end,0.2,0.2,EMG_IMU,42,ShrinkageLDA,1386,420,70,3.725792500001262,success,1.0,1.0,1.0,1.0,1.0,1.0,1.0,1.0,1.0,1.0
model_screen_on_best_feature_config,1,S01_personal_fold01,1,win0p5s_50ov__trim20_each_end__EMG_IMU__ShrinkageLDA,win0p5s_50ov,0.5,630,315,trim20_each_end,0.2,0.2,EMG_IMU,42,ShrinkageLDA,1386,1795,140,7.116502499999115,success,0.9571428571428572,0.9571428571428571,0.9628004179728318,0.9571428571428571,0.9560977854472246,1.0,1.0,1.0,1.0,1.0
model_screen_on_best_feature_config,1,S01_personal_fold01,1,win0p5s_50ov__trim20_each_end__EMG_IMU__LogisticRegression,win0p5s_50ov,0.5,630,315,trim20_each_end,0.2,0.2,EMG_IMU,42,LogisticRegression,1386,1795,140,1.1703252000006614,success,0.8928571428571429,0.8928571428571429,0.9160035366931918,0.8928571428571429,0.887929729343712,1.0,1.0,1.0,1.0,1.0
model_screen_on_best_feature_config,1,S01_personal_fold01,1,win0p5s_50ov__trim20_each_end__EMG_IMU__RBF-SVM,win0p5s_50ov,0.5,630,315,trim20_each_end,0.2,0.2,EMG_IMU,42,RBF-SVM,1386,1795,140,13.264465899999777,success,0.8642857142857143,0.8642857142857142,0.9106513409961685,0.8642857142857142,0.8554909343373656,0.8,0.8,0.7,0.8,0.7333333333333333
model_screen_on_best_feature_config,1,S01_personal_fold01,1,win0p5s_50ov__trim20_each_end__EMG_IMU__RandomForest,win0p5s_50ov,0.5,630,315,trim20_each_end,0.2,0.2,EMG_IMU,42,RandomForest,1386,1795,140,2.7965179000002536,success,0.7714285714285715,0.7714285714285715,0.6607058823529413,0.7714285714285715,0.7037220843672457,0.8,0.8,0.7,0.8,0.7333333333333333
model_screen_on_best_feature_config,1,S01_personal_fold02,2,win1p0s_50ov__full_segment__EMG__ShrinkageLDA,win1p0s_50ov,1.0,1260,630,full_segment,0.0,0.0,EMG,6,ShrinkageLDA,198,1487,115,0.10939870000038354,success,0.8782608695652174,0.8782608695652174,0.9075324675324676,0.8782608695652174,0.8693711967545639,0.8,0.8,0.7,0.8,0.7333333333333333
model_screen_on_best_feature_config,1,S01_personal_fold02,2,win1p0s_50ov__full_segment__EMG__LogisticRegression,win1p0s_50ov,1.0,1260,630,full_segment,0.0,0.0,EMG,6,LogisticRegression,198,1487,115,0.15218179999828862,success,0.782608695652174,0.782608695652174,0.7993621013133209,0.782608695652174,0.7479087565258662,0.8,0.8,0.7,0.8,0.7333333333333333
model_screen_on_best_feature_config,1,S01_personal_fold02,2,win1p0s_50ov__full_segment__EMG__RBF-SVM,win1p0s_50ov,1.0,1260,630,full_segment,0.0,0.0,EMG,6,RBF-SVM,198,1487,115,0.9196512999988045,success,0.808695652173913,0.808695652173913,0.8098924731182795,0.808695652173913,0.8027290448343081,0.8,0.8,0.7,0.8,0.7333333333333333
model_screen_on_best_feature_config,1,S01_personal_fold02,2,win1p0s_50ov__full_segment__EMG__RandomForest,win1p0s_50ov,1.0,1260,630,full_segment,0.0,0.0,EMG,6,RandomForest,198,1487,115,0.8702850000008766,success,0.782608695652174,0.782608695652174,0.6829710144927537,0.782608695652174,0.7183923122592403,0.8,0.8,0.7,0.8,0.7333333333333333
model_screen_on_best_feature_config,1,S01_personal_fold03,3,win1p0s_50ov__full_segment__EMG_ACC__ShrinkageLDA,win1p0s_50ov,1.0,1260,630,full_segment,0.0,0.0,EMG_ACC,24,ShrinkageLDA,792,1487,115,1.4390978000010364,success,0.8,0.8,0.7,0.8,0.7333333333333333,0.8,0.8,0.7,0.8,0.7333333333333333
model_screen_on_best_feature_config,1,S01_personal_fold03,3,win1p0s_50ov__full_segment__EMG_ACC__LogisticRegression,win1p0s_50ov,1.0,1260,630,full_segment,0.0,0.0,EMG_ACC,24,LogisticRegression,792,1487,115,0.4301044000003458,success,0.808695652173913,0.808695652173913,0.8708225108225107,0.808695652173913,0.7395730706075533,0.8,0.8,0.7,0.8,0.7333333333333333
model_screen_on_best_feature_config,1,S01_personal_fold03,3,win1p0s_50ov__full_segment__EMG_ACC__RBF-SVM,win1p0s_50ov,1.0,1260,630,full_segment,0.0,0.0,EMG_ACC,24,RBF-SVM,792,1487,115,4.5624437000005855,success,0.8260869565217391,0.826086956521739,0.9069767441860466,0.826086956521739,0.7855477855477856,0.8,0.8,0.7,0.8,0.7333333333333333
model_screen_on_best_feature_config,1,S01_personal_fold03,3,win1p0s_50ov__full_segment__EMG_ACC__RandomForest,win1p0s_50ov,1.0,1260,630,full_segment,0.0,0.0,EMG_ACC,24,RandomForest,792,1487,115,1.4399197999991884,success,0.6956521739130435,0.6956521739130435,0.6793103448275862,0.6956521739130435,0.6429920116194625,0.8,0.8,0.7,0.8,0.7333333333333333
model_screen_on_best_feature_config,1,S01_personal_fold04,4,win0p25s_50ov__trim20_each_end__EMG__ShrinkageLDA,win0p25s_50ov,0.25,315,157,trim20_each_end,0.2,0.2,EMG,6,ShrinkageLDA,198,3623,285,0.18464620000122522,success,0.8631578947368421,0.8631578947368421,0.9013833992094862,0.8631578947368421,0.8489168294962195,0.8,0.8,0.7,0.8,0.7333333333333333
model_screen_on_best_feature_config,1,S01_personal_fold04,4,win0p25s_50ov__trim20_each_end__EMG__LogisticRegression,win0p25s_50ov,0.25,315,157,trim20_each_end,0.2,0.2,EMG,6,LogisticRegression,198,3623,285,1.1853694999990694,success,0.8280701754385965,0.8280701754385966,0.9028357235984356,0.8280701754385966,0.794296694936114,0.8,0.8,0.7,0.8,0.7333333333333333
model_screen_on_best_feature_config,1,S01_personal_fold04,4,win0p25s_50ov__trim20_each_end__EMG__RBF-SVM,win0p25s_50ov,0.25,315,157,trim20_each_end,0.2,0.2,EMG,6,RBF-SVM,198,3623,285,4.0130777999984275,success,0.8350877192982457,0.8350877192982455,0.9072313357884164,0.8350877192982455,0.8004623621025309,0.8,0.8,0.7,0.8,0.7333333333333333
model_screen_on_best_feature_config,1,S01_personal_fold04,4,win0p25s_50ov__trim20_each_end__EMG__RandomForest,win0p25s_50ov,0.25,315,157,trim20_each_end,0.2,0.2,EMG,6,RandomForest,198,3623,285,2.2349693999985902,success,0.8210526315789474,0.8210526315789475,0.8417908178777743,0.8210526315789475,0.7847905899960246,0.8,0.8,0.7,0.8,0.7333333333333333
model_screen_on_best_feature_config,1,S01_personal_fold05,5,win1p0s_50ov__trim10_each_end__EMG_IMU__ShrinkageLDA,win1p0s_50ov,1.0,1260,630,trim10_each_end,0.1,0.1,EMG_IMU,42,ShrinkageLDA,1386,1205,95,5.0513442999999825,success,0.8736842105263158,0.8736842105263157,0.8946708463949843,0.8736842105263157,0.8672222222222222,0.8,0.8,0.7,0.8,0.7333333333333333
model_screen_on_best_feature_config,1,S01_personal_fold05,5,win1p0s_50ov__trim10_each_end__EMG_IMU__LogisticRegression,win1p0s_50ov,1.0,1260,630,trim10_each_end,0.1,0.1,EMG_IMU,42,LogisticRegression,1386,1205,95,0.6996471000002202,success,0.8210526315789474,0.8210526315789473,0.8401515151515152,0.8210526315789473,0.803085063085063,0.8,0.8,0.7,0.8,0.7333333333333333
model_screen_on_best_feature_config,1,S01_personal_fold05,5,win1p0s_50ov__trim10_each_end__EMG_IMU__RBF-SVM,win1p0s_50ov,1.0,1260,630,trim10_each_end,0.1,0.1,EMG_IMU,42,RBF-SVM,1386,1205,95,6.723798299999544,success,0.8105263157894737,0.8105263157894737,0.8276190476190475,0.8105263157894737,0.7973469387755102,0.8,0.8,0.7,0.8,0.7333333333333333
model_screen_on_best_feature_config,1,S01_personal_fold05,5,win1p0s_50ov__trim10_each_end__EMG_IMU__RandomForest,win1p0s_50ov,1.0,1260,630,trim10_each_end,0.1,0.1,EMG_IMU,42,RandomForest,1386,1205,95,1.5401357999999163,success,0.9263157894736842,0.9263157894736842,0.9352173913043478,0.9263157894736842,0.9270573870573869,1.0,1.0,1.0,1.0,1.0
model_screen_on_best_feature_config,1,S01_personal_fold06,6,win1p0s_50ov__trim10_each_end__EMG__ShrinkageLDA,win1p0s_50ov,1.0,1260,630,trim10_each_end,0.1,0.1,EMG,6,ShrinkageLDA,198,1205,95,0.06506880000051751,success,0.9894736842105263,0.9894736842105264,0.99,0.9894736842105264,0.9894663894663894,1.0,1.0,1.0,1.0,1.0
model_screen_on_best_feature_config,1,S01_personal_fold06,6,win1p0s_50ov__trim10_each_end__EMG__LogisticRegression,win1p0s_50ov,1.0,1260,630,trim10_each_end,0.1,0.1,EMG,6,LogisticRegression,198,1205,95,0.22902569999860134,success,0.968421052631579,0.968421052631579,0.968888888888889,0.968421052631579,0.9683991683991684,1.0,1.0,1.0,1.0,1.0
model_screen_on_best_feature_config,1,S01_personal_fold06,6,win1p0s_50ov__trim10_each_end__EMG__RBF-SVM,win1p0s_50ov,1.0,1260,630,trim10_each_end,0.1,0.1,EMG,6,RBF-SVM,198,1205,95,0.5361859999993612,success,1.0,1.0,1.0,1.0,1.0,1.0,1.0,1.0,1.0,1.0
model_screen_on_best_feature_config,1,S01_personal_fold06,6,win1p0s_50ov__trim10_each_end__EMG__RandomForest,win1p0s_50ov,1.0,1260,630,trim10_each_end,0.1,0.1,EMG,6,RandomForest,198,1205,95,0.6527583999995841,success,0.9894736842105263,0.9894736842105264,0.99,0.9894736842105264,0.9894663894663894,1.0,1.0,1.0,1.0,1.0
model_screen_on_best_feature_config,1,S01_personal_fold07,7,win0p5s_50ov__trim20_each_end__EMG__ShrinkageLDA,win0p5s_50ov,0.5,630,315,trim20_each_end,0.2,0.2,EMG,6,ShrinkageLDA,198,840,1095,0.08133290000114357,success,0.6712328767123288,0.6795553079883938,0.8035202428400247,0.6795553079883938,0.6749542436597677,0.8,0.8,0.7,0.8,0.7333333333333333
model_screen_on_best_feature_config,1,S01_personal_fold07,7,win0p5s_50ov__trim20_each_end__EMG__LogisticRegression,win0p5s_50ov,0.5,630,315,trim20_each_end,0.2,0.2,EMG,6,LogisticRegression,198,840,1095,0.20945369999935792,success,0.6529680365296804,0.6609297339855997,0.7821184371184371,0.6609297339855997,0.6363954490156275,0.8,0.8,0.7,0.8,0.7333333333333333
model_screen_on_best_feature_config,1,S01_personal_fold07,7,win0p5s_50ov__trim20_each_end__EMG__RBF-SVM,win0p5s_50ov,0.5,630,315,trim20_each_end,0.2,0.2,EMG,6,RBF-SVM,198,840,1095,0.4320445999983349,success,0.39817351598173517,0.3971691422210012,0.6706652302720173,0.3971691422210012,0.3887515228774231,0.4,0.4,0.25,0.4,0.27999999999999997
model_screen_on_best_feature_config,1,S01_personal_fold07,7,win0p5s_50ov__trim20_each_end__EMG__RandomForest,win0p5s_50ov,0.5,630,315,trim20_each_end,0.2,0.2,EMG,6,RandomForest,198,840,1095,0.48605160000079195,success,0.5223744292237443,0.5186535338788189,0.679426743757848,0.5186535338788189,0.5286592220030212,0.6,0.6,0.4666666666666666,0.6,0.5
model_screen_on_best_feature_config,1,S01_personal_fold08,8,win0p5s_50ov__trim10_each_end__EMG__ShrinkageLDA,win0p5s_50ov,0.5,630,315,trim10_each_end,0.1,0.1,EMG,6,ShrinkageLDA,198,1140,190,0.09811590000026627,success,1.0,1.0,1.0,1.0,1.0,1.0,1.0,1.0,1.0,1.0
model_screen_on_best_feature_config,1,S01_personal_fold08,8,win0p5s_50ov__trim10_each_end__EMG__LogisticRegression,win0p5s_50ov,0.5,630,315,trim10_each_end,0.1,0.1,EMG,6,LogisticRegression,198,1140,190,0.30705269999998563,success,0.8894736842105263,0.8894736842105264,0.9210801393728223,0.8894736842105264,0.8777435545870773,0.8,0.8,0.7,0.8,0.7333333333333333
model_screen_on_best_feature_config,1,S01_personal_fold08,8,win0p5s_50ov__trim10_each_end__EMG__RBF-SVM,win0p5s_50ov,0.5,630,315,trim10_each_end,0.1,0.1,EMG,6,RBF-SVM,198,1140,190,0.4577487000005931,success,0.7947368421052632,0.7947368421052632,0.8894663894663895,0.7947368421052632,0.7415454545454546,0.8,0.8,0.7,0.8,0.7333333333333333
model_screen_on_best_feature_config,1,S01_personal_fold08,8,win0p5s_50ov__trim10_each_end__EMG__RandomForest,win0p5s_50ov,0.5,630,315,trim10_each_end,0.1,0.1,EMG,6,RandomForest,198,1140,190,0.5082804000012402,success,0.8,0.8,0.7951981351981352,0.8,0.7859044922448704,0.8,0.8,0.7,0.8,0.7333333333333333
feature_screen_with_shrinkage_lda,2,S02_personal_fold01,1,win0p25s_50ov__full_segment__EMG__ShrinkageLDA,win0p25s_50ov,0.25,315,157,full_segment,0.0,0.0,EMG,6,ShrinkageLDA,198,6631,480,0.3416510000006383,success,0.9458333333333333,0.9458333333333332,0.9483343040186372,0.9458333333333332,0.9453834870201435,1.0,1.0,1.0,1.0,1.0
feature_screen_with_shrinkage_lda,2,S02_personal_fold02,2,win0p25s_50ov__full_segment__EMG__ShrinkageLDA,win0p25s_50ov,0.25,315,157,full_segment,0.0,0.0,EMG,6,ShrinkageLDA,198,6631,480,0.3498853999990388,success,0.7875,0.7875,0.8341131850970477,0.7875,0.7670302597788771,0.8,0.8,0.7,0.8,0.7333333333333333
feature_screen_with_shrinkage_lda,2,S02_personal_fold03,3,win0p25s_50ov__full_segment__EMG__ShrinkageLDA,win0p25s_50ov,0.25,315,157,full_segment,0.0,0.0,EMG,6,ShrinkageLDA,198,6631,480,0.37425620000067283,success,0.8916666666666667,0.8916666666666668,0.9297297297297298,0.8916666666666668,0.8943063289013697,1.0,1.0,1.0,1.0,1.0
feature_screen_with_shrinkage_lda,2,S02_personal_fold04,4,win0p25s_50ov__full_segment__EMG__ShrinkageLDA,win0p25s_50ov,0.25,315,157,full_segment,0.0,0.0,EMG,6,ShrinkageLDA,198,6631,480,0.32912020000003395,success,0.9520833333333333,0.9520833333333332,0.9520308280828083,0.9520833333333332,0.9515501120486224,1.0,1.0,1.0,1.0,1.0
feature_screen_with_shrinkage_lda,2,S02_personal_fold05,5,win0p25s_50ov__full_segment__EMG__ShrinkageLDA,win0p25s_50ov,0.25,315,157,full_segment,0.0,0.0,EMG,6,ShrinkageLDA,198,6631,480,0.37399310000000696,success,0.9541666666666667,0.9541666666666666,0.9552483998927961,0.9541666666666666,0.9542752921315097,1.0,1.0,1.0,1.0,1.0
feature_screen_with_shrinkage_lda,2,S02_personal_fold06,6,win0p25s_50ov__full_segment__EMG__ShrinkageLDA,win0p25s_50ov,0.25,315,157,full_segment,0.0,0.0,EMG,6,ShrinkageLDA,198,6631,480,0.35433310000007623,success,0.94375,0.94375,0.9453954585344448,0.94375,0.94361399738875,1.0,1.0,1.0,1.0,1.0
feature_screen_with_shrinkage_lda,2,S02_personal_fold07,7,win0p25s_50ov__full_segment__EMG__ShrinkageLDA,win0p25s_50ov,0.25,315,157,full_segment,0.0,0.0,EMG,6,ShrinkageLDA,198,2880,4231,0.1695132000004378,success,0.7447411959347672,0.7184601289258882,0.7847795574339989,0.7184601289258882,0.7050018516447135,0.8,0.8,0.7,0.8,0.7333333333333333
feature_screen_with_shrinkage_lda,2,S02_personal_fold08,8,win0p25s_50ov__full_segment__EMG__ShrinkageLDA,win0p25s_50ov,0.25,315,157,full_segment,0.0,0.0,EMG,6,ShrinkageLDA,198,2880,480,0.13098150000041642,success,0.8770833333333333,0.8770833333333332,0.9219726219726219,0.8770833333333332,0.8792108597285069,1.0,1.0,1.0,1.0,1.0
feature_screen_with_shrinkage_lda,2,S02_personal_fold01,1,win0p25s_50ov__full_segment__EMG_ACC__ShrinkageLDA,win0p25s_50ov,0.25,315,157,full_segment,0.0,0.0,EMG_ACC,24,ShrinkageLDA,792,6631,480,4.428380599998491,success,0.9,0.9,0.9139388908012229,0.9,0.8934777396741636,1.0,1.0,1.0,1.0,1.0
feature_screen_with_shrinkage_lda,2,S02_personal_fold02,2,win0p25s_50ov__full_segment__EMG_ACC__ShrinkageLDA,win0p25s_50ov,0.25,315,157,full_segment,0.0,0.0,EMG_ACC,24,ShrinkageLDA,792,6631,480,4.446007399999871,success,0.88125,0.88125,0.8995896244676732,0.88125,0.870045421562614,1.0,1.0,1.0,1.0,1.0
feature_screen_with_shrinkage_lda,2,S02_personal_fold03,3,win0p25s_50ov__full_segment__EMG_ACC__ShrinkageLDA,win0p25s_50ov,0.25,315,157,full_segment,0.0,0.0,EMG_ACC,24,ShrinkageLDA,792,6631,480,4.322695599999861,success,0.9291666666666667,0.9291666666666668,0.9476923076923077,0.9291666666666668,0.9286191482388055,1.0,1.0,1.0,1.0,1.0
feature_screen_with_shrinkage_lda,2,S02_personal_fold04,4,win0p25s_50ov__full_segment__EMG_ACC__ShrinkageLDA,win0p25s_50ov,0.25,315,157,full_segment,0.0,0.0,EMG_ACC,24,ShrinkageLDA,792,6631,480,4.319266300000891,success,0.7916666666666666,0.7916666666666667,0.8979591836734695,0.7916666666666667,0.7303506943227768,0.8,0.8,0.7,0.8,0.7333333333333333
feature_screen_with_shrinkage_lda,2,S02_personal_fold05,5,win0p25s_50ov__full_segment__EMG_ACC__ShrinkageLDA,win0p25s_50ov,0.25,315,157,full_segment,0.0,0.0,EMG_ACC,24,ShrinkageLDA,792,6631,480,4.526883799999268,success,0.8979166666666667,0.8979166666666666,0.9232316105535958,0.8979166666666666,0.8973269148584351,1.0,1.0,1.0,1.0,1.0
feature_screen_with_shrinkage_lda,2,S02_personal_fold06,6,win0p25s_50ov__full_segment__EMG_ACC__ShrinkageLDA,win0p25s_50ov,0.25,315,157,full_segment,0.0,0.0,EMG_ACC,24,ShrinkageLDA,792,6631,480,4.525159099999655,success,0.9520833333333333,0.9520833333333334,0.9551538461538461,0.9520833333333334,0.9524217687074831,1.0,1.0,1.0,1.0,1.0
feature_screen_with_shrinkage_lda,2,S02_personal_fold07,7,win0p25s_50ov__full_segment__EMG_ACC__ShrinkageLDA,win0p25s_50ov,0.25,315,157,full_segment,0.0,0.0,EMG_ACC,24,ShrinkageLDA,792,2880,4231,2.056872299999668,success,0.7173245095722052,0.6889658217678444,0.7490154971269347,0.6889658217678444,0.675860566028772,1.0,1.0,1.0,1.0,1.0
feature_screen_with_shrinkage_lda,2,S02_personal_fold08,8,win0p25s_50ov__full_segment__EMG_ACC__ShrinkageLDA,win0p25s_50ov,0.25,315,157,full_segment,0.0,0.0,EMG_ACC,24,ShrinkageLDA,792,2880,480,2.4118591000005836,success,0.9666666666666667,0.9666666666666668,0.9714285714285715,0.9666666666666668,0.9666191116541636,1.0,1.0,1.0,1.0,1.0
feature_screen_with_shrinkage_lda,2,S02_personal_fold01,1,win0p25s_50ov__full_segment__EMG_IMU__ShrinkageLDA,win0p25s_50ov,0.25,315,157,full_segment,0.0,0.0,EMG_IMU,42,ShrinkageLDA,1386,6631,480,17.86012699999992,success,0.9020833333333333,0.9020833333333332,0.9158814242079945,0.9020833333333332,0.8970206861314054,1.0,1.0,1.0,1.0,1.0
feature_screen_with_shrinkage_lda,2,S02_personal_fold02,2,win0p25s_50ov__full_segment__EMG_IMU__ShrinkageLDA,win0p25s_50ov,0.25,315,157,full_segment,0.0,0.0,EMG_IMU,42,ShrinkageLDA,1386,6631,480,17.35474930000055,success,0.8708333333333333,0.8708333333333332,0.8900658149438637,0.8708333333333332,0.860095172806395,1.0,1.0,1.0,1.0,1.0
feature_screen_with_shrinkage_lda,2,S02_personal_fold03,3,win0p25s_50ov__full_segment__EMG_IMU__ShrinkageLDA,win0p25s_50ov,0.25,315,157,full_segment,0.0,0.0,EMG_IMU,42,ShrinkageLDA,1386,6631,480,17.198797200000627,success,0.9395833333333333,0.9395833333333332,0.9536,0.9395833333333332,0.9406637765813384,1.0,1.0,1.0,1.0,1.0
feature_screen_with_shrinkage_lda,2,S02_personal_fold04,4,win0p25s_50ov__full_segment__EMG_IMU__ShrinkageLDA,win0p25s_50ov,0.25,315,157,full_segment,0.0,0.0,EMG_IMU,42,ShrinkageLDA,1386,6631,480,17.129787300000316,success,0.7958333333333333,0.7958333333333333,0.8989690721649485,0.7958333333333333,0.7333851208669115,0.8,0.8,0.7,0.8,0.7333333333333333
feature_screen_with_shrinkage_lda,2,S02_personal_fold05,5,win0p25s_50ov__full_segment__EMG_IMU__ShrinkageLDA,win0p25s_50ov,0.25,315,157,full_segment,0.0,0.0,EMG_IMU,42,ShrinkageLDA,1386,6631,480,17.437363600000026,success,0.89375,0.89375,0.9200597524541188,0.89375,0.894126221529197,1.0,1.0,1.0,1.0,1.0
feature_screen_with_shrinkage_lda,2,S02_personal_fold06,6,win0p25s_50ov__full_segment__EMG_IMU__ShrinkageLDA,win0p25s_50ov,0.25,315,157,full_segment,0.0,0.0,EMG_IMU,42,ShrinkageLDA,1386,6631,480,16.68190080000022,success,0.95,0.95,0.9536134453781513,0.95,0.9499436561414806,1.0,1.0,1.0,1.0,1.0
feature_screen_with_shrinkage_lda,2,S02_personal_fold07,7,win0p25s_50ov__full_segment__EMG_IMU__ShrinkageLDA,win0p25s_50ov,0.25,315,157,full_segment,0.0,0.0,EMG_IMU,42,ShrinkageLDA,1386,2880,4231,8.72782770000049,success,0.7045615693689435,0.6699477701158189,0.740729296882861,0.6699477701158189,0.6545758812159221,0.8,0.8,0.7,0.8,0.7333333333333333
feature_screen_with_shrinkage_lda,2,S02_personal_fold08,8,win0p25s_50ov__full_segment__EMG_IMU__ShrinkageLDA,win0p25s_50ov,0.25,315,157,full_segment,0.0,0.0,EMG_IMU,42,ShrinkageLDA,1386,2880,480,9.174250899999606,success,0.9604166666666667,0.9604166666666668,0.9669565217391305,0.9604166666666668,0.9600252034079391,1.0,1.0,1.0,1.0,1.0
feature_screen_with_shrinkage_lda,2,S02_personal_fold01,1,win0p25s_50ov__trim10_each_end__EMG__ShrinkageLDA,win0p25s_50ov,0.25,315,157,trim10_each_end,0.1,0.1,EMG,6,ShrinkageLDA,198,5309,385,0.23667830000158574,success,0.9506493506493506,0.9506493506493505,0.9528048780487804,0.9506493506493505,0.9503005987322777,1.0,1.0,1.0,1.0,1.0
feature_screen_with_shrinkage_lda,2,S02_personal_fold02,2,win0p25s_50ov__trim10_each_end__EMG__ShrinkageLDA,win0p25s_50ov,0.25,315,157,trim10_each_end,0.1,0.1,EMG,6,ShrinkageLDA,198,5309,385,0.27952519999962533,success,0.7766233766233767,0.7766233766233765,0.8283126386316344,0.7766233766233765,0.7502037723068555,0.8,0.8,0.7,0.8,0.7333333333333333
feature_screen_with_shrinkage_lda,2,S02_personal_fold03,3,win0p25s_50ov__trim10_each_end__EMG__ShrinkageLDA,win0p25s_50ov,0.25,315,157,trim10_each_end,0.1,0.1,EMG,6,ShrinkageLDA,198,5309,385,0.27889130000039586,success,0.8753246753246753,0.8753246753246753,0.9216294458229942,0.8753246753246753,0.8762960860745819,1.0,1.0,1.0,1.0,1.0
feature_screen_with_shrinkage_lda,2,S02_personal_fold04,4,win0p25s_50ov__trim10_each_end__EMG__ShrinkageLDA,win0p25s_50ov,0.25,315,157,trim10_each_end,0.1,0.1,EMG,6,ShrinkageLDA,198,5309,385,0.29281560000163154,success,0.9636363636363636,0.9636363636363636,0.9639959563768452,0.9636363636363636,0.9634503635839445,1.0,1.0,1.0,1.0,1.0
feature_screen_with_shrinkage_lda,2,S02_personal_fold05,5,win0p25s_50ov__trim10_each_end__EMG__ShrinkageLDA,win0p25s_50ov,0.25,315,157,trim10_each_end,0.1,0.1,EMG,6,ShrinkageLDA,198,5309,385,0.275510999999824,success,0.948051948051948,0.9480519480519479,0.9518688945961905,0.9480519480519479,0.9484921024944084,1.0,1.0,1.0,1.0,1.0
feature_screen_with_shrinkage_lda,2,S02_personal_fold06,6,win0p25s_50ov__trim10_each_end__EMG__ShrinkageLDA,win0p25s_50ov,0.25,315,157,trim10_each_end,0.1,0.1,EMG,6,ShrinkageLDA,198,5309,385,0.29280590000053053,success,0.948051948051948,0.9480519480519479,0.947898611991827,0.9480519480519479,0.9475031802430145,1.0,1.0,1.0,1.0,1.0
feature_screen_with_shrinkage_lda,2,S02_personal_fold07,7,win0p25s_50ov__trim10_each_end__EMG__ShrinkageLDA,win0p25s_50ov,0.25,315,157,trim10_each_end,0.1,0.1,EMG,6,ShrinkageLDA,198,2310,3384,0.138812200000757,success,0.7346335697399528,0.7062967832655344,0.7842491182269911,0.7062967832655344,0.6871170609335779,0.8,0.8,0.7,0.8,0.7333333333333333
feature_screen_with_shrinkage_lda,2,S02_personal_fold08,8,win0p25s_50ov__trim10_each_end__EMG__ShrinkageLDA,win0p25s_50ov,0.25,315,157,trim10_each_end,0.1,0.1,EMG,6,ShrinkageLDA,198,2310,385,0.13347459999931743,success,0.8805194805194805,0.8805194805194805,0.9252032520325203,0.8805194805194805,0.8810148291424887,1.0,1.0,1.0,1.0,1.0
feature_screen_with_shrinkage_lda,2,S02_personal_fold01,1,win0p25s_50ov__trim10_each_end__EMG_ACC__ShrinkageLDA,win0p25s_50ov,0.25,315,157,trim10_each_end,0.1,0.1,EMG_ACC,24,ShrinkageLDA,792,5309,385,3.3819139000006544,success,0.8987012987012987,0.8987012987012987,0.91351032688242,0.8987012987012987,0.8906864812199473,1.0,1.0,1.0,1.0,1.0
feature_screen_with_shrinkage_lda,2,S02_personal_fold02,2,win0p25s_50ov__trim10_each_end__EMG_ACC__ShrinkageLDA,win0p25s_50ov,0.25,315,157,trim10_each_end,0.1,0.1,EMG_ACC,24,ShrinkageLDA,792,5309,385,3.5005803000003652,success,0.8779220779220779,0.8779220779220779,0.8995421686746988,0.8779220779220779,0.8639663892553877,1.0,1.0,1.0,1.0,1.0
feature_screen_with_shrinkage_lda,2,S02_personal_fold03,3,win0p25s_50ov__trim10_each_end__EMG_ACC__ShrinkageLDA,win0p25s_50ov,0.25,315,157,trim10_each_end,0.1,0.1,EMG_ACC,24,ShrinkageLDA,792,5309,385,3.5100817999991705,success,0.9272727272727272,0.9272727272727274,0.9466666666666667,0.9272727272727274,0.9247863247863247,1.0,1.0,1.0,1.0,1.0
feature_screen_with_shrinkage_lda,2,S02_personal_fold04,4,win0p25s_50ov__trim10_each_end__EMG_ACC__ShrinkageLDA,win0p25s_50ov,0.25,315,157,trim10_each_end,0.1,0.1,EMG_ACC,24,ShrinkageLDA,792,5309,385,3.4692622999991727,success,0.7922077922077922,0.7922077922077922,0.8980891719745223,0.7922077922077922,0.7351454250212693,0.8,0.8,0.7,0.8,0.7333333333333333
feature_screen_with_shrinkage_lda,2,S02_personal_fold05,5,win0p25s_50ov__trim10_each_end__EMG_ACC__ShrinkageLDA,win0p25s_50ov,0.25,315,157,trim10_each_end,0.1,0.1,EMG_ACC,24,ShrinkageLDA,792,5309,385,3.359645200000159,success,0.8571428571428571,0.8571428571428571,0.8943764705882353,0.8571428571428571,0.8522309364818932,1.0,1.0,1.0,1.0,1.0
feature_screen_with_shrinkage_lda,2,S02_personal_fold06,6,win0p25s_50ov__trim10_each_end__EMG_ACC__ShrinkageLDA,win0p25s_50ov,0.25,315,157,trim10_each_end,0.1,0.1,EMG_ACC,24,ShrinkageLDA,792,5309,385,3.583814000001439,success,0.9688311688311688,0.9688311688311689,0.9701754385964911,0.9688311688311689,0.9688171547506587,1.0,1.0,1.0,1.0,1.0
feature_screen_with_shrinkage_lda,2,S02_personal_fold07,7,win0p25s_50ov__trim10_each_end__EMG_ACC__ShrinkageLDA,win0p25s_50ov,0.25,315,157,trim10_each_end,0.1,0.1,EMG_ACC,24,ShrinkageLDA,792,2310,3384,1.823816000000079,success,0.7248817966903073,0.6979364692600503,0.7539890858653617,0.6979364692600503,0.6832789435035703,0.8,0.8,0.7,0.8,0.7333333333333333
feature_screen_with_shrinkage_lda,2,S02_personal_fold08,8,win0p25s_50ov__trim10_each_end__EMG_ACC__ShrinkageLDA,win0p25s_50ov,0.25,315,157,trim10_each_end,0.1,0.1,EMG_ACC,24,ShrinkageLDA,792,2310,385,1.7662989999989804,success,0.9584415584415584,0.9584415584415584,0.9655913978494624,0.9584415584415584,0.9591794735912382,1.0,1.0,1.0,1.0,1.0
feature_screen_with_shrinkage_lda,2,S02_personal_fold01,1,win0p25s_50ov__trim10_each_end__EMG_IMU__ShrinkageLDA,win0p25s_50ov,0.25,315,157,trim10_each_end,0.1,0.1,EMG_IMU,42,ShrinkageLDA,1386,5309,385,14.186938800001371,success,0.9116883116883117,0.9116883116883117,0.9259554819078628,0.9116883116883117,0.9071606908150844,1.0,1.0,1.0,1.0,1.0
feature_screen_with_shrinkage_lda,2,S02_personal_fold02,2,win0p25s_50ov__trim10_each_end__EMG_IMU__ShrinkageLDA,win0p25s_50ov,0.25,315,157,trim10_each_end,0.1,0.1,EMG_IMU,42,ShrinkageLDA,1386,5309,385,14.288158700001077,success,0.8831168831168831,0.8831168831168832,0.9036026308577693,0.8831168831168832,0.8710405285660509,1.0,1.0,1.0,1.0,1.0
feature_screen_with_shrinkage_lda,2,S02_personal_fold03,3,win0p25s_50ov__trim10_each_end__EMG_IMU__ShrinkageLDA,win0p25s_50ov,0.25,315,157,trim10_each_end,0.1,0.1,EMG_IMU,42,ShrinkageLDA,1386,5309,385,14.366762199999357,success,0.9584415584415584,0.9584415584415584,0.9655913978494624,0.9584415584415584,0.958286547232802,1.0,1.0,1.0,1.0,1.0
feature_screen_with_shrinkage_lda,2,S02_personal_fold04,4,win0p25s_50ov__trim10_each_end__EMG_IMU__ShrinkageLDA,win0p25s_50ov,0.25,315,157,trim10_each_end,0.1,0.1,EMG_IMU,42,ShrinkageLDA,1386,5309,385,14.283020499999111,success,0.8051948051948052,0.8051948051948052,0.9013157894736843,0.8051948051948052,0.758150321349752,0.8,0.8,0.7,0.8,0.7333333333333333
feature_screen_with_shrinkage_lda,2,S02_personal_fold05,5,win0p25s_50ov__trim10_each_end__EMG_IMU__ShrinkageLDA,win0p25s_50ov,0.25,315,157,trim10_each_end,0.1,0.1,EMG_IMU,42,ShrinkageLDA,1386,5309,385,13.76033020000068,success,0.8467532467532467,0.8467532467532468,0.891255060728745,0.8467532467532468,0.8418863498816442,0.8,0.8,0.7,0.8,0.7333333333333333
feature_screen_with_shrinkage_lda,2,S02_personal_fold06,6,win0p25s_50ov__trim10_each_end__EMG_IMU__ShrinkageLDA,win0p25s_50ov,0.25,315,157,trim10_each_end,0.1,0.1,EMG_IMU,42,ShrinkageLDA,1386,5309,385,14.285526300000129,success,0.9636363636363636,0.9636363636363636,0.9658365164247517,0.9636363636363636,0.9637084038910523,1.0,1.0,1.0,1.0,1.0
feature_screen_with_shrinkage_lda,2,S02_personal_fold07,7,win0p25s_50ov__trim10_each_end__EMG_IMU__ShrinkageLDA,win0p25s_50ov,0.25,315,157,trim10_each_end,0.1,0.1,EMG_IMU,42,ShrinkageLDA,1386,2310,3384,7.909499200000937,success,0.725177304964539,0.6939086802871226,0.739743251072571,0.6939086802871226,0.6727028595521661,0.8,0.8,0.7,0.8,0.7333333333333333
feature_screen_with_shrinkage_lda,2,S02_personal_fold08,8,win0p25s_50ov__trim10_each_end__EMG_IMU__ShrinkageLDA,win0p25s_50ov,0.25,315,157,trim10_each_end,0.1,0.1,EMG_IMU,42,ShrinkageLDA,1386,2310,385,7.600981999999931,success,0.9532467532467532,0.9532467532467532,0.9621052631578948,0.9532467532467532,0.9537364341085273,1.0,1.0,1.0,1.0,1.0
feature_screen_with_shrinkage_lda,2,S02_personal_fold01,1,win0p25s_50ov__trim20_each_end__EMG__ShrinkageLDA,win0p25s_50ov,0.25,315,157,trim20_each_end,0.2,0.2,EMG,6,ShrinkageLDA,198,3962,285,0.19796689999930095,success,0.9719298245614035,0.9719298245614034,0.9725278791304796,0.9719298245614034,0.9717900888571485,1.0,1.0,1.0,1.0,1.0
feature_screen_with_shrinkage_lda,2,S02_personal_fold02,2,win0p25s_50ov__trim20_each_end__EMG__ShrinkageLDA,win0p25s_50ov,0.25,315,157,trim20_each_end,0.2,0.2,EMG,6,ShrinkageLDA,198,3962,285,0.16573480000079144,success,0.7614035087719299,0.7614035087719297,0.8325991422671679,0.7614035087719297,0.7262206513997882,0.8,0.8,0.7,0.8,0.7333333333333333
feature_screen_with_shrinkage_lda,2,S02_personal_fold03,3,win0p25s_50ov__trim20_each_end__EMG__ShrinkageLDA,win0p25s_50ov,0.25,315,157,trim20_each_end,0.2,0.2,EMG,6,ShrinkageLDA,198,3962,285,0.17797129999962635,success,0.8736842105263158,0.8736842105263157,0.9204647676161919,0.8736842105263157,0.8699615975262255,0.8,0.8,0.7,0.8,0.7333333333333333
feature_screen_with_shrinkage_lda,2,S02_personal_fold04,4,win0p25s_50ov__trim20_each_end__EMG__ShrinkageLDA,win0p25s_50ov,0.25,315,157,trim20_each_end,0.2,0.2,EMG,6,ShrinkageLDA,198,3962,285,0.2244750000008935,success,0.9543859649122807,0.9543859649122807,0.9561749409844224,0.9543859649122807,0.9537092079580866,1.0,1.0,1.0,1.0,1.0
feature_screen_with_shrinkage_lda,2,S02_personal_fold05,5,win0p25s_50ov__trim20_each_end__EMG__ShrinkageLDA,win0p25s_50ov,0.25,315,157,trim20_each_end,0.2,0.2,EMG,6,ShrinkageLDA,198,3962,285,0.18119800000022224,success,0.9578947368421052,0.9578947368421051,0.9606847764572721,0.9578947368421051,0.9577812883613456,1.0,1.0,1.0,1.0,1.0
feature_screen_with_shrinkage_lda,2,S02_personal_fold06,6,win0p25s_50ov__trim20_each_end__EMG__ShrinkageLDA,win0p25s_50ov,0.25,315,157,trim20_each_end,0.2,0.2,EMG,6,ShrinkageLDA,198,3962,285,0.21966659999998228,success,0.968421052631579,0.968421052631579,0.968491460484447,0.968421052631579,0.9682515499007252,1.0,1.0,1.0,1.0,1.0
feature_screen_with_shrinkage_lda,2,S02_personal_fold07,7,win0p25s_50ov__trim20_each_end__EMG__ShrinkageLDA,win0p25s_50ov,0.25,315,157,trim20_each_end,0.2,0.2,EMG,6,ShrinkageLDA,198,1710,2537,0.11943810000047961,success,0.7024044146629878,0.6691547952974246,0.7729484884372102,0.6691547952974246,0.648805442799337,0.8,0.8,0.7,0.8,0.7333333333333333
feature_screen_with_shrinkage_lda,2,S02_personal_fold08,8,win0p25s_50ov__trim20_each_end__EMG__ShrinkageLDA,win0p25s_50ov,0.25,315,157,trim20_each_end,0.2,0.2,EMG,6,ShrinkageLDA,198,1710,285,0.11310770000090997,success,0.887719298245614,0.887719298245614,0.9257718696397941,0.887719298245614,0.8842633228840124,1.0,1.0,1.0,1.0,1.0
feature_screen_with_shrinkage_lda,2,S02_personal_fold01,1,win0p25s_50ov__trim20_each_end__EMG_ACC__ShrinkageLDA,win0p25s_50ov,0.25,315,157,trim20_each_end,0.2,0.2,EMG_ACC,24,ShrinkageLDA,792,3962,285,2.854833100000178,success,0.9157894736842105,0.9157894736842106,0.9338709677419356,0.9157894736842106,0.9096918767507003,1.0,1.0,1.0,1.0,1.0
feature_screen_with_shrinkage_lda,2,S02_personal_fold02,2,win0p25s_50ov__trim20_each_end__EMG_ACC__ShrinkageLDA,win0p25s_50ov,0.25,315,157,trim20_each_end,0.2,0.2,EMG_ACC,24,ShrinkageLDA,792,3962,285,2.6620100000000093,success,0.9052631578947369,0.9052631578947368,0.9217029260477275,0.9052631578947368,0.8950979124091368,1.0,1.0,1.0,1.0,1.0
feature_screen_with_shrinkage_lda,2,S02_personal_fold03,3,win0p25s_50ov__trim20_each_end__EMG_ACC__ShrinkageLDA,win0p25s_50ov,0.25,315,157,trim20_each_end,0.2,0.2,EMG_ACC,24,ShrinkageLDA,792,3962,285,2.656478099999731,success,0.9298245614035088,0.9298245614035088,0.9480519480519479,0.9298245614035088,0.9275960622419817,1.0,1.0,1.0,1.0,1.0
feature_screen_with_shrinkage_lda,2,S02_personal_fold04,4,win0p25s_50ov__trim20_each_end__EMG_ACC__ShrinkageLDA,win0p25s_50ov,0.25,315,157,trim20_each_end,0.2,0.2,EMG_ACC,24,ShrinkageLDA,792,3962,285,2.7769517000015185,success,0.7929824561403509,0.7929824561403509,0.8982758620689655,0.7929824561403509,0.7428150735376169,0.8,0.8,0.7,0.8,0.7333333333333333
feature_screen_with_shrinkage_lda,2,S02_personal_fold05,5,win0p25s_50ov__trim20_each_end__EMG_ACC__ShrinkageLDA,win0p25s_50ov,0.25,315,157,trim20_each_end,0.2,0.2,EMG_ACC,24,ShrinkageLDA,792,3962,285,2.719130400000722,success,0.7508771929824561,0.7508771929824561,0.8333333333333334,0.7508771929824561,0.7158401639344263,0.8,0.8,0.7,0.8,0.7333333333333333
feature_screen_with_shrinkage_lda,2,S02_personal_fold06,6,win0p25s_50ov__trim20_each_end__EMG_ACC__ShrinkageLDA,win0p25s_50ov,0.25,315,157,trim20_each_end,0.2,0.2,EMG_ACC,24,ShrinkageLDA,792,3962,285,2.6769115000006423,success,0.9508771929824561,0.9508771929824562,0.9550000000000001,0.9508771929824562,0.9505085823267642,1.0,1.0,1.0,1.0,1.0
feature_screen_with_shrinkage_lda,2,S02_personal_fold07,7,win0p25s_50ov__trim20_each_end__EMG_ACC__ShrinkageLDA,win0p25s_50ov,0.25,315,157,trim20_each_end,0.2,0.2,EMG_ACC,24,ShrinkageLDA,792,1710,2537,1.4473414000003686,success,0.6901852581789515,0.6582765963793624,0.7321688278766182,0.6582765963793624,0.6418602090579956,1.0,1.0,1.0,1.0,1.0
feature_screen_with_shrinkage_lda,2,S02_personal_fold08,8,win0p25s_50ov__trim20_each_end__EMG_ACC__ShrinkageLDA,win0p25s_50ov,0.25,315,157,trim20_each_end,0.2,0.2,EMG_ACC,24,ShrinkageLDA,792,1710,285,1.5436272999995708,success,0.9649122807017544,0.9649122807017545,0.9677066228790366,0.9649122807017545,0.9650318298794527,1.0,1.0,1.0,1.0,1.0
feature_screen_with_shrinkage_lda,2,S02_personal_fold01,1,win0p25s_50ov__trim20_each_end__EMG_IMU__ShrinkageLDA,win0p25s_50ov,0.25,315,157,trim20_each_end,0.2,0.2,EMG_IMU,42,ShrinkageLDA,1386,3962,285,11.577348099999654,success,0.9157894736842105,0.9157894736842106,0.9349371939535874,0.9157894736842106,0.9100362593810608,1.0,1.0,1.0,1.0,1.0
feature_screen_with_shrinkage_lda,2,S02_personal_fold02,2,win0p25s_50ov__trim20_each_end__EMG_IMU__ShrinkageLDA,win0p25s_50ov,0.25,315,157,trim20_each_end,0.2,0.2,EMG_IMU,42,ShrinkageLDA,1386,3962,285,11.428063100000145,success,0.9017543859649123,0.9017543859649123,0.9177075184702304,0.9017543859649123,0.8941653152314126,1.0,1.0,1.0,1.0,1.0
feature_screen_with_shrinkage_lda,2,S02_personal_fold03,3,win0p25s_50ov__trim20_each_end__EMG_IMU__ShrinkageLDA,win0p25s_50ov,0.25,315,157,trim20_each_end,0.2,0.2,EMG_IMU,42,ShrinkageLDA,1386,3962,285,11.69431220000115,success,0.9578947368421052,0.9578947368421054,0.9652173913043478,0.9578947368421054,0.957422969187675,1.0,1.0,1.0,1.0,1.0
feature_screen_with_shrinkage_lda,2,S02_personal_fold04,4,win0p25s_50ov__trim20_each_end__EMG_IMU__ShrinkageLDA,win0p25s_50ov,0.25,315,157,trim20_each_end,0.2,0.2,EMG_IMU,42,ShrinkageLDA,1386,3962,285,11.378733399998964,success,0.7964912280701755,0.7964912280701754,0.8991304347826088,0.7964912280701754,0.7453828226250536,0.8,0.8,0.7,0.8,0.7333333333333333
feature_screen_with_shrinkage_lda,2,S02_personal_fold05,5,win0p25s_50ov__trim20_each_end__EMG_IMU__ShrinkageLDA,win0p25s_50ov,0.25,315,157,trim20_each_end,0.2,0.2,EMG_IMU,42,ShrinkageLDA,1386,3962,285,11.400750999999218,success,0.7614035087719299,0.7614035087719297,0.840468106007218,0.7614035087719297,0.7309427014932633,0.8,0.8,0.7,0.8,0.7333333333333333
feature_screen_with_shrinkage_lda,2,S02_personal_fold06,6,win0p25s_50ov__trim20_each_end__EMG_IMU__ShrinkageLDA,win0p25s_50ov,0.25,315,157,trim20_each_end,0.2,0.2,EMG_IMU,42,ShrinkageLDA,1386,3962,285,10.951457199998913,success,0.9263157894736842,0.9263157894736842,0.9395738203957382,0.9263157894736842,0.9272719787571273,1.0,1.0,1.0,1.0,1.0
feature_screen_with_shrinkage_lda,2,S02_personal_fold07,7,win0p25s_50ov__trim20_each_end__EMG_IMU__ShrinkageLDA,win0p25s_50ov,0.25,315,157,trim20_each_end,0.2,0.2,EMG_IMU,42,ShrinkageLDA,1386,1710,2537,6.44211069999983,success,0.658651951123374,0.6230424759491933,0.6960914621819578,0.6230424759491933,0.5958906436610482,0.8,0.8,0.7,0.8,0.7333333333333333
feature_screen_with_shrinkage_lda,2,S02_personal_fold08,8,win0p25s_50ov__trim20_each_end__EMG_IMU__ShrinkageLDA,win0p25s_50ov,0.25,315,157,trim20_each_end,0.2,0.2,EMG_IMU,42,ShrinkageLDA,1386,1710,285,6.363332100001571,success,0.9543859649122807,0.9543859649122807,0.9584051724137931,0.9543859649122807,0.9547224048976604,1.0,1.0,1.0,1.0,1.0
feature_screen_with_shrinkage_lda,2,S02_personal_fold01,1,win0p5s_50ov__full_segment__EMG__ShrinkageLDA,win0p5s_50ov,0.5,630,315,full_segment,0.0,0.0,EMG,6,ShrinkageLDA,198,3283,235,0.20064219999949273,success,0.9574468085106383,0.9574468085106382,0.9585601389491967,0.9574468085106382,0.9571352155221635,1.0,1.0,1.0,1.0,1.0
feature_screen_with_shrinkage_lda,2,S02_personal_fold02,2,win0p5s_50ov__full_segment__EMG__ShrinkageLDA,win0p5s_50ov,0.5,630,315,full_segment,0.0,0.0,EMG,6,ShrinkageLDA,198,3283,235,0.19597849999991013,success,0.8,0.8,0.841226442730202,0.8,0.7822827860438479,0.8,0.8,0.7,0.8,0.7333333333333333
feature_screen_with_shrinkage_lda,2,S02_personal_fold03,3,win0p5s_50ov__full_segment__EMG__ShrinkageLDA,win0p5s_50ov,0.5,630,315,full_segment,0.0,0.0,EMG,6,ShrinkageLDA,198,3283,235,0.1914961000002222,success,0.8851063829787233,0.8851063829787235,0.927027027027027,0.8851063829787235,0.8868270091855794,1.0,1.0,1.0,1.0,1.0
feature_screen_with_shrinkage_lda,2,S02_personal_fold04,4,win0p5s_50ov__full_segment__EMG__ShrinkageLDA,win0p5s_50ov,0.5,630,315,full_segment,0.0,0.0,EMG,6,ShrinkageLDA,198,3283,235,0.17801680000047782,success,0.9744680851063829,0.9744680851063829,0.975488908606921,0.9744680851063829,0.9743072645309094,1.0,1.0,1.0,1.0,1.0
feature_screen_with_shrinkage_lda,2,S02_personal_fold05,5,win0p5s_50ov__full_segment__EMG__ShrinkageLDA,win0p5s_50ov,0.5,630,315,full_segment,0.0,0.0,EMG,6,ShrinkageLDA,198,3283,235,0.19823429999996733,success,0.9617021276595744,0.9617021276595745,0.9656084656084655,0.9617021276595745,0.9621000546561739,1.0,1.0,1.0,1.0,1.0
feature_screen_with_shrinkage_lda,2,S02_personal_fold06,6,win0p5s_50ov__full_segment__EMG__ShrinkageLDA,win0p5s_50ov,0.5,630,315,full_segment,0.0,0.0,EMG,6,ShrinkageLDA,198,3283,235,0.19611470000018016,success,0.9744680851063829,0.9744680851063829,0.974977817213842,0.9744680851063829,0.9745967741935484,1.0,1.0,1.0,1.0,1.0
feature_screen_with_shrinkage_lda,2,S02_personal_fold07,7,win0p5s_50ov__full_segment__EMG__ShrinkageLDA,win0p5s_50ov,0.5,630,315,full_segment,0.0,0.0,EMG,6,ShrinkageLDA,198,1410,2108,0.09133789999941655,success,0.7713472485768501,0.7478750588971761,0.8048850902726945,0.7478750588971761,0.7377904319989587,0.8,0.8,0.7,0.8,0.7333333333333333
feature_screen_with_shrinkage_lda,2,S02_personal_fold08,8,win0p5s_50ov__full_segment__EMG__ShrinkageLDA,win0p5s_50ov,0.5,630,315,full_segment,0.0,0.0,EMG,6,ShrinkageLDA,198,1410,235,0.08587009999973816,success,0.8765957446808511,0.876595744680851,0.9236842105263158,0.876595744680851,0.8789710833062674,1.0,1.0,1.0,1.0,1.0
feature_screen_with_shrinkage_lda,2,S02_personal_fold01,1,win0p5s_50ov__full_segment__EMG_ACC__ShrinkageLDA,win0p5s_50ov,0.5,630,315,full_segment,0.0,0.0,EMG_ACC,24,ShrinkageLDA,792,3283,235,2.4339445999994496,success,0.9191489361702128,0.9191489361702129,0.9250998116760829,0.9191489361702129,0.916500902136719,1.0,1.0,1.0,1.0,1.0
feature_screen_with_shrinkage_lda,2,S02_personal_fold02,2,win0p5s_50ov__full_segment__EMG_ACC__ShrinkageLDA,win0p5s_50ov,0.5,630,315,full_segment,0.0,0.0,EMG_ACC,24,ShrinkageLDA,792,3283,235,2.4876172999993287,success,0.8765957446808511,0.876595744680851,0.8934065934065935,0.876595744680851,0.8659163769515199,1.0,1.0,1.0,1.0,1.0
feature_screen_with_shrinkage_lda,2,S02_personal_fold03,3,win0p5s_50ov__full_segment__EMG_ACC__ShrinkageLDA,win0p5s_50ov,0.5,630,315,full_segment,0.0,0.0,EMG_ACC,24,ShrinkageLDA,792,3283,235,2.6205717000011646,success,0.9148936170212766,0.9148936170212766,0.9402985074626866,0.9148936170212766,0.9149977507872243,1.0,1.0,1.0,1.0,1.0
feature_screen_with_shrinkage_lda,2,S02_personal_fold04,4,win0p5s_50ov__full_segment__EMG_ACC__ShrinkageLDA,win0p5s_50ov,0.5,630,315,full_segment,0.0,0.0,EMG_ACC,24,ShrinkageLDA,792,3283,235,2.551869099999749,success,0.8,0.8,0.9,0.8,0.739516129032258,0.8,0.8,0.7,0.8,0.7333333333333333
feature_screen_with_shrinkage_lda,2,S02_personal_fold05,5,win0p5s_50ov__full_segment__EMG_ACC__ShrinkageLDA,win0p5s_50ov,0.5,630,315,full_segment,0.0,0.0,EMG_ACC,24,ShrinkageLDA,792,3283,235,2.347178400001212,success,0.9276595744680851,0.9276595744680851,0.9433239962651727,0.9276595744680851,0.9272786472786473,1.0,1.0,1.0,1.0,1.0
feature_screen_with_shrinkage_lda,2,S02_personal_fold06,6,win0p5s_50ov__full_segment__EMG_ACC__ShrinkageLDA,win0p5s_50ov,0.5,630,315,full_segment,0.0,0.0,EMG_ACC,24,ShrinkageLDA,792,3283,235,2.651943900000333,success,0.9702127659574468,0.9702127659574469,0.9730106644790812,0.9702127659574469,0.9703124320405945,1.0,1.0,1.0,1.0,1.0
feature_screen_with_shrinkage_lda,2,S02_personal_fold07,7,win0p5s_50ov__full_segment__EMG_ACC__ShrinkageLDA,win0p5s_50ov,0.5,630,315,full_segment,0.0,0.0,EMG_ACC,24,ShrinkageLDA,792,1410,2108,1.4666704999999638,success,0.7158444022770398,0.6878604983136196,0.7416929631221694,0.6878604983136196,0.6732867924571185,1.0,1.0,1.0,1.0,1.0
feature_screen_with_shrinkage_lda,2,S02_personal_fold08,8,win0p5s_50ov__full_segment__EMG_ACC__ShrinkageLDA,win0p5s_50ov,0.5,630,315,full_segment,0.0,0.0,EMG_ACC,24,ShrinkageLDA,792,1410,235,1.3318452000003163,success,0.9446808510638298,0.9446808510638297,0.9566666666666667,0.9446808510638297,0.9458603283604688,1.0,1.0,1.0,1.0,1.0
feature_screen_with_shrinkage_lda,2,S02_personal_fold01,1,win0p5s_50ov__full_segment__EMG_IMU__ShrinkageLDA,win0p5s_50ov,0.5,630,315,full_segment,0.0,0.0,EMG_IMU,42,ShrinkageLDA,1386,3283,235,9.78596749999997,success,0.9319148936170213,0.9319148936170212,0.9362361948828113,0.9319148936170212,0.930504372888094,1.0,1.0,1.0,1.0,1.0
feature_screen_with_shrinkage_lda,2,S02_personal_fold02,2,win0p5s_50ov__full_segment__EMG_IMU__ShrinkageLDA,win0p5s_50ov,0.5,630,315,full_segment,0.0,0.0,EMG_IMU,42,ShrinkageLDA,1386,3283,235,9.796273699999801,success,0.8765957446808511,0.876595744680851,0.8948082457996114,0.876595744680851,0.8664687480706614,1.0,1.0,1.0,1.0,1.0
feature_screen_with_shrinkage_lda,2,S02_personal_fold03,3,win0p5s_50ov__full_segment__EMG_IMU__ShrinkageLDA,win0p5s_50ov,0.5,630,315,full_segment,0.0,0.0,EMG_IMU,42,ShrinkageLDA,1386,3283,235,9.915284200000315,success,0.9361702127659575,0.9361702127659575,0.9516129032258064,0.9361702127659575,0.9366153649438502,1.0,1.0,1.0,1.0,1.0
feature_screen_with_shrinkage_lda,2,S02_personal_fold04,4,win0p5s_50ov__full_segment__EMG_IMU__ShrinkageLDA,win0p5s_50ov,0.5,630,315,full_segment,0.0,0.0,EMG_IMU,42,ShrinkageLDA,1386,3283,235,9.879676600001403,success,0.8,0.8,0.9,0.8,0.739516129032258,0.8,0.8,0.7,0.8,0.7333333333333333
feature_screen_with_shrinkage_lda,2,S02_personal_fold05,5,win0p5s_50ov__full_segment__EMG_IMU__ShrinkageLDA,win0p5s_50ov,0.5,630,315,full_segment,0.0,0.0,EMG_IMU,42,ShrinkageLDA,1386,3283,235,9.699065599999813,success,0.8765957446808511,0.876595744680851,0.9236842105263158,0.876595744680851,0.8748200810850729,1.0,1.0,1.0,1.0,1.0
feature_screen_with_shrinkage_lda,2,S02_personal_fold06,6,win0p5s_50ov__full_segment__EMG_IMU__ShrinkageLDA,win0p5s_50ov,0.5,630,315,full_segment,0.0,0.0,EMG_IMU,42,ShrinkageLDA,1386,3283,235,10.265229000000545,success,0.9744680851063829,0.9744680851063829,0.9761504601840736,0.9744680851063829,0.9740337043908471,1.0,1.0,1.0,1.0,1.0
feature_screen_with_shrinkage_lda,2,S02_personal_fold07,7,win0p5s_50ov__full_segment__EMG_IMU__ShrinkageLDA,win0p5s_50ov,0.5,630,315,full_segment,0.0,0.0,EMG_IMU,42,ShrinkageLDA,1386,1410,2108,6.08837560000029,success,0.6764705882352942,0.6373772574072724,0.6281187383377645,0.6373772574072724,0.6242179505268153,0.8,0.8,0.7,0.8,0.7333333333333333
feature_screen_with_shrinkage_lda,2,S02_personal_fold08,8,win0p5s_50ov__full_segment__EMG_IMU__ShrinkageLDA,win0p5s_50ov,0.5,630,315,full_segment,0.0,0.0,EMG_IMU,42,ShrinkageLDA,1386,1410,235,5.794835699998657,success,0.9446808510638298,0.9446808510638298,0.9550667147493689,0.9446808510638298,0.9438348787341747,1.0,1.0,1.0,1.0,1.0
feature_screen_with_shrinkage_lda,2,S02_personal_fold01,1,win0p5s_50ov__trim10_each_end__EMG__ShrinkageLDA,win0p5s_50ov,0.5,630,315,trim10_each_end,0.1,0.1,EMG,6,ShrinkageLDA,198,2636,190,0.14072619999933522,success,0.9631578947368421,0.9631578947368421,0.9647361647361647,0.9631578947368421,0.9631141552511415,1.0,1.0,1.0,1.0,1.0
feature_screen_with_shrinkage_lda,2,S02_personal_fold02,2,win0p5s_50ov__trim10_each_end__EMG__ShrinkageLDA,win0p5s_50ov,0.5,630,315,trim10_each_end,0.1,0.1,EMG,6,ShrinkageLDA,198,2636,190,0.11937109999962559,success,0.7947368421052632,0.7947368421052632,0.8420255183413079,0.7947368421052632,0.7721658206088795,0.8,0.8,0.7,0.8,0.7333333333333333
feature_screen_with_shrinkage_lda,2,S02_personal_fold03,3,win0p5s_50ov__trim10_each_end__EMG__ShrinkageLDA,win0p5s_50ov,0.5,630,315,trim10_each_end,0.1,0.1,EMG,6,ShrinkageLDA,198,2636,190,0.11622800000077405,success,0.868421052631579,0.868421052631579,0.9206349206349206,0.868421052631579,0.8681362289152453,1.0,1.0,1.0,1.0,1.0
feature_screen_with_shrinkage_lda,2,S02_personal_fold04,4,win0p5s_50ov__trim10_each_end__EMG__ShrinkageLDA,win0p5s_50ov,0.5,630,315,trim10_each_end,0.1,0.1,EMG,6,ShrinkageLDA,198,2636,190,0.12422330000117654,success,0.968421052631579,0.968421052631579,0.9695945945945945,0.968421052631579,0.9683962065331929,1.0,1.0,1.0,1.0,1.0
feature_screen_with_shrinkage_lda,2,S02_personal_fold05,5,win0p5s_50ov__trim10_each_end__EMG__ShrinkageLDA,win0p5s_50ov,0.5,630,315,trim10_each_end,0.1,0.1,EMG,6,ShrinkageLDA,198,2636,190,0.15606170000137354,success,0.9578947368421052,0.9578947368421051,0.9652173913043478,0.9578947368421051,0.9584041184041183,1.0,1.0,1.0,1.0,1.0
feature_screen_with_shrinkage_lda,2,S02_personal_fold06,6,win0p5s_50ov__trim10_each_end__EMG__ShrinkageLDA,win0p5s_50ov,0.5,630,315,trim10_each_end,0.1,0.1,EMG,6,ShrinkageLDA,198,2636,190,0.15911419999974896,success,0.9789473684210527,0.9789473684210526,0.9789400736769158,0.9789473684210526,0.9788762816131238,1.0,1.0,1.0,1.0,1.0
feature_screen_with_shrinkage_lda,2,S02_personal_fold07,7,win0p5s_50ov__trim10_each_end__EMG__ShrinkageLDA,win0p5s_50ov,0.5,630,315,trim10_each_end,0.1,0.1,EMG,6,ShrinkageLDA,198,1140,1686,0.08001150000018242,success,0.7574139976275207,0.7332289295737184,0.8002889633869188,0.7332289295737184,0.7124217781779943,0.8,0.8,0.7,0.8,0.7333333333333333
feature_screen_with_shrinkage_lda,2,S02_personal_fold08,8,win0p5s_50ov__trim10_each_end__EMG__ShrinkageLDA,win0p5s_50ov,0.5,630,315,trim10_each_end,0.1,0.1,EMG,6,ShrinkageLDA,198,1140,190,0.08430889999908686,success,0.8736842105263158,0.8736842105263157,0.9225806451612903,0.8736842105263157,0.876535679374389,1.0,1.0,1.0,1.0,1.0
feature_screen_with_shrinkage_lda,2,S02_personal_fold01,1,win0p5s_50ov__trim10_each_end__EMG_ACC__ShrinkageLDA,win0p5s_50ov,0.5,630,315,trim10_each_end,0.1,0.1,EMG_ACC,24,ShrinkageLDA,792,2636,190,2.08760330000041,success,0.9368421052631579,0.9368421052631579,0.9483333333333335,0.9368421052631579,0.9341159809183065,1.0,1.0,1.0,1.0,1.0
feature_screen_with_shrinkage_lda,2,S02_personal_fold02,2,win0p5s_50ov__trim10_each_end__EMG_ACC__ShrinkageLDA,win0p5s_50ov,0.5,630,315,trim10_each_end,0.1,0.1,EMG_ACC,24,ShrinkageLDA,792,2636,190,2.084755599998971,success,0.8842105263157894,0.8842105263157893,0.9030327592029719,0.8842105263157893,0.8711157233977929,1.0,1.0,1.0,1.0,1.0
feature_screen_with_shrinkage_lda,2,S02_personal_fold03,3,win0p5s_50ov__trim10_each_end__EMG_ACC__ShrinkageLDA,win0p5s_50ov,0.5,630,315,trim10_each_end,0.1,0.1,EMG_ACC,24,ShrinkageLDA,792,2636,190,2.1060507999991387,success,0.9,0.9,0.9333333333333332,0.9,0.8952643678160921,1.0,1.0,1.0,1.0,1.0
feature_screen_with_shrinkage_lda,2,S02_personal_fold04,4,win0p5s_50ov__trim10_each_end__EMG_ACC__ShrinkageLDA,win0p5s_50ov,0.5,630,315,trim10_each_end,0.1,0.1,EMG_ACC,24,ShrinkageLDA,792,2636,190,1.8721287000007578,success,0.8105263157894737,0.8105263157894737,0.9027027027027028,0.8105263157894737,0.7684761904761904,0.8,0.8,0.7,0.8,0.7333333333333333
feature_screen_with_shrinkage_lda,2,S02_personal_fold05,5,win0p5s_50ov__trim10_each_end__EMG_ACC__ShrinkageLDA,win0p5s_50ov,0.5,630,315,trim10_each_end,0.1,0.1,EMG_ACC,24,ShrinkageLDA,792,2636,190,2.056498799998735,success,0.9315789473684211,0.9315789473684211,0.9417687074829931,0.9315789473684211,0.9311993479489103,1.0,1.0,1.0,1.0,1.0
feature_screen_with_shrinkage_lda,2,S02_personal_fold06,6,win0p5s_50ov__trim10_each_end__EMG_ACC__ShrinkageLDA,win0p5s_50ov,0.5,630,315,trim10_each_end,0.1,0.1,EMG_ACC,24,ShrinkageLDA,792,2636,190,2.0288233999999647,success,0.9842105263157894,0.9842105263157894,0.9846153846153847,0.9842105263157894,0.9842049842049843,1.0,1.0,1.0,1.0,1.0
feature_screen_with_shrinkage_lda,2,S02_personal_fold07,7,win0p5s_50ov__trim10_each_end__EMG_ACC__ShrinkageLDA,win0p5s_50ov,0.5,630,315,trim10_each_end,0.1,0.1,EMG_ACC,24,ShrinkageLDA,792,1140,1686,1.3149111999991874,success,0.7289442467378411,0.7029673235741438,0.7398531952762658,0.7029673235741438,0.6845220502632106,1.0,1.0,1.0,1.0,1.0
feature_screen_with_shrinkage_lda,2,S02_personal_fold08,8,win0p5s_50ov__trim10_each_end__EMG_ACC__ShrinkageLDA,win0p5s_50ov,0.5,630,315,trim10_each_end,0.1,0.1,EMG_ACC,24,ShrinkageLDA,792,1140,190,1.18942430000061,success,0.9421052631578948,0.9421052631578947,0.9551020408163264,0.9421052631578947,0.9434852794930503,1.0,1.0,1.0,1.0,1.0
feature_screen_with_shrinkage_lda,2,S02_personal_fold01,1,win0p5s_50ov__trim10_each_end__EMG_IMU__ShrinkageLDA,win0p5s_50ov,0.5,630,315,trim10_each_end,0.1,0.1,EMG_IMU,42,ShrinkageLDA,1386,2636,190,8.302270600001066,success,0.9421052631578948,0.9421052631578947,0.9551020408163264,0.9421052631578947,0.940866489832007,1.0,1.0,1.0,1.0,1.0
feature_screen_with_shrinkage_lda,2,S02_personal_fold02,2,win0p5s_50ov__trim10_each_end__EMG_IMU__ShrinkageLDA,win0p5s_50ov,0.5,630,315,trim10_each_end,0.1,0.1,EMG_IMU,42,ShrinkageLDA,1386,2636,190,7.791651900000943,success,0.8736842105263158,0.8736842105263157,0.8956436314363143,0.8736842105263157,0.8620804425490345,1.0,1.0,1.0,1.0,1.0
feature_screen_with_shrinkage_lda,2,S02_personal_fold03,3,win0p5s_50ov__trim10_each_end__EMG_IMU__ShrinkageLDA,win0p5s_50ov,0.5,630,315,trim10_each_end,0.1,0.1,EMG_IMU,42,ShrinkageLDA,1386,2636,190,8.305146400000012,success,0.968421052631579,0.968421052631579,0.9727272727272727,0.968421052631579,0.9682229965156793,1.0,1.0,1.0,1.0,1.0
feature_screen_with_shrinkage_lda,2,S02_personal_fold04,4,win0p5s_50ov__trim10_each_end__EMG_IMU__ShrinkageLDA,win0p5s_50ov,0.5,630,315,trim10_each_end,0.1,0.1,EMG_IMU,42,ShrinkageLDA,1386,2636,190,8.166325000000143,success,0.8368421052631579,0.8368421052631578,0.9101449275362319,0.8368421052631578,0.8089546254909928,0.8,0.8,0.7,0.8,0.7333333333333333
feature_screen_with_shrinkage_lda,2,S02_personal_fold05,5,win0p5s_50ov__trim10_each_end__EMG_IMU__ShrinkageLDA,win0p5s_50ov,0.5,630,315,trim10_each_end,0.1,0.1,EMG_IMU,42,ShrinkageLDA,1386,2636,190,8.295039700000416,success,0.8473684210526315,0.8473684210526315,0.8885137085137085,0.8473684210526315,0.8438754624579715,1.0,1.0,1.0,1.0,1.0
feature_screen_with_shrinkage_lda,2,S02_personal_fold06,6,win0p5s_50ov__trim10_each_end__EMG_IMU__ShrinkageLDA,win0p5s_50ov,0.5,630,315,trim10_each_end,0.1,0.1,EMG_IMU,42,ShrinkageLDA,1386,2636,190,8.044629500000156,success,0.968421052631579,0.968421052631579,0.9701415701415701,0.968421052631579,0.9684474885844748,1.0,1.0,1.0,1.0,1.0
feature_screen_with_shrinkage_lda,2,S02_personal_fold07,7,win0p5s_50ov__trim10_each_end__EMG_IMU__ShrinkageLDA,win0p5s_50ov,0.5,630,315,trim10_each_end,0.1,0.1,EMG_IMU,42,ShrinkageLDA,1386,1140,1686,5.071014200000718,success,0.7093712930011863,0.6758859692312289,0.6785725725977356,0.6758859692312289,0.6582549498352297,0.8,0.8,0.7,0.8,0.7333333333333333
feature_screen_with_shrinkage_lda,2,S02_personal_fold08,8,win0p5s_50ov__trim10_each_end__EMG_IMU__ShrinkageLDA,win0p5s_50ov,0.5,630,315,trim10_each_end,0.1,0.1,EMG_IMU,42,ShrinkageLDA,1386,1140,190,5.293064899999081,success,0.968421052631579,0.968421052631579,0.9727272727272727,0.968421052631579,0.9682229965156793,1.0,1.0,1.0,1.0,1.0
feature_screen_with_shrinkage_lda,2,S02_personal_fold01,1,win0p5s_50ov__trim20_each_end__EMG__ShrinkageLDA,win0p5s_50ov,0.5,630,315,trim20_each_end,0.2,0.2,EMG,6,ShrinkageLDA,198,1964,140,0.12567879999915021,success,0.9785714285714285,0.9785714285714286,0.9792592592592593,0.9785714285714286,0.9785579937304074,1.0,1.0,1.0,1.0,1.0
feature_screen_with_shrinkage_lda,2,S02_personal_fold02,2,win0p5s_50ov__trim20_each_end__EMG__ShrinkageLDA,win0p5s_50ov,0.5,630,315,trim20_each_end,0.2,0.2,EMG,6,ShrinkageLDA,198,1964,140,0.1218191999996634,success,0.7857142857142857,0.7857142857142857,0.8450601496637301,0.7857142857142857,0.7471971678423291,0.8,0.8,0.7,0.8,0.7333333333333333
feature_screen_with_shrinkage_lda,2,S02_personal_fold03,3,win0p5s_50ov__trim20_each_end__EMG__ShrinkageLDA,win0p5s_50ov,0.5,630,315,trim20_each_end,0.2,0.2,EMG,6,ShrinkageLDA,198,1964,140,0.12846080000053917,success,0.85,0.85,0.9142857142857143,0.85,0.8428904428904429,0.8,0.8,0.7,0.8,0.7333333333333333
feature_screen_with_shrinkage_lda,2,S02_personal_fold04,4,win0p5s_50ov__trim20_each_end__EMG__ShrinkageLDA,win0p5s_50ov,0.5,630,315,trim20_each_end,0.2,0.2,EMG,6,ShrinkageLDA,198,1964,140,0.12181500000042433,success,0.9642857142857143,0.9642857142857142,0.966056301873877,0.9642857142857142,0.9640995143225295,1.0,1.0,1.0,1.0,1.0
feature_screen_with_shrinkage_lda,2,S02_personal_fold05,5,win0p5s_50ov__trim20_each_end__EMG__ShrinkageLDA,win0p5s_50ov,0.5,630,315,trim20_each_end,0.2,0.2,EMG,6,ShrinkageLDA,198,1964,140,0.12774129999888828,success,0.9642857142857143,0.9642857142857142,0.9696969696969697,0.9642857142857142,0.9639987142397942,1.0,1.0,1.0,1.0,1.0
feature_screen_with_shrinkage_lda,2,S02_personal_fold06,6,win0p5s_50ov__trim20_each_end__EMG__ShrinkageLDA,win0p5s_50ov,0.5,630,315,trim20_each_end,0.2,0.2,EMG,6,ShrinkageLDA,198,1964,140,0.11862359999940963,success,1.0,1.0,1.0,1.0,1.0,1.0,1.0,1.0,1.0,1.0
feature_screen_with_shrinkage_lda,2,S02_personal_fold07,7,win0p5s_50ov__trim20_each_end__EMG__ShrinkageLDA,win0p5s_50ov,0.5,630,315,trim20_each_end,0.2,0.2,EMG,6,ShrinkageLDA,198,840,1264,0.061905600001409766,success,0.7254746835443038,0.6950899790611024,0.7920221881700212,0.6950899790611024,0.6729390717207002,0.8,0.8,0.7,0.8,0.7333333333333333
feature_screen_with_shrinkage_lda,2,S02_personal_fold08,8,win0p5s_50ov__trim20_each_end__EMG__ShrinkageLDA,win0p5s_50ov,0.5,630,315,trim20_each_end,0.2,0.2,EMG,6,ShrinkageLDA,198,840,140,0.053709100000560284,success,0.9071428571428571,0.9071428571428571,0.9365853658536587,0.9071428571428571,0.9018537243006403,1.0,1.0,1.0,1.0,1.0
feature_screen_with_shrinkage_lda,2,S02_personal_fold01,1,win0p5s_50ov__trim20_each_end__EMG_ACC__ShrinkageLDA,win0p5s_50ov,0.5,630,315,trim20_each_end,0.2,0.2,EMG_ACC,24,ShrinkageLDA,792,1964,140,1.6382390999988274,success,0.9285714285714286,0.9285714285714285,0.9406451612903226,0.9285714285714285,0.9241300253827888,1.0,1.0,1.0,1.0,1.0
feature_screen_with_shrinkage_lda,2,S02_personal_fold02,2,win0p5s_50ov__trim20_each_end__EMG_ACC__ShrinkageLDA,win0p5s_50ov,0.5,630,315,trim20_each_end,0.2,0.2,EMG_ACC,24,ShrinkageLDA,792,1964,140,1.607817600000999,success,0.8857142857142857,0.8857142857142858,0.9102564102564102,0.8857142857142858,0.8733037922247469,1.0,1.0,1.0,1.0,1.0
feature_screen_with_shrinkage_lda,2,S02_personal_fold03,3,win0p5s_50ov__trim20_each_end__EMG_ACC__ShrinkageLDA,win0p5s_50ov,0.5,630,315,trim20_each_end,0.2,0.2,EMG_ACC,24,ShrinkageLDA,792,1964,140,1.6134708000008686,success,0.9142857142857143,0.9142857142857143,0.9400000000000001,0.9142857142857143,0.9101604278074866,1.0,1.0,1.0,1.0,1.0
feature_screen_with_shrinkage_lda,2,S02_personal_fold04,4,win0p5s_50ov__trim20_each_end__EMG_ACC__ShrinkageLDA,win0p5s_50ov,0.5,630,315,trim20_each_end,0.2,0.2,EMG_ACC,24,ShrinkageLDA,792,1964,140,1.709552000000258,success,0.8071428571428572,0.8071428571428573,0.9018181818181817,0.8071428571428573,0.7579700620664476,0.8,0.8,0.7,0.8,0.7333333333333333
feature_screen_with_shrinkage_lda,2,S02_personal_fold05,5,win0p5s_50ov__trim20_each_end__EMG_ACC__ShrinkageLDA,win0p5s_50ov,0.5,630,315,trim20_each_end,0.2,0.2,EMG_ACC,24,ShrinkageLDA,792,1964,140,1.644515699999829,success,0.8,0.8,0.834965034965035,0.8,0.7847796212502095,0.8,0.8,0.7,0.8,0.7333333333333333
feature_screen_with_shrinkage_lda,2,S02_personal_fold06,6,win0p5s_50ov__trim20_each_end__EMG_ACC__ShrinkageLDA,win0p5s_50ov,0.5,630,315,trim20_each_end,0.2,0.2,EMG_ACC,24,ShrinkageLDA,792,1964,140,1.74049389999891,success,0.95,0.95,0.9559038662486937,0.95,0.9490802415875755,1.0,1.0,1.0,1.0,1.0
feature_screen_with_shrinkage_lda,2,S02_personal_fold07,7,win0p5s_50ov__trim20_each_end__EMG_ACC__ShrinkageLDA,win0p5s_50ov,0.5,630,315,trim20_each_end,0.2,0.2,EMG_ACC,24,ShrinkageLDA,792,840,1264,1.1840506000007736,success,0.689873417721519,0.6578721759948565,0.7266071185223008,0.6578721759948565,0.636076065551071,0.8,0.8,0.7,0.8,0.7333333333333333
feature_screen_with_shrinkage_lda,2,S02_personal_fold08,8,win0p5s_50ov__trim20_each_end__EMG_ACC__ShrinkageLDA,win0p5s_50ov,0.5,630,315,trim20_each_end,0.2,0.2,EMG_ACC,24,ShrinkageLDA,792,840,140,0.9947539000004326,success,0.9857142857142858,0.9857142857142858,0.9866666666666667,0.9857142857142858,0.9856960408684546,1.0,1.0,1.0,1.0,1.0
feature_screen_with_shrinkage_lda,2,S02_personal_fold01,1,win0p5s_50ov__trim20_each_end__EMG_IMU__ShrinkageLDA,win0p5s_50ov,0.5,630,315,trim20_each_end,0.2,0.2,EMG_IMU,42,ShrinkageLDA,1386,1964,140,7.332833499998742,success,0.9285714285714286,0.9285714285714285,0.9422222222222223,0.9285714285714285,0.9246251874062968,1.0,1.0,1.0,1.0,1.0
feature_screen_with_shrinkage_lda,2,S02_personal_fold02,2,win0p5s_50ov__trim20_each_end__EMG_IMU__ShrinkageLDA,win0p5s_50ov,0.5,630,315,trim20_each_end,0.2,0.2,EMG_IMU,42,ShrinkageLDA,1386,1964,140,7.190633700000035,success,0.9142857142857143,0.9142857142857143,0.9335753176043557,0.9142857142857143,0.9102817650186072,1.0,1.0,1.0,1.0,1.0
feature_screen_with_shrinkage_lda,2,S02_personal_fold03,3,win0p5s_50ov__trim20_each_end__EMG_IMU__ShrinkageLDA,win0p5s_50ov,0.5,630,315,trim20_each_end,0.2,0.2,EMG_IMU,42,ShrinkageLDA,1386,1964,140,8.164900199999465,success,0.9642857142857143,0.9642857142857142,0.9696969696969697,0.9642857142857142,0.9639987142397942,1.0,1.0,1.0,1.0,1.0
feature_screen_with_shrinkage_lda,2,S02_personal_fold04,4,win0p5s_50ov__trim20_each_end__EMG_IMU__ShrinkageLDA,win0p5s_50ov,0.5,630,315,trim20_each_end,0.2,0.2,EMG_IMU,42,ShrinkageLDA,1386,1964,140,7.919531400000778,success,0.8071428571428572,0.8071428571428573,0.9018181818181817,0.8071428571428573,0.7579700620664476,0.8,0.8,0.7,0.8,0.7333333333333333
feature_screen_with_shrinkage_lda,2,S02_personal_fold05,5,win0p5s_50ov__trim20_each_end__EMG_IMU__ShrinkageLDA,win0p5s_50ov,0.5,630,315,trim20_each_end,0.2,0.2,EMG_IMU,42,ShrinkageLDA,1386,1964,140,7.5057227999986935,success,0.7642857142857142,0.7642857142857142,0.8391604197901049,0.7642857142857142,0.736015881569917,0.8,0.8,0.7,0.8,0.7333333333333333
feature_screen_with_shrinkage_lda,2,S02_personal_fold06,6,win0p5s_50ov__trim20_each_end__EMG_IMU__ShrinkageLDA,win0p5s_50ov,0.5,630,315,trim20_each_end,0.2,0.2,EMG_IMU,42,ShrinkageLDA,1386,1964,140,7.073208200001318,success,0.9357142857142857,0.9357142857142857,0.9462068965517242,0.9357142857142857,0.9339181286549707,1.0,1.0,1.0,1.0,1.0
feature_screen_with_shrinkage_lda,2,S02_personal_fold07,7,win0p5s_50ov__trim20_each_end__EMG_IMU__ShrinkageLDA,win0p5s_50ov,0.5,630,315,trim20_each_end,0.2,0.2,EMG_IMU,42,ShrinkageLDA,1386,840,1264,4.747452699999485,success,0.6653481012658228,0.6306314704557963,0.6762537479605812,0.6306314704557963,0.6041616897962637,0.8,0.8,0.7,0.8,0.7333333333333333
feature_screen_with_shrinkage_lda,2,S02_personal_fold08,8,win0p5s_50ov__trim20_each_end__EMG_IMU__ShrinkageLDA,win0p5s_50ov,0.5,630,315,trim20_each_end,0.2,0.2,EMG_IMU,42,ShrinkageLDA,1386,840,140,4.5338057999997545,success,0.9857142857142858,0.9857142857142858,0.9866666666666667,0.9857142857142858,0.9856960408684546,1.0,1.0,1.0,1.0,1.0
feature_screen_with_shrinkage_lda,2,S02_personal_fold01,1,win1p0s_50ov__full_segment__EMG__ShrinkageLDA,win1p0s_50ov,1.0,1260,630,full_segment,0.0,0.0,EMG,6,ShrinkageLDA,198,1628,115,0.08654530000058003,success,0.9565217391304348,0.9565217391304348,0.9574848484848484,0.9565217391304348,0.9560982162045992,1.0,1.0,1.0,1.0,1.0
feature_screen_with_shrinkage_lda,2,S02_personal_fold02,2,win1p0s_50ov__full_segment__EMG__ShrinkageLDA,win1p0s_50ov,1.0,1260,630,full_segment,0.0,0.0,EMG,6,ShrinkageLDA,198,1628,115,0.0911668999997346,success,0.8260869565217391,0.826086956521739,0.8642857142857142,0.826086956521739,0.8077959130242227,0.8,0.8,0.7,0.8,0.7333333333333333
feature_screen_with_shrinkage_lda,2,S02_personal_fold03,3,win1p0s_50ov__full_segment__EMG__ShrinkageLDA,win1p0s_50ov,1.0,1260,630,full_segment,0.0,0.0,EMG,6,ShrinkageLDA,198,1628,115,0.08949570000004314,success,0.8782608695652174,0.8782608695652174,0.9243243243243242,0.8782608695652174,0.8787301587301588,1.0,1.0,1.0,1.0,1.0
feature_screen_with_shrinkage_lda,2,S02_personal_fold04,4,win1p0s_50ov__full_segment__EMG__ShrinkageLDA,win1p0s_50ov,1.0,1260,630,full_segment,0.0,0.0,EMG,6,ShrinkageLDA,198,1628,115,0.08285439999963273,success,1.0,1.0,1.0,1.0,1.0,1.0,1.0,1.0,1.0,1.0
feature_screen_with_shrinkage_lda,2,S02_personal_fold05,5,win1p0s_50ov__full_segment__EMG__ShrinkageLDA,win1p0s_50ov,1.0,1260,630,full_segment,0.0,0.0,EMG,6,ShrinkageLDA,198,1628,115,0.08154929999909655,success,0.9565217391304348,0.9565217391304348,0.9597069597069596,0.9565217391304348,0.9569655741084311,1.0,1.0,1.0,1.0,1.0
feature_screen_with_shrinkage_lda,2,S02_personal_fold06,6,win1p0s_50ov__full_segment__EMG__ShrinkageLDA,win1p0s_50ov,1.0,1260,630,full_segment,0.0,0.0,EMG,6,ShrinkageLDA,198,1628,115,0.10800930000004882,success,0.9826086956521739,0.9826086956521738,0.984,0.9826086956521738,0.9825757575757577,1.0,1.0,1.0,1.0,1.0
feature_screen_with_shrinkage_lda,2,S02_personal_fold07,7,win1p0s_50ov__full_segment__EMG__ShrinkageLDA,win1p0s_50ov,1.0,1260,630,full_segment,0.0,0.0,EMG,6,ShrinkageLDA,198,690,1053,0.07004680000136432,success,0.7692307692307693,0.745031152121612,0.803716131301967,0.745031152121612,0.7331526707477183,0.8,0.8,0.7,0.8,0.7333333333333333
feature_screen_with_shrinkage_lda,2,S02_personal_fold08,8,win1p0s_50ov__full_segment__EMG__ShrinkageLDA,win1p0s_50ov,1.0,1260,630,full_segment,0.0,0.0,EMG,6,ShrinkageLDA,198,690,115,0.06281420000050275,success,0.8608695652173913,0.8608695652173912,0.9179487179487179,0.8608695652173912,0.862831541218638,1.0,1.0,1.0,1.0,1.0
feature_screen_with_shrinkage_lda,2,S02_personal_fold01,1,win1p0s_50ov__full_segment__EMG_ACC__ShrinkageLDA,win1p0s_50ov,1.0,1260,630,full_segment,0.0,0.0,EMG_ACC,24,ShrinkageLDA,792,1628,115,1.3880055000008724,success,0.9652173913043478,0.9652173913043478,0.968,0.9652173913043478,0.9642857142857142,1.0,1.0,1.0,1.0,1.0
feature_screen_with_shrinkage_lda,2,S02_personal_fold02,2,win1p0s_50ov__full_segment__EMG_ACC__ShrinkageLDA,win1p0s_50ov,1.0,1260,630,full_segment,0.0,0.0,EMG_ACC,24,ShrinkageLDA,792,1628,115,1.5106145999998262,success,0.8695652173913043,0.8695652173913043,0.8893569393569394,0.8695652173913043,0.8575590236094438,1.0,1.0,1.0,1.0,1.0
feature_screen_with_shrinkage_lda,2,S02_personal_fold03,3,win1p0s_50ov__full_segment__EMG_ACC__ShrinkageLDA,win1p0s_50ov,1.0,1260,630,full_segment,0.0,0.0,EMG_ACC,24,ShrinkageLDA,792,1628,115,1.4237339000010252,success,0.8956521739130435,0.8956521739130434,0.9314285714285713,0.8956521739130434,0.8939742250087079,1.0,1.0,1.0,1.0,1.0
feature_screen_with_shrinkage_lda,2,S02_personal_fold04,4,win1p0s_50ov__full_segment__EMG_ACC__ShrinkageLDA,win1p0s_50ov,1.0,1260,630,full_segment,0.0,0.0,EMG_ACC,24,ShrinkageLDA,792,1628,115,1.5215911000013875,success,0.8260869565217391,0.826086956521739,0.9069767441860466,0.826086956521739,0.7855477855477856,0.8,0.8,0.7,0.8,0.7333333333333333
feature_screen_with_shrinkage_lda,2,S02_personal_fold05,5,win1p0s_50ov__full_segment__EMG_ACC__ShrinkageLDA,win1p0s_50ov,1.0,1260,630,full_segment,0.0,0.0,EMG_ACC,24,ShrinkageLDA,792,1628,115,1.4547686999994767,success,0.9043478260869565,0.9043478260869564,0.9251082251082252,0.9043478260869564,0.9003818103818103,1.0,1.0,1.0,1.0,1.0
feature_screen_with_shrinkage_lda,2,S02_personal_fold06,6,win1p0s_50ov__full_segment__EMG_ACC__ShrinkageLDA,win1p0s_50ov,1.0,1260,630,full_segment,0.0,0.0,EMG_ACC,24,ShrinkageLDA,792,1628,115,1.3800136999998358,success,0.9652173913043478,0.9652173913043478,0.968,0.9652173913043478,0.9642857142857142,1.0,1.0,1.0,1.0,1.0
feature_screen_with_shrinkage_lda,2,S02_personal_fold07,7,win1p0s_50ov__full_segment__EMG_ACC__ShrinkageLDA,win1p0s_50ov,1.0,1260,630,full_segment,0.0,0.0,EMG_ACC,24,ShrinkageLDA,792,690,1053,0.9806619999999384,success,0.6932573599240266,0.6599805209037284,0.7219482004941116,0.6599805209037284,0.6364370392894967,0.8,0.8,0.7,0.8,0.7333333333333333
feature_screen_with_shrinkage_lda,2,S02_personal_fold08,8,win1p0s_50ov__full_segment__EMG_ACC__ShrinkageLDA,win1p0s_50ov,1.0,1260,630,full_segment,0.0,0.0,EMG_ACC,24,ShrinkageLDA,792,690,115,0.9897519000005559,success,0.9304347826086956,0.9304347826086957,0.9483870967741936,0.9304347826086957,0.9312794612794612,1.0,1.0,1.0,1.0,1.0
feature_screen_with_shrinkage_lda,2,S02_personal_fold01,1,win1p0s_50ov__full_segment__EMG_IMU__ShrinkageLDA,win1p0s_50ov,1.0,1260,630,full_segment,0.0,0.0,EMG_IMU,42,ShrinkageLDA,1386,1628,115,6.3139417999991565,success,0.9652173913043478,0.9652173913043478,0.9661428571428571,0.9652173913043478,0.9647850848914679,1.0,1.0,1.0,1.0,1.0
feature_screen_with_shrinkage_lda,2,S02_personal_fold02,2,win1p0s_50ov__full_segment__EMG_IMU__ShrinkageLDA,win1p0s_50ov,1.0,1260,630,full_segment,0.0,0.0,EMG_IMU,42,ShrinkageLDA,1386,1628,115,6.091993299998649,success,0.8869565217391304,0.8869565217391304,0.9011396011396012,0.8869565217391304,0.8794648526077097,1.0,1.0,1.0,1.0,1.0
feature_screen_with_shrinkage_lda,2,S02_personal_fold03,3,win1p0s_50ov__full_segment__EMG_IMU__ShrinkageLDA,win1p0s_50ov,1.0,1260,630,full_segment,0.0,0.0,EMG_IMU,42,ShrinkageLDA,1386,1628,115,6.404008100000283,success,0.9217391304347826,0.9217391304347826,0.94375,0.9217391304347826,0.9222843822843823,1.0,1.0,1.0,1.0,1.0
feature_screen_with_shrinkage_lda,2,S02_personal_fold04,4,win1p0s_50ov__full_segment__EMG_IMU__ShrinkageLDA,win1p0s_50ov,1.0,1260,630,full_segment,0.0,0.0,EMG_IMU,42,ShrinkageLDA,1386,1628,115,6.151365600000645,success,0.8173913043478261,0.8173913043478261,0.9045454545454545,0.8173913043478261,0.7693134328358209,0.8,0.8,0.7,0.8,0.7333333333333333
feature_screen_with_shrinkage_lda,2,S02_personal_fold05,5,win1p0s_50ov__full_segment__EMG_IMU__ShrinkageLDA,win1p0s_50ov,1.0,1260,630,full_segment,0.0,0.0,EMG_IMU,42,ShrinkageLDA,1386,1628,115,6.168311800000083,success,0.8608695652173913,0.8608695652173912,0.890990990990991,0.8608695652173912,0.8540836940836941,0.8,0.8,0.7,0.8,0.7333333333333333
feature_screen_with_shrinkage_lda,2,S02_personal_fold06,6,win1p0s_50ov__full_segment__EMG_IMU__ShrinkageLDA,win1p0s_50ov,1.0,1260,630,full_segment,0.0,0.0,EMG_IMU,42,ShrinkageLDA,1386,1628,115,6.2489528999994945,success,0.9652173913043478,0.9652173913043478,0.9682274247491639,0.9652173913043478,0.9651059614948103,1.0,1.0,1.0,1.0,1.0
feature_screen_with_shrinkage_lda,2,S02_personal_fold07,7,win1p0s_50ov__full_segment__EMG_IMU__ShrinkageLDA,win1p0s_50ov,1.0,1260,630,full_segment,0.0,0.0,EMG_IMU,42,ShrinkageLDA,1386,690,1053,4.167214199998853,success,0.6657169990503324,0.6274656262441513,0.6182249589012994,0.6274656262441513,0.6055454394153145,0.8,0.8,0.7,0.8,0.7333333333333333
feature_screen_with_shrinkage_lda,2,S02_personal_fold08,8,win1p0s_50ov__full_segment__EMG_IMU__ShrinkageLDA,win1p0s_50ov,1.0,1260,630,full_segment,0.0,0.0,EMG_IMU,42,ShrinkageLDA,1386,690,115,4.023921100000734,success,0.9478260869565217,0.9478260869565217,0.955952380952381,0.9478260869565217,0.946136837713809,1.0,1.0,1.0,1.0,1.0
feature_screen_with_shrinkage_lda,2,S02_personal_fold01,1,win1p0s_50ov__trim10_each_end__EMG__ShrinkageLDA,win1p0s_50ov,1.0,1260,630,trim10_each_end,0.1,0.1,EMG,6,ShrinkageLDA,198,1318,95,0.08407889999944018,success,1.0,1.0,1.0,1.0,1.0,1.0,1.0,1.0,1.0,1.0
feature_screen_with_shrinkage_lda,2,S02_personal_fold02,2,win1p0s_50ov__trim10_each_end__EMG__ShrinkageLDA,win1p0s_50ov,1.0,1260,630,trim10_each_end,0.1,0.1,EMG,6,ShrinkageLDA,198,1318,95,0.08191940000142495,success,0.8105263157894737,0.8105263157894737,0.8712301587301587,0.8105263157894737,0.7874827768945416,0.8,0.8,0.7,0.8,0.7333333333333333
feature_screen_with_shrinkage_lda,2,S02_personal_fold03,3,win1p0s_50ov__trim10_each_end__EMG__ShrinkageLDA,win1p0s_50ov,1.0,1260,630,trim10_each_end,0.1,0.1,EMG,6,ShrinkageLDA,198,1318,95,0.06889289999890025,success,0.8315789473684211,0.8315789473684211,0.9085714285714286,0.8315789473684211,0.8195978835978834,0.8,0.8,0.7,0.8,0.7333333333333333
feature_screen_with_shrinkage_lda,2,S02_personal_fold04,4,win1p0s_50ov__trim10_each_end__EMG__ShrinkageLDA,win1p0s_50ov,1.0,1260,630,trim10_each_end,0.1,0.1,EMG,6,ShrinkageLDA,198,1318,95,0.06811050000032992,success,0.9789473684210527,0.9789473684210528,0.980952380952381,0.9789473684210528,0.9788888888888889,1.0,1.0,1.0,1.0,1.0
feature_screen_with_shrinkage_lda,2,S02_personal_fold05,5,win1p0s_50ov__trim10_each_end__EMG__ShrinkageLDA,win1p0s_50ov,1.0,1260,630,trim10_each_end,0.1,0.1,EMG,6,ShrinkageLDA,198,1318,95,0.06842189999952097,success,0.9894736842105263,0.9894736842105264,0.99,0.9894736842105264,0.9894663894663894,1.0,1.0,1.0,1.0,1.0
feature_screen_with_shrinkage_lda,2,S02_personal_fold06,6,win1p0s_50ov__trim10_each_end__EMG__ShrinkageLDA,win1p0s_50ov,1.0,1260,630,trim10_each_end,0.1,0.1,EMG,6,ShrinkageLDA,198,1318,95,0.06854529999873193,success,1.0,1.0,1.0,1.0,1.0,1.0,1.0,1.0,1.0,1.0
feature_screen_with_shrinkage_lda,2,S02_personal_fold07,7,win1p0s_50ov__trim10_each_end__EMG__ShrinkageLDA,win1p0s_50ov,1.0,1260,630,trim10_each_end,0.1,0.1,EMG,6,ShrinkageLDA,198,570,843,0.04490500000065367,success,0.7710557532621589,0.7495740797834237,0.8088137009189641,0.7495740797834237,0.7302727898370376,0.8,0.8,0.7,0.8,0.7333333333333333
feature_screen_with_shrinkage_lda,2,S02_personal_fold08,8,win1p0s_50ov__trim10_each_end__EMG__ShrinkageLDA,win1p0s_50ov,1.0,1260,630,trim10_each_end,0.1,0.1,EMG,6,ShrinkageLDA,198,570,95,0.04371530000025814,success,0.8631578947368421,0.8631578947368421,0.91875,0.8631578947368421,0.8653832442067737,1.0,1.0,1.0,1.0,1.0
feature_screen_with_shrinkage_lda,2,S02_personal_fold01,1,win1p0s_50ov__trim10_each_end__EMG_ACC__ShrinkageLDA,win1p0s_50ov,1.0,1260,630,trim10_each_end,0.1,0.1,EMG_ACC,24,ShrinkageLDA,792,1318,95,1.2963299000002735,success,0.9473684210526315,0.9473684210526315,0.9552173913043479,0.9473684210526315,0.9455211455211454,1.0,1.0,1.0,1.0,1.0
feature_screen_with_shrinkage_lda,2,S02_personal_fold02,2,win1p0s_50ov__trim10_each_end__EMG_ACC__ShrinkageLDA,win1p0s_50ov,1.0,1260,630,trim10_each_end,0.1,0.1,EMG_ACC,24,ShrinkageLDA,792,1318,95,1.5349465999988752,success,0.8842105263157894,0.8842105263157893,0.9045031055900621,0.8842105263157893,0.8662150855174111,1.0,1.0,1.0,1.0,1.0
feature_screen_with_shrinkage_lda,2,S02_personal_fold03,3,win1p0s_50ov__trim10_each_end__EMG_ACC__ShrinkageLDA,win1p0s_50ov,1.0,1260,630,trim10_each_end,0.1,0.1,EMG_ACC,24,ShrinkageLDA,792,1318,95,1.521549999999479,success,0.8842105263157894,0.8842105263157893,0.9266666666666665,0.8842105263157893,0.8736205593348452,0.8,0.8,0.7,0.8,0.7333333333333333
feature_screen_with_shrinkage_lda,2,S02_personal_fold04,4,win1p0s_50ov__trim10_each_end__EMG_ACC__ShrinkageLDA,win1p0s_50ov,1.0,1260,630,trim10_each_end,0.1,0.1,EMG_ACC,24,ShrinkageLDA,792,1318,95,1.4379570000000967,success,0.8526315789473684,0.8526315789473685,0.9151515151515153,0.8526315789473685,0.8294871794871795,0.8,0.8,0.7,0.8,0.7333333333333333
feature_screen_with_shrinkage_lda,2,S02_personal_fold05,5,win1p0s_50ov__trim10_each_end__EMG_ACC__ShrinkageLDA,win1p0s_50ov,1.0,1260,630,trim10_each_end,0.1,0.1,EMG_ACC,24,ShrinkageLDA,792,1318,95,1.4534763999999996,success,0.8736842105263158,0.8736842105263157,0.8946708463949843,0.8736842105263157,0.8672222222222222,1.0,1.0,1.0,1.0,1.0
feature_screen_with_shrinkage_lda,2,S02_personal_fold06,6,win1p0s_50ov__trim10_each_end__EMG_ACC__ShrinkageLDA,win1p0s_50ov,1.0,1260,630,trim10_each_end,0.1,0.1,EMG_ACC,24,ShrinkageLDA,792,1318,95,1.4734724999998434,success,0.9789473684210527,0.9789473684210528,0.980952380952381,0.9789473684210528,0.9788888888888888,1.0,1.0,1.0,1.0,1.0
feature_screen_with_shrinkage_lda,2,S02_personal_fold07,7,win1p0s_50ov__trim10_each_end__EMG_ACC__ShrinkageLDA,win1p0s_50ov,1.0,1260,630,trim10_each_end,0.1,0.1,EMG_ACC,24,ShrinkageLDA,792,570,843,1.1333105000012438,success,0.6809015421115066,0.6477371314136211,0.7088368935471614,0.6477371314136211,0.6094136651602746,0.8,0.8,0.7,0.8,0.7333333333333333
feature_screen_with_shrinkage_lda,2,S02_personal_fold08,8,win1p0s_50ov__trim10_each_end__EMG_ACC__ShrinkageLDA,win1p0s_50ov,1.0,1260,630,trim10_each_end,0.1,0.1,EMG_ACC,24,ShrinkageLDA,792,570,95,1.1013941999990493,success,0.9894736842105263,0.9894736842105264,0.99,0.9894736842105264,0.9894663894663894,1.0,1.0,1.0,1.0,1.0
feature_screen_with_shrinkage_lda,2,S02_personal_fold01,1,win1p0s_50ov__trim10_each_end__EMG_IMU__ShrinkageLDA,win1p0s_50ov,1.0,1260,630,trim10_each_end,0.1,0.1,EMG_IMU,42,ShrinkageLDA,1386,1318,95,6.101978200000303,success,0.9473684210526315,0.9473684210526315,0.9527173913043478,0.9473684210526315,0.946975546975547,1.0,1.0,1.0,1.0,1.0
feature_screen_with_shrinkage_lda,2,S02_personal_fold02,2,win1p0s_50ov__trim10_each_end__EMG_IMU__ShrinkageLDA,win1p0s_50ov,1.0,1260,630,trim10_each_end,0.1,0.1,EMG_IMU,42,ShrinkageLDA,1386,1318,95,6.326263900000413,success,0.8842105263157894,0.8842105263157893,0.9121693121693122,0.8842105263157893,0.8737888198757764,1.0,1.0,1.0,1.0,1.0
feature_screen_with_shrinkage_lda,2,S02_personal_fold03,3,win1p0s_50ov__trim10_each_end__EMG_IMU__ShrinkageLDA,win1p0s_50ov,1.0,1260,630,trim10_each_end,0.1,0.1,EMG_IMU,42,ShrinkageLDA,1386,1318,95,6.243321899999501,success,0.968421052631579,0.968421052631579,0.9727272727272727,0.968421052631579,0.9682229965156793,1.0,1.0,1.0,1.0,1.0
feature_screen_with_shrinkage_lda,2,S02_personal_fold04,4,win1p0s_50ov__trim10_each_end__EMG_IMU__ShrinkageLDA,win1p0s_50ov,1.0,1260,630,trim10_each_end,0.1,0.1,EMG_IMU,42,ShrinkageLDA,1386,1318,95,6.233609599999909,success,0.8526315789473684,0.8526315789473685,0.9151515151515153,0.8526315789473685,0.8294871794871795,0.8,0.8,0.7,0.8,0.7333333333333333
feature_screen_with_shrinkage_lda,2,S02_personal_fold05,5,win1p0s_50ov__trim10_each_end__EMG_IMU__ShrinkageLDA,win1p0s_50ov,1.0,1260,630,trim10_each_end,0.1,0.1,EMG_IMU,42,ShrinkageLDA,1386,1318,95,6.1192511999997805,success,0.8526315789473684,0.8526315789473683,0.9035330261136713,0.8526315789473683,0.8385811965811966,0.8,0.8,0.7,0.8,0.7333333333333333
feature_screen_with_shrinkage_lda,2,S02_personal_fold06,6,win1p0s_50ov__trim10_each_end__EMG_IMU__ShrinkageLDA,win1p0s_50ov,1.0,1260,630,trim10_each_end,0.1,0.1,EMG_IMU,42,ShrinkageLDA,1386,1318,95,6.318873800000802,success,0.9789473684210527,0.9789473684210526,0.980952380952381,0.9789473684210526,0.9791891891891892,1.0,1.0,1.0,1.0,1.0
feature_screen_with_shrinkage_lda,2,S02_personal_fold07,7,win1p0s_50ov__trim10_each_end__EMG_IMU__ShrinkageLDA,win1p0s_50ov,1.0,1260,630,trim10_each_end,0.1,0.1,EMG_IMU,42,ShrinkageLDA,1386,570,843,4.571429399999033,success,0.6725978647686833,0.630196901197975,0.6345954680240394,0.630196901197975,0.6178990850078001,0.8,0.8,0.7,0.8,0.7333333333333333
feature_screen_with_shrinkage_lda,2,S02_personal_fold08,8,win1p0s_50ov__trim10_each_end__EMG_IMU__ShrinkageLDA,win1p0s_50ov,1.0,1260,630,trim10_each_end,0.1,0.1,EMG_IMU,42,ShrinkageLDA,1386,570,95,4.709336500000063,success,0.968421052631579,0.968421052631579,0.9727272727272727,0.968421052631579,0.9682229965156793,1.0,1.0,1.0,1.0,1.0
feature_screen_with_shrinkage_lda,2,S02_personal_fold01,1,win1p0s_50ov__trim20_each_end__EMG__ShrinkageLDA,win1p0s_50ov,1.0,1260,630,trim20_each_end,0.2,0.2,EMG,6,ShrinkageLDA,198,981,70,0.07642970000051719,success,1.0,1.0,1.0,1.0,1.0,1.0,1.0,1.0,1.0,1.0
feature_screen_with_shrinkage_lda,2,S02_personal_fold02,2,win1p0s_50ov__trim20_each_end__EMG__ShrinkageLDA,win1p0s_50ov,1.0,1260,630,trim20_each_end,0.2,0.2,EMG,6,ShrinkageLDA,198,981,70,0.08190420000028098,success,0.7857142857142857,0.7857142857142857,0.8675555555555554,0.7857142857142857,0.7445897435897436,0.8,0.8,0.7,0.8,0.7333333333333333
feature_screen_with_shrinkage_lda,2,S02_personal_fold03,3,win1p0s_50ov__trim20_each_end__EMG__ShrinkageLDA,win1p0s_50ov,1.0,1260,630,trim20_each_end,0.2,0.2,EMG,6,ShrinkageLDA,198,981,70,0.08546120000028168,success,0.8142857142857143,0.8142857142857143,0.9037037037037038,0.8142857142857143,0.8014742547425474,0.8,0.8,0.7,0.8,0.7333333333333333
feature_screen_with_shrinkage_lda,2,S02_personal_fold04,4,win1p0s_50ov__trim20_each_end__EMG__ShrinkageLDA,win1p0s_50ov,1.0,1260,630,trim20_each_end,0.2,0.2,EMG,6,ShrinkageLDA,198,981,70,0.08450979999906849,success,0.9857142857142858,0.9857142857142858,0.9866666666666667,0.9857142857142858,0.9856960408684546,1.0,1.0,1.0,1.0,1.0
feature_screen_with_shrinkage_lda,2,S02_personal_fold05,5,win1p0s_50ov__trim20_each_end__EMG__ShrinkageLDA,win1p0s_50ov,1.0,1260,630,trim20_each_end,0.2,0.2,EMG,6,ShrinkageLDA,198,981,70,0.08003869999993185,success,0.9857142857142858,0.9857142857142858,0.9866666666666667,0.9857142857142858,0.9856960408684546,1.0,1.0,1.0,1.0,1.0
feature_screen_with_shrinkage_lda,2,S02_personal_fold06,6,win1p0s_50ov__trim20_each_end__EMG__ShrinkageLDA,win1p0s_50ov,1.0,1260,630,trim20_each_end,0.2,0.2,EMG,6,ShrinkageLDA,198,981,70,0.07377189999897382,success,1.0,1.0,1.0,1.0,1.0,1.0,1.0,1.0,1.0,1.0
feature_screen_with_shrinkage_lda,2,S02_personal_fold07,7,win1p0s_50ov__trim20_each_end__EMG__ShrinkageLDA,win1p0s_50ov,1.0,1260,630,trim20_each_end,0.2,0.2,EMG,6,ShrinkageLDA,198,420,631,0.0516010000010283,success,0.7131537242472267,0.6806720602838288,0.7833317056894293,0.6806720602838288,0.6556403175163721,0.8,0.8,0.7,0.8,0.7333333333333333
feature_screen_with_shrinkage_lda,2,S02_personal_fold08,8,win1p0s_50ov__trim20_each_end__EMG__ShrinkageLDA,win1p0s_50ov,1.0,1260,630,trim20_each_end,0.2,0.2,EMG,6,ShrinkageLDA,198,420,70,0.049058600001444574,success,0.8857142857142857,0.8857142857142858,0.9272727272727274,0.8857142857142858,0.8814814814814813,0.8,0.8,0.7,0.8,0.7333333333333333
feature_screen_with_shrinkage_lda,2,S02_personal_fold01,1,win1p0s_50ov__trim20_each_end__EMG_ACC__ShrinkageLDA,win1p0s_50ov,1.0,1260,630,trim20_each_end,0.2,0.2,EMG_ACC,24,ShrinkageLDA,792,981,70,1.313541499999701,success,0.9428571428571428,0.9428571428571428,0.95,0.9428571428571428,0.9400000000000001,1.0,1.0,1.0,1.0,1.0
feature_screen_with_shrinkage_lda,2,S02_personal_fold02,2,win1p0s_50ov__trim20_each_end__EMG_ACC__ShrinkageLDA,win1p0s_50ov,1.0,1260,630,trim20_each_end,0.2,0.2,EMG_ACC,24,ShrinkageLDA,792,981,70,1.37050150000141,success,0.8714285714285714,0.8714285714285716,0.9083333333333332,0.8714285714285716,0.8519298245614035,0.8,0.8,0.7,0.8,0.7333333333333333
feature_screen_with_shrinkage_lda,2,S02_personal_fold03,3,win1p0s_50ov__trim20_each_end__EMG_ACC__ShrinkageLDA,win1p0s_50ov,1.0,1260,630,trim20_each_end,0.2,0.2,EMG_ACC,24,ShrinkageLDA,792,981,70,1.1549310999998852,success,0.9,0.9,0.9333333333333332,0.9,0.8933333333333333,1.0,1.0,1.0,1.0,1.0
feature_screen_with_shrinkage_lda,2,S02_personal_fold04,4,win1p0s_50ov__trim20_each_end__EMG_ACC__ShrinkageLDA,win1p0s_50ov,1.0,1260,630,trim20_each_end,0.2,0.2,EMG_ACC,24,ShrinkageLDA,792,981,70,1.2746842999986256,success,0.8285714285714286,0.8285714285714285,0.9076923076923077,0.8285714285714285,0.79,0.8,0.8,0.7,0.8,0.7333333333333333
feature_screen_with_shrinkage_lda,2,S02_personal_fold05,5,win1p0s_50ov__trim20_each_end__EMG_ACC__ShrinkageLDA,win1p0s_50ov,1.0,1260,630,trim20_each_end,0.2,0.2,EMG_ACC,24,ShrinkageLDA,792,981,70,1.2912235999992845,success,0.7857142857142857,0.7857142857142857,0.8237037037037037,0.7857142857142857,0.7689740298212699,0.8,0.8,0.7,0.8,0.7333333333333333
feature_screen_with_shrinkage_lda,2,S02_personal_fold06,6,win1p0s_50ov__trim20_each_end__EMG_ACC__ShrinkageLDA,win1p0s_50ov,1.0,1260,630,trim20_each_end,0.2,0.2,EMG_ACC,24,ShrinkageLDA,792,981,70,1.3241871999998693,success,0.9285714285714286,0.9285714285714285,0.9473684210526315,0.9285714285714285,0.9303123543123544,1.0,1.0,1.0,1.0,1.0
feature_screen_with_shrinkage_lda,2,S02_personal_fold07,7,win1p0s_50ov__trim20_each_end__EMG_ACC__ShrinkageLDA,win1p0s_50ov,1.0,1260,630,trim20_each_end,0.2,0.2,EMG_ACC,24,ShrinkageLDA,792,420,631,0.9883301999998366,success,0.652931854199683,0.6148670528977735,0.7065027686739926,0.6148670528977735,0.5839867387330929,0.6,0.6,0.4,0.6,0.4666666666666666
feature_screen_with_shrinkage_lda,2,S02_personal_fold08,8,win1p0s_50ov__trim20_each_end__EMG_ACC__ShrinkageLDA,win1p0s_50ov,1.0,1260,630,trim20_each_end,0.2,0.2,EMG_ACC,24,ShrinkageLDA,792,420,70,0.988310899998396,success,0.9857142857142858,0.9857142857142858,0.9866666666666667,0.9857142857142858,0.9856960408684546,1.0,1.0,1.0,1.0,1.0
feature_screen_with_shrinkage_lda,2,S02_personal_fold01,1,win1p0s_50ov__trim20_each_end__EMG_IMU__ShrinkageLDA,win1p0s_50ov,1.0,1260,630,trim20_each_end,0.2,0.2,EMG_IMU,42,ShrinkageLDA,1386,981,70,5.5996340999990935,success,0.9857142857142858,0.9857142857142858,0.9866666666666667,0.9857142857142858,0.9856960408684546,1.0,1.0,1.0,1.0,1.0
feature_screen_with_shrinkage_lda,2,S02_personal_fold02,2,win1p0s_50ov__trim20_each_end__EMG_IMU__ShrinkageLDA,win1p0s_50ov,1.0,1260,630,trim20_each_end,0.2,0.2,EMG_IMU,42,ShrinkageLDA,1386,981,70,5.500437299999248,success,0.9428571428571428,0.9428571428571428,0.9483333333333335,0.9428571428571428,0.9395402298850575,1.0,1.0,1.0,1.0,1.0
feature_screen_with_shrinkage_lda,2,S02_personal_fold03,3,win1p0s_50ov__trim20_each_end__EMG_IMU__ShrinkageLDA,win1p0s_50ov,1.0,1260,630,trim20_each_end,0.2,0.2,EMG_IMU,42,ShrinkageLDA,1386,981,70,5.533630100000664,success,1.0,1.0,1.0,1.0,1.0,1.0,1.0,1.0,1.0,1.0
feature_screen_with_shrinkage_lda,2,S02_personal_fold04,4,win1p0s_50ov__trim20_each_end__EMG_IMU__ShrinkageLDA,win1p0s_50ov,1.0,1260,630,trim20_each_end,0.2,0.2,EMG_IMU,42,ShrinkageLDA,1386,981,70,5.470435699999143,success,0.8285714285714286,0.8285714285714285,0.9076923076923077,0.8285714285714285,0.79,0.8,0.8,0.7,0.8,0.7333333333333333
feature_screen_with_shrinkage_lda,2,S02_personal_fold05,5,win1p0s_50ov__trim20_each_end__EMG_IMU__ShrinkageLDA,win1p0s_50ov,1.0,1260,630,trim20_each_end,0.2,0.2,EMG_IMU,42,ShrinkageLDA,1386,981,70,5.51853200000005,success,0.7714285714285715,0.7714285714285715,0.8714285714285716,0.7714285714285715,0.7393772893772894,0.8,0.8,0.7,0.8,0.7333333333333333
feature_screen_with_shrinkage_lda,2,S02_personal_fold06,6,win1p0s_50ov__trim20_each_end__EMG_IMU__ShrinkageLDA,win1p0s_50ov,1.0,1260,630,trim20_each_end,0.2,0.2,EMG_IMU,42,ShrinkageLDA,1386,981,70,5.399290699999256,success,0.8714285714285714,0.8714285714285716,0.9217391304347826,0.8714285714285716,0.8728058968058967,1.0,1.0,1.0,1.0,1.0
feature_screen_with_shrinkage_lda,2,S02_personal_fold07,7,win1p0s_50ov__trim20_each_end__EMG_IMU__ShrinkageLDA,win1p0s_50ov,1.0,1260,630,trim20_each_end,0.2,0.2,EMG_IMU,42,ShrinkageLDA,1386,420,631,4.299236000000747,success,0.6624405705229794,0.6222717981423468,0.6943740217847038,0.6222717981423468,0.5819066129109822,0.8,0.8,0.7,0.8,0.7333333333333333
feature_screen_with_shrinkage_lda,2,S02_personal_fold08,8,win1p0s_50ov__trim20_each_end__EMG_IMU__ShrinkageLDA,win1p0s_50ov,1.0,1260,630,trim20_each_end,0.2,0.2,EMG_IMU,42,ShrinkageLDA,1386,420,70,4.2440812999993796,success,0.9714285714285714,0.9714285714285715,0.975,0.9714285714285715,0.9712820512820514,1.0,1.0,1.0,1.0,1.0
model_screen_on_best_feature_config,2,S02_personal_fold01,1,win1p0s_50ov__trim10_each_end__EMG__ShrinkageLDA,win1p0s_50ov,1.0,1260,630,trim10_each_end,0.1,0.1,EMG,6,ShrinkageLDA,198,1318,95,0.10377100000005157,success,1.0,1.0,1.0,1.0,1.0,1.0,1.0,1.0,1.0,1.0
model_screen_on_best_feature_config,2,S02_personal_fold01,1,win1p0s_50ov__trim10_each_end__EMG__LogisticRegression,win1p0s_50ov,1.0,1260,630,trim10_each_end,0.1,0.1,EMG,6,LogisticRegression,198,1318,95,0.18891919999987294,success,0.9578947368421052,0.9578947368421054,0.9619047619047618,0.9578947368421054,0.9564705882352941,1.0,1.0,1.0,1.0,1.0
model_screen_on_best_feature_config,2,S02_personal_fold01,1,win1p0s_50ov__trim10_each_end__EMG__RBF-SVM,win1p0s_50ov,1.0,1260,630,trim10_each_end,0.1,0.1,EMG,6,RBF-SVM,198,1318,95,0.6735619999999471,success,0.9894736842105263,0.9894736842105264,0.99,0.9894736842105264,0.9894663894663894,1.0,1.0,1.0,1.0,1.0
model_screen_on_best_feature_config,2,S02_personal_fold01,1,win1p0s_50ov__trim10_each_end__EMG__RandomForest,win1p0s_50ov,1.0,1260,630,trim10_each_end,0.1,0.1,EMG,6,RandomForest,198,1318,95,0.7125616000012087,success,0.968421052631579,0.968421052631579,0.9709523809523809,0.968421052631579,0.9677289377289376,1.0,1.0,1.0,1.0,1.0
model_screen_on_best_feature_config,2,S02_personal_fold02,2,win1p0s_50ov__trim20_each_end__EMG_IMU__ShrinkageLDA,win1p0s_50ov,1.0,1260,630,trim20_each_end,0.2,0.2,EMG_IMU,42,ShrinkageLDA,1386,981,70,5.618441799999346,success,0.9428571428571428,0.9428571428571428,0.9483333333333335,0.9428571428571428,0.9395402298850575,1.0,1.0,1.0,1.0,1.0
model_screen_on_best_feature_config,2,S02_personal_fold02,2,win1p0s_50ov__trim20_each_end__EMG_IMU__LogisticRegression,win1p0s_50ov,1.0,1260,630,trim20_each_end,0.2,0.2,EMG_IMU,42,LogisticRegression,1386,981,70,0.706073400000605,success,0.8285714285714286,0.8285714285714285,0.8522222222222222,0.8285714285714285,0.8200574712643679,1.0,1.0,1.0,1.0,1.0
model_screen_on_best_feature_config,2,S02_personal_fold02,2,win1p0s_50ov__trim20_each_end__EMG_IMU__RBF-SVM,win1p0s_50ov,1.0,1260,630,trim20_each_end,0.2,0.2,EMG_IMU,42,RBF-SVM,1386,981,70,5.067202700000053,success,0.8714285714285714,0.8714285714285716,0.9029239766081872,0.8714285714285716,0.8626456876456878,1.0,1.0,1.0,1.0,1.0
model_screen_on_best_feature_config,2,S02_personal_fold02,2,win1p0s_50ov__trim20_each_end__EMG_IMU__RandomForest,win1p0s_50ov,1.0,1260,630,trim20_each_end,0.2,0.2,EMG_IMU,42,RandomForest,1386,981,70,1.376610299999811,success,0.8428571428571429,0.8428571428571429,0.8818713450292398,0.8428571428571429,0.8384032634032634,1.0,1.0,1.0,1.0,1.0
model_screen_on_best_feature_config,2,S02_personal_fold03,3,win1p0s_50ov__trim20_each_end__EMG_IMU__ShrinkageLDA,win1p0s_50ov,1.0,1260,630,trim20_each_end,0.2,0.2,EMG_IMU,42,ShrinkageLDA,1386,981,70,5.540307100000064,success,1.0,1.0,1.0,1.0,1.0,1.0,1.0,1.0,1.0,1.0
model_screen_on_best_feature_config,2,S02_personal_fold03,3,win1p0s_50ov__trim20_each_end__EMG_IMU__LogisticRegression,win1p0s_50ov,1.0,1260,630,trim20_each_end,0.2,0.2,EMG_IMU,42,LogisticRegression,1386,981,70,0.6975139999995008,success,1.0,1.0,1.0,1.0,1.0,1.0,1.0,1.0,1.0,1.0
model_screen_on_best_feature_config,2,S02_personal_fold03,3,win1p0s_50ov__trim20_each_end__EMG_IMU__RBF-SVM,win1p0s_50ov,1.0,1260,630,trim20_each_end,0.2,0.2,EMG_IMU,42,RBF-SVM,1386,981,70,5.0792130999998335,success,0.9714285714285714,0.9714285714285715,0.9733333333333334,0.9714285714285715,0.9713920817369093,1.0,1.0,1.0,1.0,1.0
model_screen_on_best_feature_config,2,S02_personal_fold03,3,win1p0s_50ov__trim20_each_end__EMG_IMU__RandomForest,win1p0s_50ov,1.0,1260,630,trim20_each_end,0.2,0.2,EMG_IMU,42,RandomForest,1386,981,70,1.3727079999989655,success,1.0,1.0,1.0,1.0,1.0,1.0,1.0,1.0,1.0,1.0
model_screen_on_best_feature_config,2,S02_personal_fold04,4,win1p0s_50ov__full_segment__EMG__ShrinkageLDA,win1p0s_50ov,1.0,1260,630,full_segment,0.0,0.0,EMG,6,ShrinkageLDA,198,1628,115,0.10161260000131733,success,1.0,1.0,1.0,1.0,1.0,1.0,1.0,1.0,1.0,1.0
model_screen_on_best_feature_config,2,S02_personal_fold04,4,win1p0s_50ov__full_segment__EMG__LogisticRegression,win1p0s_50ov,1.0,1260,630,full_segment,0.0,0.0,EMG,6,LogisticRegression,198,1628,115,0.21833669999978156,success,1.0,1.0,1.0,1.0,1.0,1.0,1.0,1.0,1.0,1.0
model_screen_on_best_feature_config,2,S02_personal_fold04,4,win1p0s_50ov__full_segment__EMG__RBF-SVM,win1p0s_50ov,1.0,1260,630,full_segment,0.0,0.0,EMG,6,RBF-SVM,198,1628,115,0.9545973999993294,success,0.9826086956521739,0.9826086956521738,0.984,0.9826086956521738,0.9825757575757577,1.0,1.0,1.0,1.0,1.0
model_screen_on_best_feature_config,2,S02_personal_fold04,4,win1p0s_50ov__full_segment__EMG__RandomForest,win1p0s_50ov,1.0,1260,630,full_segment,0.0,0.0,EMG,6,RandomForest,198,1628,115,0.8800568000006024,success,0.9652173913043478,0.9652173913043478,0.9661428571428573,0.9652173913043478,0.9647850848914679,1.0,1.0,1.0,1.0,1.0
model_screen_on_best_feature_config,2,S02_personal_fold05,5,win1p0s_50ov__trim10_each_end__EMG__ShrinkageLDA,win1p0s_50ov,1.0,1260,630,trim10_each_end,0.1,0.1,EMG,6,ShrinkageLDA,198,1318,95,0.07992000000012922,success,0.9894736842105263,0.9894736842105264,0.99,0.9894736842105264,0.9894663894663894,1.0,1.0,1.0,1.0,1.0
model_screen_on_best_feature_config,2,S02_personal_fold05,5,win1p0s_50ov__trim10_each_end__EMG__LogisticRegression,win1p0s_50ov,1.0,1260,630,trim10_each_end,0.1,0.1,EMG,6,LogisticRegression,198,1318,95,0.13907079999989946,success,0.968421052631579,0.968421052631579,0.96984126984127,0.968421052631579,0.9683783783783785,1.0,1.0,1.0,1.0,1.0
model_screen_on_best_feature_config,2,S02_personal_fold05,5,win1p0s_50ov__trim10_each_end__EMG__RBF-SVM,win1p0s_50ov,1.0,1260,630,trim10_each_end,0.1,0.1,EMG,6,RBF-SVM,198,1318,95,0.6555597000005946,success,0.8315789473684211,0.8315789473684211,0.8685411445279865,0.8315789473684211,0.8145847681451397,0.8,0.8,0.7,0.8,0.7333333333333333
model_screen_on_best_feature_config,2,S02_personal_fold05,5,win1p0s_50ov__trim10_each_end__EMG__RandomForest,win1p0s_50ov,1.0,1260,630,trim10_each_end,0.1,0.1,EMG,6,RandomForest,198,1318,95,0.7176099000007525,success,0.8736842105263158,0.8736842105263157,0.9084415584415584,0.8736842105263157,0.8601810944312241,1.0,1.0,1.0,1.0,1.0
model_screen_on_best_feature_config,2,S02_personal_fold06,6,win0p5s_50ov__trim20_each_end__EMG__ShrinkageLDA,win0p5s_50ov,0.5,630,315,trim20_each_end,0.2,0.2,EMG,6,ShrinkageLDA,198,1964,140,0.13506240000060643,success,1.0,1.0,1.0,1.0,1.0,1.0,1.0,1.0,1.0,1.0
model_screen_on_best_feature_config,2,S02_personal_fold06,6,win0p5s_50ov__trim20_each_end__EMG__LogisticRegression,win0p5s_50ov,0.5,630,315,trim20_each_end,0.2,0.2,EMG,6,LogisticRegression,198,1964,140,0.3424999000017124,success,0.9214285714285714,0.9214285714285715,0.9404718693284938,0.9214285714285715,0.9172993088782562,1.0,1.0,1.0,1.0,1.0
model_screen_on_best_feature_config,2,S02_personal_fold06,6,win0p5s_50ov__trim20_each_end__EMG__RBF-SVM,win0p5s_50ov,0.5,630,315,trim20_each_end,0.2,0.2,EMG,6,RBF-SVM,198,1964,140,1.3471107999994274,success,0.9928571428571429,0.9928571428571429,0.993103448275862,0.9928571428571429,0.9928548644338118,1.0,1.0,1.0,1.0,1.0
model_screen_on_best_feature_config,2,S02_personal_fold06,6,win0p5s_50ov__trim20_each_end__EMG__RandomForest,win0p5s_50ov,0.5,630,315,trim20_each_end,0.2,0.2,EMG,6,RandomForest,198,1964,140,1.153994700000112,success,0.85,0.85,0.8672167487684728,0.85,0.8439006607427662,1.0,1.0,1.0,1.0,1.0
model_screen_on_best_feature_config,2,S02_personal_fold07,7,win0p5s_50ov__trim10_each_end__EMG_ACC__ShrinkageLDA,win0p5s_50ov,0.5,630,315,trim10_each_end,0.1,0.1,EMG_ACC,24,ShrinkageLDA,792,1140,1686,1.4240864000003057,success,0.7289442467378411,0.7029673235741438,0.7398531952762658,0.7029673235741438,0.6845220502632106,1.0,1.0,1.0,1.0,1.0
model_screen_on_best_feature_config,2,S02_personal_fold07,7,win0p5s_50ov__trim10_each_end__EMG_ACC__LogisticRegression,win0p5s_50ov,0.5,630,315,trim10_each_end,0.1,0.1,EMG_ACC,24,LogisticRegression,792,1140,1686,0.2477894000003289,success,0.6376037959667853,0.5932331624682619,0.7098306148678694,0.5932331624682619,0.568831956724565,0.6,0.6,0.4,0.6,0.4666666666666666
model_screen_on_best_feature_config,2,S02_personal_fold07,7,win0p5s_50ov__trim10_each_end__EMG_ACC__RBF-SVM,win0p5s_50ov,0.5,630,315,trim10_each_end,0.1,0.1,EMG_ACC,24,RBF-SVM,792,1140,1686,4.58145390000027,success,0.6061684460260973,0.5429686032448038,0.6198842512710099,0.5429686032448038,0.5482752196591434,1.0,1.0,1.0,1.0,1.0
model_screen_on_best_feature_config,2,S02_personal_fold07,7,win0p5s_50ov__trim10_each_end__EMG_ACC__RandomForest,win0p5s_50ov,0.5,630,315,trim10_each_end,0.1,0.1,EMG_ACC,24,RandomForest,792,1140,1686,1.0476295999997092,success,0.7105575326215896,0.6807854022280151,0.7717198077228362,0.6807854022280151,0.663557495178168,0.8,0.8,0.7,0.8,0.7333333333333333
model_screen_on_best_feature_config,2,S02_personal_fold08,8,win1p0s_50ov__trim10_each_end__EMG_ACC__ShrinkageLDA,win1p0s_50ov,1.0,1260,630,trim10_each_end,0.1,0.1,EMG_ACC,24,ShrinkageLDA,792,570,95,1.0168162000009033,success,0.9894736842105263,0.9894736842105264,0.99,0.9894736842105264,0.9894663894663894,1.0,1.0,1.0,1.0,1.0
model_screen_on_best_feature_config,2,S02_personal_fold08,8,win1p0s_50ov__trim10_each_end__EMG_ACC__LogisticRegression,win1p0s_50ov,1.0,1260,630,trim10_each_end,0.1,0.1,EMG_ACC,24,LogisticRegression,792,570,95,0.125212000000829,success,0.9052631578947369,0.9052631578947368,0.9357142857142857,0.9052631578947368,0.9070592705167172,1.0,1.0,1.0,1.0,1.0
model_screen_on_best_feature_config,2,S02_personal_fold08,8,win1p0s_50ov__trim10_each_end__EMG_ACC__RBF-SVM,win1p0s_50ov,1.0,1260,630,trim10_each_end,0.1,0.1,EMG_ACC,24,RBF-SVM,792,570,95,1.2237693999995827,success,0.8315789473684211,0.8315789473684211,0.9085714285714286,0.8315789473684211,0.8249036366683425,0.8,0.8,0.7,0.8,0.7333333333333333
model_screen_on_best_feature_config,2,S02_personal_fold08,8,win1p0s_50ov__trim10_each_end__EMG_ACC__RandomForest,win1p0s_50ov,1.0,1260,630,trim10_each_end,0.1,0.1,EMG_ACC,24,RandomForest,792,570,95,0.5395927999998094,success,0.9368421052631579,0.9368421052631579,0.952,0.9368421052631579,0.9352272727272727,1.0,1.0,1.0,1.0,1.0
feature_screen_with_shrinkage_lda,3,S03_personal_fold01,1,win0p25s_50ov__full_segment__EMG__ShrinkageLDA,win0p25s_50ov,0.25,315,157,full_segment,0.0,0.0,EMG,6,ShrinkageLDA,198,5830,480,0.32515150000108406,success,0.9833333333333333,0.9833333333333332,0.98332311857957,0.9833333333333332,0.9832098894517138,1.0,1.0,1.0,1.0,1.0
feature_screen_with_shrinkage_lda,3,S03_personal_fold02,2,win0p25s_50ov__full_segment__EMG__ShrinkageLDA,win0p25s_50ov,0.25,315,157,full_segment,0.0,0.0,EMG,6,ShrinkageLDA,198,5830,480,0.31772839999939606,success,0.9104166666666667,0.9104166666666668,0.9107170057665106,0.9104166666666668,0.9103558728521403,1.0,1.0,1.0,1.0,1.0
feature_screen_with_shrinkage_lda,3,S03_personal_fold03,3,win0p25s_50ov__full_segment__EMG__ShrinkageLDA,win0p25s_50ov,0.25,315,157,full_segment,0.0,0.0,EMG,6,ShrinkageLDA,198,5830,480,0.3446351999991748,success,0.9541666666666667,0.9541666666666668,0.955984759202261,0.9541666666666668,0.9539771324626237,1.0,1.0,1.0,1.0,1.0
feature_screen_with_shrinkage_lda,3,S03_personal_fold04,4,win0p25s_50ov__full_segment__EMG__ShrinkageLDA,win0p25s_50ov,0.25,315,157,full_segment,0.0,0.0,EMG,6,ShrinkageLDA,198,5830,480,0.32986150000033376,success,0.9625,0.9625,0.968421052631579,0.9625,0.962167487684729,1.0,1.0,1.0,1.0,1.0
feature_screen_with_shrinkage_lda,3,S03_personal_fold05,5,win0p25s_50ov__full_segment__EMG__ShrinkageLDA,win0p25s_50ov,0.25,315,157,full_segment,0.0,0.0,EMG,6,ShrinkageLDA,198,5830,480,0.313372900000104,success,0.9604166666666667,0.9604166666666668,0.9656724571178849,0.9604166666666668,0.9605038791122645,1.0,1.0,1.0,1.0,1.0
feature_screen_with_shrinkage_lda,3,S03_personal_fold06,6,win0p25s_50ov__full_segment__EMG__ShrinkageLDA,win0p25s_50ov,0.25,315,157,full_segment,0.0,0.0,EMG,6,ShrinkageLDA,198,5830,480,0.36476200000106473,success,0.9104166666666667,0.9104166666666667,0.926649919435669,0.9104166666666667,0.9091200464930441,1.0,1.0,1.0,1.0,1.0
feature_screen_with_shrinkage_lda,3,S03_personal_fold07,7,win0p25s_50ov__full_segment__EMG__ShrinkageLDA,win0p25s_50ov,0.25,315,157,full_segment,0.0,0.0,EMG,6,ShrinkageLDA,198,2880,3430,0.1735117000007449,success,0.682798833819242,0.7140895583554739,0.7537280755175886,0.7140895583554739,0.7077087303073004,1.0,1.0,1.0,1.0,1.0
feature_screen_with_shrinkage_lda,3,S03_personal_fold08,8,win0p25s_50ov__full_segment__EMG__ShrinkageLDA,win0p25s_50ov,0.25,315,157,full_segment,0.0,0.0,EMG,6,ShrinkageLDA,198,2880,480,0.19322319999992033,success,0.9145833333333333,0.9145833333333332,0.9174257123855775,0.9145833333333332,0.9123113094730622,1.0,1.0,1.0,1.0,1.0
feature_screen_with_shrinkage_lda,3,S03_personal_fold01,1,win0p25s_50ov__full_segment__EMG_ACC__ShrinkageLDA,win0p25s_50ov,0.25,315,157,full_segment,0.0,0.0,EMG_ACC,24,ShrinkageLDA,792,5830,480,4.300243899999259,success,0.9083333333333333,0.9083333333333332,0.9330132052821127,0.9083333333333332,0.9019340705796447,1.0,1.0,1.0,1.0,1.0
feature_screen_with_shrinkage_lda,3,S03_personal_fold02,2,win0p25s_50ov__full_segment__EMG_ACC__ShrinkageLDA,win0p25s_50ov,0.25,315,157,full_segment,0.0,0.0,EMG_ACC,24,ShrinkageLDA,792,5830,480,4.686786999998731,success,0.9,0.9,0.9045372050816697,0.9,0.8989030276437034,1.0,1.0,1.0,1.0,1.0
feature_screen_with_shrinkage_lda,3,S03_personal_fold03,3,win0p25s_50ov__full_segment__EMG_ACC__ShrinkageLDA,win0p25s_50ov,0.25,315,157,full_segment,0.0,0.0,EMG_ACC,24,ShrinkageLDA,792,5830,480,4.336504000000787,success,0.9458333333333333,0.9458333333333332,0.9456021057249397,0.9458333333333332,0.9456885737660212,1.0,1.0,1.0,1.0,1.0
feature_screen_with_shrinkage_lda,3,S03_personal_fold04,4,win0p25s_50ov__full_segment__EMG_ACC__ShrinkageLDA,win0p25s_50ov,0.25,315,157,full_segment,0.0,0.0,EMG_ACC,24,ShrinkageLDA,792,5830,480,4.458463699998902,success,0.9125,0.9125,0.9342799188640974,0.9125,0.908866523675961,1.0,1.0,1.0,1.0,1.0
feature_screen_with_shrinkage_lda,3,S03_personal_fold05,5,win0p25s_50ov__full_segment__EMG_ACC__ShrinkageLDA,win0p25s_50ov,0.25,315,157,full_segment,0.0,0.0,EMG_ACC,24,ShrinkageLDA,792,5830,480,4.507962400000906,success,0.94375,0.94375,0.9560975609756097,0.94375,0.9432970828350509,1.0,1.0,1.0,1.0,1.0
feature_screen_with_shrinkage_lda,3,S03_personal_fold06,6,win0p25s_50ov__full_segment__EMG_ACC__ShrinkageLDA,win0p25s_50ov,0.25,315,157,full_segment,0.0,0.0,EMG_ACC,24,ShrinkageLDA,792,5830,480,4.319505399998889,success,0.8916666666666667,0.8916666666666668,0.9196651607759765,0.8916666666666668,0.8873783253511235,1.0,1.0,1.0,1.0,1.0
feature_screen_with_shrinkage_lda,3,S03_personal_fold07,7,win0p25s_50ov__full_segment__EMG_ACC__ShrinkageLDA,win0p25s_50ov,0.25,315,157,full_segment,0.0,0.0,EMG_ACC,24,ShrinkageLDA,792,2880,3430,2.3646389000005,success,0.6536443148688047,0.6885079875008329,0.731919293441609,0.6885079875008329,0.6881419734154814,1.0,1.0,1.0,1.0,1.0
feature_screen_with_shrinkage_lda,3,S03_personal_fold08,8,win0p25s_50ov__full_segment__EMG_ACC__ShrinkageLDA,win0p25s_50ov,0.25,315,157,full_segment,0.0,0.0,EMG_ACC,24,ShrinkageLDA,792,2880,480,2.5272714999991877,success,0.9125,0.9125,0.9282291057860901,0.9125,0.9045713278081466,1.0,1.0,1.0,1.0,1.0
feature_screen_with_shrinkage_lda,3,S03_personal_fold01,1,win0p25s_50ov__full_segment__EMG_IMU__ShrinkageLDA,win0p25s_50ov,0.25,315,157,full_segment,0.0,0.0,EMG_IMU,42,ShrinkageLDA,1386,5830,480,17.53716919999897,success,0.95625,0.95625,0.9622775643084147,0.95625,0.9551976142482161,1.0,1.0,1.0,1.0,1.0
feature_screen_with_shrinkage_lda,3,S03_personal_fold02,2,win0p25s_50ov__full_segment__EMG_IMU__ShrinkageLDA,win0p25s_50ov,0.25,315,157,full_segment,0.0,0.0,EMG_IMU,42,ShrinkageLDA,1386,5830,480,17.284450399998605,success,0.9020833333333333,0.9020833333333332,0.9096966731172749,0.9020833333333332,0.8988873927895711,1.0,1.0,1.0,1.0,1.0
feature_screen_with_shrinkage_lda,3,S03_personal_fold03,3,win0p25s_50ov__full_segment__EMG_IMU__ShrinkageLDA,win0p25s_50ov,0.25,315,157,full_segment,0.0,0.0,EMG_IMU,42,ShrinkageLDA,1386,5830,480,17.356258199999502,success,0.9520833333333333,0.9520833333333332,0.9524970079425525,0.9520833333333332,0.9520508157116099,1.0,1.0,1.0,1.0,1.0
feature_screen_with_shrinkage_lda,3,S03_personal_fold04,4,win0p25s_50ov__full_segment__EMG_IMU__ShrinkageLDA,win0p25s_50ov,0.25,315,157,full_segment,0.0,0.0,EMG_IMU,42,ShrinkageLDA,1386,5830,480,17.26267639999969,success,0.9041666666666667,0.9041666666666666,0.9352112676056338,0.9041666666666666,0.8990729276003595,1.0,1.0,1.0,1.0,1.0
feature_screen_with_shrinkage_lda,3,S03_personal_fold05,5,win0p25s_50ov__full_segment__EMG_IMU__ShrinkageLDA,win0p25s_50ov,0.25,315,157,full_segment,0.0,0.0,EMG_IMU,42,ShrinkageLDA,1386,5830,480,17.46312989999933,success,0.95625,0.95625,0.964102564102564,0.95625,0.9557202866320733,1.0,1.0,1.0,1.0,1.0
feature_screen_with_shrinkage_lda,3,S03_personal_fold06,6,win0p25s_50ov__full_segment__EMG_IMU__ShrinkageLDA,win0p25s_50ov,0.25,315,157,full_segment,0.0,0.0,EMG_IMU,42,ShrinkageLDA,1386,5830,480,17.44127649999973,success,0.8979166666666667,0.8979166666666666,0.917270955165692,0.8979166666666666,0.8935234699940583,1.0,1.0,1.0,1.0,1.0
feature_screen_with_shrinkage_lda,3,S03_personal_fold07,7,win0p25s_50ov__full_segment__EMG_IMU__ShrinkageLDA,win0p25s_50ov,0.25,315,157,full_segment,0.0,0.0,EMG_IMU,42,ShrinkageLDA,1386,2880,3430,10.222110900000189,success,0.6545189504373178,0.6921434080866519,0.7271585472451113,0.6921434080866519,0.6845729616440958,0.8,0.8,0.7,0.8,0.7333333333333333
feature_screen_with_shrinkage_lda,3,S03_personal_fold08,8,win0p25s_50ov__full_segment__EMG_IMU__ShrinkageLDA,win0p25s_50ov,0.25,315,157,full_segment,0.0,0.0,EMG_IMU,42,ShrinkageLDA,1386,2880,480,9.972266700000546,success,0.9166666666666666,0.9166666666666666,0.9293903008188723,0.9166666666666666,0.9105116971973872,1.0,1.0,1.0,1.0,1.0
feature_screen_with_shrinkage_lda,3,S03_personal_fold01,1,win0p25s_50ov__trim10_each_end__EMG__ShrinkageLDA,win0p25s_50ov,0.25,315,157,trim10_each_end,0.1,0.1,EMG,6,ShrinkageLDA,198,4667,385,0.27498259999993024,success,0.974025974025974,0.9740259740259741,0.9744968713005242,0.9740259740259741,0.9740084388185654,1.0,1.0,1.0,1.0,1.0
feature_screen_with_shrinkage_lda,3,S03_personal_fold02,2,win0p25s_50ov__trim10_each_end__EMG__ShrinkageLDA,win0p25s_50ov,0.25,315,157,trim10_each_end,0.1,0.1,EMG,6,ShrinkageLDA,198,4667,385,0.2102365999999165,success,0.9064935064935065,0.9064935064935066,0.9076555839727195,0.9064935064935066,0.9062404870624048,1.0,1.0,1.0,1.0,1.0
feature_screen_with_shrinkage_lda,3,S03_personal_fold03,3,win0p25s_50ov__trim10_each_end__EMG__ShrinkageLDA,win0p25s_50ov,0.25,315,157,trim10_each_end,0.1,0.1,EMG,6,ShrinkageLDA,198,4667,385,0.2296091999996861,success,0.9636363636363636,0.9636363636363636,0.9677095937770094,0.9636363636363636,0.963414220261327,1.0,1.0,1.0,1.0,1.0
feature_screen_with_shrinkage_lda,3,S03_personal_fold04,4,win0p25s_50ov__trim10_each_end__EMG__ShrinkageLDA,win0p25s_50ov,0.25,315,157,trim10_each_end,0.1,0.1,EMG,6,ShrinkageLDA,198,4667,385,0.2923642999994627,success,0.9506493506493506,0.9506493506493505,0.9604166666666668,0.9506493506493505,0.9498865339327768,1.0,1.0,1.0,1.0,1.0
feature_screen_with_shrinkage_lda,3,S03_personal_fold05,5,win0p25s_50ov__trim10_each_end__EMG__ShrinkageLDA,win0p25s_50ov,0.25,315,157,trim10_each_end,0.1,0.1,EMG,6,ShrinkageLDA,198,4667,385,0.26972639999985404,success,0.9532467532467532,0.9532467532467532,0.9602662570404507,0.9532467532467532,0.9533348076072535,1.0,1.0,1.0,1.0,1.0
feature_screen_with_shrinkage_lda,3,S03_personal_fold06,6,win0p25s_50ov__trim10_each_end__EMG__ShrinkageLDA,win0p25s_50ov,0.25,315,157,trim10_each_end,0.1,0.1,EMG,6,ShrinkageLDA,198,4667,385,0.28631119999954535,success,0.8987012987012987,0.8987012987012987,0.9166182873730044,0.8987012987012987,0.8977801499555216,1.0,1.0,1.0,1.0,1.0
feature_screen_with_shrinkage_lda,3,S03_personal_fold07,7,win0p25s_50ov__trim10_each_end__EMG__ShrinkageLDA,win0p25s_50ov,0.25,315,157,trim10_each_end,0.1,0.1,EMG,6,ShrinkageLDA,198,2310,2742,0.18393160000050557,success,0.6692195477753464,0.7052432575699619,0.7395331485773511,0.7052432575699619,0.6972859592635215,1.0,1.0,1.0,1.0,1.0
feature_screen_with_shrinkage_lda,3,S03_personal_fold08,8,win0p25s_50ov__trim10_each_end__EMG__ShrinkageLDA,win0p25s_50ov,0.25,315,157,trim10_each_end,0.1,0.1,EMG,6,ShrinkageLDA,198,2310,385,0.14954060000127356,success,0.9168831168831169,0.9168831168831169,0.9194492879976751,0.9168831168831169,0.9148712955923772,1.0,1.0,1.0,1.0,1.0
feature_screen_with_shrinkage_lda,3,S03_personal_fold01,1,win0p25s_50ov__trim10_each_end__EMG_ACC__ShrinkageLDA,win0p25s_50ov,0.25,315,157,trim10_each_end,0.1,0.1,EMG_ACC,24,ShrinkageLDA,792,4667,385,3.765367399999377,success,0.9064935064935065,0.9064935064935064,0.9336754475994983,0.9064935064935064,0.9002487355173976,1.0,1.0,1.0,1.0,1.0
feature_screen_with_shrinkage_lda,3,S03_personal_fold02,2,win0p25s_50ov__trim10_each_end__EMG_ACC__ShrinkageLDA,win0p25s_50ov,0.25,315,157,trim10_each_end,0.1,0.1,EMG_ACC,24,ShrinkageLDA,792,4667,385,3.57088769999973,success,0.9194805194805195,0.9194805194805195,0.9204761904761906,0.9194805194805195,0.9193138124815142,1.0,1.0,1.0,1.0,1.0
feature_screen_with_shrinkage_lda,3,S03_personal_fold03,3,win0p25s_50ov__trim10_each_end__EMG_ACC__ShrinkageLDA,win0p25s_50ov,0.25,315,157,trim10_each_end,0.1,0.1,EMG_ACC,24,ShrinkageLDA,792,4667,385,3.650722599999426,success,0.9532467532467532,0.9532467532467532,0.9556132416303156,0.9532467532467532,0.9528007779541522,1.0,1.0,1.0,1.0,1.0
feature_screen_with_shrinkage_lda,3,S03_personal_fold04,4,win0p25s_50ov__trim10_each_end__EMG_ACC__ShrinkageLDA,win0p25s_50ov,0.25,315,157,trim10_each_end,0.1,0.1,EMG_ACC,24,ShrinkageLDA,792,4667,385,3.6024360000010347,success,0.9376623376623376,0.9376623376623376,0.9503636363636364,0.9376623376623376,0.9363404735289083,1.0,1.0,1.0,1.0,1.0
feature_screen_with_shrinkage_lda,3,S03_personal_fold05,5,win0p25s_50ov__trim10_each_end__EMG_ACC__ShrinkageLDA,win0p25s_50ov,0.25,315,157,trim10_each_end,0.1,0.1,EMG_ACC,24,ShrinkageLDA,792,4667,385,3.7867991000002803,success,0.948051948051948,0.9480519480519479,0.9578525641025643,0.9480519480519479,0.9476421923176173,1.0,1.0,1.0,1.0,1.0
feature_screen_with_shrinkage_lda,3,S03_personal_fold06,6,win0p25s_50ov__trim10_each_end__EMG_ACC__ShrinkageLDA,win0p25s_50ov,0.25,315,157,trim10_each_end,0.1,0.1,EMG_ACC,24,ShrinkageLDA,792,4667,385,3.7129390999998577,success,0.8701298701298701,0.8701298701298701,0.9151483870967742,0.8701298701298701,0.8589917815310943,0.8,0.8,0.7,0.8,0.7333333333333333
feature_screen_with_shrinkage_lda,3,S03_personal_fold07,7,win0p25s_50ov__trim10_each_end__EMG_ACC__ShrinkageLDA,win0p25s_50ov,0.25,315,157,trim10_each_end,0.1,0.1,EMG_ACC,24,ShrinkageLDA,792,2310,2742,2.1389589000009437,success,0.6568198395331875,0.6942525395549346,0.7330411253031744,0.6942525395549346,0.6906394402720961,0.8,0.8,0.7,0.8,0.7333333333333333
feature_screen_with_shrinkage_lda,3,S03_personal_fold08,8,win0p25s_50ov__trim10_each_end__EMG_ACC__ShrinkageLDA,win0p25s_50ov,0.25,315,157,trim10_each_end,0.1,0.1,EMG_ACC,24,ShrinkageLDA,792,2310,385,2.084854999999152,success,0.9090909090909091,0.909090909090909,0.9242010309278349,0.909090909090909,0.9008909876272055,1.0,1.0,1.0,1.0,1.0
feature_screen_with_shrinkage_lda,3,S03_personal_fold01,1,win0p25s_50ov__trim10_each_end__EMG_IMU__ShrinkageLDA,win0p25s_50ov,0.25,315,157,trim10_each_end,0.1,0.1,EMG_IMU,42,ShrinkageLDA,1386,4667,385,14.378489400000035,success,0.9324675324675324,0.9324675324675326,0.9495145631067962,0.9324675324675326,0.9304861111111112,1.0,1.0,1.0,1.0,1.0
feature_screen_with_shrinkage_lda,3,S03_personal_fold02,2,win0p25s_50ov__trim10_each_end__EMG_IMU__ShrinkageLDA,win0p25s_50ov,0.25,315,157,trim10_each_end,0.1,0.1,EMG_IMU,42,ShrinkageLDA,1386,4667,385,14.19968820000031,success,0.9038961038961039,0.903896103896104,0.9079943899018232,0.903896103896104,0.9029756076795369,1.0,1.0,1.0,1.0,1.0
feature_screen_with_shrinkage_lda,3,S03_personal_fold03,3,win0p25s_50ov__trim10_each_end__EMG_IMU__ShrinkageLDA,win0p25s_50ov,0.25,315,157,trim10_each_end,0.1,0.1,EMG_IMU,42,ShrinkageLDA,1386,4667,385,14.31008539999857,success,0.9558441558441558,0.9558441558441558,0.9582481154157655,0.9558441558441558,0.9556285594916112,1.0,1.0,1.0,1.0,1.0
feature_screen_with_shrinkage_lda,3,S03_personal_fold04,4,win0p25s_50ov__trim10_each_end__EMG_IMU__ShrinkageLDA,win0p25s_50ov,0.25,315,157,trim10_each_end,0.1,0.1,EMG_IMU,42,ShrinkageLDA,1386,4667,385,14.411743700000443,success,0.9324675324675324,0.9324675324675326,0.9495145631067962,0.9324675324675326,0.9304861111111112,1.0,1.0,1.0,1.0,1.0
feature_screen_with_shrinkage_lda,3,S03_personal_fold05,5,win0p25s_50ov__trim10_each_end__EMG_IMU__ShrinkageLDA,win0p25s_50ov,0.25,315,157,trim10_each_end,0.1,0.1,EMG_IMU,42,ShrinkageLDA,1386,4667,385,14.138245800000732,success,0.9428571428571428,0.9428571428571428,0.9555555555555555,0.9428571428571428,0.9421138630890953,1.0,1.0,1.0,1.0,1.0
feature_screen_with_shrinkage_lda,3,S03_personal_fold06,6,win0p25s_50ov__trim10_each_end__EMG_IMU__ShrinkageLDA,win0p25s_50ov,0.25,315,157,trim10_each_end,0.1,0.1,EMG_IMU,42,ShrinkageLDA,1386,4667,385,14.614318199999616,success,0.8597402597402597,0.8597402597402597,0.9098294573643411,0.8597402597402597,0.8416904625928041,0.8,0.8,0.7,0.8,0.7333333333333333
feature_screen_with_shrinkage_lda,3,S03_personal_fold07,7,win0p25s_50ov__trim10_each_end__EMG_IMU__ShrinkageLDA,win0p25s_50ov,0.25,315,157,trim10_each_end,0.1,0.1,EMG_IMU,42,ShrinkageLDA,1386,2310,2742,8.626600800000233,success,0.6703136396790663,0.714458726457984,0.7327751364499839,0.714458726457984,0.7008723828832488,0.8,0.8,0.7,0.8,0.7333333333333333
feature_screen_with_shrinkage_lda,3,S03_personal_fold08,8,win0p25s_50ov__trim10_each_end__EMG_IMU__ShrinkageLDA,win0p25s_50ov,0.25,315,157,trim10_each_end,0.1,0.1,EMG_IMU,42,ShrinkageLDA,1386,2310,385,8.582993300000453,success,0.9376623376623376,0.9376623376623376,0.9447146027724396,0.9376623376623376,0.934366629778465,1.0,1.0,1.0,1.0,1.0
feature_screen_with_shrinkage_lda,3,S03_personal_fold01,1,win0p25s_50ov__trim20_each_end__EMG__ShrinkageLDA,win0p25s_50ov,0.25,315,157,trim20_each_end,0.2,0.2,EMG,6,ShrinkageLDA,198,3480,285,0.18858460000046762,success,0.968421052631579,0.968421052631579,0.968888888888889,0.968421052631579,0.9683991683991684,1.0,1.0,1.0,1.0,1.0
feature_screen_with_shrinkage_lda,3,S03_personal_fold02,2,win0p25s_50ov__trim20_each_end__EMG__ShrinkageLDA,win0p25s_50ov,0.25,315,157,trim20_each_end,0.2,0.2,EMG,6,ShrinkageLDA,198,3480,285,0.20736040000156208,success,0.8912280701754386,0.8912280701754387,0.9078717964706616,0.8912280701754387,0.8871559196976213,1.0,1.0,1.0,1.0,1.0
feature_screen_with_shrinkage_lda,3,S03_personal_fold03,3,win0p25s_50ov__trim20_each_end__EMG__ShrinkageLDA,win0p25s_50ov,0.25,315,157,trim20_each_end,0.2,0.2,EMG,6,ShrinkageLDA,198,3480,285,0.23642220000147063,success,0.9719298245614035,0.9719298245614034,0.9727806990411383,0.9719298245614034,0.971895223420647,1.0,1.0,1.0,1.0,1.0
feature_screen_with_shrinkage_lda,3,S03_personal_fold04,4,win0p25s_50ov__trim20_each_end__EMG__ShrinkageLDA,win0p25s_50ov,0.25,315,157,trim20_each_end,0.2,0.2,EMG,6,ShrinkageLDA,198,3480,285,0.1828769999992801,success,0.9508771929824561,0.9508771929824562,0.9605633802816902,0.9508771929824562,0.9501249999999999,1.0,1.0,1.0,1.0,1.0
feature_screen_with_shrinkage_lda,3,S03_personal_fold05,5,win0p25s_50ov__trim20_each_end__EMG__ShrinkageLDA,win0p25s_50ov,0.25,315,157,trim20_each_end,0.2,0.2,EMG,6,ShrinkageLDA,198,3480,285,0.21339290000105393,success,0.9754385964912281,0.9754385964912281,0.975914362176628,0.9754385964912281,0.9755890336154698,1.0,1.0,1.0,1.0,1.0
feature_screen_with_shrinkage_lda,3,S03_personal_fold06,6,win0p25s_50ov__trim20_each_end__EMG__ShrinkageLDA,win0p25s_50ov,0.25,315,157,trim20_each_end,0.2,0.2,EMG,6,ShrinkageLDA,198,3480,285,0.20916179999949236,success,0.9473684210526315,0.9473684210526315,0.9561189358372456,0.9473684210526315,0.9471025910364146,1.0,1.0,1.0,1.0,1.0
feature_screen_with_shrinkage_lda,3,S03_personal_fold07,7,win0p25s_50ov__trim20_each_end__EMG__ShrinkageLDA,win0p25s_50ov,0.25,315,157,trim20_each_end,0.2,0.2,EMG,6,ShrinkageLDA,198,1710,2055,0.11209150000104273,success,0.6763990267639902,0.7096393625252377,0.7502865095930884,0.7096393625252377,0.7019687916019974,1.0,1.0,1.0,1.0,1.0
feature_screen_with_shrinkage_lda,3,S03_personal_fold08,8,win0p25s_50ov__trim20_each_end__EMG__ShrinkageLDA,win0p25s_50ov,0.25,315,157,trim20_each_end,0.2,0.2,EMG,6,ShrinkageLDA,198,1710,285,0.10592180000094231,success,0.9578947368421052,0.9578947368421051,0.9579776828764294,0.9578947368421051,0.9570203541104997,1.0,1.0,1.0,1.0,1.0
feature_screen_with_shrinkage_lda,3,S03_personal_fold01,1,win0p25s_50ov__trim20_each_end__EMG_ACC__ShrinkageLDA,win0p25s_50ov,0.25,315,157,trim20_each_end,0.2,0.2,EMG_ACC,24,ShrinkageLDA,792,3480,285,2.8413823999999295,success,0.9017543859649123,0.9017543859649123,0.9271814187068426,0.9017543859649123,0.8932045605104424,1.0,1.0,1.0,1.0,1.0
feature_screen_with_shrinkage_lda,3,S03_personal_fold02,2,win0p25s_50ov__trim20_each_end__EMG_ACC__ShrinkageLDA,win0p25s_50ov,0.25,315,157,trim20_each_end,0.2,0.2,EMG_ACC,24,ShrinkageLDA,792,3480,285,2.8841871000004176,success,0.9087719298245615,0.9087719298245615,0.9083533562785462,0.9087719298245615,0.9083882383132759,1.0,1.0,1.0,1.0,1.0
feature_screen_with_shrinkage_lda,3,S03_personal_fold03,3,win0p25s_50ov__trim20_each_end__EMG_ACC__ShrinkageLDA,win0p25s_50ov,0.25,315,157,trim20_each_end,0.2,0.2,EMG_ACC,24,ShrinkageLDA,792,3480,285,2.84352410000065,success,0.9719298245614035,0.9719298245614034,0.9727806990411383,0.9719298245614034,0.971895223420647,1.0,1.0,1.0,1.0,1.0
feature_screen_with_shrinkage_lda,3,S03_personal_fold04,4,win0p25s_50ov__trim20_each_end__EMG_ACC__ShrinkageLDA,win0p25s_50ov,0.25,315,157,trim20_each_end,0.2,0.2,EMG_ACC,24,ShrinkageLDA,792,3480,285,2.806762800000797,success,0.9543859649122807,0.9543859649122807,0.9628571428571429,0.9543859649122807,0.9537849847976924,1.0,1.0,1.0,1.0,1.0
feature_screen_with_shrinkage_lda,3,S03_personal_fold05,5,win0p25s_50ov__trim20_each_end__EMG_ACC__ShrinkageLDA,win0p25s_50ov,0.25,315,157,trim20_each_end,0.2,0.2,EMG_ACC,24,ShrinkageLDA,792,3480,285,2.8033665000002657,success,0.9614035087719298,0.9614035087719298,0.9656153370439086,0.9614035087719298,0.9614759851054847,1.0,1.0,1.0,1.0,1.0
feature_screen_with_shrinkage_lda,3,S03_personal_fold06,6,win0p25s_50ov__trim20_each_end__EMG_ACC__ShrinkageLDA,win0p25s_50ov,0.25,315,157,trim20_each_end,0.2,0.2,EMG_ACC,24,ShrinkageLDA,792,3480,285,2.769230100000641,success,0.9228070175438596,0.9228070175438596,0.9443037974683545,0.9228070175438596,0.9198209718670076,1.0,1.0,1.0,1.0,1.0
feature_screen_with_shrinkage_lda,3,S03_personal_fold07,7,win0p25s_50ov__trim20_each_end__EMG_ACC__ShrinkageLDA,win0p25s_50ov,0.25,315,157,trim20_each_end,0.2,0.2,EMG_ACC,24,ShrinkageLDA,792,1710,2055,1.7353351000001567,success,0.6428223844282238,0.6823333974960797,0.7271926483173832,0.6823333974960797,0.6744343268809245,0.8,0.8,0.7,0.8,0.7333333333333333
feature_screen_with_shrinkage_lda,3,S03_personal_fold08,8,win0p25s_50ov__trim20_each_end__EMG_ACC__ShrinkageLDA,win0p25s_50ov,0.25,315,157,trim20_each_end,0.2,0.2,EMG_ACC,24,ShrinkageLDA,792,1710,285,1.7670478000000003,success,0.9438596491228071,0.9438596491228071,0.9502548386160334,0.9438596491228071,0.9409899696384276,1.0,1.0,1.0,1.0,1.0
feature_screen_with_shrinkage_lda,3,S03_personal_fold01,1,win0p25s_50ov__trim20_each_end__EMG_IMU__ShrinkageLDA,win0p25s_50ov,0.25,315,157,trim20_each_end,0.2,0.2,EMG_IMU,42,ShrinkageLDA,1386,3480,285,11.380349699998987,success,0.9368421052631579,0.9368421052631579,0.9481053964543152,0.9368421052631579,0.9340567797496601,1.0,1.0,1.0,1.0,1.0
feature_screen_with_shrinkage_lda,3,S03_personal_fold02,2,win0p25s_50ov__trim20_each_end__EMG_IMU__ShrinkageLDA,win0p25s_50ov,0.25,315,157,trim20_each_end,0.2,0.2,EMG_IMU,42,ShrinkageLDA,1386,3480,285,10.289169899999251,success,0.9192982456140351,0.9192982456140351,0.9188367209991991,0.9192982456140351,0.9188883936410173,1.0,1.0,1.0,1.0,1.0
feature_screen_with_shrinkage_lda,3,S03_personal_fold03,3,win0p25s_50ov__trim20_each_end__EMG_IMU__ShrinkageLDA,win0p25s_50ov,0.25,315,157,trim20_each_end,0.2,0.2,EMG_IMU,42,ShrinkageLDA,1386,3480,285,10.357963700000255,success,0.968421052631579,0.968421052631579,0.9697270471464019,0.968421052631579,0.968360188111942,1.0,1.0,1.0,1.0,1.0
feature_screen_with_shrinkage_lda,3,S03_personal_fold04,4,win0p25s_50ov__trim20_each_end__EMG_IMU__ShrinkageLDA,win0p25s_50ov,0.25,315,157,trim20_each_end,0.2,0.2,EMG_IMU,42,ShrinkageLDA,1386,3480,285,9.923760500001663,success,0.9333333333333333,0.9333333333333332,0.95,0.9333333333333332,0.9314285714285715,1.0,1.0,1.0,1.0,1.0
feature_screen_with_shrinkage_lda,3,S03_personal_fold05,5,win0p25s_50ov__trim20_each_end__EMG_IMU__ShrinkageLDA,win0p25s_50ov,0.25,315,157,trim20_each_end,0.2,0.2,EMG_IMU,42,ShrinkageLDA,1386,3480,285,10.538697399999364,success,0.9719298245614035,0.9719298245614034,0.9753846153846155,0.9719298245614034,0.9717909062789978,1.0,1.0,1.0,1.0,1.0
feature_screen_with_shrinkage_lda,3,S03_personal_fold06,6,win0p25s_50ov__trim20_each_end__EMG_IMU__ShrinkageLDA,win0p25s_50ov,0.25,315,157,trim20_each_end,0.2,0.2,EMG_IMU,42,ShrinkageLDA,1386,3480,285,10.410115999999107,success,0.9087719298245615,0.9087719298245613,0.9373493975903614,0.9087719298245613,0.9037662337662338,1.0,1.0,1.0,1.0,1.0
feature_screen_with_shrinkage_lda,3,S03_personal_fold07,7,win0p25s_50ov__trim20_each_end__EMG_IMU__ShrinkageLDA,win0p25s_50ov,0.25,315,157,trim20_each_end,0.2,0.2,EMG_IMU,42,ShrinkageLDA,1386,1710,2055,6.386033999999199,success,0.645742092457421,0.6947297349192302,0.7082480197338492,0.6947297349192302,0.6702192364768793,0.8,0.8,0.7,0.8,0.7333333333333333
feature_screen_with_shrinkage_lda,3,S03_personal_fold08,8,win0p25s_50ov__trim20_each_end__EMG_IMU__ShrinkageLDA,win0p25s_50ov,0.25,315,157,trim20_each_end,0.2,0.2,EMG_IMU,42,ShrinkageLDA,1386,1710,285,6.017692200000965,success,0.9649122807017544,0.9649122807017545,0.9673079377815059,0.9649122807017545,0.9638470779729612,1.0,1.0,1.0,1.0,1.0
feature_screen_with_shrinkage_lda,3,S03_personal_fold01,1,win0p5s_50ov__full_segment__EMG__ShrinkageLDA,win0p5s_50ov,0.5,630,315,full_segment,0.0,0.0,EMG,6,ShrinkageLDA,198,2884,235,0.16745959999934712,success,0.9829787234042553,0.9829787234042552,0.9836734693877551,0.9829787234042552,0.9827777777777778,1.0,1.0,1.0,1.0,1.0
feature_screen_with_shrinkage_lda,3,S03_personal_fold02,2,win0p5s_50ov__full_segment__EMG__ShrinkageLDA,win0p5s_50ov,0.5,630,315,full_segment,0.0,0.0,EMG,6,ShrinkageLDA,198,2884,235,0.17476170000009006,success,0.9106382978723404,0.9106382978723404,0.9106884057971015,0.9106382978723404,0.9106281833616299,1.0,1.0,1.0,1.0,1.0
feature_screen_with_shrinkage_lda,3,S03_personal_fold03,3,win0p5s_50ov__full_segment__EMG__ShrinkageLDA,win0p5s_50ov,0.5,630,315,full_segment,0.0,0.0,EMG,6,ShrinkageLDA,198,2884,235,0.1741927000002761,success,0.9787234042553191,0.9787234042553191,0.9788043478260869,0.9787234042553191,0.9787209960384832,1.0,1.0,1.0,1.0,1.0
feature_screen_with_shrinkage_lda,3,S03_personal_fold04,4,win0p5s_50ov__full_segment__EMG__ShrinkageLDA,win0p5s_50ov,0.5,630,315,full_segment,0.0,0.0,EMG,6,ShrinkageLDA,198,2884,235,0.174677499999234,success,0.9617021276595744,0.9617021276595745,0.9678571428571429,0.9617021276595745,0.9613478012564249,1.0,1.0,1.0,1.0,1.0
feature_screen_with_shrinkage_lda,3,S03_personal_fold05,5,win0p5s_50ov__full_segment__EMG__ShrinkageLDA,win0p5s_50ov,0.5,630,315,full_segment,0.0,0.0,EMG,6,ShrinkageLDA,198,2884,235,0.18808979999994335,success,0.9617021276595744,0.9617021276595745,0.9654923215898826,0.9617021276595745,0.9618458620055554,1.0,1.0,1.0,1.0,1.0
feature_screen_with_shrinkage_lda,3,S03_personal_fold06,6,win0p5s_50ov__full_segment__EMG__ShrinkageLDA,win0p5s_50ov,0.5,630,315,full_segment,0.0,0.0,EMG,6,ShrinkageLDA,198,2884,235,0.19081980000009935,success,0.9446808510638298,0.9446808510638298,0.9479629629629629,0.9446808510638298,0.9443723682713099,1.0,1.0,1.0,1.0,1.0
feature_screen_with_shrinkage_lda,3,S03_personal_fold07,7,win0p5s_50ov__full_segment__EMG__ShrinkageLDA,win0p5s_50ov,0.5,630,315,full_segment,0.0,0.0,EMG,6,ShrinkageLDA,198,1410,1709,0.10785199999918405,success,0.6699824458747806,0.7058942139927826,0.7576584301471139,0.7058942139927826,0.7007794376768001,1.0,1.0,1.0,1.0,1.0
feature_screen_with_shrinkage_lda,3,S03_personal_fold08,8,win0p5s_50ov__full_segment__EMG__ShrinkageLDA,win0p5s_50ov,0.5,630,315,full_segment,0.0,0.0,EMG,6,ShrinkageLDA,198,1410,235,0.1063785000005737,success,0.9234042553191489,0.9234042553191489,0.9225264914476428,0.9234042553191489,0.9213811750203253,1.0,1.0,1.0,1.0,1.0
feature_screen_with_shrinkage_lda,3,S03_personal_fold01,1,win0p5s_50ov__full_segment__EMG_ACC__ShrinkageLDA,win0p5s_50ov,0.5,630,315,full_segment,0.0,0.0,EMG_ACC,24,ShrinkageLDA,792,2884,235,2.186412500001097,success,0.9361702127659575,0.9361702127659575,0.9516129032258064,0.9361702127659575,0.9345023806758797,1.0,1.0,1.0,1.0,1.0
feature_screen_with_shrinkage_lda,3,S03_personal_fold02,2,win0p5s_50ov__full_segment__EMG_ACC__ShrinkageLDA,win0p5s_50ov,0.5,630,315,full_segment,0.0,0.0,EMG_ACC,24,ShrinkageLDA,792,2884,235,2.3802389000011317,success,0.9063829787234042,0.9063829787234041,0.9138014527845038,0.9063829787234041,0.90483202945237,1.0,1.0,1.0,1.0,1.0
feature_screen_with_shrinkage_lda,3,S03_personal_fold03,3,win0p5s_50ov__full_segment__EMG_ACC__ShrinkageLDA,win0p5s_50ov,0.5,630,315,full_segment,0.0,0.0,EMG_ACC,24,ShrinkageLDA,792,2884,235,2.350357699999222,success,0.9702127659574468,0.9702127659574469,0.9740740740740741,0.9702127659574469,0.9700466598383976,1.0,1.0,1.0,1.0,1.0
feature_screen_with_shrinkage_lda,3,S03_personal_fold04,4,win0p5s_50ov__full_segment__EMG_ACC__ShrinkageLDA,win0p5s_50ov,0.5,630,315,full_segment,0.0,0.0,EMG_ACC,24,ShrinkageLDA,792,2884,235,2.0641586000001553,success,0.8936170212765957,0.8936170212765958,0.9305555555555556,0.8936170212765958,0.8872612270714736,1.0,1.0,1.0,1.0,1.0
feature_screen_with_shrinkage_lda,3,S03_personal_fold05,5,win0p5s_50ov__full_segment__EMG_ACC__ShrinkageLDA,win0p5s_50ov,0.5,630,315,full_segment,0.0,0.0,EMG_ACC,24,ShrinkageLDA,792,2884,235,2.3159279999999853,success,0.948936170212766,0.948936170212766,0.9593220338983052,0.948936170212766,0.9487019288352435,1.0,1.0,1.0,1.0,1.0
feature_screen_with_shrinkage_lda,3,S03_personal_fold06,6,win0p5s_50ov__full_segment__EMG_ACC__ShrinkageLDA,win0p5s_50ov,0.5,630,315,full_segment,0.0,0.0,EMG_ACC,24,ShrinkageLDA,792,2884,235,2.2617846000011923,success,0.9404255319148936,0.9404255319148935,0.9502179176755448,0.9404255319148935,0.9394385641969627,1.0,1.0,1.0,1.0,1.0
feature_screen_with_shrinkage_lda,3,S03_personal_fold07,7,win0p5s_50ov__full_segment__EMG_ACC__ShrinkageLDA,win0p5s_50ov,0.5,630,315,full_segment,0.0,0.0,EMG_ACC,24,ShrinkageLDA,792,1410,1709,1.277999699999782,success,0.6325336454066706,0.6753736192025066,0.7234744414213303,0.6753736192025066,0.6670836292811536,0.8,0.8,0.7,0.8,0.7333333333333333
feature_screen_with_shrinkage_lda,3,S03_personal_fold08,8,win0p5s_50ov__full_segment__EMG_ACC__ShrinkageLDA,win0p5s_50ov,0.5,630,315,full_segment,0.0,0.0,EMG_ACC,24,ShrinkageLDA,792,1410,235,1.3055452999997215,success,0.9106382978723404,0.9106382978723404,0.92997557997558,0.9106382978723404,0.9032738342327384,1.0,1.0,1.0,1.0,1.0
feature_screen_with_shrinkage_lda,3,S03_personal_fold01,1,win0p5s_50ov__full_segment__EMG_IMU__ShrinkageLDA,win0p5s_50ov,0.5,630,315,full_segment,0.0,0.0,EMG_IMU,42,ShrinkageLDA,1386,2884,235,8.95113769999989,success,0.9659574468085106,0.9659574468085106,0.9709090909090909,0.9659574468085106,0.9657090743274054,1.0,1.0,1.0,1.0,1.0
feature_screen_with_shrinkage_lda,3,S03_personal_fold02,2,win0p5s_50ov__full_segment__EMG_IMU__ShrinkageLDA,win0p5s_50ov,0.5,630,315,full_segment,0.0,0.0,EMG_IMU,42,ShrinkageLDA,1386,2884,235,9.067943599999126,success,0.8893617021276595,0.8893617021276595,0.9010752688172043,0.8893617021276595,0.886060606060606,1.0,1.0,1.0,1.0,1.0
feature_screen_with_shrinkage_lda,3,S03_personal_fold03,3,win0p5s_50ov__full_segment__EMG_IMU__ShrinkageLDA,win0p5s_50ov,0.5,630,315,full_segment,0.0,0.0,EMG_IMU,42,ShrinkageLDA,1386,2884,235,9.135739900000772,success,0.9659574468085106,0.9659574468085106,0.9687068568798896,0.9659574468085106,0.9658181818181818,1.0,1.0,1.0,1.0,1.0
feature_screen_with_shrinkage_lda,3,S03_personal_fold04,4,win0p5s_50ov__full_segment__EMG_IMU__ShrinkageLDA,win0p5s_50ov,0.5,630,315,full_segment,0.0,0.0,EMG_IMU,42,ShrinkageLDA,1386,2884,235,8.779454499999702,success,0.9319148936170213,0.9319148936170212,0.9492063492063492,0.9319148936170212,0.9298834498834498,1.0,1.0,1.0,1.0,1.0
feature_screen_with_shrinkage_lda,3,S03_personal_fold05,5,win0p5s_50ov__full_segment__EMG_IMU__ShrinkageLDA,win0p5s_50ov,0.5,630,315,full_segment,0.0,0.0,EMG_IMU,42,ShrinkageLDA,1386,2884,235,8.97599420000006,success,0.9531914893617022,0.9531914893617021,0.9620689655172413,0.9531914893617021,0.9525415949512336,1.0,1.0,1.0,1.0,1.0
feature_screen_with_shrinkage_lda,3,S03_personal_fold06,6,win0p5s_50ov__full_segment__EMG_IMU__ShrinkageLDA,win0p5s_50ov,0.5,630,315,full_segment,0.0,0.0,EMG_IMU,42,ShrinkageLDA,1386,2884,235,8.832239999999729,success,0.9276595744680851,0.9276595744680851,0.9421370967741935,0.9276595744680851,0.925769364765997,1.0,1.0,1.0,1.0,1.0
feature_screen_with_shrinkage_lda,3,S03_personal_fold07,7,win0p5s_50ov__full_segment__EMG_IMU__ShrinkageLDA,win0p5s_50ov,0.5,630,315,full_segment,0.0,0.0,EMG_IMU,42,ShrinkageLDA,1386,1410,1709,5.720049200001085,success,0.6454066705675834,0.6907975369393717,0.7275531361585742,0.6907975369393717,0.674900422628202,0.8,0.8,0.7,0.8,0.7333333333333333
feature_screen_with_shrinkage_lda,3,S03_personal_fold08,8,win0p5s_50ov__full_segment__EMG_IMU__ShrinkageLDA,win0p5s_50ov,0.5,630,315,full_segment,0.0,0.0,EMG_IMU,42,ShrinkageLDA,1386,1410,235,5.621452999999747,success,0.9234042553191489,0.9234042553191489,0.9361430395913155,0.9234042553191489,0.9178178118563736,1.0,1.0,1.0,1.0,1.0
feature_screen_with_shrinkage_lda,3,S03_personal_fold01,1,win0p5s_50ov__trim10_each_end__EMG__ShrinkageLDA,win0p5s_50ov,0.5,630,315,trim10_each_end,0.1,0.1,EMG,6,ShrinkageLDA,198,2316,190,0.14046950000010838,success,0.9736842105263158,0.9736842105263157,0.9738045738045737,0.9736842105263157,0.9736796536796536,1.0,1.0,1.0,1.0,1.0
feature_screen_with_shrinkage_lda,3,S03_personal_fold02,2,win0p5s_50ov__trim10_each_end__EMG__ShrinkageLDA,win0p5s_50ov,0.5,630,315,trim10_each_end,0.1,0.1,EMG,6,ShrinkageLDA,198,2316,190,0.13683660000060627,success,0.9157894736842105,0.9157894736842106,0.9161111111111111,0.9157894736842106,0.9157311157311157,1.0,1.0,1.0,1.0,1.0
feature_screen_with_shrinkage_lda,3,S03_personal_fold03,3,win0p5s_50ov__trim10_each_end__EMG__ShrinkageLDA,win0p5s_50ov,0.5,630,315,trim10_each_end,0.1,0.1,EMG,6,ShrinkageLDA,198,2316,190,0.13420849999965867,success,0.9631578947368421,0.9631578947368421,0.9669648181276088,0.9631578947368421,0.9629757896424562,1.0,1.0,1.0,1.0,1.0
feature_screen_with_shrinkage_lda,3,S03_personal_fold04,4,win0p5s_50ov__trim10_each_end__EMG__ShrinkageLDA,win0p5s_50ov,0.5,630,315,trim10_each_end,0.1,0.1,EMG,6,ShrinkageLDA,198,2316,190,0.12059399999998277,success,0.9631578947368421,0.9631578947368421,0.968888888888889,0.9631578947368421,0.962842675048018,1.0,1.0,1.0,1.0,1.0
feature_screen_with_shrinkage_lda,3,S03_personal_fold05,5,win0p5s_50ov__trim10_each_end__EMG__ShrinkageLDA,win0p5s_50ov,0.5,630,315,trim10_each_end,0.1,0.1,EMG,6,ShrinkageLDA,198,2316,190,0.12626449999879696,success,0.9631578947368421,0.9631578947368421,0.9662106703146375,0.9631578947368421,0.9633827160493826,1.0,1.0,1.0,1.0,1.0
feature_screen_with_shrinkage_lda,3,S03_personal_fold06,6,win0p5s_50ov__trim10_each_end__EMG__ShrinkageLDA,win0p5s_50ov,0.5,630,315,trim10_each_end,0.1,0.1,EMG,6,ShrinkageLDA,198,2316,190,0.12922450000041863,success,0.9315789473684211,0.9315789473684211,0.9393983859134263,0.9315789473684211,0.9306057945566287,1.0,1.0,1.0,1.0,1.0
feature_screen_with_shrinkage_lda,3,S03_personal_fold07,7,win0p5s_50ov__trim10_each_end__EMG__ShrinkageLDA,win0p5s_50ov,0.5,630,315,trim10_each_end,0.1,0.1,EMG,6,ShrinkageLDA,198,1140,1366,0.07456699999966077,success,0.6581259150805271,0.701154053701331,0.7526140060750208,0.701154053701331,0.6946684146448956,0.8,0.8,0.7,0.8,0.7333333333333333
feature_screen_with_shrinkage_lda,3,S03_personal_fold08,8,win0p5s_50ov__trim10_each_end__EMG__ShrinkageLDA,win0p5s_50ov,0.5,630,315,trim10_each_end,0.1,0.1,EMG,6,ShrinkageLDA,198,1140,190,0.06382320000011532,success,0.9315789473684211,0.9315789473684211,0.9345782874290002,0.9315789473684211,0.9299457428442937,1.0,1.0,1.0,1.0,1.0
feature_screen_with_shrinkage_lda,3,S03_personal_fold01,1,win0p5s_50ov__trim10_each_end__EMG_ACC__ShrinkageLDA,win0p5s_50ov,0.5,630,315,trim10_each_end,0.1,0.1,EMG_ACC,24,ShrinkageLDA,792,2316,190,1.9440877999986697,success,0.9263157894736842,0.9263157894736842,0.9461538461538461,0.9263157894736842,0.9237275985663083,1.0,1.0,1.0,1.0,1.0
feature_screen_with_shrinkage_lda,3,S03_personal_fold02,2,win0p5s_50ov__trim10_each_end__EMG_ACC__ShrinkageLDA,win0p5s_50ov,0.5,630,315,trim10_each_end,0.1,0.1,EMG_ACC,24,ShrinkageLDA,792,2316,190,1.9797202999998262,success,0.9263157894736842,0.9263157894736842,0.9266666666666665,0.9263157894736842,0.9262647262647263,1.0,1.0,1.0,1.0,1.0
feature_screen_with_shrinkage_lda,3,S03_personal_fold03,3,win0p5s_50ov__trim10_each_end__EMG_ACC__ShrinkageLDA,win0p5s_50ov,0.5,630,315,trim10_each_end,0.1,0.1,EMG_ACC,24,ShrinkageLDA,792,2316,190,1.9634007000004203,success,0.9736842105263158,0.9736842105263157,0.9767441860465116,0.9736842105263157,0.9735698139454009,1.0,1.0,1.0,1.0,1.0
feature_screen_with_shrinkage_lda,3,S03_personal_fold04,4,win0p5s_50ov__trim10_each_end__EMG_ACC__ShrinkageLDA,win0p5s_50ov,0.5,630,315,trim10_each_end,0.1,0.1,EMG_ACC,24,ShrinkageLDA,792,2316,190,1.8305407000007108,success,0.9421052631578948,0.9421052631578947,0.9551020408163264,0.9421052631578947,0.940866489832007,1.0,1.0,1.0,1.0,1.0
feature_screen_with_shrinkage_lda,3,S03_personal_fold05,5,win0p5s_50ov__trim10_each_end__EMG_ACC__ShrinkageLDA,win0p5s_50ov,0.5,630,315,trim10_each_end,0.1,0.1,EMG_ACC,24,ShrinkageLDA,792,2316,190,1.8379069000002346,success,0.9368421052631579,0.9368421052631579,0.952,0.9368421052631579,0.9362144522144522,1.0,1.0,1.0,1.0,1.0
feature_screen_with_shrinkage_lda,3,S03_personal_fold06,6,win0p5s_50ov__trim10_each_end__EMG_ACC__ShrinkageLDA,win0p5s_50ov,0.5,630,315,trim10_each_end,0.1,0.1,EMG_ACC,24,ShrinkageLDA,792,2316,190,1.7835804000005737,success,0.9263157894736842,0.9263157894736842,0.9461538461538461,0.9263157894736842,0.9237275985663083,1.0,1.0,1.0,1.0,1.0
feature_screen_with_shrinkage_lda,3,S03_personal_fold07,7,win0p5s_50ov__trim10_each_end__EMG_ACC__ShrinkageLDA,win0p5s_50ov,0.5,630,315,trim10_each_end,0.1,0.1,EMG_ACC,24,ShrinkageLDA,792,1140,1366,1.2391453999989608,success,0.6325036603221084,0.6801402175460441,0.7179483399163089,0.6801402175460441,0.6683089728975645,0.8,0.8,0.7,0.8,0.7333333333333333
feature_screen_with_shrinkage_lda,3,S03_personal_fold08,8,win0p5s_50ov__trim10_each_end__EMG_ACC__ShrinkageLDA,win0p5s_50ov,0.5,630,315,trim10_each_end,0.1,0.1,EMG_ACC,24,ShrinkageLDA,792,1140,190,1.1988664000000426,success,0.8947368421052632,0.8947368421052632,0.9160504201680671,0.8947368421052632,0.8844972630365889,1.0,1.0,1.0,1.0,1.0
feature_screen_with_shrinkage_lda,3,S03_personal_fold01,1,win0p5s_50ov__trim10_each_end__EMG_IMU__ShrinkageLDA,win0p5s_50ov,0.5,630,315,trim10_each_end,0.1,0.1,EMG_IMU,42,ShrinkageLDA,1386,2316,190,9.623641600001065,success,0.9736842105263158,0.9736842105263157,0.9767441860465116,0.9736842105263157,0.9735698139454009,1.0,1.0,1.0,1.0,1.0
feature_screen_with_shrinkage_lda,3,S03_personal_fold02,2,win0p5s_50ov__trim10_each_end__EMG_IMU__ShrinkageLDA,win0p5s_50ov,0.5,630,315,trim10_each_end,0.1,0.1,EMG_IMU,42,ShrinkageLDA,1386,2316,190,8.631918799999767,success,0.9157894736842105,0.9157894736842106,0.9170868347338935,0.9157894736842106,0.9155555555555555,1.0,1.0,1.0,1.0,1.0
feature_screen_with_shrinkage_lda,3,S03_personal_fold03,3,win0p5s_50ov__trim10_each_end__EMG_IMU__ShrinkageLDA,win0p5s_50ov,0.5,630,315,trim10_each_end,0.1,0.1,EMG_IMU,42,ShrinkageLDA,1386,2316,190,8.146441899998536,success,0.9526315789473684,0.9526315789473685,0.9579928315412186,0.9526315789473685,0.952226296490309,1.0,1.0,1.0,1.0,1.0
feature_screen_with_shrinkage_lda,3,S03_personal_fold04,4,win0p5s_50ov__trim10_each_end__EMG_IMU__ShrinkageLDA,win0p5s_50ov,0.5,630,315,trim10_each_end,0.1,0.1,EMG_IMU,42,ShrinkageLDA,1386,2316,190,7.812400599999819,success,0.9473684210526315,0.9473684210526315,0.9583333333333333,0.9473684210526315,0.9464411557434813,1.0,1.0,1.0,1.0,1.0
feature_screen_with_shrinkage_lda,3,S03_personal_fold05,5,win0p5s_50ov__trim10_each_end__EMG_IMU__ShrinkageLDA,win0p5s_50ov,0.5,630,315,trim10_each_end,0.1,0.1,EMG_IMU,42,ShrinkageLDA,1386,2316,190,7.765334100000473,success,0.9526315789473684,0.9526315789473685,0.9617021276595745,0.9526315789473685,0.9519578577699737,1.0,1.0,1.0,1.0,1.0
feature_screen_with_shrinkage_lda,3,S03_personal_fold06,6,win0p5s_50ov__trim10_each_end__EMG_IMU__ShrinkageLDA,win0p5s_50ov,0.5,630,315,trim10_each_end,0.1,0.1,EMG_IMU,42,ShrinkageLDA,1386,2316,190,7.951965199999904,success,0.9105263157894737,0.9105263157894736,0.9309269893355209,0.9105263157894736,0.90689965771933,1.0,1.0,1.0,1.0,1.0
feature_screen_with_shrinkage_lda,3,S03_personal_fold07,7,win0p5s_50ov__trim10_each_end__EMG_IMU__ShrinkageLDA,win0p5s_50ov,0.5,630,315,trim10_each_end,0.1,0.1,EMG_IMU,42,ShrinkageLDA,1386,1140,1366,5.076074799999333,success,0.6581259150805271,0.7012419988899103,0.7320998476690388,0.7012419988899103,0.6883681506359177,0.8,0.8,0.7,0.8,0.7333333333333333
feature_screen_with_shrinkage_lda,3,S03_personal_fold08,8,win0p5s_50ov__trim10_each_end__EMG_IMU__ShrinkageLDA,win0p5s_50ov,0.5,630,315,trim10_each_end,0.1,0.1,EMG_IMU,42,ShrinkageLDA,1386,1140,190,5.0665236999993795,success,0.9368421052631579,0.9368421052631579,0.9461697722567288,0.9368421052631579,0.9334523809523809,1.0,1.0,1.0,1.0,1.0
feature_screen_with_shrinkage_lda,3,S03_personal_fold01,1,win0p5s_50ov__trim20_each_end__EMG__ShrinkageLDA,win0p5s_50ov,0.5,630,315,trim20_each_end,0.2,0.2,EMG,6,ShrinkageLDA,198,1723,140,0.10664729999916744,success,0.9714285714285714,0.9714285714285715,0.9714285714285715,0.9714285714285715,0.9714285714285715,1.0,1.0,1.0,1.0,1.0
feature_screen_with_shrinkage_lda,3,S03_personal_fold02,2,win0p5s_50ov__trim20_each_end__EMG__ShrinkageLDA,win0p5s_50ov,0.5,630,315,trim20_each_end,0.2,0.2,EMG,6,ShrinkageLDA,198,1723,140,0.10712810000040918,success,0.9285714285714286,0.9285714285714286,0.9378653530377669,0.9285714285714286,0.9275487419848322,1.0,1.0,1.0,1.0,1.0
feature_screen_with_shrinkage_lda,3,S03_personal_fold03,3,win0p5s_50ov__trim20_each_end__EMG__ShrinkageLDA,win0p5s_50ov,0.5,630,315,trim20_each_end,0.2,0.2,EMG,6,ShrinkageLDA,198,1723,140,0.0832654999994702,success,0.9714285714285714,0.9714285714285715,0.9723809523809525,0.9714285714285715,0.9714103265827404,1.0,1.0,1.0,1.0,1.0
feature_screen_with_shrinkage_lda,3,S03_personal_fold04,4,win0p5s_50ov__trim20_each_end__EMG__ShrinkageLDA,win0p5s_50ov,0.5,630,315,trim20_each_end,0.2,0.2,EMG,6,ShrinkageLDA,198,1723,140,0.09761529999923368,success,0.9571428571428572,0.9571428571428571,0.9647058823529411,0.9571428571428571,0.9566451612903226,1.0,1.0,1.0,1.0,1.0
feature_screen_with_shrinkage_lda,3,S03_personal_fold05,5,win0p5s_50ov__trim20_each_end__EMG__ShrinkageLDA,win0p5s_50ov,0.5,630,315,trim20_each_end,0.2,0.2,EMG,6,ShrinkageLDA,198,1723,140,0.09350760000052105,success,0.9785714285714285,0.9785714285714284,0.9787994891443166,0.9785714285714284,0.9785645933014354,1.0,1.0,1.0,1.0,1.0
feature_screen_with_shrinkage_lda,3,S03_personal_fold06,6,win0p5s_50ov__trim20_each_end__EMG__ShrinkageLDA,win0p5s_50ov,0.5,630,315,trim20_each_end,0.2,0.2,EMG,6,ShrinkageLDA,198,1723,140,0.09995779999917431,success,0.9642857142857143,0.9642857142857142,0.9696969696969697,0.9642857142857142,0.9639987142397942,1.0,1.0,1.0,1.0,1.0
feature_screen_with_shrinkage_lda,3,S03_personal_fold07,7,win0p5s_50ov__trim20_each_end__EMG__ShrinkageLDA,win0p5s_50ov,0.5,630,315,trim20_each_end,0.2,0.2,EMG,6,ShrinkageLDA,198,840,1023,0.08147580000149901,success,0.6647116324535679,0.7057748899179167,0.7360039412106305,0.7057748899179167,0.6944090241198299,0.8,0.8,0.7,0.8,0.7333333333333333
feature_screen_with_shrinkage_lda,3,S03_personal_fold08,8,win0p5s_50ov__trim20_each_end__EMG__ShrinkageLDA,win0p5s_50ov,0.5,630,315,trim20_each_end,0.2,0.2,EMG,6,ShrinkageLDA,198,840,140,0.07652589999997872,success,0.9642857142857143,0.9642857142857142,0.9668520578420468,0.9642857142857142,0.9632051214776723,1.0,1.0,1.0,1.0,1.0
feature_screen_with_shrinkage_lda,3,S03_personal_fold01,1,win0p5s_50ov__trim20_each_end__EMG_ACC__ShrinkageLDA,win0p5s_50ov,0.5,630,315,trim20_each_end,0.2,0.2,EMG_ACC,24,ShrinkageLDA,792,1723,140,1.466829200000575,success,0.8857142857142857,0.8857142857142858,0.9272727272727274,0.8857142857142858,0.8755555555555556,0.8,0.8,0.7,0.8,0.7333333333333333
feature_screen_with_shrinkage_lda,3,S03_personal_fold02,2,win0p5s_50ov__trim20_each_end__EMG_ACC__ShrinkageLDA,win0p5s_50ov,0.5,630,315,trim20_each_end,0.2,0.2,EMG_ACC,24,ShrinkageLDA,792,1723,140,1.6003314000008686,success,0.9357142857142857,0.9357142857142857,0.9372903225806452,0.9357142857142857,0.9355292612727855,1.0,1.0,1.0,1.0,1.0
feature_screen_with_shrinkage_lda,3,S03_personal_fold03,3,win0p5s_50ov__trim20_each_end__EMG_ACC__ShrinkageLDA,win0p5s_50ov,0.5,630,315,trim20_each_end,0.2,0.2,EMG_ACC,24,ShrinkageLDA,792,1723,140,1.6133441000001767,success,0.9928571428571429,0.9928571428571429,0.993103448275862,0.9928571428571429,0.9928548644338118,1.0,1.0,1.0,1.0,1.0
feature_screen_with_shrinkage_lda,3,S03_personal_fold04,4,win0p5s_50ov__trim20_each_end__EMG_ACC__ShrinkageLDA,win0p5s_50ov,0.5,630,315,trim20_each_end,0.2,0.2,EMG_ACC,24,ShrinkageLDA,792,1723,140,1.551986800001032,success,0.9285714285714286,0.9285714285714285,0.9473684210526315,0.9285714285714285,0.9262187088274045,1.0,1.0,1.0,1.0,1.0
feature_screen_with_shrinkage_lda,3,S03_personal_fold05,5,win0p5s_50ov__trim20_each_end__EMG_ACC__ShrinkageLDA,win0p5s_50ov,0.5,630,315,trim20_each_end,0.2,0.2,EMG_ACC,24,ShrinkageLDA,792,1723,140,1.5027141999999003,success,0.9785714285714285,0.9785714285714284,0.9806451612903226,0.9785714285714284,0.9785097537575952,1.0,1.0,1.0,1.0,1.0
feature_screen_with_shrinkage_lda,3,S03_personal_fold06,6,win0p5s_50ov__trim20_each_end__EMG_ACC__ShrinkageLDA,win0p5s_50ov,0.5,630,315,trim20_each_end,0.2,0.2,EMG_ACC,24,ShrinkageLDA,792,1723,140,1.5458932000001369,success,0.9642857142857143,0.9642857142857142,0.9696969696969697,0.9642857142857142,0.9639987142397942,1.0,1.0,1.0,1.0,1.0
feature_screen_with_shrinkage_lda,3,S03_personal_fold07,7,win0p5s_50ov__trim20_each_end__EMG_ACC__ShrinkageLDA,win0p5s_50ov,0.5,630,315,trim20_each_end,0.2,0.2,EMG_ACC,24,ShrinkageLDA,792,840,1023,1.0766397999996116,success,0.6334310850439883,0.6750734297513061,0.683802791017224,0.6750734297513061,0.6613680043193227,0.8,0.8,0.7,0.8,0.7333333333333333
feature_screen_with_shrinkage_lda,3,S03_personal_fold08,8,win0p5s_50ov__trim20_each_end__EMG_ACC__ShrinkageLDA,win0p5s_50ov,0.5,630,315,trim20_each_end,0.2,0.2,EMG_ACC,24,ShrinkageLDA,792,840,140,1.057579899999837,success,0.9285714285714286,0.9285714285714285,0.9397701149425288,0.9285714285714285,0.92389419325425,1.0,1.0,1.0,1.0,1.0
feature_screen_with_shrinkage_lda,3,S03_personal_fold01,1,win0p5s_50ov__trim20_each_end__EMG_IMU__ShrinkageLDA,win0p5s_50ov,0.5,630,315,trim20_each_end,0.2,0.2,EMG_IMU,42,ShrinkageLDA,1386,1723,140,6.425943999998708,success,0.9428571428571428,0.9428571428571428,0.9555555555555555,0.9428571428571428,0.9416666666666668,1.0,1.0,1.0,1.0,1.0
feature_screen_with_shrinkage_lda,3,S03_personal_fold02,2,win0p5s_50ov__trim20_each_end__EMG_IMU__ShrinkageLDA,win0p5s_50ov,0.5,630,315,trim20_each_end,0.2,0.2,EMG_IMU,42,ShrinkageLDA,1386,1723,140,6.637434799999028,success,0.9214285714285714,0.9214285714285715,0.9215836526181354,0.9214285714285715,0.9214035087719298,1.0,1.0,1.0,1.0,1.0
feature_screen_with_shrinkage_lda,3,S03_personal_fold03,3,win0p5s_50ov__trim20_each_end__EMG_IMU__ShrinkageLDA,win0p5s_50ov,0.5,630,315,trim20_each_end,0.2,0.2,EMG_IMU,42,ShrinkageLDA,1386,1723,140,6.351524100000461,success,0.9785714285714285,0.9785714285714284,0.9787994891443166,0.9785714285714284,0.9785645933014354,1.0,1.0,1.0,1.0,1.0
feature_screen_with_shrinkage_lda,3,S03_personal_fold04,4,win0p5s_50ov__trim20_each_end__EMG_IMU__ShrinkageLDA,win0p5s_50ov,0.5,630,315,trim20_each_end,0.2,0.2,EMG_IMU,42,ShrinkageLDA,1386,1723,140,6.47826890000033,success,0.95,0.95,0.96,0.95,0.9492063492063492,1.0,1.0,1.0,1.0,1.0
feature_screen_with_shrinkage_lda,3,S03_personal_fold05,5,win0p5s_50ov__trim20_each_end__EMG_IMU__ShrinkageLDA,win0p5s_50ov,0.5,630,315,trim20_each_end,0.2,0.2,EMG_IMU,42,ShrinkageLDA,1386,1723,140,7.14718399999947,success,0.9785714285714285,0.9785714285714284,0.9806451612903226,0.9785714285714284,0.9785097537575952,1.0,1.0,1.0,1.0,1.0
feature_screen_with_shrinkage_lda,3,S03_personal_fold06,6,win0p5s_50ov__trim20_each_end__EMG_IMU__ShrinkageLDA,win0p5s_50ov,0.5,630,315,trim20_each_end,0.2,0.2,EMG_IMU,42,ShrinkageLDA,1386,1723,140,7.201513800000612,success,0.9714285714285714,0.9714285714285715,0.975,0.9714285714285715,0.9712820512820514,1.0,1.0,1.0,1.0,1.0
feature_screen_with_shrinkage_lda,3,S03_personal_fold07,7,win0p5s_50ov__trim20_each_end__EMG_IMU__ShrinkageLDA,win0p5s_50ov,0.5,630,315,trim20_each_end,0.2,0.2,EMG_IMU,42,ShrinkageLDA,1386,840,1023,4.831151700000191,success,0.6265884652981427,0.6780350498759945,0.6872355091147924,0.6780350498759945,0.6524974552208043,0.8,0.8,0.7,0.8,0.7333333333333333
feature_screen_with_shrinkage_lda,3,S03_personal_fold08,8,win0p5s_50ov__trim20_each_end__EMG_IMU__ShrinkageLDA,win0p5s_50ov,0.5,630,315,trim20_each_end,0.2,0.2,EMG_IMU,42,ShrinkageLDA,1386,840,140,4.680331400000796,success,0.9642857142857143,0.9642857142857142,0.9673118279569893,0.9642857142857142,0.9633261136131834,1.0,1.0,1.0,1.0,1.0
feature_screen_with_shrinkage_lda,3,S03_personal_fold01,1,win1p0s_50ov__full_segment__EMG__ShrinkageLDA,win1p0s_50ov,1.0,1260,630,full_segment,0.0,0.0,EMG,6,ShrinkageLDA,198,1429,115,0.10178770000129589,success,0.991304347826087,0.9913043478260869,0.9916666666666668,0.9913043478260869,0.9913002364066195,1.0,1.0,1.0,1.0,1.0
feature_screen_with_shrinkage_lda,3,S03_personal_fold02,2,win1p0s_50ov__full_segment__EMG__ShrinkageLDA,win1p0s_50ov,1.0,1260,630,full_segment,0.0,0.0,EMG,6,ShrinkageLDA,198,1429,115,0.09519919999911508,success,0.9043478260869565,0.9043478260869566,0.9061538461538461,0.9043478260869566,0.9039392501186521,1.0,1.0,1.0,1.0,1.0
feature_screen_with_shrinkage_lda,3,S03_personal_fold03,3,win1p0s_50ov__full_segment__EMG__ShrinkageLDA,win1p0s_50ov,1.0,1260,630,full_segment,0.0,0.0,EMG,6,ShrinkageLDA,198,1429,115,0.07869610000125249,success,0.991304347826087,0.9913043478260869,0.9916666666666668,0.9913043478260869,0.9913002364066195,1.0,1.0,1.0,1.0,1.0
feature_screen_with_shrinkage_lda,3,S03_personal_fold04,4,win1p0s_50ov__full_segment__EMG__ShrinkageLDA,win1p0s_50ov,1.0,1260,630,full_segment,0.0,0.0,EMG,6,ShrinkageLDA,198,1429,115,0.10466900000028545,success,0.9739130434782609,0.9739130434782609,0.976923076923077,0.9739130434782609,0.9738016136687232,1.0,1.0,1.0,1.0,1.0
feature_screen_with_shrinkage_lda,3,S03_personal_fold05,5,win1p0s_50ov__full_segment__EMG__ShrinkageLDA,win1p0s_50ov,1.0,1260,630,full_segment,0.0,0.0,EMG,6,ShrinkageLDA,198,1429,115,0.0824267999996664,success,0.9826086956521739,0.9826086956521738,0.984,0.9826086956521738,0.9825757575757577,1.0,1.0,1.0,1.0,1.0
feature_screen_with_shrinkage_lda,3,S03_personal_fold06,6,win1p0s_50ov__full_segment__EMG__ShrinkageLDA,win1p0s_50ov,1.0,1260,630,full_segment,0.0,0.0,EMG,6,ShrinkageLDA,198,1429,115,0.08963779999976396,success,0.9478260869565217,0.9478260869565218,0.948952380952381,0.9478260869565218,0.9477272727272726,1.0,1.0,1.0,1.0,1.0
feature_screen_with_shrinkage_lda,3,S03_personal_fold07,7,win1p0s_50ov__full_segment__EMG__ShrinkageLDA,win1p0s_50ov,1.0,1260,630,full_segment,0.0,0.0,EMG,6,ShrinkageLDA,198,690,854,0.07368200000018987,success,0.6451990632318502,0.6919151949371983,0.764354978320971,0.6919151949371983,0.68838789791156,0.8,0.8,0.7,0.8,0.7333333333333333
feature_screen_with_shrinkage_lda,3,S03_personal_fold08,8,win1p0s_50ov__full_segment__EMG__ShrinkageLDA,win1p0s_50ov,1.0,1260,630,full_segment,0.0,0.0,EMG,6,ShrinkageLDA,198,690,115,0.06403819999832194,success,0.9217391304347826,0.9217391304347826,0.9206666666666667,0.9217391304347826,0.9200189675078343,1.0,1.0,1.0,1.0,1.0
feature_screen_with_shrinkage_lda,3,S03_personal_fold01,1,win1p0s_50ov__full_segment__EMG_ACC__ShrinkageLDA,win1p0s_50ov,1.0,1260,630,full_segment,0.0,0.0,EMG_ACC,24,ShrinkageLDA,792,1429,115,1.362010900000314,success,0.9391304347826087,0.9391304347826086,0.9533333333333334,0.9391304347826086,0.9376874697629415,1.0,1.0,1.0,1.0,1.0
feature_screen_with_shrinkage_lda,3,S03_personal_fold02,2,win1p0s_50ov__full_segment__EMG_ACC__ShrinkageLDA,win1p0s_50ov,1.0,1260,630,full_segment,0.0,0.0,EMG_ACC,24,ShrinkageLDA,792,1429,115,1.4033412999997381,success,0.9130434782608695,0.9130434782608695,0.913904761904762,0.9130434782608695,0.9128787878787878,1.0,1.0,1.0,1.0,1.0
feature_screen_with_shrinkage_lda,3,S03_personal_fold03,3,win1p0s_50ov__full_segment__EMG_ACC__ShrinkageLDA,win1p0s_50ov,1.0,1260,630,full_segment,0.0,0.0,EMG_ACC,24,ShrinkageLDA,792,1429,115,1.4575862000001507,success,0.9652173913043478,0.9652173913043478,0.9703703703703704,0.9652173913043478,0.964952380952381,1.0,1.0,1.0,1.0,1.0
feature_screen_with_shrinkage_lda,3,S03_personal_fold04,4,win1p0s_50ov__full_segment__EMG_ACC__ShrinkageLDA,win1p0s_50ov,1.0,1260,630,full_segment,0.0,0.0,EMG_ACC,24,ShrinkageLDA,792,1429,115,1.284314099999392,success,0.8956521739130435,0.8956521739130434,0.9314285714285713,0.8956521739130434,0.8880324543610548,1.0,1.0,1.0,1.0,1.0
feature_screen_with_shrinkage_lda,3,S03_personal_fold05,5,win1p0s_50ov__full_segment__EMG_ACC__ShrinkageLDA,win1p0s_50ov,1.0,1260,630,full_segment,0.0,0.0,EMG_ACC,24,ShrinkageLDA,792,1429,115,1.5384683000011137,success,0.9739130434782609,0.9739130434782609,0.976923076923077,0.9739130434782609,0.9738016136687232,1.0,1.0,1.0,1.0,1.0
feature_screen_with_shrinkage_lda,3,S03_personal_fold06,6,win1p0s_50ov__full_segment__EMG_ACC__ShrinkageLDA,win1p0s_50ov,1.0,1260,630,full_segment,0.0,0.0,EMG_ACC,24,ShrinkageLDA,792,1429,115,1.5864326000009896,success,0.9652173913043478,0.9652173913043478,0.9703703703703704,0.9652173913043478,0.964952380952381,1.0,1.0,1.0,1.0,1.0
feature_screen_with_shrinkage_lda,3,S03_personal_fold07,7,win1p0s_50ov__full_segment__EMG_ACC__ShrinkageLDA,win1p0s_50ov,1.0,1260,630,full_segment,0.0,0.0,EMG_ACC,24,ShrinkageLDA,792,690,854,1.147341800000504,success,0.6217798594847775,0.677119355087467,0.7121947310625629,0.677119355087467,0.6612086249692369,0.8,0.8,0.7,0.8,0.7333333333333333
feature_screen_with_shrinkage_lda,3,S03_personal_fold08,8,win1p0s_50ov__full_segment__EMG_ACC__ShrinkageLDA,win1p0s_50ov,1.0,1260,630,full_segment,0.0,0.0,EMG_ACC,24,ShrinkageLDA,792,690,115,1.1219224999986182,success,0.8956521739130435,0.8956521739130434,0.9233939393939394,0.8956521739130434,0.8853641456582633,1.0,1.0,1.0,1.0,1.0
feature_screen_with_shrinkage_lda,3,S03_personal_fold01,1,win1p0s_50ov__full_segment__EMG_IMU__ShrinkageLDA,win1p0s_50ov,1.0,1260,630,full_segment,0.0,0.0,EMG_IMU,42,ShrinkageLDA,1386,1429,115,6.562741600000663,success,0.9565217391304348,0.9565217391304348,0.9642857142857142,0.9565217391304348,0.9560019129603059,1.0,1.0,1.0,1.0,1.0
feature_screen_with_shrinkage_lda,3,S03_personal_fold02,2,win1p0s_50ov__full_segment__EMG_IMU__ShrinkageLDA,win1p0s_50ov,1.0,1260,630,full_segment,0.0,0.0,EMG_IMU,42,ShrinkageLDA,1386,1429,115,6.541073500000493,success,0.9043478260869565,0.9043478260869566,0.915,0.9043478260869566,0.9020803096274793,1.0,1.0,1.0,1.0,1.0
feature_screen_with_shrinkage_lda,3,S03_personal_fold03,3,win1p0s_50ov__full_segment__EMG_IMU__ShrinkageLDA,win1p0s_50ov,1.0,1260,630,full_segment,0.0,0.0,EMG_IMU,42,ShrinkageLDA,1386,1429,115,6.377050099999906,success,0.9739130434782609,0.9739130434782609,0.9742424242424242,0.9739130434782609,0.9739007092198582,1.0,1.0,1.0,1.0,1.0
feature_screen_with_shrinkage_lda,3,S03_personal_fold04,4,win1p0s_50ov__full_segment__EMG_IMU__ShrinkageLDA,win1p0s_50ov,1.0,1260,630,full_segment,0.0,0.0,EMG_IMU,42,ShrinkageLDA,1386,1429,115,6.324989099999584,success,0.9652173913043478,0.9652173913043478,0.9703703703703704,0.9652173913043478,0.964952380952381,1.0,1.0,1.0,1.0,1.0
feature_screen_with_shrinkage_lda,3,S03_personal_fold05,5,win1p0s_50ov__full_segment__EMG_IMU__ShrinkageLDA,win1p0s_50ov,1.0,1260,630,full_segment,0.0,0.0,EMG_IMU,42,ShrinkageLDA,1386,1429,115,6.375045099999625,success,0.9739130434782609,0.9739130434782609,0.976923076923077,0.9739130434782609,0.9738016136687232,1.0,1.0,1.0,1.0,1.0
feature_screen_with_shrinkage_lda,3,S03_personal_fold06,6,win1p0s_50ov__full_segment__EMG_IMU__ShrinkageLDA,win1p0s_50ov,1.0,1260,630,full_segment,0.0,0.0,EMG_IMU,42,ShrinkageLDA,1386,1429,115,6.366634399999384,success,0.9304347826086956,0.9304347826086957,0.9399594320486816,0.9304347826086957,0.9292307692307693,1.0,1.0,1.0,1.0,1.0
feature_screen_with_shrinkage_lda,3,S03_personal_fold07,7,win1p0s_50ov__full_segment__EMG_IMU__ShrinkageLDA,win1p0s_50ov,1.0,1260,630,full_segment,0.0,0.0,EMG_IMU,42,ShrinkageLDA,1386,690,854,4.894491500001095,success,0.629976580796253,0.6806191236426948,0.7015540636795408,0.6806191236426948,0.6597896740921749,0.8,0.8,0.7,0.8,0.7333333333333333
feature_screen_with_shrinkage_lda,3,S03_personal_fold08,8,win1p0s_50ov__full_segment__EMG_IMU__ShrinkageLDA,win1p0s_50ov,1.0,1260,630,full_segment,0.0,0.0,EMG_IMU,42,ShrinkageLDA,1386,690,115,4.462305500001094,success,0.9304347826086956,0.9304347826086957,0.9426206896551724,0.9304347826086957,0.9264844804318487,1.0,1.0,1.0,1.0,1.0
feature_screen_with_shrinkage_lda,3,S03_personal_fold01,1,win1p0s_50ov__trim10_each_end__EMG__ShrinkageLDA,win1p0s_50ov,1.0,1260,630,trim10_each_end,0.1,0.1,EMG,6,ShrinkageLDA,198,1157,95,0.07307330000003276,success,0.968421052631579,0.968421052631579,0.9688888888888888,0.968421052631579,0.9683991683991685,1.0,1.0,1.0,1.0,1.0
feature_screen_with_shrinkage_lda,3,S03_personal_fold02,2,win1p0s_50ov__trim10_each_end__EMG__ShrinkageLDA,win1p0s_50ov,1.0,1260,630,trim10_each_end,0.1,0.1,EMG,6,ShrinkageLDA,198,1157,95,0.06816900000012538,success,0.9368421052631579,0.9368421052631579,0.9368421052631579,0.9368421052631579,0.9368421052631579,1.0,1.0,1.0,1.0,1.0
feature_screen_with_shrinkage_lda,3,S03_personal_fold03,3,win1p0s_50ov__trim10_each_end__EMG__ShrinkageLDA,win1p0s_50ov,1.0,1260,630,trim10_each_end,0.1,0.1,EMG,6,ShrinkageLDA,198,1157,95,0.10039799999867682,success,0.9894736842105263,0.9894736842105264,0.99,0.9894736842105264,0.9894663894663894,1.0,1.0,1.0,1.0,1.0
feature_screen_with_shrinkage_lda,3,S03_personal_fold04,4,win1p0s_50ov__trim10_each_end__EMG__ShrinkageLDA,win1p0s_50ov,1.0,1260,630,trim10_each_end,0.1,0.1,EMG,6,ShrinkageLDA,198,1157,95,0.09237380000013218,success,0.9578947368421052,0.9578947368421054,0.9652173913043478,0.9578947368421054,0.957422969187675,1.0,1.0,1.0,1.0,1.0
feature_screen_with_shrinkage_lda,3,S03_personal_fold05,5,win1p0s_50ov__trim10_each_end__EMG__ShrinkageLDA,win1p0s_50ov,1.0,1260,630,trim10_each_end,0.1,0.1,EMG,6,ShrinkageLDA,198,1157,95,0.09427260000120441,success,0.9894736842105263,0.9894736842105264,0.99,0.9894736842105264,0.9894663894663894,1.0,1.0,1.0,1.0,1.0
feature_screen_with_shrinkage_lda,3,S03_personal_fold06,6,win1p0s_50ov__trim10_each_end__EMG__ShrinkageLDA,win1p0s_50ov,1.0,1260,630,trim10_each_end,0.1,0.1,EMG,6,ShrinkageLDA,198,1157,95,0.08714990000044054,success,0.9578947368421052,0.9578947368421051,0.9596638655462184,0.9578947368421051,0.9577777777777777,1.0,1.0,1.0,1.0,1.0
feature_screen_with_shrinkage_lda,3,S03_personal_fold07,7,win1p0s_50ov__trim10_each_end__EMG__ShrinkageLDA,win1p0s_50ov,1.0,1260,630,trim10_each_end,0.1,0.1,EMG,6,ShrinkageLDA,198,570,682,0.06361509999987902,success,0.6319648093841642,0.6860873707465087,0.7493123254598191,0.6860873707465087,0.6747331947360873,0.8,0.8,0.7,0.8,0.7333333333333333
feature_screen_with_shrinkage_lda,3,S03_personal_fold08,8,win1p0s_50ov__trim10_each_end__EMG__ShrinkageLDA,win1p0s_50ov,1.0,1260,630,trim10_each_end,0.1,0.1,EMG,6,ShrinkageLDA,198,570,95,0.061826199998904485,success,0.9368421052631579,0.9368421052631579,0.9375,0.9368421052631579,0.9355311355311355,1.0,1.0,1.0,1.0,1.0
feature_screen_with_shrinkage_lda,3,S03_personal_fold01,1,win1p0s_50ov__trim10_each_end__EMG_ACC__ShrinkageLDA,win1p0s_50ov,1.0,1260,630,trim10_each_end,0.1,0.1,EMG_ACC,24,ShrinkageLDA,792,1157,95,1.3740973000003578,success,0.9263157894736842,0.9263157894736842,0.9461538461538461,0.9263157894736842,0.9237275985663083,1.0,1.0,1.0,1.0,1.0
feature_screen_with_shrinkage_lda,3,S03_personal_fold02,2,win1p0s_50ov__trim10_each_end__EMG_ACC__ShrinkageLDA,win1p0s_50ov,1.0,1260,630,trim10_each_end,0.1,0.1,EMG_ACC,24,ShrinkageLDA,792,1157,95,1.2524671999999555,success,0.9263157894736842,0.9263157894736842,0.9266666666666667,0.9263157894736842,0.9262647262647263,1.0,1.0,1.0,1.0,1.0
feature_screen_with_shrinkage_lda,3,S03_personal_fold03,3,win1p0s_50ov__trim10_each_end__EMG_ACC__ShrinkageLDA,win1p0s_50ov,1.0,1260,630,trim10_each_end,0.1,0.1,EMG_ACC,24,ShrinkageLDA,792,1157,95,1.2258720999998332,success,0.9789473684210527,0.9789473684210528,0.980952380952381,0.9789473684210528,0.9788888888888888,1.0,1.0,1.0,1.0,1.0
feature_screen_with_shrinkage_lda,3,S03_personal_fold04,4,win1p0s_50ov__trim10_each_end__EMG_ACC__ShrinkageLDA,win1p0s_50ov,1.0,1260,630,trim10_each_end,0.1,0.1,EMG_ACC,24,ShrinkageLDA,792,1157,95,1.335338099999717,success,0.9473684210526315,0.9473684210526315,0.9583333333333333,0.9473684210526315,0.9464411557434813,1.0,1.0,1.0,1.0,1.0
feature_screen_with_shrinkage_lda,3,S03_personal_fold05,5,win1p0s_50ov__trim10_each_end__EMG_ACC__ShrinkageLDA,win1p0s_50ov,1.0,1260,630,trim10_each_end,0.1,0.1,EMG_ACC,24,ShrinkageLDA,792,1157,95,1.2348696999997628,success,0.9578947368421052,0.9578947368421054,0.9652173913043478,0.9578947368421054,0.957422969187675,1.0,1.0,1.0,1.0,1.0
feature_screen_with_shrinkage_lda,3,S03_personal_fold06,6,win1p0s_50ov__trim10_each_end__EMG_ACC__ShrinkageLDA,win1p0s_50ov,1.0,1260,630,trim10_each_end,0.1,0.1,EMG_ACC,24,ShrinkageLDA,792,1157,95,1.2831660000010743,success,0.9578947368421052,0.9578947368421054,0.9652173913043478,0.9578947368421054,0.957422969187675,1.0,1.0,1.0,1.0,1.0
feature_screen_with_shrinkage_lda,3,S03_personal_fold07,7,win1p0s_50ov__trim10_each_end__EMG_ACC__ShrinkageLDA,win1p0s_50ov,1.0,1260,630,trim10_each_end,0.1,0.1,EMG_ACC,24,ShrinkageLDA,792,570,682,0.9093317000006209,success,0.624633431085044,0.6845097030012074,0.7210000247951387,0.6845097030012074,0.6600193848167228,0.8,0.8,0.7,0.8,0.7333333333333333
feature_screen_with_shrinkage_lda,3,S03_personal_fold08,8,win1p0s_50ov__trim10_each_end__EMG_ACC__ShrinkageLDA,win1p0s_50ov,1.0,1260,630,trim10_each_end,0.1,0.1,EMG_ACC,24,ShrinkageLDA,792,570,95,0.9827495999998064,success,0.9263157894736842,0.9263157894736842,0.9365217391304348,0.9263157894736842,0.9236721611721611,1.0,1.0,1.0,1.0,1.0
feature_screen_with_shrinkage_lda,3,S03_personal_fold01,1,win1p0s_50ov__trim10_each_end__EMG_IMU__ShrinkageLDA,win1p0s_50ov,1.0,1260,630,trim10_each_end,0.1,0.1,EMG_IMU,42,ShrinkageLDA,1386,1157,95,5.81916099999944,success,0.9789473684210527,0.9789473684210528,0.980952380952381,0.9789473684210528,0.9788888888888888,1.0,1.0,1.0,1.0,1.0
feature_screen_with_shrinkage_lda,3,S03_personal_fold02,2,win1p0s_50ov__trim10_each_end__EMG_IMU__ShrinkageLDA,win1p0s_50ov,1.0,1260,630,trim10_each_end,0.1,0.1,EMG_IMU,42,ShrinkageLDA,1386,1157,95,5.458688599999732,success,0.9473684210526315,0.9473684210526315,0.9477777777777778,0.9473684210526315,0.9473319473319475,1.0,1.0,1.0,1.0,1.0
feature_screen_with_shrinkage_lda,3,S03_personal_fold03,3,win1p0s_50ov__trim10_each_end__EMG_IMU__ShrinkageLDA,win1p0s_50ov,1.0,1260,630,trim10_each_end,0.1,0.1,EMG_IMU,42,ShrinkageLDA,1386,1157,95,5.690556200001083,success,0.9894736842105263,0.9894736842105264,0.99,0.9894736842105264,0.9894663894663894,1.0,1.0,1.0,1.0,1.0
feature_screen_with_shrinkage_lda,3,S03_personal_fold04,4,win1p0s_50ov__trim10_each_end__EMG_IMU__ShrinkageLDA,win1p0s_50ov,1.0,1260,630,trim10_each_end,0.1,0.1,EMG_IMU,42,ShrinkageLDA,1386,1157,95,5.81330379999963,success,0.968421052631579,0.968421052631579,0.9727272727272727,0.968421052631579,0.9682229965156793,1.0,1.0,1.0,1.0,1.0
feature_screen_with_shrinkage_lda,3,S03_personal_fold05,5,win1p0s_50ov__trim10_each_end__EMG_IMU__ShrinkageLDA,win1p0s_50ov,1.0,1260,630,trim10_each_end,0.1,0.1,EMG_IMU,42,ShrinkageLDA,1386,1157,95,5.7017155999983515,success,0.9578947368421052,0.9578947368421054,0.9652173913043478,0.9578947368421054,0.957422969187675,1.0,1.0,1.0,1.0,1.0
feature_screen_with_shrinkage_lda,3,S03_personal_fold06,6,win1p0s_50ov__trim10_each_end__EMG_IMU__ShrinkageLDA,win1p0s_50ov,1.0,1260,630,trim10_each_end,0.1,0.1,EMG_IMU,42,ShrinkageLDA,1386,1157,95,5.799574299999222,success,0.9052631578947369,0.9052631578947368,0.9357142857142857,0.9052631578947368,0.899633162142333,1.0,1.0,1.0,1.0,1.0
feature_screen_with_shrinkage_lda,3,S03_personal_fold07,7,win1p0s_50ov__trim10_each_end__EMG_IMU__ShrinkageLDA,win1p0s_50ov,1.0,1260,630,trim10_each_end,0.1,0.1,EMG_IMU,42,ShrinkageLDA,1386,570,682,4.4267205000014656,success,0.6055718475073314,0.6629419704471508,0.6792673422852319,0.6629419704471508,0.6400095122600021,0.8,0.8,0.7,0.8,0.7333333333333333
feature_screen_with_shrinkage_lda,3,S03_personal_fold08,8,win1p0s_50ov__trim10_each_end__EMG_IMU__ShrinkageLDA,win1p0s_50ov,1.0,1260,630,trim10_each_end,0.1,0.1,EMG_IMU,42,ShrinkageLDA,1386,570,95,4.241581300000689,success,0.9368421052631579,0.9368421052631579,0.9461697722567288,0.9368421052631579,0.9334523809523809,1.0,1.0,1.0,1.0,1.0
feature_screen_with_shrinkage_lda,3,S03_personal_fold01,1,win1p0s_50ov__trim20_each_end__EMG__ShrinkageLDA,win1p0s_50ov,1.0,1260,630,trim20_each_end,0.2,0.2,EMG,6,ShrinkageLDA,198,861,70,0.08121319999918342,success,1.0,1.0,1.0,1.0,1.0,1.0,1.0,1.0,1.0,1.0
feature_screen_with_shrinkage_lda,3,S03_personal_fold02,2,win1p0s_50ov__trim20_each_end__EMG__ShrinkageLDA,win1p0s_50ov,1.0,1260,630,trim20_each_end,0.2,0.2,EMG,6,ShrinkageLDA,198,861,70,0.06656699999984994,success,0.9428571428571428,0.9428571428571428,0.9555555555555555,0.9428571428571428,0.9416666666666668,1.0,1.0,1.0,1.0,1.0
feature_screen_with_shrinkage_lda,3,S03_personal_fold03,3,win1p0s_50ov__trim20_each_end__EMG__ShrinkageLDA,win1p0s_50ov,1.0,1260,630,trim20_each_end,0.2,0.2,EMG,6,ShrinkageLDA,198,861,70,0.05847139999968931,success,1.0,1.0,1.0,1.0,1.0,1.0,1.0,1.0,1.0,1.0
feature_screen_with_shrinkage_lda,3,S03_personal_fold04,4,win1p0s_50ov__trim20_each_end__EMG__ShrinkageLDA,win1p0s_50ov,1.0,1260,630,trim20_each_end,0.2,0.2,EMG,6,ShrinkageLDA,198,861,70,0.07661929999994754,success,0.9714285714285714,0.9714285714285715,0.975,0.9714285714285715,0.9712820512820514,1.0,1.0,1.0,1.0,1.0
feature_screen_with_shrinkage_lda,3,S03_personal_fold05,5,win1p0s_50ov__trim20_each_end__EMG__ShrinkageLDA,win1p0s_50ov,1.0,1260,630,trim20_each_end,0.2,0.2,EMG,6,ShrinkageLDA,198,861,70,0.07170299999961571,success,1.0,1.0,1.0,1.0,1.0,1.0,1.0,1.0,1.0,1.0
feature_screen_with_shrinkage_lda,3,S03_personal_fold06,6,win1p0s_50ov__trim20_each_end__EMG__ShrinkageLDA,win1p0s_50ov,1.0,1260,630,trim20_each_end,0.2,0.2,EMG,6,ShrinkageLDA,198,861,70,0.08193059999939578,success,1.0,1.0,1.0,1.0,1.0,1.0,1.0,1.0,1.0,1.0
feature_screen_with_shrinkage_lda,3,S03_personal_fold07,7,win1p0s_50ov__trim20_each_end__EMG__ShrinkageLDA,win1p0s_50ov,1.0,1260,630,trim20_each_end,0.2,0.2,EMG,6,ShrinkageLDA,198,420,511,0.05050379999920551,success,0.6203522504892368,0.6723440641426253,0.7148511909370366,0.6723440641426253,0.6590302229702188,0.8,0.8,0.7,0.8,0.7333333333333333
feature_screen_with_shrinkage_lda,3,S03_personal_fold08,8,win1p0s_50ov__trim20_each_end__EMG__ShrinkageLDA,win1p0s_50ov,1.0,1260,630,trim20_each_end,0.2,0.2,EMG,6,ShrinkageLDA,198,420,70,0.0513900999994803,success,0.9857142857142858,0.9857142857142858,0.9866666666666667,0.9857142857142858,0.9856960408684546,1.0,1.0,1.0,1.0,1.0
feature_screen_with_shrinkage_lda,3,S03_personal_fold01,1,win1p0s_50ov__trim20_each_end__EMG_ACC__ShrinkageLDA,win1p0s_50ov,1.0,1260,630,trim20_each_end,0.2,0.2,EMG_ACC,24,ShrinkageLDA,792,861,70,1.1597040999986348,success,0.9285714285714286,0.9285714285714285,0.9473684210526315,0.9285714285714285,0.9262187088274045,1.0,1.0,1.0,1.0,1.0
feature_screen_with_shrinkage_lda,3,S03_personal_fold02,2,win1p0s_50ov__trim20_each_end__EMG_ACC__ShrinkageLDA,win1p0s_50ov,1.0,1260,630,trim20_each_end,0.2,0.2,EMG_ACC,24,ShrinkageLDA,792,861,70,1.1771599000003334,success,0.9428571428571428,0.9428571428571428,0.9458333333333332,0.9428571428571428,0.9425641025641026,1.0,1.0,1.0,1.0,1.0
feature_screen_with_shrinkage_lda,3,S03_personal_fold03,3,win1p0s_50ov__trim20_each_end__EMG_ACC__ShrinkageLDA,win1p0s_50ov,1.0,1260,630,trim20_each_end,0.2,0.2,EMG_ACC,24,ShrinkageLDA,792,861,70,1.130264299999908,success,1.0,1.0,1.0,1.0,1.0,1.0,1.0,1.0,1.0,1.0
feature_screen_with_shrinkage_lda,3,S03_personal_fold04,4,win1p0s_50ov__trim20_each_end__EMG_ACC__ShrinkageLDA,win1p0s_50ov,1.0,1260,630,trim20_each_end,0.2,0.2,EMG_ACC,24,ShrinkageLDA,792,861,70,1.186728900000162,success,0.9571428571428572,0.9571428571428571,0.9647058823529411,0.9571428571428571,0.9566451612903226,1.0,1.0,1.0,1.0,1.0
feature_screen_with_shrinkage_lda,3,S03_personal_fold05,5,win1p0s_50ov__trim20_each_end__EMG_ACC__ShrinkageLDA,win1p0s_50ov,1.0,1260,630,trim20_each_end,0.2,0.2,EMG_ACC,24,ShrinkageLDA,792,861,70,1.1148469999989175,success,0.9857142857142858,0.9857142857142858,0.9866666666666667,0.9857142857142858,0.9856960408684546,1.0,1.0,1.0,1.0,1.0
feature_screen_with_shrinkage_lda,3,S03_personal_fold06,6,win1p0s_50ov__trim20_each_end__EMG_ACC__ShrinkageLDA,win1p0s_50ov,1.0,1260,630,trim20_each_end,0.2,0.2,EMG_ACC,24,ShrinkageLDA,792,861,70,1.1190671999993356,success,1.0,1.0,1.0,1.0,1.0,1.0,1.0,1.0,1.0,1.0
feature_screen_with_shrinkage_lda,3,S03_personal_fold07,7,win1p0s_50ov__trim20_each_end__EMG_ACC__ShrinkageLDA,win1p0s_50ov,1.0,1260,630,trim20_each_end,0.2,0.2,EMG_ACC,24,ShrinkageLDA,792,420,511,0.8148411000001943,success,0.6223091976516634,0.6735311718727092,0.6909861304896439,0.6735311718727092,0.6574969062359717,0.8,0.8,0.7,0.8,0.7333333333333333
feature_screen_with_shrinkage_lda,3,S03_personal_fold08,8,win1p0s_50ov__trim20_each_end__EMG_ACC__ShrinkageLDA,win1p0s_50ov,1.0,1260,630,trim20_each_end,0.2,0.2,EMG_ACC,24,ShrinkageLDA,792,420,70,0.8644790000016656,success,0.9428571428571428,0.9428571428571428,0.9555555555555555,0.9428571428571428,0.9416666666666668,1.0,1.0,1.0,1.0,1.0
feature_screen_with_shrinkage_lda,3,S03_personal_fold01,1,win1p0s_50ov__trim20_each_end__EMG_IMU__ShrinkageLDA,win1p0s_50ov,1.0,1260,630,trim20_each_end,0.2,0.2,EMG_IMU,42,ShrinkageLDA,1386,861,70,5.28513269999894,success,0.9714285714285714,0.9714285714285715,0.975,0.9714285714285715,0.9712820512820514,1.0,1.0,1.0,1.0,1.0
feature_screen_with_shrinkage_lda,3,S03_personal_fold02,2,win1p0s_50ov__trim20_each_end__EMG_IMU__ShrinkageLDA,win1p0s_50ov,1.0,1260,630,trim20_each_end,0.2,0.2,EMG_IMU,42,ShrinkageLDA,1386,861,70,5.43129240000053,success,0.9428571428571428,0.9428571428571428,0.9458333333333332,0.9428571428571428,0.9425641025641026,1.0,1.0,1.0,1.0,1.0
feature_screen_with_shrinkage_lda,3,S03_personal_fold03,3,win1p0s_50ov__trim20_each_end__EMG_IMU__ShrinkageLDA,win1p0s_50ov,1.0,1260,630,trim20_each_end,0.2,0.2,EMG_IMU,42,ShrinkageLDA,1386,861,70,4.905266300000221,success,1.0,1.0,1.0,1.0,1.0,1.0,1.0,1.0,1.0,1.0
feature_screen_with_shrinkage_lda,3,S03_personal_fold04,4,win1p0s_50ov__trim20_each_end__EMG_IMU__ShrinkageLDA,win1p0s_50ov,1.0,1260,630,trim20_each_end,0.2,0.2,EMG_IMU,42,ShrinkageLDA,1386,861,70,5.081996500000969,success,0.9714285714285714,0.9714285714285715,0.975,0.9714285714285715,0.9712820512820514,1.0,1.0,1.0,1.0,1.0
feature_screen_with_shrinkage_lda,3,S03_personal_fold05,5,win1p0s_50ov__trim20_each_end__EMG_IMU__ShrinkageLDA,win1p0s_50ov,1.0,1260,630,trim20_each_end,0.2,0.2,EMG_IMU,42,ShrinkageLDA,1386,861,70,5.2134002999991935,success,0.9714285714285714,0.9714285714285715,0.975,0.9714285714285715,0.9712820512820514,1.0,1.0,1.0,1.0,1.0
feature_screen_with_shrinkage_lda,3,S03_personal_fold06,6,win1p0s_50ov__trim20_each_end__EMG_IMU__ShrinkageLDA,win1p0s_50ov,1.0,1260,630,trim20_each_end,0.2,0.2,EMG_IMU,42,ShrinkageLDA,1386,861,70,5.117430299998887,success,0.9857142857142858,0.9857142857142858,0.9866666666666667,0.9857142857142858,0.9856960408684546,1.0,1.0,1.0,1.0,1.0
feature_screen_with_shrinkage_lda,3,S03_personal_fold07,7,win1p0s_50ov__trim20_each_end__EMG_IMU__ShrinkageLDA,win1p0s_50ov,1.0,1260,630,trim20_each_end,0.2,0.2,EMG_IMU,42,ShrinkageLDA,1386,420,511,4.105706799999098,success,0.589041095890411,0.6472898746393635,0.6591641762364923,0.6472898746393635,0.6150120802612803,0.8,0.8,0.7,0.8,0.7333333333333333
feature_screen_with_shrinkage_lda,3,S03_personal_fold08,8,win1p0s_50ov__trim20_each_end__EMG_IMU__ShrinkageLDA,win1p0s_50ov,1.0,1260,630,trim20_each_end,0.2,0.2,EMG_IMU,42,ShrinkageLDA,1386,420,70,5.0974901000008686,success,0.9857142857142858,0.9857142857142858,0.9866666666666667,0.9857142857142858,0.9856960408684546,1.0,1.0,1.0,1.0,1.0
model_screen_on_best_feature_config,3,S03_personal_fold01,1,win1p0s_50ov__trim20_each_end__EMG__ShrinkageLDA,win1p0s_50ov,1.0,1260,630,trim20_each_end,0.2,0.2,EMG,6,ShrinkageLDA,198,861,70,0.08539650000057009,success,1.0,1.0,1.0,1.0,1.0,1.0,1.0,1.0,1.0,1.0
model_screen_on_best_feature_config,3,S03_personal_fold01,1,win1p0s_50ov__trim20_each_end__EMG__LogisticRegression,win1p0s_50ov,1.0,1260,630,trim20_each_end,0.2,0.2,EMG,6,LogisticRegression,198,861,70,0.1627186999994592,success,0.9857142857142858,0.9857142857142858,0.9866666666666667,0.9857142857142858,0.9856960408684546,1.0,1.0,1.0,1.0,1.0
model_screen_on_best_feature_config,3,S03_personal_fold01,1,win1p0s_50ov__trim20_each_end__EMG__RBF-SVM,win1p0s_50ov,1.0,1260,630,trim20_each_end,0.2,0.2,EMG,6,RBF-SVM,198,861,70,0.453397600000244,success,0.9142857142857143,0.9142857142857143,0.9158974358974359,0.9142857142857143,0.9141762452107279,1.0,1.0,1.0,1.0,1.0
model_screen_on_best_feature_config,3,S03_personal_fold01,1,win1p0s_50ov__trim20_each_end__EMG__RandomForest,win1p0s_50ov,1.0,1260,630,trim20_each_end,0.2,0.2,EMG,6,RandomForest,198,861,70,0.5901725999992777,success,0.9857142857142858,0.9857142857142858,0.9866666666666667,0.9857142857142858,0.9856960408684546,1.0,1.0,1.0,1.0,1.0
model_screen_on_best_feature_config,3,S03_personal_fold02,2,win1p0s_50ov__trim10_each_end__EMG_IMU__ShrinkageLDA,win1p0s_50ov,1.0,1260,630,trim10_each_end,0.1,0.1,EMG_IMU,42,ShrinkageLDA,1386,1157,95,6.595302499999889,success,0.9473684210526315,0.9473684210526315,0.9477777777777778,0.9473684210526315,0.9473319473319475,1.0,1.0,1.0,1.0,1.0
model_screen_on_best_feature_config,3,S03_personal_fold02,2,win1p0s_50ov__trim10_each_end__EMG_IMU__LogisticRegression,win1p0s_50ov,1.0,1260,630,trim10_each_end,0.1,0.1,EMG_IMU,42,LogisticRegression,1386,1157,95,0.8086953000001813,success,0.9473684210526315,0.9473684210526315,0.9583333333333333,0.9473684210526315,0.9464411557434813,1.0,1.0,1.0,1.0,1.0
model_screen_on_best_feature_config,3,S03_personal_fold02,2,win1p0s_50ov__trim10_each_end__EMG_IMU__RBF-SVM,win1p0s_50ov,1.0,1260,630,trim10_each_end,0.1,0.1,EMG_IMU,42,RBF-SVM,1386,1157,95,7.73185039999953,success,0.9263157894736842,0.9263157894736842,0.9461538461538461,0.9263157894736842,0.9237275985663083,1.0,1.0,1.0,1.0,1.0
model_screen_on_best_feature_config,3,S03_personal_fold02,2,win1p0s_50ov__trim10_each_end__EMG_IMU__RandomForest,win1p0s_50ov,1.0,1260,630,trim10_each_end,0.1,0.1,EMG_IMU,42,RandomForest,1386,1157,95,1.9168915000009292,success,0.9157894736842105,0.9157894736842106,0.9407407407407409,0.9157894736842106,0.9118840579710146,1.0,1.0,1.0,1.0,1.0
model_screen_on_best_feature_config,3,S03_personal_fold03,3,win1p0s_50ov__trim20_each_end__EMG__ShrinkageLDA,win1p0s_50ov,1.0,1260,630,trim20_each_end,0.2,0.2,EMG,6,ShrinkageLDA,198,861,70,0.09384630000022298,success,1.0,1.0,1.0,1.0,1.0,1.0,1.0,1.0,1.0,1.0
model_screen_on_best_feature_config,3,S03_personal_fold03,3,win1p0s_50ov__trim20_each_end__EMG__LogisticRegression,win1p0s_50ov,1.0,1260,630,trim20_each_end,0.2,0.2,EMG,6,LogisticRegression,198,861,70,0.14975999999842315,success,0.9714285714285714,0.9714285714285715,0.975,0.9714285714285715,0.9712820512820514,1.0,1.0,1.0,1.0,1.0
model_screen_on_best_feature_config,3,S03_personal_fold03,3,win1p0s_50ov__trim20_each_end__EMG__RBF-SVM,win1p0s_50ov,1.0,1260,630,trim20_each_end,0.2,0.2,EMG,6,RBF-SVM,198,861,70,0.4925462000010157,success,0.9857142857142858,0.9857142857142858,0.9866666666666667,0.9857142857142858,0.9856960408684546,1.0,1.0,1.0,1.0,1.0
model_screen_on_best_feature_config,3,S03_personal_fold03,3,win1p0s_50ov__trim20_each_end__EMG__RandomForest,win1p0s_50ov,1.0,1260,630,trim20_each_end,0.2,0.2,EMG,6,RandomForest,198,861,70,0.5592233999996097,success,0.9857142857142858,0.9857142857142858,0.9866666666666667,0.9857142857142858,0.9856960408684546,1.0,1.0,1.0,1.0,1.0
model_screen_on_best_feature_config,3,S03_personal_fold04,4,win1p0s_50ov__full_segment__EMG__ShrinkageLDA,win1p0s_50ov,1.0,1260,630,full_segment,0.0,0.0,EMG,6,ShrinkageLDA,198,1429,115,0.11706799999956274,success,0.9739130434782609,0.9739130434782609,0.976923076923077,0.9739130434782609,0.9738016136687232,1.0,1.0,1.0,1.0,1.0
model_screen_on_best_feature_config,3,S03_personal_fold04,4,win1p0s_50ov__full_segment__EMG__LogisticRegression,win1p0s_50ov,1.0,1260,630,full_segment,0.0,0.0,EMG,6,LogisticRegression,198,1429,115,0.14437989999896672,success,0.9130434782608695,0.9130434782608695,0.9393939393939394,0.9130434782608695,0.9087301587301587,1.0,1.0,1.0,1.0,1.0
model_screen_on_best_feature_config,3,S03_personal_fold04,4,win1p0s_50ov__full_segment__EMG__RBF-SVM,win1p0s_50ov,1.0,1260,630,full_segment,0.0,0.0,EMG,6,RBF-SVM,198,1429,115,1.0276727000000392,success,0.9478260869565217,0.9478260869565217,0.9586206896551724,0.9478260869565217,0.946923076923077,1.0,1.0,1.0,1.0,1.0
model_screen_on_best_feature_config,3,S03_personal_fold04,4,win1p0s_50ov__full_segment__EMG__RandomForest,win1p0s_50ov,1.0,1260,630,full_segment,0.0,0.0,EMG,6,RandomForest,198,1429,115,0.9292812000003323,success,0.9478260869565217,0.9478260869565218,0.952,0.9478260869565218,0.9476190476190476,1.0,1.0,1.0,1.0,1.0
model_screen_on_best_feature_config,3,S03_personal_fold05,5,win1p0s_50ov__trim20_each_end__EMG__ShrinkageLDA,win1p0s_50ov,1.0,1260,630,trim20_each_end,0.2,0.2,EMG,6,ShrinkageLDA,198,861,70,0.07571010000174283,success,1.0,1.0,1.0,1.0,1.0,1.0,1.0,1.0,1.0,1.0
model_screen_on_best_feature_config,3,S03_personal_fold05,5,win1p0s_50ov__trim20_each_end__EMG__LogisticRegression,win1p0s_50ov,1.0,1260,630,trim20_each_end,0.2,0.2,EMG,6,LogisticRegression,198,861,70,0.16544129999965662,success,0.9857142857142858,0.9857142857142858,0.9866666666666667,0.9857142857142858,0.9856960408684546,1.0,1.0,1.0,1.0,1.0
model_screen_on_best_feature_config,3,S03_personal_fold05,5,win1p0s_50ov__trim20_each_end__EMG__RBF-SVM,win1p0s_50ov,1.0,1260,630,trim20_each_end,0.2,0.2,EMG,6,RBF-SVM,198,861,70,0.4813821999996435,success,0.9428571428571428,0.9428571428571428,0.9555555555555555,0.9428571428571428,0.9416666666666668,1.0,1.0,1.0,1.0,1.0
model_screen_on_best_feature_config,3,S03_personal_fold05,5,win1p0s_50ov__trim20_each_end__EMG__RandomForest,win1p0s_50ov,1.0,1260,630,trim20_each_end,0.2,0.2,EMG,6,RandomForest,198,861,70,0.5877899999995861,success,0.9714285714285714,0.9714285714285715,0.975,0.9714285714285715,0.9712820512820514,1.0,1.0,1.0,1.0,1.0
model_screen_on_best_feature_config,3,S03_personal_fold06,6,win1p0s_50ov__trim20_each_end__EMG__ShrinkageLDA,win1p0s_50ov,1.0,1260,630,trim20_each_end,0.2,0.2,EMG,6,ShrinkageLDA,198,861,70,0.08874509999986913,success,1.0,1.0,1.0,1.0,1.0,1.0,1.0,1.0,1.0,1.0
model_screen_on_best_feature_config,3,S03_personal_fold06,6,win1p0s_50ov__trim20_each_end__EMG__LogisticRegression,win1p0s_50ov,1.0,1260,630,trim20_each_end,0.2,0.2,EMG,6,LogisticRegression,198,861,70,0.1382787999991706,success,0.9857142857142858,0.9857142857142858,0.9866666666666667,0.9857142857142858,0.9856960408684546,1.0,1.0,1.0,1.0,1.0
model_screen_on_best_feature_config,3,S03_personal_fold06,6,win1p0s_50ov__trim20_each_end__EMG__RBF-SVM,win1p0s_50ov,1.0,1260,630,trim20_each_end,0.2,0.2,EMG,6,RBF-SVM,198,861,70,0.44377409999833617,success,0.9428571428571428,0.9428571428571428,0.9555555555555555,0.9428571428571428,0.9416666666666668,1.0,1.0,1.0,1.0,1.0
model_screen_on_best_feature_config,3,S03_personal_fold06,6,win1p0s_50ov__trim20_each_end__EMG__RandomForest,win1p0s_50ov,1.0,1260,630,trim20_each_end,0.2,0.2,EMG,6,RandomForest,198,861,70,0.5497136000012688,success,0.9714285714285714,0.9714285714285715,0.9733333333333334,0.9714285714285715,0.9708222811671089,1.0,1.0,1.0,1.0,1.0
model_screen_on_best_feature_config,3,S03_personal_fold07,7,win0p25s_50ov__full_segment__EMG__ShrinkageLDA,win0p25s_50ov,0.25,315,157,full_segment,0.0,0.0,EMG,6,ShrinkageLDA,198,2880,3430,0.20785550000073272,success,0.682798833819242,0.7140895583554739,0.7537280755175886,0.7140895583554739,0.7077087303073004,1.0,1.0,1.0,1.0,1.0
model_screen_on_best_feature_config,3,S03_personal_fold07,7,win0p25s_50ov__full_segment__EMG__LogisticRegression,win0p25s_50ov,0.25,315,157,full_segment,0.0,0.0,EMG,6,LogisticRegression,198,2880,3430,0.33376010000029055,success,0.6912536443148688,0.7210570484392214,0.7642008433109819,0.7210570484392214,0.7130202126725489,1.0,1.0,1.0,1.0,1.0
model_screen_on_best_feature_config,3,S03_personal_fold07,7,win0p25s_50ov__full_segment__EMG__RBF-SVM,win0p25s_50ov,0.25,315,157,full_segment,0.0,0.0,EMG,6,RBF-SVM,198,2880,3430,2.8839819000004354,success,0.6355685131195336,0.6634636780414332,0.6973698498082987,0.6634636780414332,0.6531816096314514,1.0,1.0,1.0,1.0,1.0
model_screen_on_best_feature_config,3,S03_personal_fold07,7,win0p25s_50ov__full_segment__EMG__RandomForest,win0p25s_50ov,0.25,315,157,full_segment,0.0,0.0,EMG,6,RandomForest,198,2880,3430,1.501650600001085,success,0.6533527696793003,0.666832312741229,0.7558649977501833,0.666832312741229,0.6621595059654839,1.0,1.0,1.0,1.0,1.0
model_screen_on_best_feature_config,3,S03_personal_fold08,8,win1p0s_50ov__trim20_each_end__EMG__ShrinkageLDA,win1p0s_50ov,1.0,1260,630,trim20_each_end,0.2,0.2,EMG,6,ShrinkageLDA,198,420,70,0.058683100000052946,success,0.9857142857142858,0.9857142857142858,0.9866666666666667,0.9857142857142858,0.9856960408684546,1.0,1.0,1.0,1.0,1.0
model_screen_on_best_feature_config,3,S03_personal_fold08,8,win1p0s_50ov__trim20_each_end__EMG__LogisticRegression,win1p0s_50ov,1.0,1260,630,trim20_each_end,0.2,0.2,EMG,6,LogisticRegression,198,420,70,0.034636399999726564,success,0.9714285714285714,0.9714285714285715,0.975,0.9714285714285715,0.9712820512820514,1.0,1.0,1.0,1.0,1.0
model_screen_on_best_feature_config,3,S03_personal_fold08,8,win1p0s_50ov__trim20_each_end__EMG__RBF-SVM,win1p0s_50ov,1.0,1260,630,trim20_each_end,0.2,0.2,EMG,6,RBF-SVM,198,420,70,0.12305729999934556,success,0.9428571428571428,0.9428571428571428,0.9428571428571428,0.9428571428571428,0.9428571428571428,1.0,1.0,1.0,1.0,1.0
model_screen_on_best_feature_config,3,S03_personal_fold08,8,win1p0s_50ov__trim20_each_end__EMG__RandomForest,win1p0s_50ov,1.0,1260,630,trim20_each_end,0.2,0.2,EMG,6,RandomForest,198,420,70,0.21457459999874118,success,0.9571428571428572,0.9571428571428571,0.9647058823529411,0.9571428571428571,0.9566451612903226,1.0,1.0,1.0,1.0,1.0
feature_screen_with_shrinkage_lda,4,S04_personal_fold01,1,win0p25s_50ov__full_segment__EMG__ShrinkageLDA,win0p25s_50ov,0.25,315,157,full_segment,0.0,0.0,EMG,6,ShrinkageLDA,198,6580,480,0.3774410000005446,success,0.9354166666666667,0.9354166666666666,0.9389540664147942,0.9354166666666666,0.9363577630002313,1.0,1.0,1.0,1.0,1.0
feature_screen_with_shrinkage_lda,4,S04_personal_fold02,2,win0p25s_50ov__full_segment__EMG__ShrinkageLDA,win0p25s_50ov,0.25,315,157,full_segment,0.0,0.0,EMG,6,ShrinkageLDA,198,6580,480,0.3080172999998467,success,0.7145833333333333,0.7145833333333333,0.6647472482674276,0.7145833333333333,0.6636424525768315,0.8,0.8,0.7,0.8,0.7333333333333333
feature_screen_with_shrinkage_lda,4,S04_personal_fold03,3,win0p25s_50ov__full_segment__EMG__ShrinkageLDA,win0p25s_50ov,0.25,315,157,full_segment,0.0,0.0,EMG,6,ShrinkageLDA,198,6580,480,0.39127840000037395,success,0.8166666666666667,0.8166666666666667,0.9043478260869566,0.8166666666666667,0.7703814510097233,0.8,0.8,0.7,0.8,0.7333333333333333
feature_screen_with_shrinkage_lda,4,S04_personal_fold04,4,win0p25s_50ov__full_segment__EMG__ShrinkageLDA,win0p25s_50ov,0.25,315,157,full_segment,0.0,0.0,EMG,6,ShrinkageLDA,198,6580,480,0.39423700000043027,success,0.9520833333333333,0.9520833333333332,0.954924284293136,0.9520833333333332,0.9518626515874097,1.0,1.0,1.0,1.0,1.0
feature_screen_with_shrinkage_lda,4,S04_personal_fold05,5,win0p25s_50ov__full_segment__EMG__ShrinkageLDA,win0p25s_50ov,0.25,315,157,full_segment,0.0,0.0,EMG,6,ShrinkageLDA,198,6580,480,0.36198610000064946,success,0.8791666666666667,0.8791666666666667,0.8957983193277311,0.8791666666666667,0.8736842105263157,0.8,0.8,0.7,0.8,0.7333333333333333
feature_screen_with_shrinkage_lda,4,S04_personal_fold06,6,win0p25s_50ov__full_segment__EMG__ShrinkageLDA,win0p25s_50ov,0.25,315,157,full_segment,0.0,0.0,EMG,6,ShrinkageLDA,198,6580,480,0.3274655999994138,success,0.8875,0.8875,0.9088431113204155,0.8875,0.881784832573749,1.0,1.0,1.0,1.0,1.0
feature_screen_with_shrinkage_lda,4,S04_personal_fold07,7,win0p25s_50ov__full_segment__EMG__ShrinkageLDA,win0p25s_50ov,0.25,315,157,full_segment,0.0,0.0,EMG,6,ShrinkageLDA,198,2880,4180,0.2030971000003774,success,0.884688995215311,0.8702126455789732,0.8841111772017449,0.8702126455789732,0.8737648305595546,1.0,1.0,1.0,1.0,1.0
feature_screen_with_shrinkage_lda,4,S04_personal_fold08,8,win0p25s_50ov__full_segment__EMG__ShrinkageLDA,win0p25s_50ov,0.25,315,157,full_segment,0.0,0.0,EMG,6,ShrinkageLDA,198,2880,480,0.18660389999968174,success,0.9145833333333333,0.9145833333333332,0.9321486672506569,0.9145833333333332,0.9116473526193214,1.0,1.0,1.0,1.0,1.0
feature_screen_with_shrinkage_lda,4,S04_personal_fold01,1,win0p25s_50ov__full_segment__EMG_ACC__ShrinkageLDA,win0p25s_50ov,0.25,315,157,full_segment,0.0,0.0,EMG_ACC,24,ShrinkageLDA,792,6580,480,4.582382200000211,success,0.9354166666666667,0.9354166666666668,0.9511811023622048,0.9354166666666668,0.9361271475235379,1.0,1.0,1.0,1.0,1.0
feature_screen_with_shrinkage_lda,4,S04_personal_fold02,2,win0p25s_50ov__full_segment__EMG_ACC__ShrinkageLDA,win0p25s_50ov,0.25,315,157,full_segment,0.0,0.0,EMG_ACC,24,ShrinkageLDA,792,6580,480,4.739217800000915,success,0.7541666666666667,0.7541666666666667,0.666799491199834,0.7541666666666667,0.6952333877097888,0.8,0.8,0.7,0.8,0.7333333333333333
feature_screen_with_shrinkage_lda,4,S04_personal_fold03,3,win0p25s_50ov__full_segment__EMG_ACC__ShrinkageLDA,win0p25s_50ov,0.25,315,157,full_segment,0.0,0.0,EMG_ACC,24,ShrinkageLDA,792,6580,480,4.751692899999398,success,0.8020833333333334,0.8020833333333334,0.9005235602094241,0.8020833333333334,0.7379216207478716,0.8,0.8,0.7,0.8,0.7333333333333333
feature_screen_with_shrinkage_lda,4,S04_personal_fold04,4,win0p25s_50ov__full_segment__EMG_ACC__ShrinkageLDA,win0p25s_50ov,0.25,315,157,full_segment,0.0,0.0,EMG_ACC,24,ShrinkageLDA,792,6580,480,4.7697892999985925,success,0.9708333333333333,0.9708333333333334,0.9735449735449736,0.9708333333333334,0.9707189542483661,1.0,1.0,1.0,1.0,1.0
feature_screen_with_shrinkage_lda,4,S04_personal_fold05,5,win0p25s_50ov__full_segment__EMG_ACC__ShrinkageLDA,win0p25s_50ov,0.25,315,157,full_segment,0.0,0.0,EMG_ACC,24,ShrinkageLDA,792,6580,480,4.425037500001054,success,0.8520833333333333,0.8520833333333334,0.8878842676311031,0.8520833333333334,0.8354378227800459,0.8,0.8,0.7,0.8,0.7333333333333333
feature_screen_with_shrinkage_lda,4,S04_personal_fold06,6,win0p25s_50ov__full_segment__EMG_ACC__ShrinkageLDA,win0p25s_50ov,0.25,315,157,full_segment,0.0,0.0,EMG_ACC,24,ShrinkageLDA,792,6580,480,4.846308599999247,success,0.9229166666666667,0.9229166666666666,0.9288484848484849,0.9229166666666666,0.9222377612654276,1.0,1.0,1.0,1.0,1.0
feature_screen_with_shrinkage_lda,4,S04_personal_fold07,7,win0p25s_50ov__full_segment__EMG_ACC__ShrinkageLDA,win0p25s_50ov,0.25,315,157,full_segment,0.0,0.0,EMG_ACC,24,ShrinkageLDA,792,2880,4180,2.3210387999988598,success,0.80311004784689,0.7783128606741251,0.7911622306008648,0.7783128606741251,0.7766150611919316,1.0,1.0,1.0,1.0,1.0
feature_screen_with_shrinkage_lda,4,S04_personal_fold08,8,win0p25s_50ov__full_segment__EMG_ACC__ShrinkageLDA,win0p25s_50ov,0.25,315,157,full_segment,0.0,0.0,EMG_ACC,24,ShrinkageLDA,792,2880,480,2.2195425999998406,success,0.8020833333333334,0.8020833333333333,0.9005235602094241,0.8020833333333333,0.7379216207478716,0.8,0.8,0.7,0.8,0.7333333333333333
feature_screen_with_shrinkage_lda,4,S04_personal_fold01,1,win0p25s_50ov__full_segment__EMG_IMU__ShrinkageLDA,win0p25s_50ov,0.25,315,157,full_segment,0.0,0.0,EMG_IMU,42,ShrinkageLDA,1386,6580,480,19.175706599999103,success,0.9354166666666667,0.9354166666666668,0.9511811023622048,0.9354166666666668,0.9358624756548256,1.0,1.0,1.0,1.0,1.0
feature_screen_with_shrinkage_lda,4,S04_personal_fold02,2,win0p25s_50ov__full_segment__EMG_IMU__ShrinkageLDA,win0p25s_50ov,0.25,315,157,full_segment,0.0,0.0,EMG_IMU,42,ShrinkageLDA,1386,6580,480,18.72170720000031,success,0.7520833333333333,0.7520833333333333,0.6599721614635117,0.7520833333333333,0.6906174679259968,0.8,0.8,0.7,0.8,0.7333333333333333
feature_screen_with_shrinkage_lda,4,S04_personal_fold03,3,win0p25s_50ov__full_segment__EMG_IMU__ShrinkageLDA,win0p25s_50ov,0.25,315,157,full_segment,0.0,0.0,EMG_IMU,42,ShrinkageLDA,1386,6580,480,18.57312880000063,success,0.8,0.8,0.7,0.8,0.7333333333333333,0.8,0.8,0.7,0.8,0.7333333333333333
feature_screen_with_shrinkage_lda,4,S04_personal_fold04,4,win0p25s_50ov__full_segment__EMG_IMU__ShrinkageLDA,win0p25s_50ov,0.25,315,157,full_segment,0.0,0.0,EMG_IMU,42,ShrinkageLDA,1386,6580,480,18.6251484000004,success,0.9791666666666666,0.9791666666666667,0.9804195804195803,0.9791666666666667,0.9791304347826086,1.0,1.0,1.0,1.0,1.0
feature_screen_with_shrinkage_lda,4,S04_personal_fold05,5,win0p25s_50ov__full_segment__EMG_IMU__ShrinkageLDA,win0p25s_50ov,0.25,315,157,full_segment,0.0,0.0,EMG_IMU,42,ShrinkageLDA,1386,6580,480,19.236077999999907,success,0.8541666666666666,0.8541666666666667,0.9027160493827161,0.8541666666666667,0.834625322997416,0.8,0.8,0.7,0.8,0.7333333333333333
feature_screen_with_shrinkage_lda,4,S04_personal_fold06,6,win0p25s_50ov__full_segment__EMG_IMU__ShrinkageLDA,win0p25s_50ov,0.25,315,157,full_segment,0.0,0.0,EMG_IMU,42,ShrinkageLDA,1386,6580,480,19.331051500001195,success,0.94375,0.94375,0.9472567873303166,0.94375,0.9438984508001361,1.0,1.0,1.0,1.0,1.0
feature_screen_with_shrinkage_lda,4,S04_personal_fold07,7,win0p25s_50ov__full_segment__EMG_IMU__ShrinkageLDA,win0p25s_50ov,0.25,315,157,full_segment,0.0,0.0,EMG_IMU,42,ShrinkageLDA,1386,2880,4180,9.740917600000103,success,0.6971291866028708,0.6599806102080449,0.7238941461937115,0.6599806102080449,0.6649304008387535,0.8,0.8,0.7,0.8,0.7333333333333333
feature_screen_with_shrinkage_lda,4,S04_personal_fold08,8,win0p25s_50ov__full_segment__EMG_IMU__ShrinkageLDA,win0p25s_50ov,0.25,315,157,full_segment,0.0,0.0,EMG_IMU,42,ShrinkageLDA,1386,2880,480,9.575152800000069,success,0.8395833333333333,0.8395833333333332,0.8938512992024699,0.8395833333333332,0.8124750277469477,0.8,0.8,0.7,0.8,0.7333333333333333
feature_screen_with_shrinkage_lda,4,S04_personal_fold01,1,win0p25s_50ov__trim10_each_end__EMG__ShrinkageLDA,win0p25s_50ov,0.25,315,157,trim10_each_end,0.1,0.1,EMG,6,ShrinkageLDA,198,5270,385,0.26036930000009306,success,0.9506493506493506,0.9506493506493505,0.9536813922356091,0.9506493506493505,0.9510574983667264,1.0,1.0,1.0,1.0,1.0
feature_screen_with_shrinkage_lda,4,S04_personal_fold02,2,win0p25s_50ov__trim10_each_end__EMG__ShrinkageLDA,win0p25s_50ov,0.25,315,157,trim10_each_end,0.1,0.1,EMG,6,ShrinkageLDA,198,5270,385,0.2793079000002763,success,0.7116883116883117,0.7116883116883117,0.6586211010368314,0.7116883116883117,0.6583832780236528,0.8,0.8,0.7,0.8,0.7333333333333333
feature_screen_with_shrinkage_lda,4,S04_personal_fold03,3,win0p25s_50ov__trim10_each_end__EMG__ShrinkageLDA,win0p25s_50ov,0.25,315,157,trim10_each_end,0.1,0.1,EMG,6,ShrinkageLDA,198,5270,385,0.30553210000107356,success,0.8,0.8,0.9,0.8,0.7408283366644459,0.8,0.8,0.7,0.8,0.7333333333333333
feature_screen_with_shrinkage_lda,4,S04_personal_fold04,4,win0p25s_50ov__trim10_each_end__EMG__ShrinkageLDA,win0p25s_50ov,0.25,315,157,trim10_each_end,0.1,0.1,EMG,6,ShrinkageLDA,198,5270,385,0.30511590000060096,success,0.9402597402597402,0.9402597402597402,0.9431818181818181,0.9402597402597402,0.9399533799533799,1.0,1.0,1.0,1.0,1.0
feature_screen_with_shrinkage_lda,4,S04_personal_fold05,5,win0p25s_50ov__trim10_each_end__EMG__ShrinkageLDA,win0p25s_50ov,0.25,315,157,trim10_each_end,0.1,0.1,EMG,6,ShrinkageLDA,198,5270,385,0.31350639999982377,success,0.8519480519480519,0.851948051948052,0.892548076923077,0.851948051948052,0.8337106322519535,0.8,0.8,0.7,0.8,0.7333333333333333
feature_screen_with_shrinkage_lda,4,S04_personal_fold06,6,win0p25s_50ov__trim10_each_end__EMG__ShrinkageLDA,win0p25s_50ov,0.25,315,157,trim10_each_end,0.1,0.1,EMG,6,ShrinkageLDA,198,5270,385,0.30564740000045276,success,0.9090909090909091,0.909090909090909,0.9346628713752001,0.909090909090909,0.9077084797555386,1.0,1.0,1.0,1.0,1.0
feature_screen_with_shrinkage_lda,4,S04_personal_fold07,7,win0p25s_50ov__trim10_each_end__EMG__ShrinkageLDA,win0p25s_50ov,0.25,315,157,trim10_each_end,0.1,0.1,EMG,6,ShrinkageLDA,198,2310,3345,0.17389270000057877,success,0.884304932735426,0.8708359213998704,0.8795097035149052,0.8708359213998704,0.8741309917441953,1.0,1.0,1.0,1.0,1.0
feature_screen_with_shrinkage_lda,4,S04_personal_fold08,8,win0p25s_50ov__trim10_each_end__EMG__ShrinkageLDA,win0p25s_50ov,0.25,315,157,trim10_each_end,0.1,0.1,EMG,6,ShrinkageLDA,198,2310,385,0.15095199999996112,success,0.9038961038961039,0.903896103896104,0.9239935587761675,0.903896103896104,0.8998373983739837,1.0,1.0,1.0,1.0,1.0
feature_screen_with_shrinkage_lda,4,S04_personal_fold01,1,win0p25s_50ov__trim10_each_end__EMG_ACC__ShrinkageLDA,win0p25s_50ov,0.25,315,157,trim10_each_end,0.1,0.1,EMG_ACC,24,ShrinkageLDA,792,5270,385,4.030658899999253,success,0.9428571428571428,0.9428571428571428,0.9555555555555555,0.9428571428571428,0.9440019685364586,1.0,1.0,1.0,1.0,1.0
feature_screen_with_shrinkage_lda,4,S04_personal_fold02,2,win0p25s_50ov__trim10_each_end__EMG_ACC__ShrinkageLDA,win0p25s_50ov,0.25,315,157,trim10_each_end,0.1,0.1,EMG_ACC,24,ShrinkageLDA,792,5270,385,3.7884608000003936,success,0.7636363636363637,0.7636363636363636,0.6885513897819066,0.7636363636363636,0.707538321260477,0.8,0.8,0.7,0.8,0.7333333333333333
feature_screen_with_shrinkage_lda,4,S04_personal_fold03,3,win0p25s_50ov__trim10_each_end__EMG_ACC__ShrinkageLDA,win0p25s_50ov,0.25,315,157,trim10_each_end,0.1,0.1,EMG_ACC,24,ShrinkageLDA,792,5270,385,3.8848361000000295,success,0.8,0.8,0.7,0.8,0.7333333333333333,0.8,0.8,0.7,0.8,0.7333333333333333
feature_screen_with_shrinkage_lda,4,S04_personal_fold04,4,win0p25s_50ov__trim10_each_end__EMG_ACC__ShrinkageLDA,win0p25s_50ov,0.25,315,157,trim10_each_end,0.1,0.1,EMG_ACC,24,ShrinkageLDA,792,5270,385,3.8761267000008957,success,0.9766233766233766,0.9766233766233766,0.9773712737127372,0.9766233766233766,0.9765987083702672,1.0,1.0,1.0,1.0,1.0
feature_screen_with_shrinkage_lda,4,S04_personal_fold05,5,win0p25s_50ov__trim10_each_end__EMG_ACC__ShrinkageLDA,win0p25s_50ov,0.25,315,157,trim10_each_end,0.1,0.1,EMG_ACC,24,ShrinkageLDA,792,5270,385,3.909652600001209,success,0.8337662337662337,0.8337662337662337,0.8960191846522783,0.8337662337662337,0.8016103059581321,0.8,0.8,0.7,0.8,0.7333333333333333
feature_screen_with_shrinkage_lda,4,S04_personal_fold06,6,win0p25s_50ov__trim10_each_end__EMG_ACC__ShrinkageLDA,win0p25s_50ov,0.25,315,157,trim10_each_end,0.1,0.1,EMG_ACC,24,ShrinkageLDA,792,5270,385,3.795660300000236,success,0.8987012987012987,0.8987012987012987,0.9298587377534746,0.8987012987012987,0.8946068543235158,1.0,1.0,1.0,1.0,1.0
feature_screen_with_shrinkage_lda,4,S04_personal_fold07,7,win0p25s_50ov__trim10_each_end__EMG_ACC__ShrinkageLDA,win0p25s_50ov,0.25,315,157,trim10_each_end,0.1,0.1,EMG_ACC,24,ShrinkageLDA,792,2310,3345,1.9770993000001909,success,0.8128550074738415,0.791204582492034,0.7912381127781603,0.791204582492034,0.7889512074306932,1.0,1.0,1.0,1.0,1.0
feature_screen_with_shrinkage_lda,4,S04_personal_fold08,8,win0p25s_50ov__trim10_each_end__EMG_ACC__ShrinkageLDA,win0p25s_50ov,0.25,315,157,trim10_each_end,0.1,0.1,EMG_ACC,24,ShrinkageLDA,792,2310,385,2.0516485999996803,success,0.8155844155844156,0.8155844155844155,0.904054054054054,0.8155844155844155,0.7658045515394913,0.8,0.8,0.7,0.8,0.7333333333333333
feature_screen_with_shrinkage_lda,4,S04_personal_fold01,1,win0p25s_50ov__trim10_each_end__EMG_IMU__ShrinkageLDA,win0p25s_50ov,0.25,315,157,trim10_each_end,0.1,0.1,EMG_IMU,42,ShrinkageLDA,1386,5270,385,16.02379259999907,success,0.9428571428571428,0.9428571428571428,0.9555555555555555,0.9428571428571428,0.9437034860947904,1.0,1.0,1.0,1.0,1.0
feature_screen_with_shrinkage_lda,4,S04_personal_fold02,2,win0p25s_50ov__trim10_each_end__EMG_IMU__ShrinkageLDA,win0p25s_50ov,0.25,315,157,trim10_each_end,0.1,0.1,EMG_IMU,42,ShrinkageLDA,1386,5270,385,15.639724500000739,success,0.7688311688311689,0.7688311688311689,0.6912987184761017,0.7688311688311689,0.7116976637654604,0.8,0.8,0.7,0.8,0.7333333333333333
feature_screen_with_shrinkage_lda,4,S04_personal_fold03,3,win0p25s_50ov__trim10_each_end__EMG_IMU__ShrinkageLDA,win0p25s_50ov,0.25,315,157,trim10_each_end,0.1,0.1,EMG_IMU,42,ShrinkageLDA,1386,5270,385,15.683279799999582,success,0.8,0.8,0.7,0.8,0.7333333333333333,0.8,0.8,0.7,0.8,0.7333333333333333
feature_screen_with_shrinkage_lda,4,S04_personal_fold04,4,win0p25s_50ov__trim10_each_end__EMG_IMU__ShrinkageLDA,win0p25s_50ov,0.25,315,157,trim10_each_end,0.1,0.1,EMG_IMU,42,ShrinkageLDA,1386,5270,385,15.931614299999637,success,0.9792207792207792,0.9792207792207792,0.9793417721518989,0.9792207792207792,0.979217273954116,1.0,1.0,1.0,1.0,1.0
feature_screen_with_shrinkage_lda,4,S04_personal_fold05,5,win0p25s_50ov__trim10_each_end__EMG_IMU__ShrinkageLDA,win0p25s_50ov,0.25,315,157,trim10_each_end,0.1,0.1,EMG_IMU,42,ShrinkageLDA,1386,5270,385,16.01492209999924,success,0.8311688311688312,0.8311688311688311,0.8942857142857144,0.8311688311688311,0.7972350230414746,0.8,0.8,0.7,0.8,0.7333333333333333
feature_screen_with_shrinkage_lda,4,S04_personal_fold06,6,win0p25s_50ov__trim10_each_end__EMG_IMU__ShrinkageLDA,win0p25s_50ov,0.25,315,157,trim10_each_end,0.1,0.1,EMG_IMU,42,ShrinkageLDA,1386,5270,385,15.836227699999654,success,0.9324675324675324,0.9324675324675324,0.9460353535353535,0.9324675324675324,0.9315987734092092,1.0,1.0,1.0,1.0,1.0
feature_screen_with_shrinkage_lda,4,S04_personal_fold07,7,win0p25s_50ov__trim10_each_end__EMG_IMU__ShrinkageLDA,win0p25s_50ov,0.25,315,157,trim10_each_end,0.1,0.1,EMG_IMU,42,ShrinkageLDA,1386,2310,3345,8.820900099999562,success,0.6872944693572496,0.6498491589357137,0.7220799547356976,0.6498491589357137,0.6604312887221614,1.0,1.0,1.0,1.0,1.0
feature_screen_with_shrinkage_lda,4,S04_personal_fold08,8,win0p25s_50ov__trim10_each_end__EMG_IMU__ShrinkageLDA,win0p25s_50ov,0.25,315,157,trim10_each_end,0.1,0.1,EMG_IMU,42,ShrinkageLDA,1386,2310,385,8.588702099999864,success,0.8831168831168831,0.8831168831168832,0.9117967332123411,0.8831168831168832,0.8751070060824511,0.8,0.8,0.7,0.8,0.7333333333333333
feature_screen_with_shrinkage_lda,4,S04_personal_fold01,1,win0p25s_50ov__trim20_each_end__EMG__ShrinkageLDA,win0p25s_50ov,0.25,315,157,trim20_each_end,0.2,0.2,EMG,6,ShrinkageLDA,198,3932,285,0.22920960000010382,success,0.9473684210526315,0.9473684210526315,0.9520698394818361,0.9473684210526315,0.9478827560411105,1.0,1.0,1.0,1.0,1.0
feature_screen_with_shrinkage_lda,4,S04_personal_fold02,2,win0p25s_50ov__trim20_each_end__EMG__ShrinkageLDA,win0p25s_50ov,0.25,315,157,trim20_each_end,0.2,0.2,EMG,6,ShrinkageLDA,198,3932,285,0.17712049999863666,success,0.7263157894736842,0.7263157894736842,0.6645010964912281,0.7263157894736842,0.6706818397344713,0.8,0.8,0.7,0.8,0.7333333333333333
feature_screen_with_shrinkage_lda,4,S04_personal_fold03,3,win0p25s_50ov__trim20_each_end__EMG__ShrinkageLDA,win0p25s_50ov,0.25,315,157,trim20_each_end,0.2,0.2,EMG,6,ShrinkageLDA,198,3932,285,0.1985915000004752,success,0.8105263157894737,0.8105263157894737,0.9027027027027028,0.8105263157894737,0.7601738824065822,0.8,0.8,0.7,0.8,0.7333333333333333
feature_screen_with_shrinkage_lda,4,S04_personal_fold04,4,win0p25s_50ov__trim20_each_end__EMG__ShrinkageLDA,win0p25s_50ov,0.25,315,157,trim20_each_end,0.2,0.2,EMG,6,ShrinkageLDA,198,3932,285,0.23762709999937215,success,0.9438596491228071,0.9438596491228071,0.9445716053201361,0.9438596491228071,0.9437904468412942,1.0,1.0,1.0,1.0,1.0
feature_screen_with_shrinkage_lda,4,S04_personal_fold05,5,win0p25s_50ov__trim20_each_end__EMG__ShrinkageLDA,win0p25s_50ov,0.25,315,157,trim20_each_end,0.2,0.2,EMG,6,ShrinkageLDA,198,3932,285,0.23613119999936316,success,0.8456140350877193,0.8456140350877192,0.8821052631578947,0.8456140350877192,0.8263157894736842,0.8,0.8,0.7,0.8,0.7333333333333333
feature_screen_with_shrinkage_lda,4,S04_personal_fold06,6,win0p25s_50ov__trim20_each_end__EMG__ShrinkageLDA,win0p25s_50ov,0.25,315,157,trim20_each_end,0.2,0.2,EMG,6,ShrinkageLDA,198,3932,285,0.25370359999942593,success,0.8807017543859649,0.8807017543859649,0.9174197510106511,0.8807017543859649,0.8754878507920878,0.8,0.8,0.7,0.8,0.7333333333333333
feature_screen_with_shrinkage_lda,4,S04_personal_fold07,7,win0p25s_50ov__trim20_each_end__EMG__ShrinkageLDA,win0p25s_50ov,0.25,315,157,trim20_each_end,0.2,0.2,EMG,6,ShrinkageLDA,198,1710,2507,0.1352790000000823,success,0.8635819704826486,0.8462784294082757,0.8641434332156568,0.8462784294082757,0.8501441564539732,1.0,1.0,1.0,1.0,1.0
feature_screen_with_shrinkage_lda,4,S04_personal_fold08,8,win0p25s_50ov__trim20_each_end__EMG__ShrinkageLDA,win0p25s_50ov,0.25,315,157,trim20_each_end,0.2,0.2,EMG,6,ShrinkageLDA,198,1710,285,0.11184640000101354,success,0.9017543859649123,0.9017543859649123,0.9341176470588234,0.9017543859649123,0.8954471012119226,1.0,1.0,1.0,1.0,1.0
feature_screen_with_shrinkage_lda,4,S04_personal_fold01,1,win0p25s_50ov__trim20_each_end__EMG_ACC__ShrinkageLDA,win0p25s_50ov,0.25,315,157,trim20_each_end,0.2,0.2,EMG_ACC,24,ShrinkageLDA,792,3932,285,3.1072487000001274,success,0.9403508771929825,0.9403508771929824,0.951851851851852,0.9403508771929824,0.9411049900789983,1.0,1.0,1.0,1.0,1.0
feature_screen_with_shrinkage_lda,4,S04_personal_fold02,2,win0p25s_50ov__trim20_each_end__EMG_ACC__ShrinkageLDA,win0p25s_50ov,0.25,315,157,trim20_each_end,0.2,0.2,EMG_ACC,24,ShrinkageLDA,792,3932,285,3.192682499999137,success,0.7578947368421053,0.7578947368421052,0.6683662280701754,0.7578947368421052,0.6953788129557742,0.8,0.8,0.7,0.8,0.7333333333333333
feature_screen_with_shrinkage_lda,4,S04_personal_fold03,3,win0p25s_50ov__trim20_each_end__EMG_ACC__ShrinkageLDA,win0p25s_50ov,0.25,315,157,trim20_each_end,0.2,0.2,EMG_ACC,24,ShrinkageLDA,792,3932,285,3.0678547999996226,success,0.8,0.8,0.7,0.8,0.7333333333333333,0.8,0.8,0.7,0.8,0.7333333333333333
feature_screen_with_shrinkage_lda,4,S04_personal_fold04,4,win0p25s_50ov__trim20_each_end__EMG_ACC__ShrinkageLDA,win0p25s_50ov,0.25,315,157,trim20_each_end,0.2,0.2,EMG_ACC,24,ShrinkageLDA,792,3932,285,2.9664553999991767,success,0.9894736842105263,0.9894736842105264,0.99,0.9894736842105264,0.9894663894663894,1.0,1.0,1.0,1.0,1.0
feature_screen_with_shrinkage_lda,4,S04_personal_fold05,5,win0p25s_50ov__trim20_each_end__EMG_ACC__ShrinkageLDA,win0p25s_50ov,0.25,315,157,trim20_each_end,0.2,0.2,EMG_ACC,24,ShrinkageLDA,792,3932,285,3.1075177999991865,success,0.8070175438596491,0.8070175438596492,0.8268867924528301,0.8070175438596492,0.7632845681925436,0.8,0.8,0.7,0.8,0.7333333333333333
feature_screen_with_shrinkage_lda,4,S04_personal_fold06,6,win0p25s_50ov__trim20_each_end__EMG_ACC__ShrinkageLDA,win0p25s_50ov,0.25,315,157,trim20_each_end,0.2,0.2,EMG_ACC,24,ShrinkageLDA,792,3932,285,2.9814525000001595,success,0.9298245614035088,0.9298245614035088,0.9445925925925925,0.9298245614035088,0.9311798429445488,1.0,1.0,1.0,1.0,1.0
feature_screen_with_shrinkage_lda,4,S04_personal_fold07,7,win0p25s_50ov__trim20_each_end__EMG_ACC__ShrinkageLDA,win0p25s_50ov,0.25,315,157,trim20_each_end,0.2,0.2,EMG_ACC,24,ShrinkageLDA,792,1710,2507,1.6069802999991225,success,0.8228958915037894,0.8007464684050062,0.8143977109430367,0.8007464684050062,0.801775621673448,1.0,1.0,1.0,1.0,1.0
feature_screen_with_shrinkage_lda,4,S04_personal_fold08,8,win0p25s_50ov__trim20_each_end__EMG_ACC__ShrinkageLDA,win0p25s_50ov,0.25,315,157,trim20_each_end,0.2,0.2,EMG_ACC,24,ShrinkageLDA,792,1710,285,1.7140216999996483,success,0.8315789473684211,0.8315789473684211,0.9085714285714286,0.8315789473684211,0.7952861952861954,0.8,0.8,0.7,0.8,0.7333333333333333
feature_screen_with_shrinkage_lda,4,S04_personal_fold01,1,win0p25s_50ov__trim20_each_end__EMG_IMU__ShrinkageLDA,win0p25s_50ov,0.25,315,157,trim20_each_end,0.2,0.2,EMG_IMU,42,ShrinkageLDA,1386,3932,285,12.602952199998981,success,0.9333333333333333,0.9333333333333333,0.95,0.9333333333333333,0.9338528138528138,1.0,1.0,1.0,1.0,1.0
feature_screen_with_shrinkage_lda,4,S04_personal_fold02,2,win0p25s_50ov__trim20_each_end__EMG_IMU__ShrinkageLDA,win0p25s_50ov,0.25,315,157,trim20_each_end,0.2,0.2,EMG_IMU,42,ShrinkageLDA,1386,3932,285,12.355695300000662,success,0.7649122807017544,0.7649122807017543,0.6799435028248587,0.7649122807017543,0.7032255626972608,0.8,0.8,0.7,0.8,0.7333333333333333
feature_screen_with_shrinkage_lda,4,S04_personal_fold03,3,win0p25s_50ov__trim20_each_end__EMG_IMU__ShrinkageLDA,win0p25s_50ov,0.25,315,157,trim20_each_end,0.2,0.2,EMG_IMU,42,ShrinkageLDA,1386,3932,285,12.280051700001422,success,0.8,0.8,0.7,0.8,0.7333333333333333,0.8,0.8,0.7,0.8,0.7333333333333333
feature_screen_with_shrinkage_lda,4,S04_personal_fold04,4,win0p25s_50ov__trim20_each_end__EMG_IMU__ShrinkageLDA,win0p25s_50ov,0.25,315,157,trim20_each_end,0.2,0.2,EMG_IMU,42,ShrinkageLDA,1386,3932,285,12.280448999999862,success,0.9824561403508771,0.9824561403508772,0.9838709677419356,0.9824561403508772,0.9824223267288567,1.0,1.0,1.0,1.0,1.0
feature_screen_with_shrinkage_lda,4,S04_personal_fold05,5,win0p25s_50ov__trim20_each_end__EMG_IMU__ShrinkageLDA,win0p25s_50ov,0.25,315,157,trim20_each_end,0.2,0.2,EMG_IMU,42,ShrinkageLDA,1386,3932,285,12.34369119999974,success,0.8175438596491228,0.8175438596491228,0.8603174603174603,0.8175438596491228,0.778226711560045,0.8,0.8,0.7,0.8,0.7333333333333333
feature_screen_with_shrinkage_lda,4,S04_personal_fold06,6,win0p25s_50ov__trim20_each_end__EMG_IMU__ShrinkageLDA,win0p25s_50ov,0.25,315,157,trim20_each_end,0.2,0.2,EMG_IMU,42,ShrinkageLDA,1386,3932,285,12.48856700000033,success,0.9543859649122807,0.9543859649122807,0.9615810276679841,0.9543859649122807,0.9551437556154537,1.0,1.0,1.0,1.0,1.0
feature_screen_with_shrinkage_lda,4,S04_personal_fold07,7,win0p25s_50ov__trim20_each_end__EMG_IMU__ShrinkageLDA,win0p25s_50ov,0.25,315,157,trim20_each_end,0.2,0.2,EMG_IMU,42,ShrinkageLDA,1386,1710,2507,7.309554400000707,success,0.6956521739130435,0.6608828617057729,0.720214228646432,0.6608828617057729,0.6706560540384741,1.0,1.0,1.0,1.0,1.0
feature_screen_with_shrinkage_lda,4,S04_personal_fold08,8,win0p25s_50ov__trim20_each_end__EMG_IMU__ShrinkageLDA,win0p25s_50ov,0.25,315,157,trim20_each_end,0.2,0.2,EMG_IMU,42,ShrinkageLDA,1386,1710,285,7.0597537999983615,success,0.9192982456140351,0.9192982456140351,0.9309459459459459,0.9192982456140351,0.917462815770835,1.0,1.0,1.0,1.0,1.0
feature_screen_with_shrinkage_lda,4,S04_personal_fold01,1,win0p5s_50ov__full_segment__EMG__ShrinkageLDA,win0p5s_50ov,0.5,630,315,full_segment,0.0,0.0,EMG,6,ShrinkageLDA,198,3257,235,0.17761940000127652,success,0.9531914893617022,0.9531914893617021,0.9549787234042553,0.9531914893617021,0.9537049044397147,1.0,1.0,1.0,1.0,1.0
feature_screen_with_shrinkage_lda,4,S04_personal_fold02,2,win0p5s_50ov__full_segment__EMG__ShrinkageLDA,win0p5s_50ov,0.5,630,315,full_segment,0.0,0.0,EMG,6,ShrinkageLDA,198,3257,235,0.1692858000005799,success,0.7021276595744681,0.7021276595744681,0.6631858407079646,0.7021276595744681,0.6537489486963836,0.8,0.8,0.7,0.8,0.7333333333333333
feature_screen_with_shrinkage_lda,4,S04_personal_fold03,3,win0p5s_50ov__full_segment__EMG__ShrinkageLDA,win0p5s_50ov,0.5,630,315,full_segment,0.0,0.0,EMG,6,ShrinkageLDA,198,3257,235,0.17433730000084324,success,0.8042553191489362,0.8042553191489361,0.9010752688172043,0.8042553191489361,0.7539378881987577,0.8,0.8,0.7,0.8,0.7333333333333333
feature_screen_with_shrinkage_lda,4,S04_personal_fold04,4,win0p5s_50ov__full_segment__EMG__ShrinkageLDA,win0p5s_50ov,0.5,630,315,full_segment,0.0,0.0,EMG,6,ShrinkageLDA,198,3257,235,0.1940598000001046,success,0.948936170212766,0.948936170212766,0.9500227998176015,0.948936170212766,0.948843537414966,1.0,1.0,1.0,1.0,1.0
feature_screen_with_shrinkage_lda,4,S04_personal_fold05,5,win0p5s_50ov__full_segment__EMG__ShrinkageLDA,win0p5s_50ov,0.5,630,315,full_segment,0.0,0.0,EMG,6,ShrinkageLDA,198,3257,235,0.21654379999927187,success,0.9191489361702128,0.9191489361702129,0.9236842105263158,0.9191489361702129,0.9184009137635638,1.0,1.0,1.0,1.0,1.0
feature_screen_with_shrinkage_lda,4,S04_personal_fold06,6,win0p5s_50ov__full_segment__EMG__ShrinkageLDA,win0p5s_50ov,0.5,630,315,full_segment,0.0,0.0,EMG,6,ShrinkageLDA,198,3257,235,0.2074056000001292,success,0.851063829787234,0.851063829787234,0.9048931623931624,0.851063829787234,0.8383012585812356,0.8,0.8,0.7,0.8,0.7333333333333333
feature_screen_with_shrinkage_lda,4,S04_personal_fold07,7,win0p5s_50ov__full_segment__EMG__ShrinkageLDA,win0p5s_50ov,0.5,630,315,full_segment,0.0,0.0,EMG,6,ShrinkageLDA,198,1410,2082,0.08335319999969215,success,0.851104707012488,0.8324273788765973,0.8502747820313786,0.8324273788765973,0.837660255339799,1.0,1.0,1.0,1.0,1.0
feature_screen_with_shrinkage_lda,4,S04_personal_fold08,8,win0p5s_50ov__full_segment__EMG__ShrinkageLDA,win0p5s_50ov,0.5,630,315,full_segment,0.0,0.0,EMG,6,ShrinkageLDA,198,1410,235,0.1030614000010246,success,0.9276595744680851,0.9276595744680851,0.9421370967741935,0.9276595744680851,0.925769364765997,1.0,1.0,1.0,1.0,1.0
feature_screen_with_shrinkage_lda,4,S04_personal_fold01,1,win0p5s_50ov__full_segment__EMG_ACC__ShrinkageLDA,win0p5s_50ov,0.5,630,315,full_segment,0.0,0.0,EMG_ACC,24,ShrinkageLDA,792,3257,235,2.535779400001047,success,0.9574468085106383,0.9574468085106382,0.9629249011857708,0.9574468085106382,0.9578485899365308,1.0,1.0,1.0,1.0,1.0
feature_screen_with_shrinkage_lda,4,S04_personal_fold02,2,win0p5s_50ov__full_segment__EMG_ACC__ShrinkageLDA,win0p5s_50ov,0.5,630,315,full_segment,0.0,0.0,EMG_ACC,24,ShrinkageLDA,792,3257,235,2.7687252999985503,success,0.7531914893617021,0.7531914893617021,0.6661992263056093,0.7531914893617021,0.693512668742232,0.8,0.8,0.7,0.8,0.7333333333333333
feature_screen_with_shrinkage_lda,4,S04_personal_fold03,3,win0p5s_50ov__full_segment__EMG_ACC__ShrinkageLDA,win0p5s_50ov,0.5,630,315,full_segment,0.0,0.0,EMG_ACC,24,ShrinkageLDA,792,3257,235,2.817913900000349,success,0.8,0.8,0.7,0.8,0.7333333333333333,0.8,0.8,0.7,0.8,0.7333333333333333
feature_screen_with_shrinkage_lda,4,S04_personal_fold04,4,win0p5s_50ov__full_segment__EMG_ACC__ShrinkageLDA,win0p5s_50ov,0.5,630,315,full_segment,0.0,0.0,EMG_ACC,24,ShrinkageLDA,792,3257,235,2.685161600000356,success,0.9574468085106383,0.9574468085106382,0.9649122807017545,0.9574468085106382,0.9569597069597069,1.0,1.0,1.0,1.0,1.0
feature_screen_with_shrinkage_lda,4,S04_personal_fold05,5,win0p5s_50ov__full_segment__EMG_ACC__ShrinkageLDA,win0p5s_50ov,0.5,630,315,full_segment,0.0,0.0,EMG_ACC,24,ShrinkageLDA,792,3257,235,2.752014200001213,success,0.8680851063829788,0.8680851063829789,0.8961352657004831,0.8680851063829789,0.8600343363151712,0.8,0.8,0.7,0.8,0.7333333333333333
feature_screen_with_shrinkage_lda,4,S04_personal_fold06,6,win0p5s_50ov__full_segment__EMG_ACC__ShrinkageLDA,win0p5s_50ov,0.5,630,315,full_segment,0.0,0.0,EMG_ACC,24,ShrinkageLDA,792,3257,235,2.515451100000064,success,0.948936170212766,0.948936170212766,0.952602564102564,0.948936170212766,0.948060555121932,1.0,1.0,1.0,1.0,1.0
feature_screen_with_shrinkage_lda,4,S04_personal_fold07,7,win0p5s_50ov__full_segment__EMG_ACC__ShrinkageLDA,win0p5s_50ov,0.5,630,315,full_segment,0.0,0.0,EMG_ACC,24,ShrinkageLDA,792,1410,2082,1.6201653000007354,success,0.7780979827089337,0.7505903603250615,0.7613495607554421,0.7505903603250615,0.7519278693100991,1.0,1.0,1.0,1.0,1.0
feature_screen_with_shrinkage_lda,4,S04_personal_fold08,8,win0p5s_50ov__full_segment__EMG_ACC__ShrinkageLDA,win0p5s_50ov,0.5,630,315,full_segment,0.0,0.0,EMG_ACC,24,ShrinkageLDA,792,1410,235,1.4951820999995107,success,0.8297872340425532,0.8297872340425532,0.9080459770114941,0.8297872340425532,0.7921503593145385,0.8,0.8,0.7,0.8,0.7333333333333333
feature_screen_with_shrinkage_lda,4,S04_personal_fold01,1,win0p5s_50ov__full_segment__EMG_IMU__ShrinkageLDA,win0p5s_50ov,0.5,630,315,full_segment,0.0,0.0,EMG_IMU,42,ShrinkageLDA,1386,3257,235,11.746524899999713,success,0.9446808510638298,0.9446808510638298,0.9566666666666667,0.9446808510638298,0.9452980041765088,1.0,1.0,1.0,1.0,1.0
feature_screen_with_shrinkage_lda,4,S04_personal_fold02,2,win0p5s_50ov__full_segment__EMG_IMU__ShrinkageLDA,win0p5s_50ov,0.5,630,315,full_segment,0.0,0.0,EMG_IMU,42,ShrinkageLDA,1386,3257,235,11.707434099998864,success,0.7702127659574468,0.7702127659574468,0.6849886621315193,0.7702127659574468,0.7095052473763118,0.8,0.8,0.7,0.8,0.7333333333333333
feature_screen_with_shrinkage_lda,4,S04_personal_fold03,3,win0p5s_50ov__full_segment__EMG_IMU__ShrinkageLDA,win0p5s_50ov,0.5,630,315,full_segment,0.0,0.0,EMG_IMU,42,ShrinkageLDA,1386,3257,235,11.138937100000476,success,0.8,0.8,0.7,0.8,0.7333333333333333,0.8,0.8,0.7,0.8,0.7333333333333333
feature_screen_with_shrinkage_lda,4,S04_personal_fold04,4,win0p5s_50ov__full_segment__EMG_IMU__ShrinkageLDA,win0p5s_50ov,0.5,630,315,full_segment,0.0,0.0,EMG_IMU,42,ShrinkageLDA,1386,3257,235,11.032696000000215,success,0.9617021276595744,0.9617021276595745,0.9678571428571429,0.9617021276595745,0.9613478012564249,1.0,1.0,1.0,1.0,1.0
feature_screen_with_shrinkage_lda,4,S04_personal_fold05,5,win0p5s_50ov__full_segment__EMG_IMU__ShrinkageLDA,win0p5s_50ov,0.5,630,315,full_segment,0.0,0.0,EMG_IMU,42,ShrinkageLDA,1386,3257,235,10.797362899998916,success,0.8765957446808511,0.876595744680851,0.9068181818181819,0.876595744680851,0.8672025331871879,0.8,0.8,0.7,0.8,0.7333333333333333
feature_screen_with_shrinkage_lda,4,S04_personal_fold06,6,win0p5s_50ov__full_segment__EMG_IMU__ShrinkageLDA,win0p5s_50ov,0.5,630,315,full_segment,0.0,0.0,EMG_IMU,42,ShrinkageLDA,1386,3257,235,10.239094399999885,success,0.9659574468085106,0.9659574468085106,0.968062224889956,0.9659574468085106,0.9656962709454827,1.0,1.0,1.0,1.0,1.0
feature_screen_with_shrinkage_lda,4,S04_personal_fold07,7,win0p5s_50ov__full_segment__EMG_IMU__ShrinkageLDA,win0p5s_50ov,0.5,630,315,full_segment,0.0,0.0,EMG_IMU,42,ShrinkageLDA,1386,1410,2082,6.35958699999901,success,0.7079731027857828,0.6719593133637742,0.7251585760061985,0.6719593133637742,0.6696720841214479,0.8,0.8,0.7,0.8,0.7333333333333333
feature_screen_with_shrinkage_lda,4,S04_personal_fold08,8,win0p5s_50ov__full_segment__EMG_IMU__ShrinkageLDA,win0p5s_50ov,0.5,630,315,full_segment,0.0,0.0,EMG_IMU,42,ShrinkageLDA,1386,1410,235,5.9136968000002526,success,0.8978723404255319,0.897872340425532,0.9195135433941404,0.897872340425532,0.8930298719772404,0.8,0.8,0.7,0.8,0.7333333333333333
feature_screen_with_shrinkage_lda,4,S04_personal_fold01,1,win0p5s_50ov__trim10_each_end__EMG__ShrinkageLDA,win0p5s_50ov,0.5,630,315,trim10_each_end,0.1,0.1,EMG,6,ShrinkageLDA,198,2615,190,0.13023040000007313,success,0.9736842105263158,0.9736842105263157,0.9741891891891893,0.9736842105263157,0.9737435897435898,1.0,1.0,1.0,1.0,1.0
feature_screen_with_shrinkage_lda,4,S04_personal_fold02,2,win0p5s_50ov__trim10_each_end__EMG__ShrinkageLDA,win0p5s_50ov,0.5,630,315,trim10_each_end,0.1,0.1,EMG,6,ShrinkageLDA,198,2615,190,0.15714760000082606,success,0.7052631578947368,0.7052631578947368,0.652077922077922,0.7052631578947368,0.6526733585821707,0.8,0.8,0.7,0.8,0.7333333333333333
feature_screen_with_shrinkage_lda,4,S04_personal_fold03,3,win0p5s_50ov__trim10_each_end__EMG__ShrinkageLDA,win0p5s_50ov,0.5,630,315,trim10_each_end,0.1,0.1,EMG,6,ShrinkageLDA,198,2615,190,0.16644150000138325,success,0.8052631578947368,0.8052631578947368,0.9013333333333333,0.8052631578947368,0.7518466076696166,0.8,0.8,0.7,0.8,0.7333333333333333
feature_screen_with_shrinkage_lda,4,S04_personal_fold04,4,win0p5s_50ov__trim10_each_end__EMG__ShrinkageLDA,win0p5s_50ov,0.5,630,315,trim10_each_end,0.1,0.1,EMG,6,ShrinkageLDA,198,2615,190,0.1647952000002988,success,0.9421052631578948,0.9421052631578947,0.9422037422037424,0.9421052631578947,0.9420952380952382,1.0,1.0,1.0,1.0,1.0
feature_screen_with_shrinkage_lda,4,S04_personal_fold05,5,win0p5s_50ov__trim10_each_end__EMG__ShrinkageLDA,win0p5s_50ov,0.5,630,315,trim10_each_end,0.1,0.1,EMG,6,ShrinkageLDA,198,2615,190,0.1397569000000658,success,0.8526315789473684,0.8526315789473685,0.8727969348659004,0.8526315789473685,0.8416666666666668,0.8,0.8,0.7,0.8,0.7333333333333333
feature_screen_with_shrinkage_lda,4,S04_personal_fold06,6,win0p5s_50ov__trim10_each_end__EMG__ShrinkageLDA,win0p5s_50ov,0.5,630,315,trim10_each_end,0.1,0.1,EMG,6,ShrinkageLDA,198,2615,190,0.15977610000118148,success,0.8578947368421053,0.8578947368421052,0.9169230769230768,0.8578947368421052,0.8441281944423007,0.8,0.8,0.7,0.8,0.7333333333333333
feature_screen_with_shrinkage_lda,4,S04_personal_fold07,7,win0p5s_50ov__trim10_each_end__EMG__ShrinkageLDA,win0p5s_50ov,0.5,630,315,trim10_each_end,0.1,0.1,EMG,6,ShrinkageLDA,198,1140,1665,0.09541419999914069,success,0.8594594594594595,0.8422013265024901,0.8540444398159467,0.8422013265024901,0.8463778910076585,1.0,1.0,1.0,1.0,1.0
feature_screen_with_shrinkage_lda,4,S04_personal_fold08,8,win0p5s_50ov__trim10_each_end__EMG__ShrinkageLDA,win0p5s_50ov,0.5,630,315,trim10_each_end,0.1,0.1,EMG,6,ShrinkageLDA,198,1140,190,0.08886329999950249,success,0.9473684210526315,0.9473684210526315,0.9542028985507247,0.9473684210526315,0.9467787114845938,1.0,1.0,1.0,1.0,1.0
feature_screen_with_shrinkage_lda,4,S04_personal_fold01,1,win0p5s_50ov__trim10_each_end__EMG_ACC__ShrinkageLDA,win0p5s_50ov,0.5,630,315,trim10_each_end,0.1,0.1,EMG_ACC,24,ShrinkageLDA,792,2615,190,1.986659199999849,success,0.9473684210526315,0.9473684210526315,0.9583333333333333,0.9473684210526315,0.9472118477380539,1.0,1.0,1.0,1.0,1.0
feature_screen_with_shrinkage_lda,4,S04_personal_fold02,2,win0p5s_50ov__trim10_each_end__EMG_ACC__ShrinkageLDA,win0p5s_50ov,0.5,630,315,trim10_each_end,0.1,0.1,EMG_ACC,24,ShrinkageLDA,792,2615,190,2.1118693000007625,success,0.7789473684210526,0.7789473684210526,0.6950000000000001,0.7789473684210526,0.7177024482109228,0.8,0.8,0.7,0.8,0.7333333333333333
feature_screen_with_shrinkage_lda,4,S04_personal_fold03,3,win0p5s_50ov__trim10_each_end__EMG_ACC__ShrinkageLDA,win0p5s_50ov,0.5,630,315,trim10_each_end,0.1,0.1,EMG_ACC,24,ShrinkageLDA,792,2615,190,2.0478657000003295,success,0.8,0.8,0.7,0.8,0.7333333333333333,0.8,0.8,0.7,0.8,0.7333333333333333
feature_screen_with_shrinkage_lda,4,S04_personal_fold04,4,win0p5s_50ov__trim10_each_end__EMG_ACC__ShrinkageLDA,win0p5s_50ov,0.5,630,315,trim10_each_end,0.1,0.1,EMG_ACC,24,ShrinkageLDA,792,2615,190,2.0091063999989274,success,0.9473684210526315,0.9473684210526315,0.9583333333333333,0.9473684210526315,0.9464411557434813,1.0,1.0,1.0,1.0,1.0
feature_screen_with_shrinkage_lda,4,S04_personal_fold05,5,win0p5s_50ov__trim10_each_end__EMG_ACC__ShrinkageLDA,win0p5s_50ov,0.5,630,315,trim10_each_end,0.1,0.1,EMG_ACC,24,ShrinkageLDA,792,2615,190,2.1012141999999585,success,0.8842105263157894,0.8842105263157893,0.9085714285714286,0.8842105263157893,0.8773294203961848,0.8,0.8,0.7,0.8,0.7333333333333333
feature_screen_with_shrinkage_lda,4,S04_personal_fold06,6,win0p5s_50ov__trim10_each_end__EMG_ACC__ShrinkageLDA,win0p5s_50ov,0.5,630,315,trim10_each_end,0.1,0.1,EMG_ACC,24,ShrinkageLDA,792,2615,190,2.1551321999995707,success,0.9526315789473684,0.9526315789473685,0.9617021276595745,0.9526315789473685,0.9519578577699737,1.0,1.0,1.0,1.0,1.0
feature_screen_with_shrinkage_lda,4,S04_personal_fold07,7,win0p5s_50ov__trim10_each_end__EMG_ACC__ShrinkageLDA,win0p5s_50ov,0.5,630,315,trim10_each_end,0.1,0.1,EMG_ACC,24,ShrinkageLDA,792,1140,1665,1.2744576999994024,success,0.7867867867867868,0.7613703637789088,0.7648286576296359,0.7613703637789088,0.7604027376299046,1.0,1.0,1.0,1.0,1.0
feature_screen_with_shrinkage_lda,4,S04_personal_fold08,8,win0p5s_50ov__trim10_each_end__EMG_ACC__ShrinkageLDA,win0p5s_50ov,0.5,630,315,trim10_each_end,0.1,0.1,EMG_ACC,24,ShrinkageLDA,792,1140,190,1.3064100999999937,success,0.8736842105263158,0.8736842105263157,0.9108333333333334,0.8736842105263157,0.8621315192743765,0.8,0.8,0.7,0.8,0.7333333333333333
feature_screen_with_shrinkage_lda,4,S04_personal_fold01,1,win0p5s_50ov__trim10_each_end__EMG_IMU__ShrinkageLDA,win0p5s_50ov,0.5,630,315,trim10_each_end,0.1,0.1,EMG_IMU,42,ShrinkageLDA,1386,2615,190,8.784142699998483,success,0.9315789473684211,0.9315789473684211,0.9443537414965986,0.9315789473684211,0.9324839997406615,1.0,1.0,1.0,1.0,1.0
feature_screen_with_shrinkage_lda,4,S04_personal_fold02,2,win0p5s_50ov__trim10_each_end__EMG_IMU__ShrinkageLDA,win0p5s_50ov,0.5,630,315,trim10_each_end,0.1,0.1,EMG_IMU,42,ShrinkageLDA,1386,2615,190,8.472507999998925,success,0.7736842105263158,0.7736842105263158,0.6962025316455696,0.7736842105263158,0.7162899464269327,0.8,0.8,0.7,0.8,0.7333333333333333
feature_screen_with_shrinkage_lda,4,S04_personal_fold03,3,win0p5s_50ov__trim10_each_end__EMG_IMU__ShrinkageLDA,win0p5s_50ov,0.5,630,315,trim10_each_end,0.1,0.1,EMG_IMU,42,ShrinkageLDA,1386,2615,190,9.122049499999775,success,0.8,0.8,0.7,0.8,0.7333333333333333,0.8,0.8,0.7,0.8,0.7333333333333333
feature_screen_with_shrinkage_lda,4,S04_personal_fold04,4,win0p5s_50ov__trim10_each_end__EMG_IMU__ShrinkageLDA,win0p5s_50ov,0.5,630,315,trim10_each_end,0.1,0.1,EMG_IMU,42,ShrinkageLDA,1386,2615,190,8.600395100000242,success,0.9631578947368421,0.9631578947368421,0.968888888888889,0.9631578947368421,0.962842675048018,1.0,1.0,1.0,1.0,1.0
feature_screen_with_shrinkage_lda,4,S04_personal_fold05,5,win0p5s_50ov__trim10_each_end__EMG_IMU__ShrinkageLDA,win0p5s_50ov,0.5,630,315,trim10_each_end,0.1,0.1,EMG_IMU,42,ShrinkageLDA,1386,2615,190,8.442747699999018,success,0.8631578947368421,0.8631578947368421,0.8949999999999999,0.8631578947368421,0.8506424792139079,0.8,0.8,0.7,0.8,0.7333333333333333
feature_screen_with_shrinkage_lda,4,S04_personal_fold06,6,win0p5s_50ov__trim10_each_end__EMG_IMU__ShrinkageLDA,win0p5s_50ov,0.5,630,315,trim10_each_end,0.1,0.1,EMG_IMU,42,ShrinkageLDA,1386,2615,190,8.55383299999994,success,0.968421052631579,0.968421052631579,0.9727272727272727,0.968421052631579,0.9682229965156793,1.0,1.0,1.0,1.0,1.0
feature_screen_with_shrinkage_lda,4,S04_personal_fold07,7,win0p5s_50ov__trim10_each_end__EMG_IMU__ShrinkageLDA,win0p5s_50ov,0.5,630,315,trim10_each_end,0.1,0.1,EMG_IMU,42,ShrinkageLDA,1386,1140,1665,5.22154959999898,success,0.6870870870870871,0.6501752303729835,0.6804944592187884,0.6501752303729835,0.6357672278717911,0.8,0.8,0.7,0.8,0.7333333333333333
feature_screen_with_shrinkage_lda,4,S04_personal_fold08,8,win0p5s_50ov__trim10_each_end__EMG_IMU__ShrinkageLDA,win0p5s_50ov,0.5,630,315,trim10_each_end,0.1,0.1,EMG_IMU,42,ShrinkageLDA,1386,1140,190,5.3450630999996065,success,0.9210526315789473,0.9210526315789475,0.925304659498208,0.9210526315789475,0.9203771608171817,1.0,1.0,1.0,1.0,1.0
feature_screen_with_shrinkage_lda,4,S04_personal_fold01,1,win0p5s_50ov__trim20_each_end__EMG__ShrinkageLDA,win0p5s_50ov,0.5,630,315,trim20_each_end,0.2,0.2,EMG,6,ShrinkageLDA,198,1949,140,0.12279159999889089,success,0.9642857142857143,0.9642857142857142,0.9657142857142859,0.9642857142857142,0.9645137748586026,1.0,1.0,1.0,1.0,1.0
feature_screen_with_shrinkage_lda,4,S04_personal_fold02,2,win0p5s_50ov__trim20_each_end__EMG__ShrinkageLDA,win0p5s_50ov,0.5,630,315,trim20_each_end,0.2,0.2,EMG,6,ShrinkageLDA,198,1949,140,0.12729359999866574,success,0.75,0.75,0.6719047619047619,0.75,0.6904595404595405,0.8,0.8,0.7,0.8,0.7333333333333333
feature_screen_with_shrinkage_lda,4,S04_personal_fold03,3,win0p5s_50ov__trim20_each_end__EMG__ShrinkageLDA,win0p5s_50ov,0.5,630,315,trim20_each_end,0.2,0.2,EMG,6,ShrinkageLDA,198,1949,140,0.12496160000227974,success,0.8071428571428572,0.8071428571428572,0.9018181818181817,0.8071428571428572,0.7487328624844205,0.8,0.8,0.7,0.8,0.7333333333333333
feature_screen_with_shrinkage_lda,4,S04_personal_fold04,4,win0p5s_50ov__trim20_each_end__EMG__ShrinkageLDA,win0p5s_50ov,0.5,630,315,trim20_each_end,0.2,0.2,EMG,6,ShrinkageLDA,198,1949,140,0.12256479999996372,success,0.95,0.95,0.951741935483871,0.95,0.9498560921010553,1.0,1.0,1.0,1.0,1.0
feature_screen_with_shrinkage_lda,4,S04_personal_fold05,5,win0p5s_50ov__trim20_each_end__EMG__ShrinkageLDA,win0p5s_50ov,0.5,630,315,trim20_each_end,0.2,0.2,EMG,6,ShrinkageLDA,198,1949,140,0.11256660000071861,success,0.8642857142857143,0.8642857142857142,0.901818181818182,0.8642857142857142,0.8505093080435546,0.8,0.8,0.7,0.8,0.7333333333333333
feature_screen_with_shrinkage_lda,4,S04_personal_fold06,6,win0p5s_50ov__trim20_each_end__EMG__ShrinkageLDA,win0p5s_50ov,0.5,630,315,trim20_each_end,0.2,0.2,EMG,6,ShrinkageLDA,198,1949,140,0.09862979999888921,success,0.8285714285714286,0.8285714285714285,0.9076923076923077,0.8285714285714285,0.8031808278867103,0.8,0.8,0.7,0.8,0.7333333333333333
feature_screen_with_shrinkage_lda,4,S04_personal_fold07,7,win0p5s_50ov__trim20_each_end__EMG__ShrinkageLDA,win0p5s_50ov,0.5,630,315,trim20_each_end,0.2,0.2,EMG,6,ShrinkageLDA,198,840,1249,0.0771883000015805,success,0.844675740592474,0.8249393226541205,0.8420789947651963,0.8249393226541205,0.8284747188097213,1.0,1.0,1.0,1.0,1.0
feature_screen_with_shrinkage_lda,4,S04_personal_fold08,8,win0p5s_50ov__trim20_each_end__EMG__ShrinkageLDA,win0p5s_50ov,0.5,630,315,trim20_each_end,0.2,0.2,EMG,6,ShrinkageLDA,198,840,140,0.07273329999952693,success,0.9571428571428572,0.9571428571428571,0.9604166666666668,0.9571428571428571,0.9569230769230769,1.0,1.0,1.0,1.0,1.0
feature_screen_with_shrinkage_lda,4,S04_personal_fold01,1,win0p5s_50ov__trim20_each_end__EMG_ACC__ShrinkageLDA,win0p5s_50ov,0.5,630,315,trim20_each_end,0.2,0.2,EMG_ACC,24,ShrinkageLDA,792,1949,140,1.8359182000021974,success,0.9714285714285714,0.9714285714285715,0.975,0.9714285714285715,0.9712820512820514,1.0,1.0,1.0,1.0,1.0
feature_screen_with_shrinkage_lda,4,S04_personal_fold02,2,win0p5s_50ov__trim20_each_end__EMG_ACC__ShrinkageLDA,win0p5s_50ov,0.5,630,315,trim20_each_end,0.2,0.2,EMG_ACC,24,ShrinkageLDA,792,1949,140,1.6805557999978191,success,0.75,0.75,0.6726436781609195,0.75,0.6901210244863496,0.8,0.8,0.7,0.8,0.7333333333333333
feature_screen_with_shrinkage_lda,4,S04_personal_fold03,3,win0p5s_50ov__trim20_each_end__EMG_ACC__ShrinkageLDA,win0p5s_50ov,0.5,630,315,trim20_each_end,0.2,0.2,EMG_ACC,24,ShrinkageLDA,792,1949,140,1.7158386999981303,success,0.8,0.8,0.7,0.8,0.7333333333333333,0.8,0.8,0.7,0.8,0.7333333333333333
feature_screen_with_shrinkage_lda,4,S04_personal_fold04,4,win0p5s_50ov__trim20_each_end__EMG_ACC__ShrinkageLDA,win0p5s_50ov,0.5,630,315,trim20_each_end,0.2,0.2,EMG_ACC,24,ShrinkageLDA,792,1949,140,1.6349621000008483,success,0.9928571428571429,0.9928571428571429,0.993103448275862,0.9928571428571429,0.9928548644338118,1.0,1.0,1.0,1.0,1.0
feature_screen_with_shrinkage_lda,4,S04_personal_fold05,5,win0p5s_50ov__trim20_each_end__EMG_ACC__ShrinkageLDA,win0p5s_50ov,0.5,630,315,trim20_each_end,0.2,0.2,EMG_ACC,24,ShrinkageLDA,792,1949,140,1.7456025999999838,success,0.8571428571428571,0.8571428571428571,0.8973913043478261,0.8571428571428571,0.840682788051209,0.8,0.8,0.7,0.8,0.7333333333333333
feature_screen_with_shrinkage_lda,4,S04_personal_fold06,6,win0p5s_50ov__trim20_each_end__EMG_ACC__ShrinkageLDA,win0p5s_50ov,0.5,630,315,trim20_each_end,0.2,0.2,EMG_ACC,24,ShrinkageLDA,792,1949,140,1.7488151999968977,success,0.9571428571428572,0.9571428571428571,0.9628004179728318,0.9571428571428571,0.956853578673606,1.0,1.0,1.0,1.0,1.0
feature_screen_with_shrinkage_lda,4,S04_personal_fold07,7,win0p5s_50ov__trim20_each_end__EMG_ACC__ShrinkageLDA,win0p5s_50ov,0.5,630,315,trim20_each_end,0.2,0.2,EMG_ACC,24,ShrinkageLDA,792,840,1249,1.1500923999992665,success,0.7942353883106485,0.7689306165237106,0.7881457700565885,0.7689306165237106,0.7753289497809635,1.0,1.0,1.0,1.0,1.0
feature_screen_with_shrinkage_lda,4,S04_personal_fold08,8,win0p5s_50ov__trim20_each_end__EMG_ACC__ShrinkageLDA,win0p5s_50ov,0.5,630,315,trim20_each_end,0.2,0.2,EMG_ACC,24,ShrinkageLDA,792,840,140,1.1110487000005378,success,0.9357142857142857,0.9357142857142857,0.9513513513513514,0.9357142857142857,0.9340098199672667,1.0,1.0,1.0,1.0,1.0
feature_screen_with_shrinkage_lda,4,S04_personal_fold01,1,win0p5s_50ov__trim20_each_end__EMG_IMU__ShrinkageLDA,win0p5s_50ov,0.5,630,315,trim20_each_end,0.2,0.2,EMG_IMU,42,ShrinkageLDA,1386,1949,140,7.339698600000702,success,0.9642857142857143,0.9642857142857142,0.9696969696969697,0.9642857142857142,0.9645855783560702,1.0,1.0,1.0,1.0,1.0
feature_screen_with_shrinkage_lda,4,S04_personal_fold02,2,win0p5s_50ov__trim20_each_end__EMG_IMU__ShrinkageLDA,win0p5s_50ov,0.5,630,315,trim20_each_end,0.2,0.2,EMG_IMU,42,ShrinkageLDA,1386,1949,140,7.284923600000184,success,0.7714285714285715,0.7714285714285716,0.6764285714285714,0.7714285714285716,0.7073709177157452,0.8,0.8,0.7,0.8,0.7333333333333333
feature_screen_with_shrinkage_lda,4,S04_personal_fold03,3,win0p5s_50ov__trim20_each_end__EMG_IMU__ShrinkageLDA,win0p5s_50ov,0.5,630,315,trim20_each_end,0.2,0.2,EMG_IMU,42,ShrinkageLDA,1386,1949,140,7.327869100001408,success,0.8,0.8,0.7,0.8,0.7333333333333333,0.8,0.8,0.7,0.8,0.7333333333333333
feature_screen_with_shrinkage_lda,4,S04_personal_fold04,4,win0p5s_50ov__trim20_each_end__EMG_IMU__ShrinkageLDA,win0p5s_50ov,0.5,630,315,trim20_each_end,0.2,0.2,EMG_IMU,42,ShrinkageLDA,1386,1949,140,7.052194600000803,success,1.0,1.0,1.0,1.0,1.0,1.0,1.0,1.0,1.0,1.0
feature_screen_with_shrinkage_lda,4,S04_personal_fold05,5,win0p5s_50ov__trim20_each_end__EMG_IMU__ShrinkageLDA,win0p5s_50ov,0.5,630,315,trim20_each_end,0.2,0.2,EMG_IMU,42,ShrinkageLDA,1386,1949,140,7.064232900000206,success,0.8642857142857143,0.8642857142857142,0.8901610017889088,0.8642857142857142,0.8537959464101682,0.8,0.8,0.7,0.8,0.7333333333333333
feature_screen_with_shrinkage_lda,4,S04_personal_fold06,6,win0p5s_50ov__trim20_each_end__EMG_IMU__ShrinkageLDA,win0p5s_50ov,0.5,630,315,trim20_each_end,0.2,0.2,EMG_IMU,42,ShrinkageLDA,1386,1949,140,7.160738000002311,success,0.9785714285714285,0.9785714285714284,0.9793103448275862,0.9785714285714284,0.9785575048732943,1.0,1.0,1.0,1.0,1.0
feature_screen_with_shrinkage_lda,4,S04_personal_fold07,7,win0p5s_50ov__trim20_each_end__EMG_IMU__ShrinkageLDA,win0p5s_50ov,0.5,630,315,trim20_each_end,0.2,0.2,EMG_IMU,42,ShrinkageLDA,1386,840,1249,4.370509899999888,success,0.7029623698959168,0.6673133798651367,0.7452768609564677,0.6673133798651367,0.677193265309892,1.0,1.0,1.0,1.0,1.0
feature_screen_with_shrinkage_lda,4,S04_personal_fold08,8,win0p5s_50ov__trim20_each_end__EMG_IMU__ShrinkageLDA,win0p5s_50ov,0.5,630,315,trim20_each_end,0.2,0.2,EMG_IMU,42,ShrinkageLDA,1386,840,140,4.684352099997341,success,0.95,0.95,0.9501915708812261,0.95,0.9499840510366827,1.0,1.0,1.0,1.0,1.0
feature_screen_with_shrinkage_lda,4,S04_personal_fold01,1,win1p0s_50ov__full_segment__EMG__ShrinkageLDA,win1p0s_50ov,1.0,1260,630,full_segment,0.0,0.0,EMG,6,ShrinkageLDA,198,1615,115,0.12779579999914858,success,0.9565217391304348,0.9565217391304348,0.9568181818181818,0.9565217391304348,0.956501182033097,1.0,1.0,1.0,1.0,1.0
feature_screen_with_shrinkage_lda,4,S04_personal_fold02,2,win1p0s_50ov__full_segment__EMG__ShrinkageLDA,win1p0s_50ov,1.0,1260,630,full_segment,0.0,0.0,EMG,6,ShrinkageLDA,198,1615,115,0.10712520000015502,success,0.7130434782608696,0.7130434782608696,0.6641325536062379,0.7130434782608696,0.6623376623376622,0.8,0.8,0.7,0.8,0.7333333333333333
feature_screen_with_shrinkage_lda,4,S04_personal_fold03,3,win1p0s_50ov__full_segment__EMG__ShrinkageLDA,win1p0s_50ov,1.0,1260,630,full_segment,0.0,0.0,EMG,6,ShrinkageLDA,198,1615,115,0.106726100002561,success,0.8,0.8,0.7,0.8,0.7333333333333333,0.8,0.8,0.7,0.8,0.7333333333333333
feature_screen_with_shrinkage_lda,4,S04_personal_fold04,4,win1p0s_50ov__full_segment__EMG__ShrinkageLDA,win1p0s_50ov,1.0,1260,630,full_segment,0.0,0.0,EMG,6,ShrinkageLDA,198,1615,115,0.0795979000031366,success,0.9565217391304348,0.9565217391304348,0.9592307692307692,0.9565217391304348,0.9563360227812054,1.0,1.0,1.0,1.0,1.0
feature_screen_with_shrinkage_lda,4,S04_personal_fold05,5,win1p0s_50ov__full_segment__EMG__ShrinkageLDA,win1p0s_50ov,1.0,1260,630,full_segment,0.0,0.0,EMG,6,ShrinkageLDA,198,1615,115,0.09889830000247457,success,0.9565217391304348,0.9565217391304348,0.9568181818181818,0.9565217391304348,0.956501182033097,1.0,1.0,1.0,1.0,1.0
feature_screen_with_shrinkage_lda,4,S04_personal_fold06,6,win1p0s_50ov__full_segment__EMG__ShrinkageLDA,win1p0s_50ov,1.0,1260,630,full_segment,0.0,0.0,EMG,6,ShrinkageLDA,198,1615,115,0.10990479999964009,success,0.8260869565217391,0.826086956521739,0.9069767441860466,0.826086956521739,0.8017316017316016,0.8,0.8,0.7,0.8,0.7333333333333333
feature_screen_with_shrinkage_lda,4,S04_personal_fold07,7,win1p0s_50ov__full_segment__EMG__ShrinkageLDA,win1p0s_50ov,1.0,1260,630,full_segment,0.0,0.0,EMG,6,ShrinkageLDA,198,690,1040,0.05630620000010822,success,0.8192307692307692,0.7961004654285615,0.8268453654536042,0.7961004654285615,0.8047293260879098,1.0,1.0,1.0,1.0,1.0
feature_screen_with_shrinkage_lda,4,S04_personal_fold08,8,win1p0s_50ov__full_segment__EMG__ShrinkageLDA,win1p0s_50ov,1.0,1260,630,full_segment,0.0,0.0,EMG,6,ShrinkageLDA,198,690,115,0.047681899999588495,success,0.9478260869565217,0.9478260869565217,0.9524366471734893,0.9478260869565217,0.9474285714285713,1.0,1.0,1.0,1.0,1.0
feature_screen_with_shrinkage_lda,4,S04_personal_fold01,1,win1p0s_50ov__full_segment__EMG_ACC__ShrinkageLDA,win1p0s_50ov,1.0,1260,630,full_segment,0.0,0.0,EMG_ACC,24,ShrinkageLDA,792,1615,115,1.5060111999991932,success,0.9652173913043478,0.9652173913043478,0.9703703703703704,0.9652173913043478,0.964952380952381,1.0,1.0,1.0,1.0,1.0
feature_screen_with_shrinkage_lda,4,S04_personal_fold02,2,win1p0s_50ov__full_segment__EMG_ACC__ShrinkageLDA,win1p0s_50ov,1.0,1260,630,full_segment,0.0,0.0,EMG_ACC,24,ShrinkageLDA,792,1615,115,1.3893902999989223,success,0.782608695652174,0.782608695652174,0.6958333333333334,0.782608695652174,0.7204865556978233,0.8,0.8,0.7,0.8,0.7333333333333333
feature_screen_with_shrinkage_lda,4,S04_personal_fold03,3,win1p0s_50ov__full_segment__EMG_ACC__ShrinkageLDA,win1p0s_50ov,1.0,1260,630,full_segment,0.0,0.0,EMG_ACC,24,ShrinkageLDA,792,1615,115,1.580614800001058,success,0.8,0.8,0.7,0.8,0.7333333333333333,0.8,0.8,0.7,0.8,0.7333333333333333
feature_screen_with_shrinkage_lda,4,S04_personal_fold04,4,win1p0s_50ov__full_segment__EMG_ACC__ShrinkageLDA,win1p0s_50ov,1.0,1260,630,full_segment,0.0,0.0,EMG_ACC,24,ShrinkageLDA,792,1615,115,1.4818276000005426,success,0.9130434782608695,0.9130434782608695,0.9393939393939394,0.9130434782608695,0.9087301587301587,1.0,1.0,1.0,1.0,1.0
feature_screen_with_shrinkage_lda,4,S04_personal_fold05,5,win1p0s_50ov__full_segment__EMG_ACC__ShrinkageLDA,win1p0s_50ov,1.0,1260,630,full_segment,0.0,0.0,EMG_ACC,24,ShrinkageLDA,792,1615,115,1.6062887000007322,success,0.9217391304347826,0.9217391304347826,0.9341666666666667,0.9217391304347826,0.9198838896952104,1.0,1.0,1.0,1.0,1.0
feature_screen_with_shrinkage_lda,4,S04_personal_fold06,6,win1p0s_50ov__full_segment__EMG_ACC__ShrinkageLDA,win1p0s_50ov,1.0,1260,630,full_segment,0.0,0.0,EMG_ACC,24,ShrinkageLDA,792,1615,115,1.545888399999967,success,0.9739130434782609,0.9739130434782609,0.975,0.9739130434782609,0.9738878143133463,1.0,1.0,1.0,1.0,1.0
feature_screen_with_shrinkage_lda,4,S04_personal_fold07,7,win1p0s_50ov__full_segment__EMG_ACC__ShrinkageLDA,win1p0s_50ov,1.0,1260,630,full_segment,0.0,0.0,EMG_ACC,24,ShrinkageLDA,792,690,1040,0.9433769999996002,success,0.7211538461538461,0.6871081028646808,0.709815277187729,0.6871081028646808,0.6882057976481546,1.0,1.0,1.0,1.0,1.0
feature_screen_with_shrinkage_lda,4,S04_personal_fold08,8,win1p0s_50ov__full_segment__EMG_ACC__ShrinkageLDA,win1p0s_50ov,1.0,1260,630,full_segment,0.0,0.0,EMG_ACC,24,ShrinkageLDA,792,690,115,1.0395310999992944,success,0.9391304347826087,0.9391304347826086,0.9533333333333334,0.9391304347826086,0.9376874697629415,1.0,1.0,1.0,1.0,1.0
feature_screen_with_shrinkage_lda,4,S04_personal_fold01,1,win1p0s_50ov__full_segment__EMG_IMU__ShrinkageLDA,win1p0s_50ov,1.0,1260,630,full_segment,0.0,0.0,EMG_IMU,42,ShrinkageLDA,1386,1615,115,6.539087500001187,success,0.9478260869565217,0.9478260869565217,0.9586206896551724,0.9478260869565217,0.9480883885761934,1.0,1.0,1.0,1.0,1.0
feature_screen_with_shrinkage_lda,4,S04_personal_fold02,2,win1p0s_50ov__full_segment__EMG_IMU__ShrinkageLDA,win1p0s_50ov,1.0,1260,630,full_segment,0.0,0.0,EMG_IMU,42,ShrinkageLDA,1386,1615,115,6.4157206999989285,success,0.782608695652174,0.782608695652174,0.6958333333333334,0.782608695652174,0.7204865556978233,0.8,0.8,0.7,0.8,0.7333333333333333
feature_screen_with_shrinkage_lda,4,S04_personal_fold03,3,win1p0s_50ov__full_segment__EMG_IMU__ShrinkageLDA,win1p0s_50ov,1.0,1260,630,full_segment,0.0,0.0,EMG_IMU,42,ShrinkageLDA,1386,1615,115,6.3886229999989155,success,0.8,0.8,0.7,0.8,0.7333333333333333,0.8,0.8,0.7,0.8,0.7333333333333333
feature_screen_with_shrinkage_lda,4,S04_personal_fold04,4,win1p0s_50ov__full_segment__EMG_IMU__ShrinkageLDA,win1p0s_50ov,1.0,1260,630,full_segment,0.0,0.0,EMG_IMU,42,ShrinkageLDA,1386,1615,115,6.26821579999887,success,0.9043478260869565,0.9043478260869566,0.9352941176470588,0.9043478260869566,0.898546365914787,1.0,1.0,1.0,1.0,1.0
feature_screen_with_shrinkage_lda,4,S04_personal_fold05,5,win1p0s_50ov__full_segment__EMG_IMU__ShrinkageLDA,win1p0s_50ov,1.0,1260,630,full_segment,0.0,0.0,EMG_IMU,42,ShrinkageLDA,1386,1615,115,6.426833000001352,success,0.9304347826086956,0.9304347826086957,0.9399594320486816,0.9304347826086957,0.9292307692307691,1.0,1.0,1.0,1.0,1.0
feature_screen_with_shrinkage_lda,4,S04_personal_fold06,6,win1p0s_50ov__full_segment__EMG_IMU__ShrinkageLDA,win1p0s_50ov,1.0,1260,630,full_segment,0.0,0.0,EMG_IMU,42,ShrinkageLDA,1386,1615,115,6.46148859999812,success,0.9826086956521739,0.9826086956521738,0.984,0.9826086956521738,0.9825757575757577,1.0,1.0,1.0,1.0,1.0
feature_screen_with_shrinkage_lda,4,S04_personal_fold07,7,win1p0s_50ov__full_segment__EMG_IMU__ShrinkageLDA,win1p0s_50ov,1.0,1260,630,full_segment,0.0,0.0,EMG_IMU,42,ShrinkageLDA,1386,690,1040,4.259362799999508,success,0.7173076923076923,0.6855506214295776,0.7535081629295737,0.6855506214295776,0.6848539095609678,1.0,1.0,1.0,1.0,1.0
feature_screen_with_shrinkage_lda,4,S04_personal_fold08,8,win1p0s_50ov__full_segment__EMG_IMU__ShrinkageLDA,win1p0s_50ov,1.0,1260,630,full_segment,0.0,0.0,EMG_IMU,42,ShrinkageLDA,1386,690,115,4.198083999999653,success,0.9565217391304348,0.9565217391304348,0.9568181818181818,0.9565217391304348,0.956501182033097,1.0,1.0,1.0,1.0,1.0
feature_screen_with_shrinkage_lda,4,S04_personal_fold01,1,win1p0s_50ov__trim10_each_end__EMG__ShrinkageLDA,win1p0s_50ov,1.0,1260,630,trim10_each_end,0.1,0.1,EMG,6,ShrinkageLDA,198,1306,95,0.07643779999852995,success,0.9894736842105263,0.9894736842105264,0.99,0.9894736842105264,0.9894663894663894,1.0,1.0,1.0,1.0,1.0
feature_screen_with_shrinkage_lda,4,S04_personal_fold02,2,win1p0s_50ov__trim10_each_end__EMG__ShrinkageLDA,win1p0s_50ov,1.0,1260,630,trim10_each_end,0.1,0.1,EMG,6,ShrinkageLDA,198,1306,95,0.07037539999873843,success,0.7789473684210526,0.7789473684210526,0.6950000000000001,0.7789473684210526,0.7177024482109228,0.8,0.8,0.7,0.8,0.7333333333333333
feature_screen_with_shrinkage_lda,4,S04_personal_fold03,3,win1p0s_50ov__trim10_each_end__EMG__ShrinkageLDA,win1p0s_50ov,1.0,1260,630,trim10_each_end,0.1,0.1,EMG,6,ShrinkageLDA,198,1306,95,0.09472850000020117,success,0.8,0.8,0.7,0.8,0.7333333333333333,0.8,0.8,0.7,0.8,0.7333333333333333
feature_screen_with_shrinkage_lda,4,S04_personal_fold04,4,win1p0s_50ov__trim10_each_end__EMG__ShrinkageLDA,win1p0s_50ov,1.0,1260,630,trim10_each_end,0.1,0.1,EMG,6,ShrinkageLDA,198,1306,95,0.09368139999787672,success,0.9789473684210527,0.9789473684210528,0.980952380952381,0.9789473684210528,0.9788888888888888,1.0,1.0,1.0,1.0,1.0
feature_screen_with_shrinkage_lda,4,S04_personal_fold05,5,win1p0s_50ov__trim10_each_end__EMG__ShrinkageLDA,win1p0s_50ov,1.0,1260,630,trim10_each_end,0.1,0.1,EMG,6,ShrinkageLDA,198,1306,95,0.08206890000292333,success,0.9263157894736842,0.9263157894736842,0.9295454545454545,0.9263157894736842,0.9258536585365853,1.0,1.0,1.0,1.0,1.0
feature_screen_with_shrinkage_lda,4,S04_personal_fold06,6,win1p0s_50ov__trim10_each_end__EMG__ShrinkageLDA,win1p0s_50ov,1.0,1260,630,trim10_each_end,0.1,0.1,EMG,6,ShrinkageLDA,198,1306,95,0.08359430000200518,success,0.8105263157894737,0.8105263157894737,0.9027027027027028,0.8105263157894737,0.7791486291486291,0.8,0.8,0.7,0.8,0.7333333333333333
feature_screen_with_shrinkage_lda,4,S04_personal_fold07,7,win1p0s_50ov__trim10_each_end__EMG__ShrinkageLDA,win1p0s_50ov,1.0,1260,630,trim10_each_end,0.1,0.1,EMG,6,ShrinkageLDA,198,570,831,0.06341629999951692,success,0.8038507821901324,0.7790280555600577,0.8148793057917978,0.7790280555600577,0.7902512975777455,1.0,1.0,1.0,1.0,1.0
feature_screen_with_shrinkage_lda,4,S04_personal_fold08,8,win1p0s_50ov__trim10_each_end__EMG__ShrinkageLDA,win1p0s_50ov,1.0,1260,630,trim10_each_end,0.1,0.1,EMG,6,ShrinkageLDA,198,570,95,0.058296100000006845,success,0.9263157894736842,0.9263157894736842,0.9461538461538461,0.9263157894736842,0.9237275985663083,1.0,1.0,1.0,1.0,1.0
feature_screen_with_shrinkage_lda,4,S04_personal_fold01,1,win1p0s_50ov__trim10_each_end__EMG_ACC__ShrinkageLDA,win1p0s_50ov,1.0,1260,630,trim10_each_end,0.1,0.1,EMG_ACC,24,ShrinkageLDA,792,1306,95,1.4414532000009785,success,0.968421052631579,0.968421052631579,0.9727272727272727,0.968421052631579,0.9682229965156793,1.0,1.0,1.0,1.0,1.0
feature_screen_with_shrinkage_lda,4,S04_personal_fold02,2,win1p0s_50ov__trim10_each_end__EMG_ACC__ShrinkageLDA,win1p0s_50ov,1.0,1260,630,trim10_each_end,0.1,0.1,EMG_ACC,24,ShrinkageLDA,792,1306,95,1.3381384999993315,success,0.7789473684210526,0.7789473684210526,0.6950000000000001,0.7789473684210526,0.7177024482109228,0.8,0.8,0.7,0.8,0.7333333333333333
feature_screen_with_shrinkage_lda,4,S04_personal_fold03,3,win1p0s_50ov__trim10_each_end__EMG_ACC__ShrinkageLDA,win1p0s_50ov,1.0,1260,630,trim10_each_end,0.1,0.1,EMG_ACC,24,ShrinkageLDA,792,1306,95,1.3304986000002827,success,0.8,0.8,0.7,0.8,0.7333333333333333,0.8,0.8,0.7,0.8,0.7333333333333333
feature_screen_with_shrinkage_lda,4,S04_personal_fold04,4,win1p0s_50ov__trim10_each_end__EMG_ACC__ShrinkageLDA,win1p0s_50ov,1.0,1260,630,trim10_each_end,0.1,0.1,EMG_ACC,24,ShrinkageLDA,792,1306,95,1.4441894000010507,success,0.9368421052631579,0.9368421052631579,0.952,0.9368421052631579,0.9352272727272727,1.0,1.0,1.0,1.0,1.0
feature_screen_with_shrinkage_lda,4,S04_personal_fold05,5,win1p0s_50ov__trim10_each_end__EMG_ACC__ShrinkageLDA,win1p0s_50ov,1.0,1260,630,trim10_each_end,0.1,0.1,EMG_ACC,24,ShrinkageLDA,792,1306,95,1.3658121000007668,success,0.9368421052631579,0.9368421052631579,0.952,0.9368421052631579,0.9352272727272727,1.0,1.0,1.0,1.0,1.0
feature_screen_with_shrinkage_lda,4,S04_personal_fold06,6,win1p0s_50ov__trim10_each_end__EMG_ACC__ShrinkageLDA,win1p0s_50ov,1.0,1260,630,trim10_each_end,0.1,0.1,EMG_ACC,24,ShrinkageLDA,792,1306,95,1.2748908999965352,success,0.9368421052631579,0.9368421052631579,0.952,0.9368421052631579,0.9352272727272727,1.0,1.0,1.0,1.0,1.0
feature_screen_with_shrinkage_lda,4,S04_personal_fold07,7,win1p0s_50ov__trim10_each_end__EMG_ACC__ShrinkageLDA,win1p0s_50ov,1.0,1260,630,trim10_each_end,0.1,0.1,EMG_ACC,24,ShrinkageLDA,792,570,831,0.9858018999984779,success,0.7545126353790613,0.7266478540494041,0.7585654604651362,0.7266478540494041,0.7304474382349304,1.0,1.0,1.0,1.0,1.0
feature_screen_with_shrinkage_lda,4,S04_personal_fold08,8,win1p0s_50ov__trim10_each_end__EMG_ACC__ShrinkageLDA,win1p0s_50ov,1.0,1260,630,trim10_each_end,0.1,0.1,EMG_ACC,24,ShrinkageLDA,792,570,95,0.9513006999986828,success,0.9368421052631579,0.9368421052631579,0.952,0.9368421052631579,0.9352272727272727,1.0,1.0,1.0,1.0,1.0
feature_screen_with_shrinkage_lda,4,S04_personal_fold01,1,win1p0s_50ov__trim10_each_end__EMG_IMU__ShrinkageLDA,win1p0s_50ov,1.0,1260,630,trim10_each_end,0.1,0.1,EMG_IMU,42,ShrinkageLDA,1386,1306,95,5.780042099999264,success,0.9473684210526315,0.9473684210526316,0.9583333333333333,0.9473684210526316,0.9478093688764003,1.0,1.0,1.0,1.0,1.0
feature_screen_with_shrinkage_lda,4,S04_personal_fold02,2,win1p0s_50ov__trim10_each_end__EMG_IMU__ShrinkageLDA,win1p0s_50ov,1.0,1260,630,trim10_each_end,0.1,0.1,EMG_IMU,42,ShrinkageLDA,1386,1306,95,5.779113000000507,success,0.7473684210526316,0.7473684210526316,0.6739473684210526,0.7473684210526316,0.6906180706002293,0.8,0.8,0.7,0.8,0.7333333333333333
feature_screen_with_shrinkage_lda,4,S04_personal_fold03,3,win1p0s_50ov__trim10_each_end__EMG_IMU__ShrinkageLDA,win1p0s_50ov,1.0,1260,630,trim10_each_end,0.1,0.1,EMG_IMU,42,ShrinkageLDA,1386,1306,95,5.496344999999565,success,0.8,0.8,0.7,0.8,0.7333333333333333,0.8,0.8,0.7,0.8,0.7333333333333333
feature_screen_with_shrinkage_lda,4,S04_personal_fold04,4,win1p0s_50ov__trim10_each_end__EMG_IMU__ShrinkageLDA,win1p0s_50ov,1.0,1260,630,trim10_each_end,0.1,0.1,EMG_IMU,42,ShrinkageLDA,1386,1306,95,5.518193299998529,success,0.9578947368421052,0.9578947368421054,0.9652173913043478,0.9578947368421054,0.957422969187675,1.0,1.0,1.0,1.0,1.0
feature_screen_with_shrinkage_lda,4,S04_personal_fold05,5,win1p0s_50ov__trim10_each_end__EMG_IMU__ShrinkageLDA,win1p0s_50ov,1.0,1260,630,trim10_each_end,0.1,0.1,EMG_IMU,42,ShrinkageLDA,1386,1306,95,5.598544500000571,success,0.9263157894736842,0.9263157894736842,0.9461538461538461,0.9263157894736842,0.9237275985663083,1.0,1.0,1.0,1.0,1.0
feature_screen_with_shrinkage_lda,4,S04_personal_fold06,6,win1p0s_50ov__trim10_each_end__EMG_IMU__ShrinkageLDA,win1p0s_50ov,1.0,1260,630,trim10_each_end,0.1,0.1,EMG_IMU,42,ShrinkageLDA,1386,1306,95,5.555300199997873,success,0.9894736842105263,0.9894736842105264,0.99,0.9894736842105264,0.9894663894663894,1.0,1.0,1.0,1.0,1.0
feature_screen_with_shrinkage_lda,4,S04_personal_fold07,7,win1p0s_50ov__trim10_each_end__EMG_IMU__ShrinkageLDA,win1p0s_50ov,1.0,1260,630,trim10_each_end,0.1,0.1,EMG_IMU,42,ShrinkageLDA,1386,570,831,4.025618899999245,success,0.6823104693140795,0.6518461079923855,0.7605071044309921,0.6518461079923855,0.6416083615826916,0.8,0.8,0.7,0.8,0.7333333333333333
feature_screen_with_shrinkage_lda,4,S04_personal_fold08,8,win1p0s_50ov__trim10_each_end__EMG_IMU__ShrinkageLDA,win1p0s_50ov,1.0,1260,630,trim10_each_end,0.1,0.1,EMG_IMU,42,ShrinkageLDA,1386,570,95,3.961392799999885,success,0.9578947368421052,0.9578947368421051,0.9596638655462184,0.9578947368421051,0.9577777777777777,1.0,1.0,1.0,1.0,1.0
feature_screen_with_shrinkage_lda,4,S04_personal_fold01,1,win1p0s_50ov__trim20_each_end__EMG__ShrinkageLDA,win1p0s_50ov,1.0,1260,630,trim20_each_end,0.2,0.2,EMG,6,ShrinkageLDA,198,974,70,0.0647726999995939,success,1.0,1.0,1.0,1.0,1.0,1.0,1.0,1.0,1.0,1.0
feature_screen_with_shrinkage_lda,4,S04_personal_fold02,2,win1p0s_50ov__trim20_each_end__EMG__ShrinkageLDA,win1p0s_50ov,1.0,1260,630,trim20_each_end,0.2,0.2,EMG,6,ShrinkageLDA,198,974,70,0.0612639000028139,success,0.7714285714285715,0.7714285714285716,0.6822660098522167,0.7714285714285716,0.7085394364464132,0.8,0.8,0.7,0.8,0.7333333333333333
feature_screen_with_shrinkage_lda,4,S04_personal_fold03,3,win1p0s_50ov__trim20_each_end__EMG__ShrinkageLDA,win1p0s_50ov,1.0,1260,630,trim20_each_end,0.2,0.2,EMG,6,ShrinkageLDA,198,974,70,0.05731089999972028,success,0.8,0.8,0.7,0.8,0.7333333333333333,0.8,0.8,0.7,0.8,0.7333333333333333
feature_screen_with_shrinkage_lda,4,S04_personal_fold04,4,win1p0s_50ov__trim20_each_end__EMG__ShrinkageLDA,win1p0s_50ov,1.0,1260,630,trim20_each_end,0.2,0.2,EMG,6,ShrinkageLDA,198,974,70,0.06630600000062259,success,0.9571428571428572,0.9571428571428571,0.9647058823529411,0.9571428571428571,0.9566451612903226,1.0,1.0,1.0,1.0,1.0
feature_screen_with_shrinkage_lda,4,S04_personal_fold05,5,win1p0s_50ov__trim20_each_end__EMG__ShrinkageLDA,win1p0s_50ov,1.0,1260,630,trim20_each_end,0.2,0.2,EMG,6,ShrinkageLDA,198,974,70,0.05936859999928856,success,0.8857142857142857,0.8857142857142858,0.905,0.8857142857142858,0.8802139037433154,1.0,1.0,1.0,1.0,1.0
feature_screen_with_shrinkage_lda,4,S04_personal_fold06,6,win1p0s_50ov__trim20_each_end__EMG__ShrinkageLDA,win1p0s_50ov,1.0,1260,630,trim20_each_end,0.2,0.2,EMG,6,ShrinkageLDA,198,974,70,0.07114110000111395,success,0.7857142857142857,0.7857142857142858,0.6965517241379311,0.7857142857142858,0.7228251507321275,0.8,0.8,0.7,0.8,0.7333333333333333
feature_screen_with_shrinkage_lda,4,S04_personal_fold07,7,win1p0s_50ov__trim20_each_end__EMG__ShrinkageLDA,win1p0s_50ov,1.0,1260,630,trim20_each_end,0.2,0.2,EMG,6,ShrinkageLDA,198,420,624,0.05138060000172118,success,0.7788461538461539,0.7485933647242872,0.7931847431847432,0.7485933647242872,0.7574274535147318,0.8,0.8,0.7,0.8,0.7333333333333333
feature_screen_with_shrinkage_lda,4,S04_personal_fold08,8,win1p0s_50ov__trim20_each_end__EMG__ShrinkageLDA,win1p0s_50ov,1.0,1260,630,trim20_each_end,0.2,0.2,EMG,6,ShrinkageLDA,198,420,70,0.04895360000227811,success,0.9857142857142858,0.9857142857142858,0.9866666666666667,0.9857142857142858,0.9856960408684546,1.0,1.0,1.0,1.0,1.0
feature_screen_with_shrinkage_lda,4,S04_personal_fold01,1,win1p0s_50ov__trim20_each_end__EMG_ACC__ShrinkageLDA,win1p0s_50ov,1.0,1260,630,trim20_each_end,0.2,0.2,EMG_ACC,24,ShrinkageLDA,792,974,70,1.2233106000021507,success,0.9714285714285714,0.9714285714285715,0.975,0.9714285714285715,0.9712820512820514,1.0,1.0,1.0,1.0,1.0
feature_screen_with_shrinkage_lda,4,S04_personal_fold02,2,win1p0s_50ov__trim20_each_end__EMG_ACC__ShrinkageLDA,win1p0s_50ov,1.0,1260,630,trim20_each_end,0.2,0.2,EMG_ACC,24,ShrinkageLDA,792,974,70,1.1496461999995518,success,0.7857142857142857,0.7857142857142858,0.6866666666666668,0.7857142857142858,0.7190293742017879,0.8,0.8,0.7,0.8,0.7333333333333333
feature_screen_with_shrinkage_lda,4,S04_personal_fold03,3,win1p0s_50ov__trim20_each_end__EMG_ACC__ShrinkageLDA,win1p0s_50ov,1.0,1260,630,trim20_each_end,0.2,0.2,EMG_ACC,24,ShrinkageLDA,792,974,70,1.1766896999979508,success,0.8,0.8,0.7,0.8,0.7333333333333333,0.8,0.8,0.7,0.8,0.7333333333333333
feature_screen_with_shrinkage_lda,4,S04_personal_fold04,4,win1p0s_50ov__trim20_each_end__EMG_ACC__ShrinkageLDA,win1p0s_50ov,1.0,1260,630,trim20_each_end,0.2,0.2,EMG_ACC,24,ShrinkageLDA,792,974,70,1.2096106000026339,success,1.0,1.0,1.0,1.0,1.0,1.0,1.0,1.0,1.0,1.0
feature_screen_with_shrinkage_lda,4,S04_personal_fold05,5,win1p0s_50ov__trim20_each_end__EMG_ACC__ShrinkageLDA,win1p0s_50ov,1.0,1260,630,trim20_each_end,0.2,0.2,EMG_ACC,24,ShrinkageLDA,792,974,70,1.1753367999990587,success,0.8571428571428571,0.8571428571428571,0.8848484848484848,0.8571428571428571,0.8444444444444444,0.8,0.8,0.7,0.8,0.7333333333333333
feature_screen_with_shrinkage_lda,4,S04_personal_fold06,6,win1p0s_50ov__trim20_each_end__EMG_ACC__ShrinkageLDA,win1p0s_50ov,1.0,1260,630,trim20_each_end,0.2,0.2,EMG_ACC,24,ShrinkageLDA,792,974,70,1.207997699999396,success,0.9428571428571428,0.9428571428571428,0.9464285714285715,0.9428571428571428,0.9427106227106228,1.0,1.0,1.0,1.0,1.0
feature_screen_with_shrinkage_lda,4,S04_personal_fold07,7,win1p0s_50ov__trim20_each_end__EMG_ACC__ShrinkageLDA,win1p0s_50ov,1.0,1260,630,trim20_each_end,0.2,0.2,EMG_ACC,24,ShrinkageLDA,792,420,624,0.8517284999979893,success,0.7339743589743589,0.7011577458510252,0.7551600929399791,0.7011577458510252,0.7097912750396584,1.0,1.0,1.0,1.0,1.0
feature_screen_with_shrinkage_lda,4,S04_personal_fold08,8,win1p0s_50ov__trim20_each_end__EMG_ACC__ShrinkageLDA,win1p0s_50ov,1.0,1260,630,trim20_each_end,0.2,0.2,EMG_ACC,24,ShrinkageLDA,792,420,70,0.903647600000113,success,1.0,1.0,1.0,1.0,1.0,1.0,1.0,1.0,1.0,1.0
feature_screen_with_shrinkage_lda,4,S04_personal_fold01,1,win1p0s_50ov__trim20_each_end__EMG_IMU__ShrinkageLDA,win1p0s_50ov,1.0,1260,630,trim20_each_end,0.2,0.2,EMG_IMU,42,ShrinkageLDA,1386,974,70,4.798527200000535,success,0.9714285714285714,0.9714285714285715,0.975,0.9714285714285715,0.9712820512820514,1.0,1.0,1.0,1.0,1.0
feature_screen_with_shrinkage_lda,4,S04_personal_fold02,2,win1p0s_50ov__trim20_each_end__EMG_IMU__ShrinkageLDA,win1p0s_50ov,1.0,1260,630,trim20_each_end,0.2,0.2,EMG_IMU,42,ShrinkageLDA,1386,974,70,5.084334099999978,success,0.7714285714285715,0.7714285714285715,0.6933333333333334,0.7714285714285715,0.7118881118881119,0.8,0.8,0.7,0.8,0.7333333333333333
feature_screen_with_shrinkage_lda,4,S04_personal_fold03,3,win1p0s_50ov__trim20_each_end__EMG_IMU__ShrinkageLDA,win1p0s_50ov,1.0,1260,630,trim20_each_end,0.2,0.2,EMG_IMU,42,ShrinkageLDA,1386,974,70,4.8099624999995285,success,0.8,0.8,0.7,0.8,0.7333333333333333,0.8,0.8,0.7,0.8,0.7333333333333333
feature_screen_with_shrinkage_lda,4,S04_personal_fold04,4,win1p0s_50ov__trim20_each_end__EMG_IMU__ShrinkageLDA,win1p0s_50ov,1.0,1260,630,trim20_each_end,0.2,0.2,EMG_IMU,42,ShrinkageLDA,1386,974,70,4.981250400000135,success,1.0,1.0,1.0,1.0,1.0,1.0,1.0,1.0,1.0,1.0
feature_screen_with_shrinkage_lda,4,S04_personal_fold05,5,win1p0s_50ov__trim20_each_end__EMG_IMU__ShrinkageLDA,win1p0s_50ov,1.0,1260,630,trim20_each_end,0.2,0.2,EMG_IMU,42,ShrinkageLDA,1386,974,70,5.085531299999275,success,0.8857142857142857,0.8857142857142858,0.8875,0.8857142857142858,0.8851282051282052,1.0,1.0,1.0,1.0,1.0
feature_screen_with_shrinkage_lda,4,S04_personal_fold06,6,win1p0s_50ov__trim20_each_end__EMG_IMU__ShrinkageLDA,win1p0s_50ov,1.0,1260,630,trim20_each_end,0.2,0.2,EMG_IMU,42,ShrinkageLDA,1386,974,70,4.637337899999693,success,0.9857142857142858,0.9857142857142858,0.9866666666666667,0.9857142857142858,0.9856960408684546,1.0,1.0,1.0,1.0,1.0
feature_screen_with_shrinkage_lda,4,S04_personal_fold07,7,win1p0s_50ov__trim20_each_end__EMG_IMU__ShrinkageLDA,win1p0s_50ov,1.0,1260,630,trim20_each_end,0.2,0.2,EMG_IMU,42,ShrinkageLDA,1386,420,624,3.7195742999974755,success,0.6538461538461539,0.6139636008853763,0.7581997368505504,0.6139636008853763,0.6362340590286765,1.0,1.0,1.0,1.0,1.0
feature_screen_with_shrinkage_lda,4,S04_personal_fold08,8,win1p0s_50ov__trim20_each_end__EMG_IMU__ShrinkageLDA,win1p0s_50ov,1.0,1260,630,trim20_each_end,0.2,0.2,EMG_IMU,42,ShrinkageLDA,1386,420,70,3.644140399999742,success,1.0,1.0,1.0,1.0,1.0,1.0,1.0,1.0,1.0,1.0
model_screen_on_best_feature_config,4,S04_personal_fold01,1,win1p0s_50ov__trim20_each_end__EMG__ShrinkageLDA,win1p0s_50ov,1.0,1260,630,trim20_each_end,0.2,0.2,EMG,6,ShrinkageLDA,198,974,70,0.0790311999990081,success,1.0,1.0,1.0,1.0,1.0,1.0,1.0,1.0,1.0,1.0
model_screen_on_best_feature_config,4,S04_personal_fold01,1,win1p0s_50ov__trim20_each_end__EMG__LogisticRegression,win1p0s_50ov,1.0,1260,630,trim20_each_end,0.2,0.2,EMG,6,LogisticRegression,198,974,70,0.2040034999990894,success,0.9714285714285714,0.9714285714285715,0.975,0.9714285714285715,0.9712820512820514,1.0,1.0,1.0,1.0,1.0
model_screen_on_best_feature_config,4,S04_personal_fold01,1,win1p0s_50ov__trim20_each_end__EMG__RBF-SVM,win1p0s_50ov,1.0,1260,630,trim20_each_end,0.2,0.2,EMG,6,RBF-SVM,198,974,70,0.39346890000160784,success,1.0,1.0,1.0,1.0,1.0,1.0,1.0,1.0,1.0,1.0
model_screen_on_best_feature_config,4,S04_personal_fold01,1,win1p0s_50ov__trim20_each_end__EMG__RandomForest,win1p0s_50ov,1.0,1260,630,trim20_each_end,0.2,0.2,EMG,6,RandomForest,198,974,70,0.4477882999999565,success,0.9428571428571428,0.9428571428571428,0.9555555555555555,0.9428571428571428,0.9416666666666668,1.0,1.0,1.0,1.0,1.0
model_screen_on_best_feature_config,4,S04_personal_fold02,2,win1p0s_50ov__full_segment__EMG_ACC__ShrinkageLDA,win1p0s_50ov,1.0,1260,630,full_segment,0.0,0.0,EMG_ACC,24,ShrinkageLDA,792,1615,115,1.557072400002653,success,0.782608695652174,0.782608695652174,0.6958333333333334,0.782608695652174,0.7204865556978233,0.8,0.8,0.7,0.8,0.7333333333333333
model_screen_on_best_feature_config,4,S04_personal_fold02,2,win1p0s_50ov__full_segment__EMG_ACC__LogisticRegression,win1p0s_50ov,1.0,1260,630,full_segment,0.0,0.0,EMG_ACC,24,LogisticRegression,792,1615,115,0.5753003999998327,success,0.7652173913043478,0.7652173913043478,0.692,0.7652173913043478,0.706979778212655,0.8,0.8,0.7,0.8,0.7333333333333333
model_screen_on_best_feature_config,4,S04_personal_fold02,2,win1p0s_50ov__full_segment__EMG_ACC__RBF-SVM,win1p0s_50ov,1.0,1260,630,full_segment,0.0,0.0,EMG_ACC,24,RBF-SVM,792,1615,115,4.183938599999237,success,0.7391304347826086,0.7391304347826086,0.6605442176870748,0.7391304347826086,0.6789429246876055,0.8,0.8,0.7,0.8,0.7333333333333333
model_screen_on_best_feature_config,4,S04_personal_fold02,2,win1p0s_50ov__full_segment__EMG_ACC__RandomForest,win1p0s_50ov,1.0,1260,630,full_segment,0.0,0.0,EMG_ACC,24,RandomForest,792,1615,115,1.5581311999994796,success,0.6869565217391305,0.6869565217391304,0.617948717948718,0.6869565217391304,0.6198156682027649,0.8,0.8,0.7,0.8,0.7333333333333333
model_screen_on_best_feature_config,4,S04_personal_fold03,3,win0p25s_50ov__full_segment__EMG__ShrinkageLDA,win0p25s_50ov,0.25,315,157,full_segment,0.0,0.0,EMG,6,ShrinkageLDA,198,6580,480,0.3522856999989017,success,0.8166666666666667,0.8166666666666667,0.9043478260869566,0.8166666666666667,0.7703814510097233,0.8,0.8,0.7,0.8,0.7333333333333333
model_screen_on_best_feature_config,4,S04_personal_fold03,3,win0p25s_50ov__full_segment__EMG__LogisticRegression,win0p25s_50ov,0.25,315,157,full_segment,0.0,0.0,EMG,6,LogisticRegression,198,6580,480,1.4537008000006608,success,0.7791666666666667,0.7791666666666667,0.8928557213930348,0.7791666666666667,0.7468367889420522,0.8,0.8,0.7,0.8,0.7333333333333333
model_screen_on_best_feature_config,4,S04_personal_fold03,3,win0p25s_50ov__full_segment__EMG__RBF-SVM,win0p25s_50ov,0.25,315,157,full_segment,0.0,0.0,EMG,6,RBF-SVM,198,6580,480,8.353209200002311,success,0.8229166666666666,0.8229166666666666,0.9060773480662985,0.8229166666666666,0.7923535370919821,0.8,0.8,0.7,0.8,0.7333333333333333
model_screen_on_best_feature_config,4,S04_personal_fold03,3,win0p25s_50ov__full_segment__EMG__RandomForest,win0p25s_50ov,0.25,315,157,full_segment,0.0,0.0,EMG,6,RandomForest,198,6580,480,3.474731600002997,success,0.85625,0.85625,0.9163636363636364,0.85625,0.8453010136153297,0.8,0.8,0.7,0.8,0.7333333333333333
model_screen_on_best_feature_config,4,S04_personal_fold04,4,win0p5s_50ov__trim20_each_end__EMG_IMU__ShrinkageLDA,win0p5s_50ov,0.5,630,315,trim20_each_end,0.2,0.2,EMG_IMU,42,ShrinkageLDA,1386,1949,140,7.167636400001356,success,1.0,1.0,1.0,1.0,1.0,1.0,1.0,1.0,1.0,1.0
model_screen_on_best_feature_config,4,S04_personal_fold04,4,win0p5s_50ov__trim20_each_end__EMG_IMU__LogisticRegression,win0p5s_50ov,0.5,630,315,trim20_each_end,0.2,0.2,EMG_IMU,42,LogisticRegression,1386,1949,140,2.0812741999980062,success,0.9714285714285714,0.9714285714285715,0.975,0.9714285714285715,0.9712820512820514,1.0,1.0,1.0,1.0,1.0
model_screen_on_best_feature_config,4,S04_personal_fold04,4,win0p5s_50ov__trim20_each_end__EMG_IMU__RBF-SVM,win0p5s_50ov,0.5,630,315,trim20_each_end,0.2,0.2,EMG_IMU,42,RBF-SVM,1386,1949,140,12.938818800001172,success,1.0,1.0,1.0,1.0,1.0,1.0,1.0,1.0,1.0,1.0
model_screen_on_best_feature_config,4,S04_personal_fold04,4,win0p5s_50ov__trim20_each_end__EMG_IMU__RandomForest,win0p5s_50ov,0.5,630,315,trim20_each_end,0.2,0.2,EMG_IMU,42,RandomForest,1386,1949,140,2.5251946999997017,success,0.9928571428571429,0.9928571428571429,0.993103448275862,0.9928571428571429,0.9928548644338118,1.0,1.0,1.0,1.0,1.0
model_screen_on_best_feature_config,4,S04_personal_fold05,5,win1p0s_50ov__full_segment__EMG__ShrinkageLDA,win1p0s_50ov,1.0,1260,630,full_segment,0.0,0.0,EMG,6,ShrinkageLDA,198,1615,115,0.0810144000024593,success,0.9565217391304348,0.9565217391304348,0.9568181818181818,0.9565217391304348,0.956501182033097,1.0,1.0,1.0,1.0,1.0
model_screen_on_best_feature_config,4,S04_personal_fold05,5,win1p0s_50ov__full_segment__EMG__LogisticRegression,win1p0s_50ov,1.0,1260,630,full_segment,0.0,0.0,EMG,6,LogisticRegression,198,1615,115,0.4269113999980618,success,0.9391304347826087,0.9391304347826086,0.9533333333333334,0.9391304347826086,0.9376874697629415,1.0,1.0,1.0,1.0,1.0
model_screen_on_best_feature_config,4,S04_personal_fold05,5,win1p0s_50ov__full_segment__EMG__RBF-SVM,win1p0s_50ov,1.0,1260,630,full_segment,0.0,0.0,EMG,6,RBF-SVM,198,1615,115,0.8336208000000624,success,0.9304347826086956,0.9304347826086957,0.9345029239766081,0.9304347826086957,0.9299047619047618,1.0,1.0,1.0,1.0,1.0
model_screen_on_best_feature_config,4,S04_personal_fold05,5,win1p0s_50ov__full_segment__EMG__RandomForest,win1p0s_50ov,1.0,1260,630,full_segment,0.0,0.0,EMG,6,RandomForest,198,1615,115,0.7400668000009318,success,0.8173913043478261,0.8173913043478261,0.8205357142857143,0.8173913043478261,0.8101228501228501,0.8,0.8,0.7,0.8,0.7333333333333333
model_screen_on_best_feature_config,4,S04_personal_fold06,6,win1p0s_50ov__trim10_each_end__EMG_IMU__ShrinkageLDA,win1p0s_50ov,1.0,1260,630,trim10_each_end,0.1,0.1,EMG_IMU,42,ShrinkageLDA,1386,1306,95,5.582808000002842,success,0.9894736842105263,0.9894736842105264,0.99,0.9894736842105264,0.9894663894663894,1.0,1.0,1.0,1.0,1.0
model_screen_on_best_feature_config,4,S04_personal_fold06,6,win1p0s_50ov__trim10_each_end__EMG_IMU__LogisticRegression,win1p0s_50ov,1.0,1260,630,trim10_each_end,0.1,0.1,EMG_IMU,42,LogisticRegression,1386,1306,95,1.0352106999998796,success,0.8631578947368421,0.8631578947368421,0.91875,0.8631578947368421,0.8450196078431371,0.8,0.8,0.7,0.8,0.7333333333333333
model_screen_on_best_feature_config,4,S04_personal_fold06,6,win1p0s_50ov__trim10_each_end__EMG_IMU__RBF-SVM,win1p0s_50ov,1.0,1260,630,trim10_each_end,0.1,0.1,EMG_IMU,42,RBF-SVM,1386,1306,95,6.6248572999975295,success,0.9263157894736842,0.9263157894736842,0.942,0.9263157894736842,0.9224377772764869,1.0,1.0,1.0,1.0,1.0
model_screen_on_best_feature_config,4,S04_personal_fold06,6,win1p0s_50ov__trim10_each_end__EMG_IMU__RandomForest,win1p0s_50ov,1.0,1260,630,trim10_each_end,0.1,0.1,EMG_IMU,42,RandomForest,1386,1306,95,1.5758650999996462,success,0.8631578947368421,0.8631578947368421,0.8911304347826088,0.8631578947368421,0.8536796536796537,0.8,0.8,0.7,0.8,0.7333333333333333
model_screen_on_best_feature_config,4,S04_personal_fold07,7,win0p25s_50ov__trim10_each_end__EMG__ShrinkageLDA,win0p25s_50ov,0.25,315,157,trim10_each_end,0.1,0.1,EMG,6,ShrinkageLDA,198,2310,3345,0.1289080999995349,success,0.884304932735426,0.8708359213998704,0.8795097035149052,0.8708359213998704,0.8741309917441953,1.0,1.0,1.0,1.0,1.0
model_screen_on_best_feature_config,4,S04_personal_fold07,7,win0p25s_50ov__trim10_each_end__EMG__LogisticRegression,win0p25s_50ov,0.25,315,157,trim10_each_end,0.1,0.1,EMG,6,LogisticRegression,198,2310,3345,0.6031966999980796,success,0.7808669656203289,0.7519152844011707,0.7908960742308528,0.7519152844011707,0.7588892405144667,1.0,1.0,1.0,1.0,1.0
model_screen_on_best_feature_config,4,S04_personal_fold07,7,win0p25s_50ov__trim10_each_end__EMG__RBF-SVM,win0p25s_50ov,0.25,315,157,trim10_each_end,0.1,0.1,EMG,6,RBF-SVM,198,2310,3345,2.817114400000719,success,0.6203288490284006,0.6218326489861888,0.7093459457329964,0.6218326489861888,0.6078669497196165,1.0,1.0,1.0,1.0,1.0
model_screen_on_best_feature_config,4,S04_personal_fold07,7,win0p25s_50ov__trim10_each_end__EMG__RandomForest,win0p25s_50ov,0.25,315,157,trim10_each_end,0.1,0.1,EMG,6,RandomForest,198,2310,3345,0.9139777999989747,success,0.8717488789237668,0.8572680695598731,0.8693778324524836,0.8572680695598731,0.8622302171081857,1.0,1.0,1.0,1.0,1.0
model_screen_on_best_feature_config,4,S04_personal_fold08,8,win1p0s_50ov__trim20_each_end__EMG_ACC__ShrinkageLDA,win1p0s_50ov,1.0,1260,630,trim20_each_end,0.2,0.2,EMG_ACC,24,ShrinkageLDA,792,420,70,0.8690949000010733,success,1.0,1.0,1.0,1.0,1.0,1.0,1.0,1.0,1.0,1.0
model_screen_on_best_feature_config,4,S04_personal_fold08,8,win1p0s_50ov__trim20_each_end__EMG_ACC__LogisticRegression,win1p0s_50ov,1.0,1260,630,trim20_each_end,0.2,0.2,EMG_ACC,24,LogisticRegression,792,420,70,0.16034099999887985,success,1.0,1.0,1.0,1.0,1.0,1.0,1.0,1.0,1.0,1.0
model_screen_on_best_feature_config,4,S04_personal_fold08,8,win1p0s_50ov__trim20_each_end__EMG_ACC__RBF-SVM,win1p0s_50ov,1.0,1260,630,trim20_each_end,0.2,0.2,EMG_ACC,24,RBF-SVM,792,420,70,0.5937209999974584,success,1.0,1.0,1.0,1.0,1.0,1.0,1.0,1.0,1.0,1.0
model_screen_on_best_feature_config,4,S04_personal_fold08,8,win1p0s_50ov__trim20_each_end__EMG_ACC__RandomForest,win1p0s_50ov,1.0,1260,630,trim20_each_end,0.2,0.2,EMG_ACC,24,RandomForest,792,420,70,0.34444649999932153,success,1.0,1.0,1.0,1.0,1.0,1.0,1.0,1.0,1.0,1.0
feature_screen_with_shrinkage_lda,5,S05_personal_fold01,1,win0p25s_50ov__full_segment__EMG__ShrinkageLDA,win0p25s_50ov,0.25,315,157,full_segment,0.0,0.0,EMG,6,ShrinkageLDA,198,6709,480,0.30796489999920595,success,0.9770833333333333,0.9770833333333334,0.9794392523364486,0.9770833333333334,0.977431082340631,1.0,1.0,1.0,1.0,1.0
feature_screen_with_shrinkage_lda,5,S05_personal_fold02,2,win0p25s_50ov__full_segment__EMG__ShrinkageLDA,win0p25s_50ov,0.25,315,157,full_segment,0.0,0.0,EMG,6,ShrinkageLDA,198,6709,480,0.35507069999948726,success,0.9166666666666666,0.9166666666666666,0.9401603665521192,0.9166666666666666,0.9186297952710648,1.0,1.0,1.0,1.0,1.0
feature_screen_with_shrinkage_lda,5,S05_personal_fold03,3,win0p25s_50ov__full_segment__EMG__ShrinkageLDA,win0p25s_50ov,0.25,315,157,full_segment,0.0,0.0,EMG,6,ShrinkageLDA,198,6709,480,0.32652429999870947,success,0.9958333333333333,0.9958333333333333,0.9959183673469388,0.9958333333333333,0.9958328811720023,1.0,1.0,1.0,1.0,1.0
feature_screen_with_shrinkage_lda,5,S05_personal_fold04,4,win0p25s_50ov__full_segment__EMG__ShrinkageLDA,win0p25s_50ov,0.25,315,157,full_segment,0.0,0.0,EMG,6,ShrinkageLDA,198,6709,480,0.30734120000124676,success,0.8479166666666667,0.8479166666666668,0.9136094674556213,0.8479166666666668,0.8222165847471065,0.8,0.8,0.7,0.8,0.7333333333333333
feature_screen_with_shrinkage_lda,5,S05_personal_fold05,5,win0p25s_50ov__full_segment__EMG__ShrinkageLDA,win0p25s_50ov,0.25,315,157,full_segment,0.0,0.0,EMG,6,ShrinkageLDA,198,6709,480,0.3139705000030517,success,0.9395833333333333,0.9395833333333332,0.9443631608443862,0.9395833333333332,0.9354574229310497,1.0,1.0,1.0,1.0,1.0
feature_screen_with_shrinkage_lda,5,S05_personal_fold06,6,win0p25s_50ov__full_segment__EMG__ShrinkageLDA,win0p25s_50ov,0.25,315,157,full_segment,0.0,0.0,EMG,6,ShrinkageLDA,198,6709,480,0.369955399997707,success,0.9604166666666667,0.9604166666666668,0.9636825572801182,0.9604166666666668,0.9600746336496855,1.0,1.0,1.0,1.0,1.0
feature_screen_with_shrinkage_lda,5,S05_personal_fold07,7,win0p25s_50ov__full_segment__EMG__ShrinkageLDA,win0p25s_50ov,0.25,315,157,full_segment,0.0,0.0,EMG,6,ShrinkageLDA,198,2880,4309,0.18717199999809964,success,0.8728243211882107,0.8564740022302957,0.8923752923084415,0.8564740022302957,0.8602416306107251,1.0,1.0,1.0,1.0,1.0
feature_screen_with_shrinkage_lda,5,S05_personal_fold08,8,win0p25s_50ov__full_segment__EMG__ShrinkageLDA,win0p25s_50ov,0.25,315,157,full_segment,0.0,0.0,EMG,6,ShrinkageLDA,198,2880,480,0.14457770000080927,success,0.9625,0.9625,0.9665505226480835,0.9625,0.9622854023563662,1.0,1.0,1.0,1.0,1.0
feature_screen_with_shrinkage_lda,5,S05_personal_fold01,1,win0p25s_50ov__full_segment__EMG_ACC__ShrinkageLDA,win0p25s_50ov,0.25,315,157,full_segment,0.0,0.0,EMG_ACC,24,ShrinkageLDA,792,6709,480,4.199872199998936,success,0.9958333333333333,0.9958333333333333,0.9958762886597938,0.9958333333333333,0.9958332203022,1.0,1.0,1.0,1.0,1.0
feature_screen_with_shrinkage_lda,5,S05_personal_fold02,2,win0p25s_50ov__full_segment__EMG_ACC__ShrinkageLDA,win0p25s_50ov,0.25,315,157,full_segment,0.0,0.0,EMG_ACC,24,ShrinkageLDA,792,6709,480,4.372348600001715,success,0.9833333333333333,0.9833333333333334,0.9843459113201881,0.9833333333333334,0.9833138667041353,1.0,1.0,1.0,1.0,1.0
feature_screen_with_shrinkage_lda,5,S05_personal_fold03,3,win0p25s_50ov__full_segment__EMG_ACC__ShrinkageLDA,win0p25s_50ov,0.25,315,157,full_segment,0.0,0.0,EMG_ACC,24,ShrinkageLDA,792,6709,480,4.463963099999091,success,0.9958333333333333,0.9958333333333333,0.9959183673469388,0.9958333333333333,0.9958328811720023,1.0,1.0,1.0,1.0,1.0
feature_screen_with_shrinkage_lda,5,S05_personal_fold04,4,win0p25s_50ov__full_segment__EMG_ACC__ShrinkageLDA,win0p25s_50ov,0.25,315,157,full_segment,0.0,0.0,EMG_ACC,24,ShrinkageLDA,792,6709,480,4.363621100001183,success,0.9229166666666667,0.9229166666666668,0.9443609022556391,0.9229166666666668,0.9199436540357796,1.0,1.0,1.0,1.0,1.0
feature_screen_with_shrinkage_lda,5,S05_personal_fold05,5,win0p25s_50ov__full_segment__EMG_ACC__ShrinkageLDA,win0p25s_50ov,0.25,315,157,full_segment,0.0,0.0,EMG_ACC,24,ShrinkageLDA,792,6709,480,4.530083599998761,success,0.8541666666666666,0.8541666666666666,0.8853251505191034,0.8541666666666666,0.8387336084916978,1.0,1.0,1.0,1.0,1.0
feature_screen_with_shrinkage_lda,5,S05_personal_fold06,6,win0p25s_50ov__full_segment__EMG_ACC__ShrinkageLDA,win0p25s_50ov,0.25,315,157,full_segment,0.0,0.0,EMG_ACC,24,ShrinkageLDA,792,6709,480,4.451000199998816,success,0.95,0.95,0.9553571428571429,0.95,0.9496315184992753,1.0,1.0,1.0,1.0,1.0
feature_screen_with_shrinkage_lda,5,S05_personal_fold07,7,win0p25s_50ov__full_segment__EMG_ACC__ShrinkageLDA,win0p25s_50ov,0.25,315,157,full_segment,0.0,0.0,EMG_ACC,24,ShrinkageLDA,792,2880,4309,2.1248350999994727,success,0.8702715247157113,0.8532952561148066,0.8775186068909715,0.8532952561148066,0.8565880401392155,1.0,1.0,1.0,1.0,1.0
feature_screen_with_shrinkage_lda,5,S05_personal_fold08,8,win0p25s_50ov__full_segment__EMG_ACC__ShrinkageLDA,win0p25s_50ov,0.25,315,157,full_segment,0.0,0.0,EMG_ACC,24,ShrinkageLDA,792,2880,480,2.1687018999982683,success,0.96875,0.96875,0.9705503634475597,0.96875,0.9688289318029966,1.0,1.0,1.0,1.0,1.0
feature_screen_with_shrinkage_lda,5,S05_personal_fold01,1,win0p25s_50ov__full_segment__EMG_IMU__ShrinkageLDA,win0p25s_50ov,0.25,315,157,full_segment,0.0,0.0,EMG_IMU,42,ShrinkageLDA,1386,6709,480,17.773528600002464,success,0.99375,0.99375,0.993813104189044,0.99375,0.9937496626545043,1.0,1.0,1.0,1.0,1.0
feature_screen_with_shrinkage_lda,5,S05_personal_fold02,2,win0p25s_50ov__full_segment__EMG_IMU__ShrinkageLDA,win0p25s_50ov,0.25,315,157,full_segment,0.0,0.0,EMG_IMU,42,ShrinkageLDA,1386,6709,480,18.279547499998444,success,0.9875,0.9875,0.9879183673469388,0.9875,0.9874959293700047,1.0,1.0,1.0,1.0,1.0
feature_screen_with_shrinkage_lda,5,S05_personal_fold03,3,win0p25s_50ov__full_segment__EMG_IMU__ShrinkageLDA,win0p25s_50ov,0.25,315,157,full_segment,0.0,0.0,EMG_IMU,42,ShrinkageLDA,1386,6709,480,17.77646189999723,success,0.99375,0.99375,0.9939393939393939,0.99375,0.9937484737484737,1.0,1.0,1.0,1.0,1.0
feature_screen_with_shrinkage_lda,5,S05_personal_fold04,4,win0p25s_50ov__full_segment__EMG_IMU__ShrinkageLDA,win0p25s_50ov,0.25,315,157,full_segment,0.0,0.0,EMG_IMU,42,ShrinkageLDA,1386,6709,480,17.877669999998034,success,0.9166666666666666,0.9166666666666667,0.9411764705882353,0.9166666666666667,0.9128856624319418,1.0,1.0,1.0,1.0,1.0
feature_screen_with_shrinkage_lda,5,S05_personal_fold05,5,win0p25s_50ov__full_segment__EMG_IMU__ShrinkageLDA,win0p25s_50ov,0.25,315,157,full_segment,0.0,0.0,EMG_IMU,42,ShrinkageLDA,1386,6709,480,17.63310960000308,success,0.83125,0.83125,0.8759554538908306,0.83125,0.8049512662971846,0.8,0.8,0.7,0.8,0.7333333333333333
feature_screen_with_shrinkage_lda,5,S05_personal_fold06,6,win0p25s_50ov__full_segment__EMG_IMU__ShrinkageLDA,win0p25s_50ov,0.25,315,157,full_segment,0.0,0.0,EMG_IMU,42,ShrinkageLDA,1386,6709,480,17.695816899999045,success,0.9270833333333334,0.9270833333333333,0.9385313531353134,0.9270833333333333,0.9251146774440973,1.0,1.0,1.0,1.0,1.0
feature_screen_with_shrinkage_lda,5,S05_personal_fold07,7,win0p25s_50ov__full_segment__EMG_IMU__ShrinkageLDA,win0p25s_50ov,0.25,315,157,full_segment,0.0,0.0,EMG_IMU,42,ShrinkageLDA,1386,2880,4309,9.135165300001972,success,0.8456718496170805,0.825325777624397,0.8566476355368728,0.825325777624397,0.826660526616245,1.0,1.0,1.0,1.0,1.0
feature_screen_with_shrinkage_lda,5,S05_personal_fold08,8,win0p25s_50ov__full_segment__EMG_IMU__ShrinkageLDA,win0p25s_50ov,0.25,315,157,full_segment,0.0,0.0,EMG_IMU,42,ShrinkageLDA,1386,2880,480,9.183466400001635,success,0.975,0.975,0.9758814512008176,0.975,0.9750972931640668,1.0,1.0,1.0,1.0,1.0
feature_screen_with_shrinkage_lda,5,S05_personal_fold01,1,win0p25s_50ov__trim10_each_end__EMG__ShrinkageLDA,win0p25s_50ov,0.25,315,157,trim10_each_end,0.1,0.1,EMG,6,ShrinkageLDA,198,5372,385,0.26959350000106497,success,0.9766233766233766,0.9766233766233766,0.9790697674418605,0.9766233766233766,0.9769824879240139,1.0,1.0,1.0,1.0,1.0
feature_screen_with_shrinkage_lda,5,S05_personal_fold02,2,win0p25s_50ov__trim10_each_end__EMG__ShrinkageLDA,win0p25s_50ov,0.25,315,157,trim10_each_end,0.1,0.1,EMG,6,ShrinkageLDA,198,5372,385,0.2727106000020285,success,0.9246753246753247,0.9246753246753248,0.9430136319376825,0.9246753246753248,0.9249253216155762,1.0,1.0,1.0,1.0,1.0
feature_screen_with_shrinkage_lda,5,S05_personal_fold03,3,win0p25s_50ov__trim10_each_end__EMG__ShrinkageLDA,win0p25s_50ov,0.25,315,157,trim10_each_end,0.1,0.1,EMG,6,ShrinkageLDA,198,5372,385,0.2691287999987253,success,1.0,1.0,1.0,1.0,1.0,1.0,1.0,1.0,1.0,1.0
feature_screen_with_shrinkage_lda,5,S05_personal_fold04,4,win0p25s_50ov__trim10_each_end__EMG__ShrinkageLDA,win0p25s_50ov,0.25,315,157,trim10_each_end,0.1,0.1,EMG,6,ShrinkageLDA,198,5372,385,0.2812021999998251,success,0.8545454545454545,0.8545454545454545,0.9141025641025642,0.8545454545454545,0.8336597978183917,0.8,0.8,0.7,0.8,0.7333333333333333
feature_screen_with_shrinkage_lda,5,S05_personal_fold05,5,win0p25s_50ov__trim10_each_end__EMG__ShrinkageLDA,win0p25s_50ov,0.25,315,157,trim10_each_end,0.1,0.1,EMG,6,ShrinkageLDA,198,5372,385,0.29505129999961355,success,0.9402597402597402,0.9402597402597402,0.9452952498371122,0.9402597402597402,0.9363369634917834,1.0,1.0,1.0,1.0,1.0
feature_screen_with_shrinkage_lda,5,S05_personal_fold06,6,win0p25s_50ov__trim10_each_end__EMG__ShrinkageLDA,win0p25s_50ov,0.25,315,157,trim10_each_end,0.1,0.1,EMG,6,ShrinkageLDA,198,5372,385,0.2559114999967278,success,0.9402597402597402,0.9402597402597402,0.9443185550082103,0.9402597402597402,0.9386052986884315,1.0,1.0,1.0,1.0,1.0
feature_screen_with_shrinkage_lda,5,S05_personal_fold07,7,win0p25s_50ov__trim10_each_end__EMG__ShrinkageLDA,win0p25s_50ov,0.25,315,157,trim10_each_end,0.1,0.1,EMG,6,ShrinkageLDA,198,2310,3447,0.15992670000196085,success,0.8729329852045257,0.8567698961792953,0.885686426370324,0.8567698961792953,0.8581330838785292,1.0,1.0,1.0,1.0,1.0
feature_screen_with_shrinkage_lda,5,S05_personal_fold08,8,win0p25s_50ov__trim10_each_end__EMG__ShrinkageLDA,win0p25s_50ov,0.25,315,157,trim10_each_end,0.1,0.1,EMG,6,ShrinkageLDA,198,2310,385,0.14176640000005136,success,0.9636363636363636,0.9636363636363636,0.9670635586114372,0.9636363636363636,0.9634661452828859,1.0,1.0,1.0,1.0,1.0
feature_screen_with_shrinkage_lda,5,S05_personal_fold01,1,win0p25s_50ov__trim10_each_end__EMG_ACC__ShrinkageLDA,win0p25s_50ov,0.25,315,157,trim10_each_end,0.1,0.1,EMG_ACC,24,ShrinkageLDA,792,5372,385,3.7894935000003898,success,0.9974025974025974,0.9974025974025974,0.9974358974358974,0.9974025974025974,0.9974024878768712,1.0,1.0,1.0,1.0,1.0
feature_screen_with_shrinkage_lda,5,S05_personal_fold02,2,win0p25s_50ov__trim10_each_end__EMG_ACC__ShrinkageLDA,win0p25s_50ov,0.25,315,157,trim10_each_end,0.1,0.1,EMG_ACC,24,ShrinkageLDA,792,5372,385,3.6762727000023006,success,0.9844155844155844,0.9844155844155844,0.9850601656508828,0.9844155844155844,0.9844076940159552,1.0,1.0,1.0,1.0,1.0
feature_screen_with_shrinkage_lda,5,S05_personal_fold03,3,win0p25s_50ov__trim10_each_end__EMG_ACC__ShrinkageLDA,win0p25s_50ov,0.25,315,157,trim10_each_end,0.1,0.1,EMG_ACC,24,ShrinkageLDA,792,5372,385,3.680416500003048,success,0.9974025974025974,0.9974025974025974,0.9974358974358974,0.9974025974025974,0.9974024878768712,1.0,1.0,1.0,1.0,1.0
feature_screen_with_shrinkage_lda,5,S05_personal_fold04,4,win0p25s_50ov__trim10_each_end__EMG_ACC__ShrinkageLDA,win0p25s_50ov,0.25,315,157,trim10_each_end,0.1,0.1,EMG_ACC,24,ShrinkageLDA,792,5372,385,3.7759471999997913,success,0.948051948051948,0.9480519480519479,0.9587628865979381,0.9480519480519479,0.9471607479842168,1.0,1.0,1.0,1.0,1.0
feature_screen_with_shrinkage_lda,5,S05_personal_fold05,5,win0p25s_50ov__trim10_each_end__EMG_ACC__ShrinkageLDA,win0p25s_50ov,0.25,315,157,trim10_each_end,0.1,0.1,EMG_ACC,24,ShrinkageLDA,792,5372,385,3.6570011000003433,success,0.9012987012987013,0.9012987012987013,0.9178612368024133,0.9012987012987013,0.8944399587884189,1.0,1.0,1.0,1.0,1.0
feature_screen_with_shrinkage_lda,5,S05_personal_fold06,6,win0p25s_50ov__trim10_each_end__EMG_ACC__ShrinkageLDA,win0p25s_50ov,0.25,315,157,trim10_each_end,0.1,0.1,EMG_ACC,24,ShrinkageLDA,792,5372,385,3.6105535000024247,success,0.9298701298701298,0.92987012987013,0.9399122807017545,0.92987012987013,0.9296441119800521,1.0,1.0,1.0,1.0,1.0
feature_screen_with_shrinkage_lda,5,S05_personal_fold07,7,win0p25s_50ov__trim10_each_end__EMG_ACC__ShrinkageLDA,win0p25s_50ov,0.25,315,157,trim10_each_end,0.1,0.1,EMG_ACC,24,ShrinkageLDA,792,2310,3447,1.9656324999996286,success,0.8723527705250943,0.8556793886154834,0.8798438785610031,0.8556793886154834,0.8585520920752898,1.0,1.0,1.0,1.0,1.0
feature_screen_with_shrinkage_lda,5,S05_personal_fold08,8,win0p25s_50ov__trim10_each_end__EMG_ACC__ShrinkageLDA,win0p25s_50ov,0.25,315,157,trim10_each_end,0.1,0.1,EMG_ACC,24,ShrinkageLDA,792,2310,385,1.950855600000068,success,0.935064935064935,0.935064935064935,0.9438095238095239,0.935064935064935,0.9342404917402997,1.0,1.0,1.0,1.0,1.0
feature_screen_with_shrinkage_lda,5,S05_personal_fold01,1,win0p25s_50ov__trim10_each_end__EMG_IMU__ShrinkageLDA,win0p25s_50ov,0.25,315,157,trim10_each_end,0.1,0.1,EMG_IMU,42,ShrinkageLDA,1386,5372,385,14.665677200002392,success,0.9896103896103896,0.9896103896103895,0.9899358974358975,0.9896103896103895,0.9896073218921411,1.0,1.0,1.0,1.0,1.0
feature_screen_with_shrinkage_lda,5,S05_personal_fold02,2,win0p25s_50ov__trim10_each_end__EMG_IMU__ShrinkageLDA,win0p25s_50ov,0.25,315,157,trim10_each_end,0.1,0.1,EMG_IMU,42,ShrinkageLDA,1386,5372,385,14.70691799999986,success,0.9948051948051948,0.9948051948051948,0.9948717948717949,0.9948051948051948,0.9948049757537424,1.0,1.0,1.0,1.0,1.0
feature_screen_with_shrinkage_lda,5,S05_personal_fold03,3,win0p25s_50ov__trim10_each_end__EMG_IMU__ShrinkageLDA,win0p25s_50ov,0.25,315,157,trim10_each_end,0.1,0.1,EMG_IMU,42,ShrinkageLDA,1386,5372,385,15.018998499999725,success,0.9974025974025974,0.9974025974025974,0.9974358974358974,0.9974025974025974,0.9974024878768712,1.0,1.0,1.0,1.0,1.0
feature_screen_with_shrinkage_lda,5,S05_personal_fold04,4,win0p25s_50ov__trim10_each_end__EMG_IMU__ShrinkageLDA,win0p25s_50ov,0.25,315,157,trim10_each_end,0.1,0.1,EMG_IMU,42,ShrinkageLDA,1386,5372,385,14.98884739999994,success,0.9064935064935065,0.9064935064935064,0.936283185840708,0.9064935064935064,0.9010883140053523,1.0,1.0,1.0,1.0,1.0
feature_screen_with_shrinkage_lda,5,S05_personal_fold05,5,win0p25s_50ov__trim10_each_end__EMG_IMU__ShrinkageLDA,win0p25s_50ov,0.25,315,157,trim10_each_end,0.1,0.1,EMG_IMU,42,ShrinkageLDA,1386,5372,385,14.84700520000115,success,0.8649350649350649,0.864935064935065,0.8931812014669911,0.864935064935065,0.8493510155804745,1.0,1.0,1.0,1.0,1.0
feature_screen_with_shrinkage_lda,5,S05_personal_fold06,6,win0p25s_50ov__trim10_each_end__EMG_IMU__ShrinkageLDA,win0p25s_50ov,0.25,315,157,trim10_each_end,0.1,0.1,EMG_IMU,42,ShrinkageLDA,1386,5372,385,14.462780400001066,success,0.9168831168831169,0.9168831168831169,0.932725377800938,0.9168831168831169,0.9164313579736152,1.0,1.0,1.0,1.0,1.0
feature_screen_with_shrinkage_lda,5,S05_personal_fold07,7,win0p25s_50ov__trim10_each_end__EMG_IMU__ShrinkageLDA,win0p25s_50ov,0.25,315,157,trim10_each_end,0.1,0.1,EMG_IMU,42,ShrinkageLDA,1386,2310,3447,7.781850999999733,success,0.8398607484769365,0.8191322657265268,0.8473898942498785,0.8191322657265268,0.8173682334650451,1.0,1.0,1.0,1.0,1.0
feature_screen_with_shrinkage_lda,5,S05_personal_fold08,8,win0p25s_50ov__trim10_each_end__EMG_IMU__ShrinkageLDA,win0p25s_50ov,0.25,315,157,trim10_each_end,0.1,0.1,EMG_IMU,42,ShrinkageLDA,1386,2310,385,8.06927789999827,success,0.948051948051948,0.9480519480519481,0.9526854219948848,0.9480519480519481,0.9480767118776333,1.0,1.0,1.0,1.0,1.0
feature_screen_with_shrinkage_lda,5,S05_personal_fold01,1,win0p25s_50ov__trim20_each_end__EMG__ShrinkageLDA,win0p25s_50ov,0.25,315,157,trim20_each_end,0.2,0.2,EMG,6,ShrinkageLDA,198,4010,285,0.23691179999877932,success,0.9789473684210527,0.9789473684210526,0.980952380952381,0.9789473684210526,0.9791891891891892,1.0,1.0,1.0,1.0,1.0
feature_screen_with_shrinkage_lda,5,S05_personal_fold02,2,win0p25s_50ov__trim20_each_end__EMG__ShrinkageLDA,win0p25s_50ov,0.25,315,157,trim20_each_end,0.2,0.2,EMG,6,ShrinkageLDA,198,4010,285,0.25380979999681585,success,0.9192982456140351,0.9192982456140351,0.9368852459016394,0.9192982456140351,0.9174735935017921,1.0,1.0,1.0,1.0,1.0
feature_screen_with_shrinkage_lda,5,S05_personal_fold03,3,win0p25s_50ov__trim20_each_end__EMG__ShrinkageLDA,win0p25s_50ov,0.25,315,157,trim20_each_end,0.2,0.2,EMG,6,ShrinkageLDA,198,4010,285,0.22993400000268593,success,0.9964912280701754,0.9964912280701753,0.9965517241379309,0.9964912280701753,0.9964909580607927,1.0,1.0,1.0,1.0,1.0
feature_screen_with_shrinkage_lda,5,S05_personal_fold04,4,win0p25s_50ov__trim20_each_end__EMG__ShrinkageLDA,win0p25s_50ov,0.25,315,157,trim20_each_end,0.2,0.2,EMG,6,ShrinkageLDA,198,4010,285,0.24067660000218893,success,0.8491228070175438,0.8491228070175438,0.9075257731958762,0.8491228070175438,0.8294102294102295,0.8,0.8,0.7,0.8,0.7333333333333333
feature_screen_with_shrinkage_lda,5,S05_personal_fold05,5,win0p25s_50ov__trim20_each_end__EMG__ShrinkageLDA,win0p25s_50ov,0.25,315,157,trim20_each_end,0.2,0.2,EMG,6,ShrinkageLDA,198,4010,285,0.21565680000276188,success,0.968421052631579,0.968421052631579,0.9707562136435749,0.968421052631579,0.9676741204956558,1.0,1.0,1.0,1.0,1.0
feature_screen_with_shrinkage_lda,5,S05_personal_fold06,6,win0p25s_50ov__trim20_each_end__EMG__ShrinkageLDA,win0p25s_50ov,0.25,315,157,trim20_each_end,0.2,0.2,EMG,6,ShrinkageLDA,198,4010,285,0.22688779999953113,success,0.9368421052631579,0.9368421052631579,0.9406361380554931,0.9368421052631579,0.9348171406202475,1.0,1.0,1.0,1.0,1.0
feature_screen_with_shrinkage_lda,5,S05_personal_fold07,7,win0p25s_50ov__trim20_each_end__EMG__ShrinkageLDA,win0p25s_50ov,0.25,315,157,trim20_each_end,0.2,0.2,EMG,6,ShrinkageLDA,198,1710,2585,0.10290090000125929,success,0.8642166344294003,0.846395149299432,0.8804154554269514,0.846395149299432,0.8503752265514614,1.0,1.0,1.0,1.0,1.0
feature_screen_with_shrinkage_lda,5,S05_personal_fold08,8,win0p25s_50ov__trim20_each_end__EMG__ShrinkageLDA,win0p25s_50ov,0.25,315,157,trim20_each_end,0.2,0.2,EMG,6,ShrinkageLDA,198,1710,285,0.09476630000062869,success,0.9859649122807017,0.9859649122807017,0.9868852459016393,0.9859649122807017,0.9859476117103234,1.0,1.0,1.0,1.0,1.0
feature_screen_with_shrinkage_lda,5,S05_personal_fold01,1,win0p25s_50ov__trim20_each_end__EMG_ACC__ShrinkageLDA,win0p25s_50ov,0.25,315,157,trim20_each_end,0.2,0.2,EMG_ACC,24,ShrinkageLDA,792,4010,285,2.838166800000181,success,1.0,1.0,1.0,1.0,1.0,1.0,1.0,1.0,1.0,1.0
feature_screen_with_shrinkage_lda,5,S05_personal_fold02,2,win0p25s_50ov__trim20_each_end__EMG_ACC__ShrinkageLDA,win0p25s_50ov,0.25,315,157,trim20_each_end,0.2,0.2,EMG_ACC,24,ShrinkageLDA,792,4010,285,3.1390465999975277,success,0.9719298245614035,0.9719298245614034,0.9753846153846155,0.9719298245614034,0.9717909062789978,1.0,1.0,1.0,1.0,1.0
feature_screen_with_shrinkage_lda,5,S05_personal_fold03,3,win0p25s_50ov__trim20_each_end__EMG_ACC__ShrinkageLDA,win0p25s_50ov,0.25,315,157,trim20_each_end,0.2,0.2,EMG_ACC,24,ShrinkageLDA,792,4010,285,3.00694360000125,success,1.0,1.0,1.0,1.0,1.0,1.0,1.0,1.0,1.0,1.0
feature_screen_with_shrinkage_lda,5,S05_personal_fold04,4,win0p25s_50ov__trim20_each_end__EMG_ACC__ShrinkageLDA,win0p25s_50ov,0.25,315,157,trim20_each_end,0.2,0.2,EMG_ACC,24,ShrinkageLDA,792,4010,285,3.130736099999922,success,0.9719298245614035,0.9719298245614034,0.9753846153846155,0.9719298245614034,0.9717909062789978,1.0,1.0,1.0,1.0,1.0
feature_screen_with_shrinkage_lda,5,S05_personal_fold05,5,win0p25s_50ov__trim20_each_end__EMG_ACC__ShrinkageLDA,win0p25s_50ov,0.25,315,157,trim20_each_end,0.2,0.2,EMG_ACC,24,ShrinkageLDA,792,4010,285,2.9317713000018557,success,0.9052631578947369,0.9052631578947368,0.9265719678944195,0.9052631578947368,0.9030788441103261,1.0,1.0,1.0,1.0,1.0
feature_screen_with_shrinkage_lda,5,S05_personal_fold06,6,win0p25s_50ov__trim20_each_end__EMG_ACC__ShrinkageLDA,win0p25s_50ov,0.25,315,157,trim20_each_end,0.2,0.2,EMG_ACC,24,ShrinkageLDA,792,4010,285,3.0050158000012743,success,0.9403508771929825,0.9403508771929825,0.9476441611127209,0.9403508771929825,0.9404718667754718,1.0,1.0,1.0,1.0,1.0
feature_screen_with_shrinkage_lda,5,S05_personal_fold07,7,win0p25s_50ov__trim20_each_end__EMG_ACC__ShrinkageLDA,win0p25s_50ov,0.25,315,157,trim20_each_end,0.2,0.2,EMG_ACC,24,ShrinkageLDA,792,1710,2585,1.603001099996618,success,0.8518375241779497,0.8320858184090911,0.8506981446867771,0.8320858184090911,0.8341672766392879,1.0,1.0,1.0,1.0,1.0
feature_screen_with_shrinkage_lda,5,S05_personal_fold08,8,win0p25s_50ov__trim20_each_end__EMG_ACC__ShrinkageLDA,win0p25s_50ov,0.25,315,157,trim20_each_end,0.2,0.2,EMG_ACC,24,ShrinkageLDA,792,1710,285,1.7031519999982265,success,0.9087719298245615,0.9087719298245613,0.933142037302726,0.9087719298245613,0.9055122934619337,1.0,1.0,1.0,1.0,1.0
feature_screen_with_shrinkage_lda,5,S05_personal_fold01,1,win0p25s_50ov__trim20_each_end__EMG_IMU__ShrinkageLDA,win0p25s_50ov,0.25,315,157,trim20_each_end,0.2,0.2,EMG_IMU,42,ShrinkageLDA,1386,4010,285,18.448300399999425,success,1.0,1.0,1.0,1.0,1.0,1.0,1.0,1.0,1.0,1.0
feature_screen_with_shrinkage_lda,5,S05_personal_fold02,2,win0p25s_50ov__trim20_each_end__EMG_IMU__ShrinkageLDA,win0p25s_50ov,0.25,315,157,trim20_each_end,0.2,0.2,EMG_IMU,42,ShrinkageLDA,1386,4010,285,16.731477000001178,success,0.9894736842105263,0.9894736842105264,0.99,0.9894736842105264,0.9894663894663894,1.0,1.0,1.0,1.0,1.0
feature_screen_with_shrinkage_lda,5,S05_personal_fold03,3,win0p25s_50ov__trim20_each_end__EMG_IMU__ShrinkageLDA,win0p25s_50ov,0.25,315,157,trim20_each_end,0.2,0.2,EMG_IMU,42,ShrinkageLDA,1386,4010,285,14.946200400001544,success,0.9929824561403509,0.9929824561403509,0.9932203389830508,0.9929824561403509,0.9929802955665025,1.0,1.0,1.0,1.0,1.0
feature_screen_with_shrinkage_lda,5,S05_personal_fold04,4,win0p25s_50ov__trim20_each_end__EMG_IMU__ShrinkageLDA,win0p25s_50ov,0.25,315,157,trim20_each_end,0.2,0.2,EMG_IMU,42,ShrinkageLDA,1386,4010,285,13.441244499997993,success,0.9228070175438596,0.9228070175438596,0.9443037974683545,0.9228070175438596,0.9198209718670076,1.0,1.0,1.0,1.0,1.0
feature_screen_with_shrinkage_lda,5,S05_personal_fold05,5,win0p25s_50ov__trim20_each_end__EMG_IMU__ShrinkageLDA,win0p25s_50ov,0.25,315,157,trim20_each_end,0.2,0.2,EMG_IMU,42,ShrinkageLDA,1386,4010,285,13.502141299999494,success,0.8631578947368421,0.8631578947368421,0.901777759445636,0.8631578947368421,0.8513205385611288,0.8,0.8,0.7,0.8,0.7333333333333333
feature_screen_with_shrinkage_lda,5,S05_personal_fold06,6,win0p25s_50ov__trim20_each_end__EMG_IMU__ShrinkageLDA,win0p25s_50ov,0.25,315,157,trim20_each_end,0.2,0.2,EMG_IMU,42,ShrinkageLDA,1386,4010,285,16.04064379999909,success,0.9298245614035088,0.9298245614035088,0.9401515151515152,0.9298245614035088,0.9295730403605145,1.0,1.0,1.0,1.0,1.0
feature_screen_with_shrinkage_lda,5,S05_personal_fold07,7,win0p25s_50ov__trim20_each_end__EMG_IMU__ShrinkageLDA,win0p25s_50ov,0.25,315,157,trim20_each_end,0.2,0.2,EMG_IMU,42,ShrinkageLDA,1386,1710,2585,8.507505300000048,success,0.8410058027079303,0.8197021561020499,0.8493978969244486,0.8197021561020499,0.8206401774754954,1.0,1.0,1.0,1.0,1.0
feature_screen_with_shrinkage_lda,5,S05_personal_fold08,8,win0p25s_50ov__trim20_each_end__EMG_IMU__ShrinkageLDA,win0p25s_50ov,0.25,315,157,trim20_each_end,0.2,0.2,EMG_IMU,42,ShrinkageLDA,1386,1710,285,9.290010900000198,success,0.9333333333333333,0.9333333333333332,0.95,0.9333333333333332,0.9321586599241467,1.0,1.0,1.0,1.0,1.0
feature_screen_with_shrinkage_lda,5,S05_personal_fold01,1,win0p5s_50ov__full_segment__EMG__ShrinkageLDA,win0p5s_50ov,0.5,630,315,full_segment,0.0,0.0,EMG,6,ShrinkageLDA,198,3321,235,0.26237399999808986,success,0.9744680851063829,0.9744680851063829,0.9761504601840736,0.9744680851063829,0.9745782977124392,1.0,1.0,1.0,1.0,1.0
feature_screen_with_shrinkage_lda,5,S05_personal_fold02,2,win0p5s_50ov__full_segment__EMG__ShrinkageLDA,win0p5s_50ov,0.5,630,315,full_segment,0.0,0.0,EMG,6,ShrinkageLDA,198,3321,235,0.24663049999799114,success,0.9106382978723404,0.9106382978723403,0.9332575757575757,0.9106382978723403,0.9127229129022787,1.0,1.0,1.0,1.0,1.0
feature_screen_with_shrinkage_lda,5,S05_personal_fold03,3,win0p5s_50ov__full_segment__EMG__ShrinkageLDA,win0p5s_50ov,0.5,630,315,full_segment,0.0,0.0,EMG,6,ShrinkageLDA,198,3321,235,0.258916800001316,success,0.9872340425531915,0.9872340425531915,0.9876700680272108,0.9872340425531915,0.9872297064540735,1.0,1.0,1.0,1.0,1.0
feature_screen_with_shrinkage_lda,5,S05_personal_fold04,4,win0p5s_50ov__full_segment__EMG__ShrinkageLDA,win0p5s_50ov,0.5,630,315,full_segment,0.0,0.0,EMG,6,ShrinkageLDA,198,3321,235,0.30529089999981807,success,0.8638297872340426,0.8638297872340426,0.9189873417721518,0.8638297872340426,0.8459805427547362,0.8,0.8,0.7,0.8,0.7333333333333333
feature_screen_with_shrinkage_lda,5,S05_personal_fold05,5,win0p5s_50ov__full_segment__EMG__ShrinkageLDA,win0p5s_50ov,0.5,630,315,full_segment,0.0,0.0,EMG,6,ShrinkageLDA,198,3321,235,0.2507015000010142,success,0.9446808510638298,0.9446808510638298,0.9487564256471819,0.9446808510638298,0.9413036258274353,1.0,1.0,1.0,1.0,1.0
feature_screen_with_shrinkage_lda,5,S05_personal_fold06,6,win0p5s_50ov__full_segment__EMG__ShrinkageLDA,win0p5s_50ov,0.5,630,315,full_segment,0.0,0.0,EMG,6,ShrinkageLDA,198,3321,235,0.2043502999986231,success,0.9531914893617022,0.9531914893617021,0.9565612648221343,0.9531914893617021,0.9525747562651311,1.0,1.0,1.0,1.0,1.0
feature_screen_with_shrinkage_lda,5,S05_personal_fold07,7,win0p5s_50ov__full_segment__EMG__ShrinkageLDA,win0p5s_50ov,0.5,630,315,full_segment,0.0,0.0,EMG,6,ShrinkageLDA,198,1410,2146,0.11856849999821861,success,0.8830382106244176,0.8680233207270526,0.8945600153246935,0.8680233207270526,0.8704736721354189,1.0,1.0,1.0,1.0,1.0
feature_screen_with_shrinkage_lda,5,S05_personal_fold08,8,win0p5s_50ov__full_segment__EMG__ShrinkageLDA,win0p5s_50ov,0.5,630,315,full_segment,0.0,0.0,EMG,6,ShrinkageLDA,198,1410,235,0.12379090000104043,success,0.9659574468085106,0.9659574468085106,0.9680561649846424,0.9659574468085106,0.9658743961352657,1.0,1.0,1.0,1.0,1.0
feature_screen_with_shrinkage_lda,5,S05_personal_fold01,1,win0p5s_50ov__full_segment__EMG_ACC__ShrinkageLDA,win0p5s_50ov,0.5,630,315,full_segment,0.0,0.0,EMG_ACC,24,ShrinkageLDA,792,3321,235,3.988728099997388,success,0.9957446808510638,0.9957446808510639,0.9958333333333332,0.9957446808510639,0.9957441992076965,1.0,1.0,1.0,1.0,1.0
feature_screen_with_shrinkage_lda,5,S05_personal_fold02,2,win0p5s_50ov__full_segment__EMG_ACC__ShrinkageLDA,win0p5s_50ov,0.5,630,315,full_segment,0.0,0.0,EMG_ACC,24,ShrinkageLDA,792,3321,235,3.2236608999992313,success,0.9872340425531915,0.9872340425531915,0.9879999999999999,0.9872340425531915,0.9872210263962842,1.0,1.0,1.0,1.0,1.0
feature_screen_with_shrinkage_lda,5,S05_personal_fold03,3,win0p5s_50ov__full_segment__EMG_ACC__ShrinkageLDA,win0p5s_50ov,0.5,630,315,full_segment,0.0,0.0,EMG_ACC,24,ShrinkageLDA,792,3321,235,2.982466800000111,success,0.9872340425531915,0.9872340425531915,0.9876700680272108,0.9872340425531915,0.9872297064540735,1.0,1.0,1.0,1.0,1.0
feature_screen_with_shrinkage_lda,5,S05_personal_fold04,4,win0p5s_50ov__full_segment__EMG_ACC__ShrinkageLDA,win0p5s_50ov,0.5,630,315,full_segment,0.0,0.0,EMG_ACC,24,ShrinkageLDA,792,3321,235,2.7070094000009703,success,0.9063829787234042,0.9063829787234041,0.9362318840579711,0.9063829787234041,0.9009578544061302,1.0,1.0,1.0,1.0,1.0
feature_screen_with_shrinkage_lda,5,S05_personal_fold05,5,win0p5s_50ov__full_segment__EMG_ACC__ShrinkageLDA,win0p5s_50ov,0.5,630,315,full_segment,0.0,0.0,EMG_ACC,24,ShrinkageLDA,792,3321,235,2.559396900000138,success,0.8808510638297873,0.8808510638297872,0.8958741429098961,0.8808510638297872,0.8722962647071402,1.0,1.0,1.0,1.0,1.0
feature_screen_with_shrinkage_lda,5,S05_personal_fold06,6,win0p5s_50ov__full_segment__EMG_ACC__ShrinkageLDA,win0p5s_50ov,0.5,630,315,full_segment,0.0,0.0,EMG_ACC,24,ShrinkageLDA,792,3321,235,2.9274027999999817,success,0.9531914893617022,0.9531914893617021,0.9591614906832298,0.9531914893617021,0.9531669325098264,1.0,1.0,1.0,1.0,1.0
feature_screen_with_shrinkage_lda,5,S05_personal_fold07,7,win0p5s_50ov__full_segment__EMG_ACC__ShrinkageLDA,win0p5s_50ov,0.5,630,315,full_segment,0.0,0.0,EMG_ACC,24,ShrinkageLDA,792,1410,2146,1.3810365999997885,success,0.8667287977632805,0.8491631051575546,0.8696259949153813,0.8491631051575546,0.8515959090362248,1.0,1.0,1.0,1.0,1.0
feature_screen_with_shrinkage_lda,5,S05_personal_fold08,8,win0p5s_50ov__full_segment__EMG_ACC__ShrinkageLDA,win0p5s_50ov,0.5,630,315,full_segment,0.0,0.0,EMG_ACC,24,ShrinkageLDA,792,1410,235,1.420910400000139,success,0.948936170212766,0.948936170212766,0.9546558704453443,0.948936170212766,0.9485144279380883,1.0,1.0,1.0,1.0,1.0
feature_screen_with_shrinkage_lda,5,S05_personal_fold01,1,win0p5s_50ov__full_segment__EMG_IMU__ShrinkageLDA,win0p5s_50ov,0.5,630,315,full_segment,0.0,0.0,EMG_IMU,42,ShrinkageLDA,1386,3321,235,10.88382669999919,success,0.9914893617021276,0.9914893617021276,0.9918367346938777,0.9914893617021276,0.9914855072463767,1.0,1.0,1.0,1.0,1.0
feature_screen_with_shrinkage_lda,5,S05_personal_fold02,2,win0p5s_50ov__full_segment__EMG_IMU__ShrinkageLDA,win0p5s_50ov,0.5,630,315,full_segment,0.0,0.0,EMG_IMU,42,ShrinkageLDA,1386,3321,235,10.82768539999961,success,0.9957446808510638,0.9957446808510639,0.9958333333333332,0.9957446808510639,0.9957441992076965,1.0,1.0,1.0,1.0,1.0
feature_screen_with_shrinkage_lda,5,S05_personal_fold03,3,win0p5s_50ov__full_segment__EMG_IMU__ShrinkageLDA,win0p5s_50ov,0.5,630,315,full_segment,0.0,0.0,EMG_IMU,42,ShrinkageLDA,1386,3321,235,10.591560900000331,success,1.0,1.0,1.0,1.0,1.0,1.0,1.0,1.0,1.0,1.0
feature_screen_with_shrinkage_lda,5,S05_personal_fold04,4,win0p5s_50ov__full_segment__EMG_IMU__ShrinkageLDA,win0p5s_50ov,0.5,630,315,full_segment,0.0,0.0,EMG_IMU,42,ShrinkageLDA,1386,3321,235,10.69164710000041,success,0.8978723404255319,0.897872340425532,0.9323943661971832,0.897872340425532,0.8907506053268766,1.0,1.0,1.0,1.0,1.0
feature_screen_with_shrinkage_lda,5,S05_personal_fold05,5,win0p5s_50ov__full_segment__EMG_IMU__ShrinkageLDA,win0p5s_50ov,0.5,630,315,full_segment,0.0,0.0,EMG_IMU,42,ShrinkageLDA,1386,3321,235,10.604830399999628,success,0.851063829787234,0.851063829787234,0.8889746906346504,0.851063829787234,0.8274319531245231,0.8,0.8,0.7,0.8,0.7333333333333333
feature_screen_with_shrinkage_lda,5,S05_personal_fold06,6,win0p5s_50ov__full_segment__EMG_IMU__ShrinkageLDA,win0p5s_50ov,0.5,630,315,full_segment,0.0,0.0,EMG_IMU,42,ShrinkageLDA,1386,3321,235,10.846230600000126,success,0.9574468085106383,0.9574468085106382,0.9634126984126985,0.9574468085106382,0.9577366656477586,1.0,1.0,1.0,1.0,1.0
feature_screen_with_shrinkage_lda,5,S05_personal_fold07,7,win0p5s_50ov__full_segment__EMG_IMU__ShrinkageLDA,win0p5s_50ov,0.5,630,315,full_segment,0.0,0.0,EMG_IMU,42,ShrinkageLDA,1386,1410,2146,6.202215599998453,success,0.8527493010251631,0.833309433072818,0.846949748069141,0.833309433072818,0.8331611170925347,1.0,1.0,1.0,1.0,1.0
feature_screen_with_shrinkage_lda,5,S05_personal_fold08,8,win0p5s_50ov__full_segment__EMG_IMU__ShrinkageLDA,win0p5s_50ov,0.5,630,315,full_segment,0.0,0.0,EMG_IMU,42,ShrinkageLDA,1386,1410,235,6.0650829000005615,success,0.9787234042553191,0.9787234042553191,0.979304347826087,0.9787234042553191,0.9787139187306912,1.0,1.0,1.0,1.0,1.0
feature_screen_with_shrinkage_lda,5,S05_personal_fold01,1,win0p5s_50ov__trim10_each_end__EMG__ShrinkageLDA,win0p5s_50ov,0.5,630,315,trim10_each_end,0.1,0.1,EMG,6,ShrinkageLDA,198,2666,190,0.12806640000053449,success,0.9736842105263158,0.9736842105263157,0.9753658536585366,0.9736842105263157,0.9737993806854567,1.0,1.0,1.0,1.0,1.0
feature_screen_with_shrinkage_lda,5,S05_personal_fold02,2,win0p5s_50ov__trim10_each_end__EMG__ShrinkageLDA,win0p5s_50ov,0.5,630,315,trim10_each_end,0.1,0.1,EMG,6,ShrinkageLDA,198,2666,190,0.12427999999999884,success,0.9631578947368421,0.9631578947368421,0.9675990675990676,0.9631578947368421,0.9629589272516101,1.0,1.0,1.0,1.0,1.0
feature_screen_with_shrinkage_lda,5,S05_personal_fold03,3,win0p5s_50ov__trim10_each_end__EMG__ShrinkageLDA,win0p5s_50ov,0.5,630,315,trim10_each_end,0.1,0.1,EMG,6,ShrinkageLDA,198,2666,190,0.16530090000014752,success,1.0,1.0,1.0,1.0,1.0,1.0,1.0,1.0,1.0,1.0
feature_screen_with_shrinkage_lda,5,S05_personal_fold04,4,win0p5s_50ov__trim10_each_end__EMG__ShrinkageLDA,win0p5s_50ov,0.5,630,315,trim10_each_end,0.1,0.1,EMG,6,ShrinkageLDA,198,2666,190,0.12507410000034724,success,0.8473684210526315,0.8473684210526315,0.9100233100233102,0.8473684210526315,0.8242231102231102,0.8,0.8,0.7,0.8,0.7333333333333333
feature_screen_with_shrinkage_lda,5,S05_personal_fold05,5,win0p5s_50ov__trim10_each_end__EMG__ShrinkageLDA,win0p5s_50ov,0.5,630,315,trim10_each_end,0.1,0.1,EMG,6,ShrinkageLDA,198,2666,190,0.1460748000026797,success,0.9578947368421052,0.9578947368421054,0.9602376485303316,0.9578947368421054,0.9560218386726206,1.0,1.0,1.0,1.0,1.0
feature_screen_with_shrinkage_lda,5,S05_personal_fold06,6,win0p5s_50ov__trim10_each_end__EMG__ShrinkageLDA,win0p5s_50ov,0.5,630,315,trim10_each_end,0.1,0.1,EMG,6,ShrinkageLDA,198,2666,190,0.16090629999962403,success,0.9578947368421052,0.9578947368421054,0.9602377757901014,0.9578947368421054,0.9570049703383037,1.0,1.0,1.0,1.0,1.0
feature_screen_with_shrinkage_lda,5,S05_personal_fold07,7,win0p5s_50ov__trim10_each_end__EMG__ShrinkageLDA,win0p5s_50ov,0.5,630,315,trim10_each_end,0.1,0.1,EMG,6,ShrinkageLDA,198,1140,1716,0.0793085000004794,success,0.8881118881118881,0.8737357309392866,0.893580076916978,0.8737357309392866,0.8752929080355614,1.0,1.0,1.0,1.0,1.0
feature_screen_with_shrinkage_lda,5,S05_personal_fold08,8,win0p5s_50ov__trim10_each_end__EMG__ShrinkageLDA,win0p5s_50ov,0.5,630,315,trim10_each_end,0.1,0.1,EMG,6,ShrinkageLDA,198,1140,190,0.08914749999894411,success,0.968421052631579,0.968421052631579,0.9708618331053351,0.968421052631579,0.968320987654321,1.0,1.0,1.0,1.0,1.0
feature_screen_with_shrinkage_lda,5,S05_personal_fold01,1,win0p5s_50ov__trim10_each_end__EMG_ACC__ShrinkageLDA,win0p5s_50ov,0.5,630,315,trim10_each_end,0.1,0.1,EMG_ACC,24,ShrinkageLDA,792,2666,190,2.1716549000011582,success,1.0,1.0,1.0,1.0,1.0,1.0,1.0,1.0,1.0,1.0
feature_screen_with_shrinkage_lda,5,S05_personal_fold02,2,win0p5s_50ov__trim10_each_end__EMG_ACC__ShrinkageLDA,win0p5s_50ov,0.5,630,315,trim10_each_end,0.1,0.1,EMG_ACC,24,ShrinkageLDA,792,2666,190,2.1913745000019844,success,0.9947368421052631,0.9947368421052631,0.9948717948717949,0.9947368421052631,0.9947359307359307,1.0,1.0,1.0,1.0,1.0
feature_screen_with_shrinkage_lda,5,S05_personal_fold03,3,win0p5s_50ov__trim10_each_end__EMG_ACC__ShrinkageLDA,win0p5s_50ov,0.5,630,315,trim10_each_end,0.1,0.1,EMG_ACC,24,ShrinkageLDA,792,2666,190,2.1565002000024833,success,1.0,1.0,1.0,1.0,1.0,1.0,1.0,1.0,1.0,1.0
feature_screen_with_shrinkage_lda,5,S05_personal_fold04,4,win0p5s_50ov__trim10_each_end__EMG_ACC__ShrinkageLDA,win0p5s_50ov,0.5,630,315,trim10_each_end,0.1,0.1,EMG_ACC,24,ShrinkageLDA,792,2666,190,2.2429613000022073,success,0.9368421052631579,0.9368421052631579,0.952,0.9368421052631579,0.9352272727272727,1.0,1.0,1.0,1.0,1.0
feature_screen_with_shrinkage_lda,5,S05_personal_fold05,5,win0p5s_50ov__trim10_each_end__EMG_ACC__ShrinkageLDA,win0p5s_50ov,0.5,630,315,trim10_each_end,0.1,0.1,EMG_ACC,24,ShrinkageLDA,792,2666,190,2.331155399999261,success,0.9315789473684211,0.9315789473684211,0.9388430832333272,0.9315789473684211,0.9295738693719479,1.0,1.0,1.0,1.0,1.0
feature_screen_with_shrinkage_lda,5,S05_personal_fold06,6,win0p5s_50ov__trim10_each_end__EMG_ACC__ShrinkageLDA,win0p5s_50ov,0.5,630,315,trim10_each_end,0.1,0.1,EMG_ACC,24,ShrinkageLDA,792,2666,190,2.236475000001519,success,0.9473684210526315,0.9473684210526315,0.9530994152046783,0.9473684210526315,0.9470532013638076,1.0,1.0,1.0,1.0,1.0
feature_screen_with_shrinkage_lda,5,S05_personal_fold07,7,win0p5s_50ov__trim10_each_end__EMG_ACC__ShrinkageLDA,win0p5s_50ov,0.5,630,315,trim10_each_end,0.1,0.1,EMG_ACC,24,ShrinkageLDA,792,1140,1716,1.2521627999994962,success,0.8782051282051282,0.8622613991676662,0.884636475394398,0.8622613991676662,0.86543645404847,1.0,1.0,1.0,1.0,1.0
feature_screen_with_shrinkage_lda,5,S05_personal_fold08,8,win0p5s_50ov__trim10_each_end__EMG_ACC__ShrinkageLDA,win0p5s_50ov,0.5,630,315,trim10_each_end,0.1,0.1,EMG_ACC,24,ShrinkageLDA,792,1140,190,1.144842300000164,success,0.9,0.9,0.9261904761904762,0.9,0.8946286813318908,1.0,1.0,1.0,1.0,1.0
feature_screen_with_shrinkage_lda,5,S05_personal_fold01,1,win0p5s_50ov__trim10_each_end__EMG_IMU__ShrinkageLDA,win0p5s_50ov,0.5,630,315,trim10_each_end,0.1,0.1,EMG_IMU,42,ShrinkageLDA,1386,2666,190,9.534016800000245,success,0.9947368421052631,0.9947368421052631,0.9948717948717949,0.9947368421052631,0.9947359307359307,1.0,1.0,1.0,1.0,1.0
feature_screen_with_shrinkage_lda,5,S05_personal_fold02,2,win0p5s_50ov__trim10_each_end__EMG_IMU__ShrinkageLDA,win0p5s_50ov,0.5,630,315,trim10_each_end,0.1,0.1,EMG_IMU,42,ShrinkageLDA,1386,2666,190,9.403211299999384,success,1.0,1.0,1.0,1.0,1.0,1.0,1.0,1.0,1.0,1.0
feature_screen_with_shrinkage_lda,5,S05_personal_fold03,3,win0p5s_50ov__trim10_each_end__EMG_IMU__ShrinkageLDA,win0p5s_50ov,0.5,630,315,trim10_each_end,0.1,0.1,EMG_IMU,42,ShrinkageLDA,1386,2666,190,9.08724280000024,success,1.0,1.0,1.0,1.0,1.0,1.0,1.0,1.0,1.0,1.0
feature_screen_with_shrinkage_lda,5,S05_personal_fold04,4,win0p5s_50ov__trim10_each_end__EMG_IMU__ShrinkageLDA,win0p5s_50ov,0.5,630,315,trim10_each_end,0.1,0.1,EMG_IMU,42,ShrinkageLDA,1386,2666,190,9.237843200000498,success,0.8947368421052632,0.8947368421052632,0.9310344827586207,0.8947368421052632,0.8869047619047619,1.0,1.0,1.0,1.0,1.0
feature_screen_with_shrinkage_lda,5,S05_personal_fold05,5,win0p5s_50ov__trim10_each_end__EMG_IMU__ShrinkageLDA,win0p5s_50ov,0.5,630,315,trim10_each_end,0.1,0.1,EMG_IMU,42,ShrinkageLDA,1386,2666,190,8.551038300000073,success,0.9105263157894737,0.9105263157894736,0.9246861563569031,0.9105263157894736,0.903204613208693,1.0,1.0,1.0,1.0,1.0
feature_screen_with_shrinkage_lda,5,S05_personal_fold06,6,win0p5s_50ov__trim10_each_end__EMG_IMU__ShrinkageLDA,win0p5s_50ov,0.5,630,315,trim10_each_end,0.1,0.1,EMG_IMU,42,ShrinkageLDA,1386,2666,190,8.669511100000818,success,0.9368421052631579,0.9368421052631579,0.9478070175438595,0.9368421052631579,0.9359148399540077,1.0,1.0,1.0,1.0,1.0
feature_screen_with_shrinkage_lda,5,S05_personal_fold07,7,win0p5s_50ov__trim10_each_end__EMG_IMU__ShrinkageLDA,win0p5s_50ov,0.5,630,315,trim10_each_end,0.1,0.1,EMG_IMU,42,ShrinkageLDA,1386,1140,1716,5.313492199999018,success,0.8100233100233101,0.7847726228212697,0.7951063637575787,0.7847726228212697,0.7828860558245749,1.0,1.0,1.0,1.0,1.0
feature_screen_with_shrinkage_lda,5,S05_personal_fold08,8,win0p5s_50ov__trim10_each_end__EMG_IMU__ShrinkageLDA,win0p5s_50ov,0.5,630,315,trim10_each_end,0.1,0.1,EMG_IMU,42,ShrinkageLDA,1386,1140,190,5.399042699998972,success,0.9421052631578948,0.9421052631578947,0.9516666666666665,0.9421052631578947,0.9419990880072959,1.0,1.0,1.0,1.0,1.0
feature_screen_with_shrinkage_lda,5,S05_personal_fold01,1,win0p5s_50ov__trim20_each_end__EMG__ShrinkageLDA,win0p5s_50ov,0.5,630,315,trim20_each_end,0.2,0.2,EMG,6,ShrinkageLDA,198,1987,140,0.16166940000039176,success,0.9857142857142858,0.9857142857142858,0.9857142857142858,0.9857142857142858,0.9857142857142858,1.0,1.0,1.0,1.0,1.0
feature_screen_with_shrinkage_lda,5,S05_personal_fold02,2,win0p5s_50ov__trim20_each_end__EMG__ShrinkageLDA,win0p5s_50ov,0.5,630,315,trim20_each_end,0.2,0.2,EMG,6,ShrinkageLDA,198,1987,140,0.15144779999900493,success,0.9285714285714286,0.9285714285714286,0.9422222222222223,0.9285714285714286,0.9274973876698015,1.0,1.0,1.0,1.0,1.0
feature_screen_with_shrinkage_lda,5,S05_personal_fold03,3,win0p5s_50ov__trim20_each_end__EMG__ShrinkageLDA,win0p5s_50ov,0.5,630,315,trim20_each_end,0.2,0.2,EMG,6,ShrinkageLDA,198,1987,140,0.10079269999914686,success,1.0,1.0,1.0,1.0,1.0,1.0,1.0,1.0,1.0,1.0
feature_screen_with_shrinkage_lda,5,S05_personal_fold04,4,win0p5s_50ov__trim20_each_end__EMG__ShrinkageLDA,win0p5s_50ov,0.5,630,315,trim20_each_end,0.2,0.2,EMG,6,ShrinkageLDA,198,1987,140,0.12718029999814462,success,0.8071428571428572,0.8071428571428572,0.8654304923010194,0.8071428571428572,0.7782017470355964,0.8,0.8,0.7,0.8,0.7333333333333333
feature_screen_with_shrinkage_lda,5,S05_personal_fold05,5,win0p5s_50ov__trim20_each_end__EMG__ShrinkageLDA,win0p5s_50ov,0.5,630,315,trim20_each_end,0.2,0.2,EMG,6,ShrinkageLDA,198,1987,140,0.12914920000184793,success,0.9785714285714285,0.9785714285714284,0.9797701149425289,0.9785714285714284,0.9782739216290566,1.0,1.0,1.0,1.0,1.0
feature_screen_with_shrinkage_lda,5,S05_personal_fold06,6,win0p5s_50ov__trim20_each_end__EMG__ShrinkageLDA,win0p5s_50ov,0.5,630,315,trim20_each_end,0.2,0.2,EMG,6,ShrinkageLDA,198,1987,140,0.12811819999842555,success,0.9642857142857143,0.9642857142857142,0.9696969696969697,0.9642857142857142,0.9639987142397942,1.0,1.0,1.0,1.0,1.0
feature_screen_with_shrinkage_lda,5,S05_personal_fold07,7,win0p5s_50ov__trim20_each_end__EMG__ShrinkageLDA,win0p5s_50ov,0.5,630,315,trim20_each_end,0.2,0.2,EMG,6,ShrinkageLDA,198,840,1287,0.07624769999893033,success,0.8702408702408703,0.8533331023891734,0.8819495282745846,0.8533331023891734,0.8560354346369399,1.0,1.0,1.0,1.0,1.0
feature_screen_with_shrinkage_lda,5,S05_personal_fold08,8,win0p5s_50ov__trim20_each_end__EMG__ShrinkageLDA,win0p5s_50ov,0.5,630,315,trim20_each_end,0.2,0.2,EMG,6,ShrinkageLDA,198,840,140,0.06604499999957625,success,0.9928571428571429,0.9928571428571429,0.993103448275862,0.9928571428571429,0.9928548644338118,1.0,1.0,1.0,1.0,1.0
feature_screen_with_shrinkage_lda,5,S05_personal_fold01,1,win0p5s_50ov__trim20_each_end__EMG_ACC__ShrinkageLDA,win0p5s_50ov,0.5,630,315,trim20_each_end,0.2,0.2,EMG_ACC,24,ShrinkageLDA,792,1987,140,1.8319665000017267,success,0.9928571428571429,0.9928571428571429,0.993103448275862,0.9928571428571429,0.9928548644338118,1.0,1.0,1.0,1.0,1.0
feature_screen_with_shrinkage_lda,5,S05_personal_fold02,2,win0p5s_50ov__trim20_each_end__EMG_ACC__ShrinkageLDA,win0p5s_50ov,0.5,630,315,trim20_each_end,0.2,0.2,EMG_ACC,24,ShrinkageLDA,792,1987,140,1.7901434999985213,success,0.9785714285714285,0.9785714285714284,0.9806451612903226,0.9785714285714284,0.9785097537575952,1.0,1.0,1.0,1.0,1.0
feature_screen_with_shrinkage_lda,5,S05_personal_fold03,3,win0p5s_50ov__trim20_each_end__EMG_ACC__ShrinkageLDA,win0p5s_50ov,0.5,630,315,trim20_each_end,0.2,0.2,EMG_ACC,24,ShrinkageLDA,792,1987,140,1.683477700000367,success,1.0,1.0,1.0,1.0,1.0,1.0,1.0,1.0,1.0,1.0
feature_screen_with_shrinkage_lda,5,S05_personal_fold04,4,win0p5s_50ov__trim20_each_end__EMG_ACC__ShrinkageLDA,win0p5s_50ov,0.5,630,315,trim20_each_end,0.2,0.2,EMG_ACC,24,ShrinkageLDA,792,1987,140,1.6810478999977931,success,0.9,0.9,0.9184615384615384,0.9,0.8998732751337652,1.0,1.0,1.0,1.0,1.0
feature_screen_with_shrinkage_lda,5,S05_personal_fold05,5,win0p5s_50ov__trim20_each_end__EMG_ACC__ShrinkageLDA,win0p5s_50ov,0.5,630,315,trim20_each_end,0.2,0.2,EMG_ACC,24,ShrinkageLDA,792,1987,140,1.7848599000026297,success,0.9428571428571428,0.9428571428571428,0.9455636070853461,0.9428571428571428,0.9414100436412809,1.0,1.0,1.0,1.0,1.0
feature_screen_with_shrinkage_lda,5,S05_personal_fold06,6,win0p5s_50ov__trim20_each_end__EMG_ACC__ShrinkageLDA,win0p5s_50ov,0.5,630,315,trim20_each_end,0.2,0.2,EMG_ACC,24,ShrinkageLDA,792,1987,140,1.7484072000006563,success,0.9642857142857143,0.9642857142857142,0.9673076923076923,0.9642857142857142,0.9644444444444444,1.0,1.0,1.0,1.0,1.0
feature_screen_with_shrinkage_lda,5,S05_personal_fold07,7,win0p5s_50ov__trim20_each_end__EMG_ACC__ShrinkageLDA,win0p5s_50ov,0.5,630,315,trim20_each_end,0.2,0.2,EMG_ACC,24,ShrinkageLDA,792,840,1287,1.1215575999995053,success,0.8593628593628594,0.8401439497324864,0.855443143867593,0.8401439497324864,0.8443994142857643,1.0,1.0,1.0,1.0,1.0
feature_screen_with_shrinkage_lda,5,S05_personal_fold08,8,win0p5s_50ov__trim20_each_end__EMG_ACC__ShrinkageLDA,win0p5s_50ov,0.5,630,315,trim20_each_end,0.2,0.2,EMG_ACC,24,ShrinkageLDA,792,840,140,1.129693099999713,success,0.8714285714285714,0.8714285714285716,0.9217391304347826,0.8714285714285716,0.8605355005355004,0.8,0.8,0.7,0.8,0.7333333333333333
feature_screen_with_shrinkage_lda,5,S05_personal_fold01,1,win0p5s_50ov__trim20_each_end__EMG_IMU__ShrinkageLDA,win0p5s_50ov,0.5,630,315,trim20_each_end,0.2,0.2,EMG_IMU,42,ShrinkageLDA,1386,1987,140,6.998798000000534,success,1.0,1.0,1.0,1.0,1.0,1.0,1.0,1.0,1.0,1.0
feature_screen_with_shrinkage_lda,5,S05_personal_fold02,2,win0p5s_50ov__trim20_each_end__EMG_IMU__ShrinkageLDA,win0p5s_50ov,0.5,630,315,trim20_each_end,0.2,0.2,EMG_IMU,42,ShrinkageLDA,1386,1987,140,6.85015470000144,success,1.0,1.0,1.0,1.0,1.0,1.0,1.0,1.0,1.0,1.0
feature_screen_with_shrinkage_lda,5,S05_personal_fold03,3,win0p5s_50ov__trim20_each_end__EMG_IMU__ShrinkageLDA,win0p5s_50ov,0.5,630,315,trim20_each_end,0.2,0.2,EMG_IMU,42,ShrinkageLDA,1386,1987,140,6.701379500002076,success,0.9857142857142858,0.9857142857142858,0.9866666666666667,0.9857142857142858,0.9856960408684546,1.0,1.0,1.0,1.0,1.0
feature_screen_with_shrinkage_lda,5,S05_personal_fold04,4,win0p5s_50ov__trim20_each_end__EMG_IMU__ShrinkageLDA,win0p5s_50ov,0.5,630,315,trim20_each_end,0.2,0.2,EMG_IMU,42,ShrinkageLDA,1386,1987,140,7.0205289000005,success,0.8928571428571429,0.8928571428571429,0.930232558139535,0.8928571428571429,0.8845757471659222,0.8,0.8,0.7,0.8,0.7333333333333333
feature_screen_with_shrinkage_lda,5,S05_personal_fold05,5,win0p5s_50ov__trim20_each_end__EMG_IMU__ShrinkageLDA,win0p5s_50ov,0.5,630,315,trim20_each_end,0.2,0.2,EMG_IMU,42,ShrinkageLDA,1386,1987,140,6.380392499999289,success,0.9357142857142857,0.9357142857142857,0.9481481481481481,0.9357142857142857,0.9364545454545455,1.0,1.0,1.0,1.0,1.0
feature_screen_with_shrinkage_lda,5,S05_personal_fold06,6,win0p5s_50ov__trim20_each_end__EMG_IMU__ShrinkageLDA,win0p5s_50ov,0.5,630,315,trim20_each_end,0.2,0.2,EMG_IMU,42,ShrinkageLDA,1386,1987,140,6.540786400000798,success,0.9357142857142857,0.9357142857142857,0.9478632478632478,0.9357142857142857,0.9361851851851852,1.0,1.0,1.0,1.0,1.0
feature_screen_with_shrinkage_lda,5,S05_personal_fold07,7,win0p5s_50ov__trim20_each_end__EMG_IMU__ShrinkageLDA,win0p5s_50ov,0.5,630,315,trim20_each_end,0.2,0.2,EMG_IMU,42,ShrinkageLDA,1386,840,1287,4.508368599999812,success,0.8306138306138307,0.807726710350274,0.8197069716650098,0.807726710350274,0.8062529923990276,1.0,1.0,1.0,1.0,1.0
feature_screen_with_shrinkage_lda,5,S05_personal_fold08,8,win0p5s_50ov__trim20_each_end__EMG_IMU__ShrinkageLDA,win0p5s_50ov,0.5,630,315,trim20_each_end,0.2,0.2,EMG_IMU,42,ShrinkageLDA,1386,840,140,4.377905000001192,success,0.8785714285714286,0.8785714285714284,0.9244444444444444,0.8785714285714284,0.8697882938978829,0.8,0.8,0.7,0.8,0.7333333333333333
feature_screen_with_shrinkage_lda,5,S05_personal_fold01,1,win1p0s_50ov__full_segment__EMG__ShrinkageLDA,win1p0s_50ov,1.0,1260,630,full_segment,0.0,0.0,EMG,6,ShrinkageLDA,198,1647,115,0.08578050000141957,success,1.0,1.0,1.0,1.0,1.0,1.0,1.0,1.0,1.0,1.0
feature_screen_with_shrinkage_lda,5,S05_personal_fold02,2,win1p0s_50ov__full_segment__EMG__ShrinkageLDA,win1p0s_50ov,1.0,1260,630,full_segment,0.0,0.0,EMG,6,ShrinkageLDA,198,1647,115,0.09817259999908856,success,0.9478260869565217,0.9478260869565217,0.9555900621118013,0.9478260869565217,0.9482044411967685,1.0,1.0,1.0,1.0,1.0
feature_screen_with_shrinkage_lda,5,S05_personal_fold03,3,win1p0s_50ov__full_segment__EMG__ShrinkageLDA,win1p0s_50ov,1.0,1260,630,full_segment,0.0,0.0,EMG,6,ShrinkageLDA,198,1647,115,0.10215089999837801,success,0.9826086956521739,0.9826086956521738,0.984,0.9826086956521738,0.9825757575757577,1.0,1.0,1.0,1.0,1.0
feature_screen_with_shrinkage_lda,5,S05_personal_fold04,4,win1p0s_50ov__full_segment__EMG__ShrinkageLDA,win1p0s_50ov,1.0,1260,630,full_segment,0.0,0.0,EMG,6,ShrinkageLDA,198,1647,115,0.084477300002618,success,0.8869565217391304,0.8869565217391304,0.9277777777777778,0.8869565217391304,0.8771443246019517,0.8,0.8,0.7,0.8,0.7333333333333333
feature_screen_with_shrinkage_lda,5,S05_personal_fold05,5,win1p0s_50ov__full_segment__EMG__ShrinkageLDA,win1p0s_50ov,1.0,1260,630,full_segment,0.0,0.0,EMG,6,ShrinkageLDA,198,1647,115,0.08842569999978878,success,0.9565217391304348,0.9565217391304348,0.9596666666666668,0.9565217391304348,0.9546877702819583,1.0,1.0,1.0,1.0,1.0
feature_screen_with_shrinkage_lda,5,S05_personal_fold06,6,win1p0s_50ov__full_segment__EMG__ShrinkageLDA,win1p0s_50ov,1.0,1260,630,full_segment,0.0,0.0,EMG,6,ShrinkageLDA,198,1647,115,0.09777949999988778,success,0.9652173913043478,0.9652173913043478,0.9703703703703704,0.9652173913043478,0.964952380952381,1.0,1.0,1.0,1.0,1.0
feature_screen_with_shrinkage_lda,5,S05_personal_fold07,7,win1p0s_50ov__full_segment__EMG__ShrinkageLDA,win1p0s_50ov,1.0,1260,630,full_segment,0.0,0.0,EMG,6,ShrinkageLDA,198,690,1072,0.05200619999959599,success,0.9020522388059702,0.888923803172327,0.9072226878924793,0.888923803172327,0.8923087658342379,1.0,1.0,1.0,1.0,1.0
feature_screen_with_shrinkage_lda,5,S05_personal_fold08,8,win1p0s_50ov__full_segment__EMG__ShrinkageLDA,win1p0s_50ov,1.0,1260,630,full_segment,0.0,0.0,EMG,6,ShrinkageLDA,198,690,115,0.05111949999991339,success,0.9739130434782609,0.9739130434782609,0.976923076923077,0.9739130434782609,0.9738016136687232,1.0,1.0,1.0,1.0,1.0
feature_screen_with_shrinkage_lda,5,S05_personal_fold01,1,win1p0s_50ov__full_segment__EMG_ACC__ShrinkageLDA,win1p0s_50ov,1.0,1260,630,full_segment,0.0,0.0,EMG_ACC,24,ShrinkageLDA,792,1647,115,1.5201400000005378,success,1.0,1.0,1.0,1.0,1.0,1.0,1.0,1.0,1.0,1.0
feature_screen_with_shrinkage_lda,5,S05_personal_fold02,2,win1p0s_50ov__full_segment__EMG_ACC__ShrinkageLDA,win1p0s_50ov,1.0,1260,630,full_segment,0.0,0.0,EMG_ACC,24,ShrinkageLDA,792,1647,115,1.5933116000014707,success,1.0,1.0,1.0,1.0,1.0,1.0,1.0,1.0,1.0,1.0
feature_screen_with_shrinkage_lda,5,S05_personal_fold03,3,win1p0s_50ov__full_segment__EMG_ACC__ShrinkageLDA,win1p0s_50ov,1.0,1260,630,full_segment,0.0,0.0,EMG_ACC,24,ShrinkageLDA,792,1647,115,1.50241399999868,success,1.0,1.0,1.0,1.0,1.0,1.0,1.0,1.0,1.0,1.0
feature_screen_with_shrinkage_lda,5,S05_personal_fold04,4,win1p0s_50ov__full_segment__EMG_ACC__ShrinkageLDA,win1p0s_50ov,1.0,1260,630,full_segment,0.0,0.0,EMG_ACC,24,ShrinkageLDA,792,1647,115,1.3981346000000485,success,0.8782608695652174,0.8782608695652174,0.9243243243243242,0.8782608695652174,0.8658333333333333,0.8,0.8,0.7,0.8,0.7333333333333333
feature_screen_with_shrinkage_lda,5,S05_personal_fold05,5,win1p0s_50ov__full_segment__EMG_ACC__ShrinkageLDA,win1p0s_50ov,1.0,1260,630,full_segment,0.0,0.0,EMG_ACC,24,ShrinkageLDA,792,1647,115,1.3866192999994382,success,0.9043478260869565,0.9043478260869564,0.9117857142857144,0.9043478260869564,0.9001474016179898,1.0,1.0,1.0,1.0,1.0
feature_screen_with_shrinkage_lda,5,S05_personal_fold06,6,win1p0s_50ov__full_segment__EMG_ACC__ShrinkageLDA,win1p0s_50ov,1.0,1260,630,full_segment,0.0,0.0,EMG_ACC,24,ShrinkageLDA,792,1647,115,1.5238779999999679,success,0.9652173913043478,0.9652173913043478,0.9703703703703704,0.9652173913043478,0.9658181818181818,1.0,1.0,1.0,1.0,1.0
feature_screen_with_shrinkage_lda,5,S05_personal_fold07,7,win1p0s_50ov__full_segment__EMG_ACC__ShrinkageLDA,win1p0s_50ov,1.0,1260,630,full_segment,0.0,0.0,EMG_ACC,24,ShrinkageLDA,792,690,1072,0.9321466999972472,success,0.8936567164179104,0.8785818042694544,0.8925184177198136,0.8785818042694544,0.8839082529854455,1.0,1.0,1.0,1.0,1.0
feature_screen_with_shrinkage_lda,5,S05_personal_fold08,8,win1p0s_50ov__full_segment__EMG_ACC__ShrinkageLDA,win1p0s_50ov,1.0,1260,630,full_segment,0.0,0.0,EMG_ACC,24,ShrinkageLDA,792,690,115,0.8794068000024708,success,0.9478260869565217,0.9478260869565217,0.9542857142857143,0.9478260869565217,0.9480454338183477,1.0,1.0,1.0,1.0,1.0
feature_screen_with_shrinkage_lda,5,S05_personal_fold01,1,win1p0s_50ov__full_segment__EMG_IMU__ShrinkageLDA,win1p0s_50ov,1.0,1260,630,full_segment,0.0,0.0,EMG_IMU,42,ShrinkageLDA,1386,1647,115,6.226672299999336,success,1.0,1.0,1.0,1.0,1.0,1.0,1.0,1.0,1.0,1.0
feature_screen_with_shrinkage_lda,5,S05_personal_fold02,2,win1p0s_50ov__full_segment__EMG_IMU__ShrinkageLDA,win1p0s_50ov,1.0,1260,630,full_segment,0.0,0.0,EMG_IMU,42,ShrinkageLDA,1386,1647,115,6.113387399997009,success,1.0,1.0,1.0,1.0,1.0,1.0,1.0,1.0,1.0,1.0
feature_screen_with_shrinkage_lda,5,S05_personal_fold03,3,win1p0s_50ov__full_segment__EMG_IMU__ShrinkageLDA,win1p0s_50ov,1.0,1260,630,full_segment,0.0,0.0,EMG_IMU,42,ShrinkageLDA,1386,1647,115,6.218972400001803,success,1.0,1.0,1.0,1.0,1.0,1.0,1.0,1.0,1.0,1.0
feature_screen_with_shrinkage_lda,5,S05_personal_fold04,4,win1p0s_50ov__full_segment__EMG_IMU__ShrinkageLDA,win1p0s_50ov,1.0,1260,630,full_segment,0.0,0.0,EMG_IMU,42,ShrinkageLDA,1386,1647,115,6.48201809999955,success,0.9304347826086956,0.9304347826086957,0.9483870967741936,0.9304347826086957,0.9282651072124757,1.0,1.0,1.0,1.0,1.0
feature_screen_with_shrinkage_lda,5,S05_personal_fold05,5,win1p0s_50ov__full_segment__EMG_IMU__ShrinkageLDA,win1p0s_50ov,1.0,1260,630,full_segment,0.0,0.0,EMG_IMU,42,ShrinkageLDA,1386,1647,115,6.301128000002791,success,0.8782608695652174,0.8782608695652174,0.9073939393939394,0.8782608695652174,0.8643867243867243,0.8,0.8,0.7,0.8,0.7333333333333333
feature_screen_with_shrinkage_lda,5,S05_personal_fold06,6,win1p0s_50ov__full_segment__EMG_IMU__ShrinkageLDA,win1p0s_50ov,1.0,1260,630,full_segment,0.0,0.0,EMG_IMU,42,ShrinkageLDA,1386,1647,115,6.47287690000303,success,0.9739130434782609,0.9739130434782609,0.9753043478260871,0.9739130434782609,0.9738801054018446,1.0,1.0,1.0,1.0,1.0
feature_screen_with_shrinkage_lda,5,S05_personal_fold07,7,win1p0s_50ov__full_segment__EMG_IMU__ShrinkageLDA,win1p0s_50ov,1.0,1260,630,full_segment,0.0,0.0,EMG_IMU,42,ShrinkageLDA,1386,690,1072,4.371597000001202,success,0.7975746268656716,0.7696323233419515,0.7819612222994866,0.7696323233419515,0.7706674718811859,1.0,1.0,1.0,1.0,1.0
feature_screen_with_shrinkage_lda,5,S05_personal_fold08,8,win1p0s_50ov__full_segment__EMG_IMU__ShrinkageLDA,win1p0s_50ov,1.0,1260,630,full_segment,0.0,0.0,EMG_IMU,42,ShrinkageLDA,1386,690,115,4.277317899999616,success,0.9826086956521739,0.9826086956521738,0.984,0.9826086956521738,0.9825757575757577,1.0,1.0,1.0,1.0,1.0
feature_screen_with_shrinkage_lda,5,S05_personal_fold01,1,win1p0s_50ov__trim10_each_end__EMG__ShrinkageLDA,win1p0s_50ov,1.0,1260,630,trim10_each_end,0.1,0.1,EMG,6,ShrinkageLDA,198,1331,95,0.07844919999843114,success,1.0,1.0,1.0,1.0,1.0,1.0,1.0,1.0,1.0,1.0
feature_screen_with_shrinkage_lda,5,S05_personal_fold02,2,win1p0s_50ov__trim10_each_end__EMG__ShrinkageLDA,win1p0s_50ov,1.0,1260,630,trim10_each_end,0.1,0.1,EMG,6,ShrinkageLDA,198,1331,95,0.08683000000019092,success,0.968421052631579,0.968421052631579,0.9727272727272727,0.968421052631579,0.9682229965156793,1.0,1.0,1.0,1.0,1.0
feature_screen_with_shrinkage_lda,5,S05_personal_fold03,3,win1p0s_50ov__trim10_each_end__EMG__ShrinkageLDA,win1p0s_50ov,1.0,1260,630,trim10_each_end,0.1,0.1,EMG,6,ShrinkageLDA,198,1331,95,0.0911539000007906,success,1.0,1.0,1.0,1.0,1.0,1.0,1.0,1.0,1.0,1.0
feature_screen_with_shrinkage_lda,5,S05_personal_fold04,4,win1p0s_50ov__trim10_each_end__EMG__ShrinkageLDA,win1p0s_50ov,1.0,1260,630,trim10_each_end,0.1,0.1,EMG,6,ShrinkageLDA,198,1331,95,0.07783540000309586,success,0.8421052631578947,0.8421052631578947,0.9117647058823529,0.8421052631578947,0.8129614438063987,0.8,0.8,0.7,0.8,0.7333333333333333
feature_screen_with_shrinkage_lda,5,S05_personal_fold05,5,win1p0s_50ov__trim10_each_end__EMG__ShrinkageLDA,win1p0s_50ov,1.0,1260,630,trim10_each_end,0.1,0.1,EMG,6,ShrinkageLDA,198,1331,95,0.0893672999991395,success,0.9473684210526315,0.9473684210526315,0.9536796536796537,0.9473684210526315,0.9450628233555063,1.0,1.0,1.0,1.0,1.0
feature_screen_with_shrinkage_lda,5,S05_personal_fold06,6,win1p0s_50ov__trim10_each_end__EMG__ShrinkageLDA,win1p0s_50ov,1.0,1260,630,trim10_each_end,0.1,0.1,EMG,6,ShrinkageLDA,198,1331,95,0.08570120000149473,success,0.968421052631579,0.968421052631579,0.9709523809523809,0.968421052631579,0.9677289377289376,1.0,1.0,1.0,1.0,1.0
feature_screen_with_shrinkage_lda,5,S05_personal_fold07,7,win1p0s_50ov__trim10_each_end__EMG__ShrinkageLDA,win1p0s_50ov,1.0,1260,630,trim10_each_end,0.1,0.1,EMG,6,ShrinkageLDA,198,570,856,0.046428599998762365,success,0.9100467289719626,0.8982033436441302,0.9120407954043541,0.8982033436441302,0.90083842067923,1.0,1.0,1.0,1.0,1.0
feature_screen_with_shrinkage_lda,5,S05_personal_fold08,8,win1p0s_50ov__trim10_each_end__EMG__ShrinkageLDA,win1p0s_50ov,1.0,1260,630,trim10_each_end,0.1,0.1,EMG,6,ShrinkageLDA,198,570,95,0.04159989999971003,success,0.9789473684210527,0.9789473684210528,0.980952380952381,0.9789473684210528,0.9788888888888888,1.0,1.0,1.0,1.0,1.0
feature_screen_with_shrinkage_lda,5,S05_personal_fold01,1,win1p0s_50ov__trim10_each_end__EMG_ACC__ShrinkageLDA,win1p0s_50ov,1.0,1260,630,trim10_each_end,0.1,0.1,EMG_ACC,24,ShrinkageLDA,792,1331,95,1.241524599998229,success,0.9789473684210527,0.9789473684210526,0.980952380952381,0.9789473684210526,0.9788888888888889,1.0,1.0,1.0,1.0,1.0
feature_screen_with_shrinkage_lda,5,S05_personal_fold02,2,win1p0s_50ov__trim10_each_end__EMG_ACC__ShrinkageLDA,win1p0s_50ov,1.0,1260,630,trim10_each_end,0.1,0.1,EMG_ACC,24,ShrinkageLDA,792,1331,95,1.371308300000237,success,1.0,1.0,1.0,1.0,1.0,1.0,1.0,1.0,1.0,1.0
feature_screen_with_shrinkage_lda,5,S05_personal_fold03,3,win1p0s_50ov__trim10_each_end__EMG_ACC__ShrinkageLDA,win1p0s_50ov,1.0,1260,630,trim10_each_end,0.1,0.1,EMG_ACC,24,ShrinkageLDA,792,1331,95,1.460449800000788,success,1.0,1.0,1.0,1.0,1.0,1.0,1.0,1.0,1.0,1.0
feature_screen_with_shrinkage_lda,5,S05_personal_fold04,4,win1p0s_50ov__trim10_each_end__EMG_ACC__ShrinkageLDA,win1p0s_50ov,1.0,1260,630,trim10_each_end,0.1,0.1,EMG_ACC,24,ShrinkageLDA,792,1331,95,1.2926709999992454,success,0.8842105263157894,0.8842105263157893,0.9266666666666665,0.8842105263157893,0.8736205593348452,0.8,0.8,0.7,0.8,0.7333333333333333
feature_screen_with_shrinkage_lda,5,S05_personal_fold05,5,win1p0s_50ov__trim10_each_end__EMG_ACC__ShrinkageLDA,win1p0s_50ov,1.0,1260,630,trim10_each_end,0.1,0.1,EMG_ACC,24,ShrinkageLDA,792,1331,95,1.2691271000003326,success,0.9368421052631579,0.9368421052631579,0.9428571428571427,0.9368421052631579,0.9353594771241831,1.0,1.0,1.0,1.0,1.0
feature_screen_with_shrinkage_lda,5,S05_personal_fold06,6,win1p0s_50ov__trim10_each_end__EMG_ACC__ShrinkageLDA,win1p0s_50ov,1.0,1260,630,trim10_each_end,0.1,0.1,EMG_ACC,24,ShrinkageLDA,792,1331,95,1.2374945000010484,success,0.9473684210526315,0.9473684210526315,0.9583333333333333,0.9473684210526315,0.9484902177925434,1.0,1.0,1.0,1.0,1.0
feature_screen_with_shrinkage_lda,5,S05_personal_fold07,7,win1p0s_50ov__trim10_each_end__EMG_ACC__ShrinkageLDA,win1p0s_50ov,1.0,1260,630,trim10_each_end,0.1,0.1,EMG_ACC,24,ShrinkageLDA,792,570,856,0.8859482999978354,success,0.8960280373831776,0.8822113467864684,0.9008978663719823,0.8822113467864684,0.8876224249391871,1.0,1.0,1.0,1.0,1.0
feature_screen_with_shrinkage_lda,5,S05_personal_fold08,8,win1p0s_50ov__trim10_each_end__EMG_ACC__ShrinkageLDA,win1p0s_50ov,1.0,1260,630,trim10_each_end,0.1,0.1,EMG_ACC,24,ShrinkageLDA,792,570,95,0.9040313000004971,success,0.9368421052631579,0.9368421052631579,0.952,0.9368421052631579,0.9352272727272727,1.0,1.0,1.0,1.0,1.0
feature_screen_with_shrinkage_lda,5,S05_personal_fold01,1,win1p0s_50ov__trim10_each_end__EMG_IMU__ShrinkageLDA,win1p0s_50ov,1.0,1260,630,trim10_each_end,0.1,0.1,EMG_IMU,42,ShrinkageLDA,1386,1331,95,5.501142500001151,success,0.9894736842105263,0.9894736842105264,0.99,0.9894736842105264,0.9894663894663894,1.0,1.0,1.0,1.0,1.0
feature_screen_with_shrinkage_lda,5,S05_personal_fold02,2,win1p0s_50ov__trim10_each_end__EMG_IMU__ShrinkageLDA,win1p0s_50ov,1.0,1260,630,trim10_each_end,0.1,0.1,EMG_IMU,42,ShrinkageLDA,1386,1331,95,5.2899526999972295,success,1.0,1.0,1.0,1.0,1.0,1.0,1.0,1.0,1.0,1.0
feature_screen_with_shrinkage_lda,5,S05_personal_fold03,3,win1p0s_50ov__trim10_each_end__EMG_IMU__ShrinkageLDA,win1p0s_50ov,1.0,1260,630,trim10_each_end,0.1,0.1,EMG_IMU,42,ShrinkageLDA,1386,1331,95,5.38635019999856,success,1.0,1.0,1.0,1.0,1.0,1.0,1.0,1.0,1.0,1.0
feature_screen_with_shrinkage_lda,5,S05_personal_fold04,4,win1p0s_50ov__trim10_each_end__EMG_IMU__ShrinkageLDA,win1p0s_50ov,1.0,1260,630,trim10_each_end,0.1,0.1,EMG_IMU,42,ShrinkageLDA,1386,1331,95,5.441432799998438,success,0.9052631578947369,0.9052631578947368,0.9357142857142857,0.9052631578947368,0.899633162142333,1.0,1.0,1.0,1.0,1.0
feature_screen_with_shrinkage_lda,5,S05_personal_fold05,5,win1p0s_50ov__trim10_each_end__EMG_IMU__ShrinkageLDA,win1p0s_50ov,1.0,1260,630,trim10_each_end,0.1,0.1,EMG_IMU,42,ShrinkageLDA,1386,1331,95,5.314188500000455,success,0.9263157894736842,0.9263157894736842,0.9361697722567287,0.9263157894736842,0.9244100344100344,1.0,1.0,1.0,1.0,1.0
feature_screen_with_shrinkage_lda,5,S05_personal_fold06,6,win1p0s_50ov__trim10_each_end__EMG_IMU__ShrinkageLDA,win1p0s_50ov,1.0,1260,630,trim10_each_end,0.1,0.1,EMG_IMU,42,ShrinkageLDA,1386,1331,95,5.010705400000006,success,0.9578947368421052,0.9578947368421054,0.9652173913043478,0.9578947368421054,0.9587301587301587,1.0,1.0,1.0,1.0,1.0
feature_screen_with_shrinkage_lda,5,S05_personal_fold07,7,win1p0s_50ov__trim10_each_end__EMG_IMU__ShrinkageLDA,win1p0s_50ov,1.0,1260,630,trim10_each_end,0.1,0.1,EMG_IMU,42,ShrinkageLDA,1386,570,856,3.791365199998836,success,0.7838785046728972,0.754590391319291,0.7681346455785139,0.754590391319291,0.7550289170359267,1.0,1.0,1.0,1.0,1.0
feature_screen_with_shrinkage_lda,5,S05_personal_fold08,8,win1p0s_50ov__trim10_each_end__EMG_IMU__ShrinkageLDA,win1p0s_50ov,1.0,1260,630,trim10_each_end,0.1,0.1,EMG_IMU,42,ShrinkageLDA,1386,570,95,3.7535248000021966,success,0.968421052631579,0.968421052631579,0.9727272727272727,0.968421052631579,0.9682229965156793,1.0,1.0,1.0,1.0,1.0
feature_screen_with_shrinkage_lda,5,S05_personal_fold01,1,win1p0s_50ov__trim20_each_end__EMG__ShrinkageLDA,win1p0s_50ov,1.0,1260,630,trim20_each_end,0.2,0.2,EMG,6,ShrinkageLDA,198,992,70,0.07511850000082632,success,0.9857142857142858,0.9857142857142858,0.9866666666666667,0.9857142857142858,0.9856960408684546,1.0,1.0,1.0,1.0,1.0
feature_screen_with_shrinkage_lda,5,S05_personal_fold02,2,win1p0s_50ov__trim20_each_end__EMG__ShrinkageLDA,win1p0s_50ov,1.0,1260,630,trim20_each_end,0.2,0.2,EMG,6,ShrinkageLDA,198,992,70,0.07764970000062021,success,0.9285714285714286,0.9285714285714286,0.9422222222222223,0.9285714285714286,0.9273627075351214,1.0,1.0,1.0,1.0,1.0
feature_screen_with_shrinkage_lda,5,S05_personal_fold03,3,win1p0s_50ov__trim20_each_end__EMG__ShrinkageLDA,win1p0s_50ov,1.0,1260,630,trim20_each_end,0.2,0.2,EMG,6,ShrinkageLDA,198,992,70,0.07774609999978566,success,1.0,1.0,1.0,1.0,1.0,1.0,1.0,1.0,1.0,1.0
feature_screen_with_shrinkage_lda,5,S05_personal_fold04,4,win1p0s_50ov__trim20_each_end__EMG__ShrinkageLDA,win1p0s_50ov,1.0,1260,630,trim20_each_end,0.2,0.2,EMG,6,ShrinkageLDA,198,992,70,0.07414609999977984,success,0.8285714285714286,0.8285714285714286,0.9076923076923077,0.8285714285714286,0.8031808278867102,0.8,0.8,0.7,0.8,0.7333333333333333
feature_screen_with_shrinkage_lda,5,S05_personal_fold05,5,win1p0s_50ov__trim20_each_end__EMG__ShrinkageLDA,win1p0s_50ov,1.0,1260,630,trim20_each_end,0.2,0.2,EMG,6,ShrinkageLDA,198,992,70,0.0768147000017052,success,1.0,1.0,1.0,1.0,1.0,1.0,1.0,1.0,1.0,1.0
feature_screen_with_shrinkage_lda,5,S05_personal_fold06,6,win1p0s_50ov__trim20_each_end__EMG__ShrinkageLDA,win1p0s_50ov,1.0,1260,630,trim20_each_end,0.2,0.2,EMG,6,ShrinkageLDA,198,992,70,0.06929740000123275,success,0.9571428571428572,0.9571428571428571,0.9616666666666667,0.9571428571428571,0.9557701149425288,1.0,1.0,1.0,1.0,1.0
feature_screen_with_shrinkage_lda,5,S05_personal_fold07,7,win1p0s_50ov__trim20_each_end__EMG__ShrinkageLDA,win1p0s_50ov,1.0,1260,630,trim20_each_end,0.2,0.2,EMG,6,ShrinkageLDA,198,420,642,0.04686270000092918,success,0.8753894080996885,0.8591367699988389,0.8798693796170856,0.8591367699988389,0.858703453448042,1.0,1.0,1.0,1.0,1.0
feature_screen_with_shrinkage_lda,5,S05_personal_fold08,8,win1p0s_50ov__trim20_each_end__EMG__ShrinkageLDA,win1p0s_50ov,1.0,1260,630,trim20_each_end,0.2,0.2,EMG,6,ShrinkageLDA,198,420,70,0.045686299999943,success,1.0,1.0,1.0,1.0,1.0,1.0,1.0,1.0,1.0,1.0
feature_screen_with_shrinkage_lda,5,S05_personal_fold01,1,win1p0s_50ov__trim20_each_end__EMG_ACC__ShrinkageLDA,win1p0s_50ov,1.0,1260,630,trim20_each_end,0.2,0.2,EMG_ACC,24,ShrinkageLDA,792,992,70,0.9780160000009346,success,0.9714285714285714,0.9714285714285713,0.975,0.9714285714285713,0.9712820512820514,1.0,1.0,1.0,1.0,1.0
feature_screen_with_shrinkage_lda,5,S05_personal_fold02,2,win1p0s_50ov__trim20_each_end__EMG_ACC__ShrinkageLDA,win1p0s_50ov,1.0,1260,630,trim20_each_end,0.2,0.2,EMG_ACC,24,ShrinkageLDA,792,992,70,1.0539739999985613,success,1.0,1.0,1.0,1.0,1.0,1.0,1.0,1.0,1.0,1.0
feature_screen_with_shrinkage_lda,5,S05_personal_fold03,3,win1p0s_50ov__trim20_each_end__EMG_ACC__ShrinkageLDA,win1p0s_50ov,1.0,1260,630,trim20_each_end,0.2,0.2,EMG_ACC,24,ShrinkageLDA,792,992,70,1.031181899998046,success,1.0,1.0,1.0,1.0,1.0,1.0,1.0,1.0,1.0,1.0
feature_screen_with_shrinkage_lda,5,S05_personal_fold04,4,win1p0s_50ov__trim20_each_end__EMG_ACC__ShrinkageLDA,win1p0s_50ov,1.0,1260,630,trim20_each_end,0.2,0.2,EMG_ACC,24,ShrinkageLDA,792,992,70,1.028933399997186,success,0.9571428571428572,0.9571428571428571,0.9647058823529411,0.9571428571428571,0.9566451612903226,1.0,1.0,1.0,1.0,1.0
feature_screen_with_shrinkage_lda,5,S05_personal_fold05,5,win1p0s_50ov__trim20_each_end__EMG_ACC__ShrinkageLDA,win1p0s_50ov,1.0,1260,630,trim20_each_end,0.2,0.2,EMG_ACC,24,ShrinkageLDA,792,992,70,1.0267862000000605,success,0.9285714285714286,0.9285714285714285,0.9397058823529412,0.9285714285714285,0.9279272125723738,1.0,1.0,1.0,1.0,1.0
feature_screen_with_shrinkage_lda,5,S05_personal_fold06,6,win1p0s_50ov__trim20_each_end__EMG_ACC__ShrinkageLDA,win1p0s_50ov,1.0,1260,630,trim20_each_end,0.2,0.2,EMG_ACC,24,ShrinkageLDA,792,992,70,1.1317120000021532,success,0.9428571428571428,0.9428571428571428,0.9555555555555555,0.9428571428571428,0.9442307692307693,1.0,1.0,1.0,1.0,1.0
feature_screen_with_shrinkage_lda,5,S05_personal_fold07,7,win1p0s_50ov__trim20_each_end__EMG_ACC__ShrinkageLDA,win1p0s_50ov,1.0,1260,630,trim20_each_end,0.2,0.2,EMG_ACC,24,ShrinkageLDA,792,420,642,0.7757875000024796,success,0.8722741433021807,0.854381955847473,0.8767800974534801,0.854381955847473,0.8621467874110061,1.0,1.0,1.0,1.0,1.0
feature_screen_with_shrinkage_lda,5,S05_personal_fold08,8,win1p0s_50ov__trim20_each_end__EMG_ACC__ShrinkageLDA,win1p0s_50ov,1.0,1260,630,trim20_each_end,0.2,0.2,EMG_ACC,24,ShrinkageLDA,792,420,70,0.7621125000005122,success,0.9285714285714286,0.9285714285714285,0.9473684210526315,0.9285714285714285,0.9262187088274045,1.0,1.0,1.0,1.0,1.0
feature_screen_with_shrinkage_lda,5,S05_personal_fold01,1,win1p0s_50ov__trim20_each_end__EMG_IMU__ShrinkageLDA,win1p0s_50ov,1.0,1260,630,trim20_each_end,0.2,0.2,EMG_IMU,42,ShrinkageLDA,1386,992,70,4.800379000000248,success,0.9571428571428572,0.9571428571428571,0.96,0.9571428571428571,0.9570291777188329,1.0,1.0,1.0,1.0,1.0
feature_screen_with_shrinkage_lda,5,S05_personal_fold02,2,win1p0s_50ov__trim20_each_end__EMG_IMU__ShrinkageLDA,win1p0s_50ov,1.0,1260,630,trim20_each_end,0.2,0.2,EMG_IMU,42,ShrinkageLDA,1386,992,70,4.75099880000198,success,1.0,1.0,1.0,1.0,1.0,1.0,1.0,1.0,1.0,1.0
feature_screen_with_shrinkage_lda,5,S05_personal_fold03,3,win1p0s_50ov__trim20_each_end__EMG_IMU__ShrinkageLDA,win1p0s_50ov,1.0,1260,630,trim20_each_end,0.2,0.2,EMG_IMU,42,ShrinkageLDA,1386,992,70,4.587781800000812,success,1.0,1.0,1.0,1.0,1.0,1.0,1.0,1.0,1.0,1.0
feature_screen_with_shrinkage_lda,5,S05_personal_fold04,4,win1p0s_50ov__trim20_each_end__EMG_IMU__ShrinkageLDA,win1p0s_50ov,1.0,1260,630,trim20_each_end,0.2,0.2,EMG_IMU,42,ShrinkageLDA,1386,992,70,4.698155699999916,success,0.9142857142857143,0.9142857142857143,0.9400000000000001,0.9142857142857143,0.9101604278074866,1.0,1.0,1.0,1.0,1.0
feature_screen_with_shrinkage_lda,5,S05_personal_fold05,5,win1p0s_50ov__trim20_each_end__EMG_IMU__ShrinkageLDA,win1p0s_50ov,1.0,1260,630,trim20_each_end,0.2,0.2,EMG_IMU,42,ShrinkageLDA,1386,992,70,4.593963800001802,success,0.9428571428571428,0.9428571428571428,0.95,0.9428571428571428,0.9425641025641026,1.0,1.0,1.0,1.0,1.0
feature_screen_with_shrinkage_lda,5,S05_personal_fold06,6,win1p0s_50ov__trim20_each_end__EMG_IMU__ShrinkageLDA,win1p0s_50ov,1.0,1260,630,trim20_each_end,0.2,0.2,EMG_IMU,42,ShrinkageLDA,1386,992,70,4.453431300000375,success,0.9857142857142858,0.9857142857142858,0.9866666666666667,0.9857142857142858,0.9856960408684546,1.0,1.0,1.0,1.0,1.0
feature_screen_with_shrinkage_lda,5,S05_personal_fold07,7,win1p0s_50ov__trim20_each_end__EMG_IMU__ShrinkageLDA,win1p0s_50ov,1.0,1260,630,trim20_each_end,0.2,0.2,EMG_IMU,42,ShrinkageLDA,1386,420,642,3.466319499999372,success,0.8193146417445483,0.7935087741122224,0.8017070886837437,0.7935087741122224,0.7963791240263333,1.0,1.0,1.0,1.0,1.0
feature_screen_with_shrinkage_lda,5,S05_personal_fold08,8,win1p0s_50ov__trim20_each_end__EMG_IMU__ShrinkageLDA,win1p0s_50ov,1.0,1260,630,trim20_each_end,0.2,0.2,EMG_IMU,42,ShrinkageLDA,1386,420,70,3.37160870000298,success,0.9571428571428572,0.9571428571428571,0.9647058823529411,0.9571428571428571,0.9566451612903226,1.0,1.0,1.0,1.0,1.0
model_screen_on_best_feature_config,5,S05_personal_fold01,1,win0p25s_50ov__trim20_each_end__EMG_ACC__ShrinkageLDA,win0p25s_50ov,0.25,315,157,trim20_each_end,0.2,0.2,EMG_ACC,24,ShrinkageLDA,792,4010,285,2.6629673999996157,success,1.0,1.0,1.0,1.0,1.0,1.0,1.0,1.0,1.0,1.0
model_screen_on_best_feature_config,5,S05_personal_fold01,1,win0p25s_50ov__trim20_each_end__EMG_ACC__LogisticRegression,win0p25s_50ov,0.25,315,157,trim20_each_end,0.2,0.2,EMG_ACC,24,LogisticRegression,792,4010,285,1.460366300001624,success,0.968421052631579,0.968421052631579,0.9727272727272727,0.968421052631579,0.9685016025314702,1.0,1.0,1.0,1.0,1.0
model_screen_on_best_feature_config,5,S05_personal_fold01,1,win0p25s_50ov__trim20_each_end__EMG_ACC__RBF-SVM,win0p25s_50ov,0.25,315,157,trim20_each_end,0.2,0.2,EMG_ACC,24,RBF-SVM,792,4010,285,19.41568979999647,success,0.9649122807017544,0.9649122807017545,0.9683670715249664,0.9649122807017545,0.9647733624193486,1.0,1.0,1.0,1.0,1.0
model_screen_on_best_feature_config,5,S05_personal_fold01,1,win0p25s_50ov__trim20_each_end__EMG_ACC__RandomForest,win0p25s_50ov,0.25,315,157,trim20_each_end,0.2,0.2,EMG_ACC,24,RandomForest,792,4010,285,4.179791999998997,success,1.0,1.0,1.0,1.0,1.0,1.0,1.0,1.0,1.0,1.0
model_screen_on_best_feature_config,5,S05_personal_fold02,2,win0p5s_50ov__trim10_each_end__EMG_IMU__ShrinkageLDA,win0p5s_50ov,0.5,630,315,trim10_each_end,0.1,0.1,EMG_IMU,42,ShrinkageLDA,1386,2666,190,8.018944100000226,success,1.0,1.0,1.0,1.0,1.0,1.0,1.0,1.0,1.0,1.0
model_screen_on_best_feature_config,5,S05_personal_fold02,2,win0p5s_50ov__trim10_each_end__EMG_IMU__LogisticRegression,win0p5s_50ov,0.5,630,315,trim10_each_end,0.1,0.1,EMG_IMU,42,LogisticRegression,1386,2666,190,1.5338331999992079,success,0.9789473684210527,0.9789473684210528,0.980952380952381,0.9789473684210528,0.9788888888888888,1.0,1.0,1.0,1.0,1.0
model_screen_on_best_feature_config,5,S05_personal_fold02,2,win0p5s_50ov__trim10_each_end__EMG_IMU__RBF-SVM,win0p5s_50ov,0.5,630,315,trim10_each_end,0.1,0.1,EMG_IMU,42,RBF-SVM,1386,2666,190,21.429406200000813,success,0.9789473684210527,0.9789473684210526,0.980952380952381,0.9789473684210526,0.9791891891891892,1.0,1.0,1.0,1.0,1.0
model_screen_on_best_feature_config,5,S05_personal_fold02,2,win0p5s_50ov__trim10_each_end__EMG_IMU__RandomForest,win0p5s_50ov,0.5,630,315,trim10_each_end,0.1,0.1,EMG_IMU,42,RandomForest,1386,2666,190,3.646332299998903,success,1.0,1.0,1.0,1.0,1.0,1.0,1.0,1.0,1.0,1.0
model_screen_on_best_feature_config,5,S05_personal_fold03,3,win0p25s_50ov__trim10_each_end__EMG__ShrinkageLDA,win0p25s_50ov,0.25,315,157,trim10_each_end,0.1,0.1,EMG,6,ShrinkageLDA,198,5372,385,0.2685468999989098,success,1.0,1.0,1.0,1.0,1.0,1.0,1.0,1.0,1.0,1.0
model_screen_on_best_feature_config,5,S05_personal_fold03,3,win0p25s_50ov__trim10_each_end__EMG__LogisticRegression,win0p25s_50ov,0.25,315,157,trim10_each_end,0.1,0.1,EMG,6,LogisticRegression,198,5372,385,0.6468711999987136,success,0.9662337662337662,0.9662337662337663,0.9684807890767642,0.9662337662337663,0.9657052941464566,1.0,1.0,1.0,1.0,1.0
model_screen_on_best_feature_config,5,S05_personal_fold03,3,win0p25s_50ov__trim10_each_end__EMG__RBF-SVM,win0p25s_50ov,0.25,315,157,trim10_each_end,0.1,0.1,EMG,6,RBF-SVM,198,5372,385,5.06795670000065,success,0.9844155844155844,0.9844155844155844,0.9855421686746988,0.9844155844155844,0.9843918918918918,1.0,1.0,1.0,1.0,1.0
model_screen_on_best_feature_config,5,S05_personal_fold03,3,win0p25s_50ov__trim10_each_end__EMG__RandomForest,win0p25s_50ov,0.25,315,157,trim10_each_end,0.1,0.1,EMG,6,RandomForest,198,5372,385,2.789912700001878,success,1.0,1.0,1.0,1.0,1.0,1.0,1.0,1.0,1.0,1.0
model_screen_on_best_feature_config,5,S05_personal_fold04,4,win0p25s_50ov__trim20_each_end__EMG_ACC__ShrinkageLDA,win0p25s_50ov,0.25,315,157,trim20_each_end,0.2,0.2,EMG_ACC,24,ShrinkageLDA,792,4010,285,2.678964199996699,success,0.9719298245614035,0.9719298245614034,0.9753846153846155,0.9719298245614034,0.9717909062789978,1.0,1.0,1.0,1.0,1.0
model_screen_on_best_feature_config,5,S05_personal_fold04,4,win0p25s_50ov__trim20_each_end__EMG_ACC__LogisticRegression,win0p25s_50ov,0.25,315,157,trim20_each_end,0.2,0.2,EMG_ACC,24,LogisticRegression,792,4010,285,1.3571010999985447,success,0.7719298245614035,0.7719298245614035,0.8058072362420188,0.7719298245614035,0.7813444978079124,1.0,1.0,1.0,1.0,1.0
model_screen_on_best_feature_config,5,S05_personal_fold04,4,win0p25s_50ov__trim20_each_end__EMG_ACC__RBF-SVM,win0p25s_50ov,0.25,315,157,trim20_each_end,0.2,0.2,EMG_ACC,24,RBF-SVM,792,4010,285,19.153525399997307,success,0.8245614035087719,0.8245614035087719,0.8317625857458435,0.8245614035087719,0.8261552947993627,1.0,1.0,1.0,1.0,1.0
model_screen_on_best_feature_config,5,S05_personal_fold04,4,win0p25s_50ov__trim20_each_end__EMG_ACC__RandomForest,win0p25s_50ov,0.25,315,157,trim20_each_end,0.2,0.2,EMG_ACC,24,RandomForest,792,4010,285,4.320336799999495,success,0.8245614035087719,0.8245614035087719,0.8397588091200301,0.8245614035087719,0.8142883278417374,0.8,0.8,0.7,0.8,0.7333333333333333
model_screen_on_best_feature_config,5,S05_personal_fold05,5,win1p0s_50ov__trim20_each_end__EMG__ShrinkageLDA,win1p0s_50ov,1.0,1260,630,trim20_each_end,0.2,0.2,EMG,6,ShrinkageLDA,198,992,70,0.07670760000110022,success,1.0,1.0,1.0,1.0,1.0,1.0,1.0,1.0,1.0,1.0
model_screen_on_best_feature_config,5,S05_personal_fold05,5,win1p0s_50ov__trim20_each_end__EMG__LogisticRegression,win1p0s_50ov,1.0,1260,630,trim20_each_end,0.2,0.2,EMG,6,LogisticRegression,198,992,70,0.07609519999823533,success,0.9857142857142858,0.9857142857142858,0.9866666666666667,0.9857142857142858,0.9856960408684546,1.0,1.0,1.0,1.0,1.0
model_screen_on_best_feature_config,5,S05_personal_fold05,5,win1p0s_50ov__trim20_each_end__EMG__RBF-SVM,win1p0s_50ov,1.0,1260,630,trim20_each_end,0.2,0.2,EMG,6,RBF-SVM,198,992,70,0.3186730000015814,success,0.9571428571428572,0.9571428571428571,0.9647058823529411,0.9571428571428571,0.9566451612903226,1.0,1.0,1.0,1.0,1.0
model_screen_on_best_feature_config,5,S05_personal_fold05,5,win1p0s_50ov__trim20_each_end__EMG__RandomForest,win1p0s_50ov,1.0,1260,630,trim20_each_end,0.2,0.2,EMG,6,RandomForest,198,992,70,0.4308332000000519,success,0.8714285714285714,0.8714285714285716,0.9047058823529411,0.8714285714285716,0.8506142015380005,1.0,1.0,1.0,1.0,1.0
model_screen_on_best_feature_config,5,S05_personal_fold06,6,win1p0s_50ov__trim20_each_end__EMG_IMU__ShrinkageLDA,win1p0s_50ov,1.0,1260,630,trim20_each_end,0.2,0.2,EMG_IMU,42,ShrinkageLDA,1386,992,70,4.515412400000059,success,0.9857142857142858,0.9857142857142858,0.9866666666666667,0.9857142857142858,0.9856960408684546,1.0,1.0,1.0,1.0,1.0
model_screen_on_best_feature_config,5,S05_personal_fold06,6,win1p0s_50ov__trim20_each_end__EMG_IMU__LogisticRegression,win1p0s_50ov,1.0,1260,630,trim20_each_end,0.2,0.2,EMG_IMU,42,LogisticRegression,1386,992,70,0.45327679999900283,success,0.9714285714285714,0.9714285714285715,0.9723809523809525,0.9714285714285715,0.9714103265827404,1.0,1.0,1.0,1.0,1.0
model_screen_on_best_feature_config,5,S05_personal_fold06,6,win1p0s_50ov__trim20_each_end__EMG_IMU__RBF-SVM,win1p0s_50ov,1.0,1260,630,trim20_each_end,0.2,0.2,EMG_IMU,42,RBF-SVM,1386,992,70,4.294540300001245,success,0.8857142857142857,0.8857142857142858,0.9083333333333332,0.8857142857142858,0.8821212121212121,1.0,1.0,1.0,1.0,1.0
model_screen_on_best_feature_config,5,S05_personal_fold06,6,win1p0s_50ov__trim20_each_end__EMG_IMU__RandomForest,win1p0s_50ov,1.0,1260,630,trim20_each_end,0.2,0.2,EMG_IMU,42,RandomForest,1386,992,70,1.033324600000924,success,0.9,0.9,0.9110047846889952,0.9,0.8983123543123543,1.0,1.0,1.0,1.0,1.0
model_screen_on_best_feature_config,5,S05_personal_fold07,7,win1p0s_50ov__trim10_each_end__EMG__ShrinkageLDA,win1p0s_50ov,1.0,1260,630,trim10_each_end,0.1,0.1,EMG,6,ShrinkageLDA,198,570,856,0.045632299999851966,success,0.9100467289719626,0.8982033436441302,0.9120407954043541,0.8982033436441302,0.90083842067923,1.0,1.0,1.0,1.0,1.0
model_screen_on_best_feature_config,5,S05_personal_fold07,7,win1p0s_50ov__trim10_each_end__EMG__LogisticRegression,win1p0s_50ov,1.0,1260,630,trim10_each_end,0.1,0.1,EMG,6,LogisticRegression,198,570,856,0.03321730000243406,success,0.852803738317757,0.8324923160013749,0.854516801158748,0.8324923160013749,0.8357695144150448,1.0,1.0,1.0,1.0,1.0
model_screen_on_best_feature_config,5,S05_personal_fold07,7,win1p0s_50ov__trim10_each_end__EMG__RBF-SVM,win1p0s_50ov,1.0,1260,630,trim10_each_end,0.1,0.1,EMG,6,RBF-SVM,198,570,856,0.1901164000009885,success,0.7616822429906542,0.7280834683556734,0.8020178822086178,0.7280834683556734,0.7433501823566842,1.0,1.0,1.0,1.0,1.0
model_screen_on_best_feature_config,5,S05_personal_fold07,7,win1p0s_50ov__trim10_each_end__EMG__RandomForest,win1p0s_50ov,1.0,1260,630,trim10_each_end,0.1,0.1,EMG,6,RandomForest,198,570,856,0.21125349999783793,success,0.7558411214953271,0.7230667255855059,0.797388407787663,0.7230667255855059,0.7126479875547369,1.0,1.0,1.0,1.0,1.0
model_screen_on_best_feature_config,5,S05_personal_fold08,8,win1p0s_50ov__trim20_each_end__EMG__ShrinkageLDA,win1p0s_50ov,1.0,1260,630,trim20_each_end,0.2,0.2,EMG,6,ShrinkageLDA,198,420,70,0.046585899999627145,success,1.0,1.0,1.0,1.0,1.0,1.0,1.0,1.0,1.0,1.0
model_screen_on_best_feature_config,5,S05_personal_fold08,8,win1p0s_50ov__trim20_each_end__EMG__LogisticRegression,win1p0s_50ov,1.0,1260,630,trim20_each_end,0.2,0.2,EMG,6,LogisticRegression,198,420,70,0.04651860000012675,success,1.0,1.0,1.0,1.0,1.0,1.0,1.0,1.0,1.0,1.0
model_screen_on_best_feature_config,5,S05_personal_fold08,8,win1p0s_50ov__trim20_each_end__EMG__RBF-SVM,win1p0s_50ov,1.0,1260,630,trim20_each_end,0.2,0.2,EMG,6,RBF-SVM,198,420,70,0.10010250000050291,success,0.9714285714285714,0.9714285714285715,0.975,0.9714285714285715,0.9712820512820514,1.0,1.0,1.0,1.0,1.0
model_screen_on_best_feature_config,5,S05_personal_fold08,8,win1p0s_50ov__trim20_each_end__EMG__RandomForest,win1p0s_50ov,1.0,1260,630,trim20_each_end,0.2,0.2,EMG,6,RandomForest,198,420,70,0.1662453999997524,success,0.9857142857142858,0.9857142857142858,0.9866666666666667,0.9857142857142858,0.9856960408684546,1.0,1.0,1.0,1.0,1.0
feature_screen_with_shrinkage_lda,6,S06_personal_fold01,1,win0p25s_50ov__full_segment__EMG__ShrinkageLDA,win0p25s_50ov,0.25,315,157,full_segment,0.0,0.0,EMG,6,ShrinkageLDA,198,6889,480,0.2991617000006954,success,0.7,0.7,0.6990707070707071,0.7,0.6653692505039399,0.8,0.8,0.7,0.8,0.7333333333333333
feature_screen_with_shrinkage_lda,6,S06_personal_fold02,2,win0p25s_50ov__full_segment__EMG__ShrinkageLDA,win0p25s_50ov,0.25,315,157,full_segment,0.0,0.0,EMG,6,ShrinkageLDA,198,6889,480,0.3285796999989543,success,0.8395833333333333,0.8395833333333333,0.8690424453136318,0.8395833333333333,0.8456380302202284,1.0,1.0,1.0,1.0,1.0
feature_screen_with_shrinkage_lda,6,S06_personal_fold03,3,win0p25s_50ov__full_segment__EMG__ShrinkageLDA,win0p25s_50ov,0.25,315,157,full_segment,0.0,0.0,EMG,6,ShrinkageLDA,198,6889,480,0.3270251999965694,success,0.73125,0.73125,0.6860592124173613,0.73125,0.6807005550278269,0.8,0.8,0.7,0.8,0.7333333333333333
feature_screen_with_shrinkage_lda,6,S06_personal_fold04,4,win0p25s_50ov__full_segment__EMG__ShrinkageLDA,win0p25s_50ov,0.25,315,157,full_segment,0.0,0.0,EMG,6,ShrinkageLDA,198,6889,480,0.33060379999733414,success,0.7916666666666666,0.7916666666666666,0.8979591836734695,0.7916666666666666,0.7597846999048457,0.8,0.8,0.7,0.8,0.7333333333333333
feature_screen_with_shrinkage_lda,6,S06_personal_fold05,5,win0p25s_50ov__full_segment__EMG__ShrinkageLDA,win0p25s_50ov,0.25,315,157,full_segment,0.0,0.0,EMG,6,ShrinkageLDA,198,6889,480,0.28743089999989024,success,0.7083333333333334,0.7083333333333333,0.6790586937835515,0.7083333333333333,0.6630201349420795,0.8,0.8,0.7,0.8,0.7333333333333333
feature_screen_with_shrinkage_lda,6,S06_personal_fold06,6,win0p25s_50ov__full_segment__EMG__ShrinkageLDA,win0p25s_50ov,0.25,315,157,full_segment,0.0,0.0,EMG,6,ShrinkageLDA,198,6889,480,0.2969395000000077,success,0.9291666666666667,0.9291666666666668,0.936021808790473,0.9291666666666668,0.9267018768978101,1.0,1.0,1.0,1.0,1.0
feature_screen_with_shrinkage_lda,6,S06_personal_fold07,7,win0p25s_50ov__full_segment__EMG__ShrinkageLDA,win0p25s_50ov,0.25,315,157,full_segment,0.0,0.0,EMG,6,ShrinkageLDA,198,2880,4489,0.14776239999991958,success,0.7144130095789708,0.6458566750434658,0.7027537113887267,0.6458566750434658,0.635430880946352,0.6,0.6,0.4666666666666666,0.6,0.5
feature_screen_with_shrinkage_lda,6,S06_personal_fold08,8,win0p25s_50ov__full_segment__EMG__ShrinkageLDA,win0p25s_50ov,0.25,315,157,full_segment,0.0,0.0,EMG,6,ShrinkageLDA,198,2880,480,0.1477688000013586,success,0.9145833333333333,0.9145833333333334,0.9202974477891814,0.9145833333333334,0.913033381712627,1.0,1.0,1.0,1.0,1.0
feature_screen_with_shrinkage_lda,6,S06_personal_fold01,1,win0p25s_50ov__full_segment__EMG_ACC__ShrinkageLDA,win0p25s_50ov,0.25,315,157,full_segment,0.0,0.0,EMG_ACC,24,ShrinkageLDA,792,6889,480,4.167749100000947,success,0.75625,0.7562499999999999,0.7434800917044869,0.7562499999999999,0.711451933464534,0.8,0.8,0.7,0.8,0.7333333333333333
feature_screen_with_shrinkage_lda,6,S06_personal_fold02,2,win0p25s_50ov__full_segment__EMG_ACC__ShrinkageLDA,win0p25s_50ov,0.25,315,157,full_segment,0.0,0.0,EMG_ACC,24,ShrinkageLDA,792,6889,480,4.05502179999894,success,0.79375,0.7937500000000001,0.8764035618053845,0.7937500000000001,0.8011844316775265,1.0,1.0,1.0,1.0,1.0
feature_screen_with_shrinkage_lda,6,S06_personal_fold03,3,win0p25s_50ov__full_segment__EMG_ACC__ShrinkageLDA,win0p25s_50ov,0.25,315,157,full_segment,0.0,0.0,EMG_ACC,24,ShrinkageLDA,792,6889,480,4.063987499997893,success,0.5958333333333333,0.5958333333333333,0.6416666666666667,0.5958333333333333,0.5188264088264088,0.6,0.6,0.4666666666666667,0.6,0.5
feature_screen_with_shrinkage_lda,6,S06_personal_fold04,4,win0p25s_50ov__full_segment__EMG_ACC__ShrinkageLDA,win0p25s_50ov,0.25,315,157,full_segment,0.0,0.0,EMG_ACC,24,ShrinkageLDA,792,6889,480,4.20619550000265,success,0.8916666666666667,0.8916666666666666,0.9297297297297298,0.8916666666666666,0.8830913348946137,0.8,0.8,0.7,0.8,0.7333333333333333
feature_screen_with_shrinkage_lda,6,S06_personal_fold05,5,win0p25s_50ov__full_segment__EMG_ACC__ShrinkageLDA,win0p25s_50ov,0.25,315,157,full_segment,0.0,0.0,EMG_ACC,24,ShrinkageLDA,792,6889,480,4.166218499998649,success,0.69375,0.69375,0.6595275945657723,0.69375,0.6484032109035548,0.8,0.8,0.7,0.8,0.7333333333333333
feature_screen_with_shrinkage_lda,6,S06_personal_fold06,6,win0p25s_50ov__full_segment__EMG_ACC__ShrinkageLDA,win0p25s_50ov,0.25,315,157,full_segment,0.0,0.0,EMG_ACC,24,ShrinkageLDA,792,6889,480,4.236160000000382,success,0.8041666666666667,0.8041666666666666,0.844008382549057,0.8041666666666666,0.7819385036723515,0.8,0.8,0.7,0.8,0.7333333333333333
feature_screen_with_shrinkage_lda,6,S06_personal_fold07,7,win0p25s_50ov__full_segment__EMG_ACC__ShrinkageLDA,win0p25s_50ov,0.25,315,157,full_segment,0.0,0.0,EMG_ACC,24,ShrinkageLDA,792,2880,4489,2.008369199997105,success,0.7208732457117398,0.6520841179692619,0.7034654461090122,0.6520841179692619,0.6541452871126231,0.6,0.6,0.4666666666666666,0.6,0.5
feature_screen_with_shrinkage_lda,6,S06_personal_fold08,8,win0p25s_50ov__full_segment__EMG_ACC__ShrinkageLDA,win0p25s_50ov,0.25,315,157,full_segment,0.0,0.0,EMG_ACC,24,ShrinkageLDA,792,2880,480,2.1656576999994286,success,0.80625,0.80625,0.8633383010432191,0.80625,0.7512979451499376,0.8,0.8,0.7,0.8,0.7333333333333333
feature_screen_with_shrinkage_lda,6,S06_personal_fold01,1,win0p25s_50ov__full_segment__EMG_IMU__ShrinkageLDA,win0p25s_50ov,0.25,315,157,full_segment,0.0,0.0,EMG_IMU,42,ShrinkageLDA,1386,6889,480,16.844841600002837,success,0.7541666666666667,0.7541666666666667,0.7694345898004434,0.7541666666666667,0.712192565384472,0.8,0.8,0.7,0.8,0.7333333333333333
feature_screen_with_shrinkage_lda,6,S06_personal_fold02,2,win0p25s_50ov__full_segment__EMG_IMU__ShrinkageLDA,win0p25s_50ov,0.25,315,157,full_segment,0.0,0.0,EMG_IMU,42,ShrinkageLDA,1386,6889,480,16.498416200000065,success,0.8041666666666667,0.8041666666666666,0.875385579937304,0.8041666666666666,0.8136104375103006,1.0,1.0,1.0,1.0,1.0
feature_screen_with_shrinkage_lda,6,S06_personal_fold03,3,win0p25s_50ov__full_segment__EMG_IMU__ShrinkageLDA,win0p25s_50ov,0.25,315,157,full_segment,0.0,0.0,EMG_IMU,42,ShrinkageLDA,1386,6889,480,16.89863470000273,success,0.56875,0.56875,0.5769119769119768,0.56875,0.4920086509503244,0.6,0.6,0.4666666666666667,0.6,0.5
feature_screen_with_shrinkage_lda,6,S06_personal_fold04,4,win0p25s_50ov__full_segment__EMG_IMU__ShrinkageLDA,win0p25s_50ov,0.25,315,157,full_segment,0.0,0.0,EMG_IMU,42,ShrinkageLDA,1386,6889,480,16.505597999999736,success,0.93125,0.93125,0.9456548720466247,0.93125,0.9291411129212435,1.0,1.0,1.0,1.0,1.0
feature_screen_with_shrinkage_lda,6,S06_personal_fold05,5,win0p25s_50ov__full_segment__EMG_IMU__ShrinkageLDA,win0p25s_50ov,0.25,315,157,full_segment,0.0,0.0,EMG_IMU,42,ShrinkageLDA,1386,6889,480,16.59639320000133,success,0.75,0.7500000000000001,0.7528531211912458,0.7500000000000001,0.7200302072211836,0.8,0.8,0.7,0.8,0.7333333333333333
feature_screen_with_shrinkage_lda,6,S06_personal_fold06,6,win0p25s_50ov__full_segment__EMG_IMU__ShrinkageLDA,win0p25s_50ov,0.25,315,157,full_segment,0.0,0.0,EMG_IMU,42,ShrinkageLDA,1386,6889,480,16.464022300002398,success,0.9229166666666667,0.9229166666666668,0.9290177176775114,0.9229166666666668,0.9224780331132723,1.0,1.0,1.0,1.0,1.0
feature_screen_with_shrinkage_lda,6,S06_personal_fold07,7,win0p25s_50ov__full_segment__EMG_IMU__ShrinkageLDA,win0p25s_50ov,0.25,315,157,full_segment,0.0,0.0,EMG_IMU,42,ShrinkageLDA,1386,2880,4489,8.489226199999393,success,0.6988193361550457,0.6265411904408025,0.6902296846158884,0.6265411904408025,0.6284176578700573,0.6,0.6,0.4666666666666666,0.6,0.5
feature_screen_with_shrinkage_lda,6,S06_personal_fold08,8,win0p25s_50ov__full_segment__EMG_IMU__ShrinkageLDA,win0p25s_50ov,0.25,315,157,full_segment,0.0,0.0,EMG_IMU,42,ShrinkageLDA,1386,2880,480,8.145753099997819,success,0.8625,0.8625,0.9103810056409258,0.8625,0.8443544270039622,0.8,0.8,0.7,0.8,0.7333333333333333
feature_screen_with_shrinkage_lda,6,S06_personal_fold01,1,win0p25s_50ov__trim10_each_end__EMG__ShrinkageLDA,win0p25s_50ov,0.25,315,157,trim10_each_end,0.1,0.1,EMG,6,ShrinkageLDA,198,5516,385,0.24339709999912884,success,0.7064935064935065,0.7064935064935065,0.6990070257611242,0.7064935064935065,0.6712137251004507,0.8,0.8,0.7,0.8,0.7333333333333333
feature_screen_with_shrinkage_lda,6,S06_personal_fold02,2,win0p25s_50ov__trim10_each_end__EMG__ShrinkageLDA,win0p25s_50ov,0.25,315,157,trim10_each_end,0.1,0.1,EMG,6,ShrinkageLDA,198,5516,385,0.29069320000053267,success,0.8,0.8,0.8450822962665596,0.8,0.8068790513484215,1.0,1.0,1.0,1.0,1.0
feature_screen_with_shrinkage_lda,6,S06_personal_fold03,3,win0p25s_50ov__trim10_each_end__EMG__ShrinkageLDA,win0p25s_50ov,0.25,315,157,trim10_each_end,0.1,0.1,EMG,6,ShrinkageLDA,198,5516,385,0.2822911000002932,success,0.7636363636363637,0.7636363636363637,0.6902083333333333,0.7636363636363637,0.7059961315280463,0.8,0.8,0.7,0.8,0.7333333333333333
feature_screen_with_shrinkage_lda,6,S06_personal_fold04,4,win0p25s_50ov__trim10_each_end__EMG__ShrinkageLDA,win0p25s_50ov,0.25,315,157,trim10_each_end,0.1,0.1,EMG,6,ShrinkageLDA,198,5516,385,0.2684244000010949,success,0.8155844155844156,0.8155844155844155,0.904054054054054,0.8155844155844155,0.7896924870897883,0.8,0.8,0.7,0.8,0.7333333333333333
feature_screen_with_shrinkage_lda,6,S06_personal_fold05,5,win0p25s_50ov__trim10_each_end__EMG__ShrinkageLDA,win0p25s_50ov,0.25,315,157,trim10_each_end,0.1,0.1,EMG,6,ShrinkageLDA,198,5516,385,0.2771099999990838,success,0.6961038961038961,0.6961038961038961,0.6675740772738934,0.6961038961038961,0.6421434329825182,0.8,0.8,0.7,0.8,0.7333333333333333
feature_screen_with_shrinkage_lda,6,S06_personal_fold06,6,win0p25s_50ov__trim10_each_end__EMG__ShrinkageLDA,win0p25s_50ov,0.25,315,157,trim10_each_end,0.1,0.1,EMG,6,ShrinkageLDA,198,5516,385,0.2718935999982932,success,0.935064935064935,0.9350649350649352,0.9433158842733309,0.9350649350649352,0.9330647293338832,1.0,1.0,1.0,1.0,1.0
feature_screen_with_shrinkage_lda,6,S06_personal_fold07,7,win0p25s_50ov__trim10_each_end__EMG__ShrinkageLDA,win0p25s_50ov,0.25,315,157,trim10_each_end,0.1,0.1,EMG,6,ShrinkageLDA,198,2310,3591,0.14034319999700529,success,0.6992481203007519,0.6260552887895919,0.6793119624583426,0.6260552887895919,0.6087272864925921,0.6,0.6,0.4666666666666666,0.6,0.5
feature_screen_with_shrinkage_lda,6,S06_personal_fold08,8,win0p25s_50ov__trim10_each_end__EMG__ShrinkageLDA,win0p25s_50ov,0.25,315,157,trim10_each_end,0.1,0.1,EMG,6,ShrinkageLDA,198,2310,385,0.1387918999971589,success,0.9064935064935065,0.9064935064935064,0.9063865147198481,0.9064935064935064,0.9061601913943782,1.0,1.0,1.0,1.0,1.0
feature_screen_with_shrinkage_lda,6,S06_personal_fold01,1,win0p25s_50ov__trim10_each_end__EMG_ACC__ShrinkageLDA,win0p25s_50ov,0.25,315,157,trim10_each_end,0.1,0.1,EMG_ACC,24,ShrinkageLDA,792,5516,385,3.4374268999999913,success,0.7506493506493507,0.7506493506493508,0.7628655362901938,0.7506493506493508,0.7033263341503674,0.8,0.8,0.7,0.8,0.7333333333333333
feature_screen_with_shrinkage_lda,6,S06_personal_fold02,2,win0p25s_50ov__trim10_each_end__EMG_ACC__ShrinkageLDA,win0p25s_50ov,0.25,315,157,trim10_each_end,0.1,0.1,EMG_ACC,24,ShrinkageLDA,792,5516,385,3.462851000000228,success,0.7948051948051948,0.7948051948051947,0.8750299761297772,0.7948051948051947,0.8042255007755301,1.0,1.0,1.0,1.0,1.0
feature_screen_with_shrinkage_lda,6,S06_personal_fold03,3,win0p25s_50ov__trim10_each_end__EMG_ACC__ShrinkageLDA,win0p25s_50ov,0.25,315,157,trim10_each_end,0.1,0.1,EMG_ACC,24,ShrinkageLDA,792,5516,385,3.7381568999990122,success,0.638961038961039,0.638961038961039,0.6716279069767441,0.638961038961039,0.5793127853881279,0.6,0.6,0.4666666666666667,0.6,0.5
feature_screen_with_shrinkage_lda,6,S06_personal_fold04,4,win0p25s_50ov__trim10_each_end__EMG_ACC__ShrinkageLDA,win0p25s_50ov,0.25,315,157,trim10_each_end,0.1,0.1,EMG_ACC,24,ShrinkageLDA,792,5516,385,3.88735380000071,success,0.9298701298701298,0.92987012987013,0.9445368357133063,0.92987012987013,0.9276091713924636,1.0,1.0,1.0,1.0,1.0
feature_screen_with_shrinkage_lda,6,S06_personal_fold05,5,win0p25s_50ov__trim10_each_end__EMG_ACC__ShrinkageLDA,win0p25s_50ov,0.25,315,157,trim10_each_end,0.1,0.1,EMG_ACC,24,ShrinkageLDA,792,5516,385,3.9884396999987075,success,0.6961038961038961,0.6961038961038961,0.6589985423706354,0.6961038961038961,0.6427796504060297,0.8,0.8,0.7,0.8,0.7333333333333333
feature_screen_with_shrinkage_lda,6,S06_personal_fold06,6,win0p25s_50ov__trim10_each_end__EMG_ACC__ShrinkageLDA,win0p25s_50ov,0.25,315,157,trim10_each_end,0.1,0.1,EMG_ACC,24,ShrinkageLDA,792,5516,385,3.4353869000005943,success,0.7766233766233767,0.7766233766233765,0.824128073184677,0.7766233766233765,0.7391382505973516,0.8,0.8,0.7,0.8,0.7333333333333333
feature_screen_with_shrinkage_lda,6,S06_personal_fold07,7,win0p25s_50ov__trim10_each_end__EMG_ACC__ShrinkageLDA,win0p25s_50ov,0.25,315,157,trim10_each_end,0.1,0.1,EMG_ACC,24,ShrinkageLDA,792,2310,3591,1.8981944000006479,success,0.6981342244500139,0.6247939673622637,0.6845093007695673,0.6247939673622637,0.6253002542505046,0.8,0.8,0.7,0.8,0.7333333333333333
feature_screen_with_shrinkage_lda,6,S06_personal_fold08,8,win0p25s_50ov__trim10_each_end__EMG_ACC__ShrinkageLDA,win0p25s_50ov,0.25,315,157,trim10_each_end,0.1,0.1,EMG_ACC,24,ShrinkageLDA,792,2310,385,1.7856853999983286,success,0.8025974025974026,0.8025974025974026,0.8987516869095817,0.8025974025974026,0.7383356991414465,0.8,0.8,0.7,0.8,0.7333333333333333
feature_screen_with_shrinkage_lda,6,S06_personal_fold01,1,win0p25s_50ov__trim10_each_end__EMG_IMU__ShrinkageLDA,win0p25s_50ov,0.25,315,157,trim10_each_end,0.1,0.1,EMG_IMU,42,ShrinkageLDA,1386,5516,385,14.551673499998287,success,0.7480519480519481,0.7480519480519481,0.7219946298427311,0.7480519480519481,0.6963349875636298,0.8,0.8,0.7,0.8,0.7333333333333333
feature_screen_with_shrinkage_lda,6,S06_personal_fold02,2,win0p25s_50ov__trim10_each_end__EMG_IMU__ShrinkageLDA,win0p25s_50ov,0.25,315,157,trim10_each_end,0.1,0.1,EMG_IMU,42,ShrinkageLDA,1386,5516,385,14.241117499997927,success,0.8103896103896104,0.8103896103896103,0.8713498059422846,0.8103896103896103,0.8179336621271883,1.0,1.0,1.0,1.0,1.0
feature_screen_with_shrinkage_lda,6,S06_personal_fold03,3,win0p25s_50ov__trim10_each_end__EMG_IMU__ShrinkageLDA,win0p25s_50ov,0.25,315,157,trim10_each_end,0.1,0.1,EMG_IMU,42,ShrinkageLDA,1386,5516,385,14.210817399998632,success,0.6051948051948052,0.6051948051948053,0.6675438596491228,0.6051948051948053,0.5276055304947371,0.6,0.6,0.4666666666666667,0.6,0.5
feature_screen_with_shrinkage_lda,6,S06_personal_fold04,4,win0p25s_50ov__trim10_each_end__EMG_IMU__ShrinkageLDA,win0p25s_50ov,0.25,315,157,trim10_each_end,0.1,0.1,EMG_IMU,42,ShrinkageLDA,1386,5516,385,15.489718699998775,success,0.9454545454545454,0.9454545454545455,0.9510018115942028,0.9454545454545455,0.9453012803947424,1.0,1.0,1.0,1.0,1.0
feature_screen_with_shrinkage_lda,6,S06_personal_fold05,5,win0p25s_50ov__trim10_each_end__EMG_IMU__ShrinkageLDA,win0p25s_50ov,0.25,315,157,trim10_each_end,0.1,0.1,EMG_IMU,42,ShrinkageLDA,1386,5516,385,22.40141510000103,success,0.7506493506493507,0.7506493506493507,0.7896339510409518,0.7506493506493507,0.7050892095494407,0.8,0.8,0.7,0.8,0.7333333333333333
feature_screen_with_shrinkage_lda,6,S06_personal_fold06,6,win0p25s_50ov__trim10_each_end__EMG_IMU__ShrinkageLDA,win0p25s_50ov,0.25,315,157,trim10_each_end,0.1,0.1,EMG_IMU,42,ShrinkageLDA,1386,5516,385,29.10584259999814,success,0.9116883116883117,0.9116883116883117,0.9200929828453119,0.9116883116883117,0.9113417995586459,1.0,1.0,1.0,1.0,1.0
feature_screen_with_shrinkage_lda,6,S06_personal_fold07,7,win0p25s_50ov__trim10_each_end__EMG_IMU__ShrinkageLDA,win0p25s_50ov,0.25,315,157,trim10_each_end,0.1,0.1,EMG_IMU,42,ShrinkageLDA,1386,2310,3591,8.761965199999395,success,0.6775271512113618,0.5979865034746976,0.649724598086277,0.5979865034746976,0.582071792715918,0.8,0.8,0.7,0.8,0.7333333333333333
feature_screen_with_shrinkage_lda,6,S06_personal_fold08,8,win0p25s_50ov__trim10_each_end__EMG_IMU__ShrinkageLDA,win0p25s_50ov,0.25,315,157,trim10_each_end,0.1,0.1,EMG_IMU,42,ShrinkageLDA,1386,2310,385,7.515488100001676,success,0.8493506493506493,0.8493506493506494,0.9117216117216117,0.8493506493506494,0.8259458089853833,0.8,0.8,0.7,0.8,0.7333333333333333
feature_screen_with_shrinkage_lda,6,S06_personal_fold01,1,win0p25s_50ov__trim20_each_end__EMG__ShrinkageLDA,win0p25s_50ov,0.25,315,157,trim20_each_end,0.2,0.2,EMG,6,ShrinkageLDA,198,4117,285,0.20602839999992284,success,0.6140350877192983,0.6140350877192983,0.6680851063829787,0.6140350877192983,0.5975411255411255,0.6,0.6,0.4666666666666666,0.6,0.5
feature_screen_with_shrinkage_lda,6,S06_personal_fold02,2,win0p25s_50ov__trim20_each_end__EMG__ShrinkageLDA,win0p25s_50ov,0.25,315,157,trim20_each_end,0.2,0.2,EMG,6,ShrinkageLDA,198,4117,285,0.2151949999970384,success,0.7859649122807018,0.7859649122807018,0.8324404761904762,0.7859649122807018,0.7926482113604489,1.0,1.0,1.0,1.0,1.0
feature_screen_with_shrinkage_lda,6,S06_personal_fold03,3,win0p25s_50ov__trim20_each_end__EMG__ShrinkageLDA,win0p25s_50ov,0.25,315,157,trim20_each_end,0.2,0.2,EMG,6,ShrinkageLDA,198,4117,285,0.1986942999974417,success,0.7719298245614035,0.7719298245614035,0.6897435897435897,0.7719298245614035,0.712750809786306,0.8,0.8,0.7,0.8,0.7333333333333333
feature_screen_with_shrinkage_lda,6,S06_personal_fold04,4,win0p25s_50ov__trim20_each_end__EMG__ShrinkageLDA,win0p25s_50ov,0.25,315,157,trim20_each_end,0.2,0.2,EMG,6,ShrinkageLDA,198,4117,285,0.19251980000262847,success,0.8140350877192982,0.8140350877192983,0.9036363636363636,0.8140350877192983,0.7936698032506415,0.8,0.8,0.7,0.8,0.7333333333333333
feature_screen_with_shrinkage_lda,6,S06_personal_fold05,5,win0p25s_50ov__trim20_each_end__EMG__ShrinkageLDA,win0p25s_50ov,0.25,315,157,trim20_each_end,0.2,0.2,EMG,6,ShrinkageLDA,198,4117,285,0.18848840000282507,success,0.7017543859649122,0.7017543859649124,0.6835746249012898,0.7017543859649124,0.6544211862401308,0.8,0.8,0.7,0.8,0.7333333333333333
feature_screen_with_shrinkage_lda,6,S06_personal_fold06,6,win0p25s_50ov__trim20_each_end__EMG__ShrinkageLDA,win0p25s_50ov,0.25,315,157,trim20_each_end,0.2,0.2,EMG,6,ShrinkageLDA,198,4117,285,0.1864132000009704,success,0.9754385964912281,0.9754385964912281,0.9765259542648466,0.9754385964912281,0.9753778132330968,1.0,1.0,1.0,1.0,1.0
feature_screen_with_shrinkage_lda,6,S06_personal_fold07,7,win0p25s_50ov__trim20_each_end__EMG__ShrinkageLDA,win0p25s_50ov,0.25,315,157,trim20_each_end,0.2,0.2,EMG,6,ShrinkageLDA,198,1710,2692,0.09389319999900181,success,0.6950222882615156,0.6211010943163598,0.6536796749606115,0.6211010943163598,0.6061460891069528,0.6,0.6,0.4666666666666666,0.6,0.5
feature_screen_with_shrinkage_lda,6,S06_personal_fold08,8,win0p25s_50ov__trim20_each_end__EMG__ShrinkageLDA,win0p25s_50ov,0.25,315,157,trim20_each_end,0.2,0.2,EMG,6,ShrinkageLDA,198,1710,285,0.09950030000254628,success,0.8596491228070176,0.8596491228070174,0.8599443241571297,0.8596491228070174,0.8594761171032357,1.0,1.0,1.0,1.0,1.0
feature_screen_with_shrinkage_lda,6,S06_personal_fold01,1,win0p25s_50ov__trim20_each_end__EMG_ACC__ShrinkageLDA,win0p25s_50ov,0.25,315,157,trim20_each_end,0.2,0.2,EMG_ACC,24,ShrinkageLDA,792,4117,285,2.6942612000020745,success,0.7192982456140351,0.7192982456140351,0.7334645669291339,0.7192982456140351,0.6846196782066347,0.8,0.8,0.7,0.8,0.7333333333333333
feature_screen_with_shrinkage_lda,6,S06_personal_fold02,2,win0p25s_50ov__trim20_each_end__EMG_ACC__ShrinkageLDA,win0p25s_50ov,0.25,315,157,trim20_each_end,0.2,0.2,EMG_ACC,24,ShrinkageLDA,792,4117,285,2.7250246000003244,success,0.8,0.8,0.8723809523809525,0.8,0.8091696504688832,1.0,1.0,1.0,1.0,1.0
feature_screen_with_shrinkage_lda,6,S06_personal_fold03,3,win0p25s_50ov__trim20_each_end__EMG_ACC__ShrinkageLDA,win0p25s_50ov,0.25,315,157,trim20_each_end,0.2,0.2,EMG_ACC,24,ShrinkageLDA,792,4117,285,2.790566300001956,success,0.7403508771929824,0.7403508771929824,0.6876923076923077,0.7403508771929824,0.6868735872980869,0.8,0.8,0.7,0.8,0.7333333333333333
feature_screen_with_shrinkage_lda,6,S06_personal_fold04,4,win0p25s_50ov__trim20_each_end__EMG_ACC__ShrinkageLDA,win0p25s_50ov,0.25,315,157,trim20_each_end,0.2,0.2,EMG_ACC,24,ShrinkageLDA,792,4117,285,2.8761524000001373,success,0.8526315789473684,0.8526315789473685,0.8875457875457876,0.8526315789473685,0.8336081336081336,0.8,0.8,0.7,0.8,0.7333333333333333
feature_screen_with_shrinkage_lda,6,S06_personal_fold05,5,win0p25s_50ov__trim20_each_end__EMG_ACC__ShrinkageLDA,win0p25s_50ov,0.25,315,157,trim20_each_end,0.2,0.2,EMG_ACC,24,ShrinkageLDA,792,4117,285,2.845517600002495,success,0.6842105263157895,0.6842105263157896,0.7064899467563401,0.6842105263157896,0.6435936196084324,0.8,0.8,0.7,0.8,0.7333333333333333
feature_screen_with_shrinkage_lda,6,S06_personal_fold06,6,win0p25s_50ov__trim20_each_end__EMG_ACC__ShrinkageLDA,win0p25s_50ov,0.25,315,157,trim20_each_end,0.2,0.2,EMG_ACC,24,ShrinkageLDA,792,4117,285,2.7191015999997035,success,0.8,0.8,0.8369696969696969,0.8,0.7678094180793458,0.8,0.8,0.7,0.8,0.7333333333333333
feature_screen_with_shrinkage_lda,6,S06_personal_fold07,7,win0p25s_50ov__trim20_each_end__EMG_ACC__ShrinkageLDA,win0p25s_50ov,0.25,315,157,trim20_each_end,0.2,0.2,EMG_ACC,24,ShrinkageLDA,792,1710,2692,1.3715631000013673,success,0.712109955423477,0.6429675617545104,0.6976179893254157,0.6429675617545104,0.6455965559945203,0.8,0.8,0.7,0.8,0.7333333333333333
feature_screen_with_shrinkage_lda,6,S06_personal_fold08,8,win0p25s_50ov__trim20_each_end__EMG_ACC__ShrinkageLDA,win0p25s_50ov,0.25,315,157,trim20_each_end,0.2,0.2,EMG_ACC,24,ShrinkageLDA,792,1710,285,1.5130506999994395,success,0.8280701754385965,0.8280701754385966,0.9075471698113209,0.8280701754385966,0.7891080698442662,0.8,0.8,0.7,0.8,0.7333333333333333
feature_screen_with_shrinkage_lda,6,S06_personal_fold01,1,win0p25s_50ov__trim20_each_end__EMG_IMU__ShrinkageLDA,win0p25s_50ov,0.25,315,157,trim20_each_end,0.2,0.2,EMG_IMU,42,ShrinkageLDA,1386,4117,285,11.03646260000096,success,0.7228070175438597,0.7228070175438596,0.758312933496532,0.7228070175438596,0.6848334235091451,0.8,0.8,0.7,0.8,0.7333333333333333
feature_screen_with_shrinkage_lda,6,S06_personal_fold02,2,win0p25s_50ov__trim20_each_end__EMG_IMU__ShrinkageLDA,win0p25s_50ov,0.25,315,157,trim20_each_end,0.2,0.2,EMG_IMU,42,ShrinkageLDA,1386,4117,285,11.432975399999123,success,0.8350877192982457,0.8350877192982455,0.8917668506109578,0.8350877192982455,0.8438957526584302,1.0,1.0,1.0,1.0,1.0
feature_screen_with_shrinkage_lda,6,S06_personal_fold03,3,win0p25s_50ov__trim20_each_end__EMG_IMU__ShrinkageLDA,win0p25s_50ov,0.25,315,157,trim20_each_end,0.2,0.2,EMG_IMU,42,ShrinkageLDA,1386,4117,285,11.298514399997657,success,0.656140350877193,0.656140350877193,0.6735483870967742,0.656140350877193,0.5976691501987879,0.6,0.6,0.4666666666666667,0.6,0.5
feature_screen_with_shrinkage_lda,6,S06_personal_fold04,4,win0p25s_50ov__trim20_each_end__EMG_IMU__ShrinkageLDA,win0p25s_50ov,0.25,315,157,trim20_each_end,0.2,0.2,EMG_IMU,42,ShrinkageLDA,1386,4117,285,10.536674200000562,success,0.8842105263157894,0.8842105263157893,0.8994256548789453,0.8842105263157893,0.8841868579182013,1.0,1.0,1.0,1.0,1.0
feature_screen_with_shrinkage_lda,6,S06_personal_fold05,5,win0p25s_50ov__trim20_each_end__EMG_IMU__ShrinkageLDA,win0p25s_50ov,0.25,315,157,trim20_each_end,0.2,0.2,EMG_IMU,42,ShrinkageLDA,1386,4117,285,10.998506400002952,success,0.7263157894736842,0.7263157894736841,0.721694844789357,0.7263157894736841,0.6759704653840555,0.8,0.8,0.7,0.8,0.7333333333333333
feature_screen_with_shrinkage_lda,6,S06_personal_fold06,6,win0p25s_50ov__trim20_each_end__EMG_IMU__ShrinkageLDA,win0p25s_50ov,0.25,315,157,trim20_each_end,0.2,0.2,EMG_IMU,42,ShrinkageLDA,1386,4117,285,10.801556999998866,success,0.8982456140350877,0.8982456140350876,0.9096363636363638,0.8982456140350876,0.8968764026632821,1.0,1.0,1.0,1.0,1.0
feature_screen_with_shrinkage_lda,6,S06_personal_fold07,7,win0p25s_50ov__trim20_each_end__EMG_IMU__ShrinkageLDA,win0p25s_50ov,0.25,315,157,trim20_each_end,0.2,0.2,EMG_IMU,42,ShrinkageLDA,1386,1710,2692,5.958035599996947,success,0.6437592867756315,0.5562112582627058,0.6303299966322785,0.5562112582627058,0.5225618925135209,0.6,0.6,0.4666666666666666,0.6,0.5
feature_screen_with_shrinkage_lda,6,S06_personal_fold08,8,win0p25s_50ov__trim20_each_end__EMG_IMU__ShrinkageLDA,win0p25s_50ov,0.25,315,157,trim20_each_end,0.2,0.2,EMG_IMU,42,ShrinkageLDA,1386,1710,285,6.001160700001492,success,0.887719298245614,0.887719298245614,0.9156186612576065,0.887719298245614,0.8805109728136259,0.8,0.8,0.7,0.8,0.7333333333333333
feature_screen_with_shrinkage_lda,6,S06_personal_fold01,1,win0p5s_50ov__full_segment__EMG__ShrinkageLDA,win0p5s_50ov,0.5,630,315,full_segment,0.0,0.0,EMG,6,ShrinkageLDA,198,3414,236,0.16415019999840297,success,0.711864406779661,0.7148936170212765,0.6828828828828829,0.7148936170212765,0.6714697018047725,0.8,0.8,0.7,0.8,0.7333333333333333
feature_screen_with_shrinkage_lda,6,S06_personal_fold02,2,win0p5s_50ov__full_segment__EMG__ShrinkageLDA,win0p5s_50ov,0.5,630,315,full_segment,0.0,0.0,EMG,6,ShrinkageLDA,198,3414,235,0.14738460000080522,success,0.8170212765957446,0.8170212765957446,0.864961195745904,0.8170212765957446,0.826268430480915,1.0,1.0,1.0,1.0,1.0
feature_screen_with_shrinkage_lda,6,S06_personal_fold03,3,win0p5s_50ov__full_segment__EMG__ShrinkageLDA,win0p5s_50ov,0.5,630,315,full_segment,0.0,0.0,EMG,6,ShrinkageLDA,198,3414,236,0.14638170000034734,success,0.7415254237288136,0.7446808510638298,0.6866013071895425,0.7446808510638298,0.6926986578050673,0.8,0.8,0.7,0.8,0.7333333333333333
feature_screen_with_shrinkage_lda,6,S06_personal_fold04,4,win0p5s_50ov__full_segment__EMG__ShrinkageLDA,win0p5s_50ov,0.5,630,315,full_segment,0.0,0.0,EMG,6,ShrinkageLDA,198,3413,236,0.15988840000136406,success,0.7796610169491526,0.7827127659574468,0.8949494949494949,0.7827127659574468,0.7362045810293887,0.8,0.8,0.7,0.8,0.7333333333333333
feature_screen_with_shrinkage_lda,6,S06_personal_fold05,5,win0p5s_50ov__full_segment__EMG__ShrinkageLDA,win0p5s_50ov,0.5,630,315,full_segment,0.0,0.0,EMG,6,ShrinkageLDA,198,3414,235,0.16810219999752007,success,0.7148936170212766,0.7148936170212765,0.6884057597249087,0.7148936170212765,0.6686789004773603,0.8,0.8,0.7,0.8,0.7333333333333333
feature_screen_with_shrinkage_lda,6,S06_personal_fold06,6,win0p5s_50ov__full_segment__EMG__ShrinkageLDA,win0p5s_50ov,0.5,630,315,full_segment,0.0,0.0,EMG,6,ShrinkageLDA,198,3415,235,0.15097339999920223,success,0.9191489361702128,0.9191489361702129,0.922447992259313,0.9191489361702129,0.9168543263964951,1.0,1.0,1.0,1.0,1.0
feature_screen_with_shrinkage_lda,6,S06_personal_fold07,7,win0p5s_50ov__full_segment__EMG__ShrinkageLDA,win0p5s_50ov,0.5,630,315,full_segment,0.0,0.0,EMG,6,ShrinkageLDA,198,1413,2237,0.08013840000057826,success,0.7219490388913724,0.6546241876785499,0.7058615112841985,0.6546241876785499,0.6461762034741628,0.6,0.6,0.4666666666666666,0.6,0.5
feature_screen_with_shrinkage_lda,6,S06_personal_fold08,8,win0p5s_50ov__full_segment__EMG__ShrinkageLDA,win0p5s_50ov,0.5,630,315,full_segment,0.0,0.0,EMG,6,ShrinkageLDA,198,1413,235,0.08071510000081616,success,0.9148936170212766,0.9148936170212766,0.9183216783216783,0.9148936170212766,0.9142726858185135,1.0,1.0,1.0,1.0,1.0
feature_screen_with_shrinkage_lda,6,S06_personal_fold01,1,win0p5s_50ov__full_segment__EMG_ACC__ShrinkageLDA,win0p5s_50ov,0.5,630,315,full_segment,0.0,0.0,EMG_ACC,24,ShrinkageLDA,792,3414,236,2.3761240000021644,success,0.7415254237288136,0.7445921985815602,0.7253180296508848,0.7445921985815602,0.6992189208790449,0.8,0.8,0.7,0.8,0.7333333333333333
feature_screen_with_shrinkage_lda,6,S06_personal_fold02,2,win0p5s_50ov__full_segment__EMG_ACC__ShrinkageLDA,win0p5s_50ov,0.5,630,315,full_segment,0.0,0.0,EMG_ACC,24,ShrinkageLDA,792,3414,235,2.2896212999985437,success,0.7914893617021277,0.7914893617021277,0.8918367346938776,0.7914893617021277,0.7988110307414105,0.8,0.8,0.7,0.8,0.7333333333333333
feature_screen_with_shrinkage_lda,6,S06_personal_fold03,3,win0p5s_50ov__full_segment__EMG_ACC__ShrinkageLDA,win0p5s_50ov,0.5,630,315,full_segment,0.0,0.0,EMG_ACC,24,ShrinkageLDA,792,3414,236,2.440735299998778,success,0.6016949152542372,0.6042553191489362,0.6686567164179105,0.6042553191489362,0.5235069209291273,0.6,0.6,0.4666666666666667,0.6,0.5
feature_screen_with_shrinkage_lda,6,S06_personal_fold04,4,win0p5s_50ov__full_segment__EMG_ACC__ShrinkageLDA,win0p5s_50ov,0.5,630,315,full_segment,0.0,0.0,EMG_ACC,24,ShrinkageLDA,792,3413,236,2.387845400000515,success,0.8898305084745762,0.8916666666666666,0.9263888888888889,0.8916666666666666,0.8815922158337018,0.8,0.8,0.7,0.8,0.7333333333333333
feature_screen_with_shrinkage_lda,6,S06_personal_fold05,5,win0p5s_50ov__full_segment__EMG_ACC__ShrinkageLDA,win0p5s_50ov,0.5,630,315,full_segment,0.0,0.0,EMG_ACC,24,ShrinkageLDA,792,3414,235,2.409758999998303,success,0.7489361702127659,0.7489361702127659,0.7625825279606793,0.7489361702127659,0.7137181707368908,0.8,0.8,0.7,0.8,0.7333333333333333
feature_screen_with_shrinkage_lda,6,S06_personal_fold06,6,win0p5s_50ov__full_segment__EMG_ACC__ShrinkageLDA,win0p5s_50ov,0.5,630,315,full_segment,0.0,0.0,EMG_ACC,24,ShrinkageLDA,792,3415,235,2.426223200000095,success,0.9319148936170213,0.9319148936170212,0.9393416927899686,0.9319148936170212,0.9318715393133997,1.0,1.0,1.0,1.0,1.0
feature_screen_with_shrinkage_lda,6,S06_personal_fold07,7,win0p5s_50ov__full_segment__EMG_ACC__ShrinkageLDA,win0p5s_50ov,0.5,630,315,full_segment,0.0,0.0,EMG_ACC,24,ShrinkageLDA,792,1413,2237,1.3040174000016123,success,0.7174787662047385,0.6481609040564758,0.7204529555339525,0.6481609040564758,0.646166266251381,0.6,0.6,0.4666666666666666,0.6,0.5
feature_screen_with_shrinkage_lda,6,S06_personal_fold08,8,win0p5s_50ov__full_segment__EMG_ACC__ShrinkageLDA,win0p5s_50ov,0.5,630,315,full_segment,0.0,0.0,EMG_ACC,24,ShrinkageLDA,792,1413,235,1.324760299998161,success,0.8340425531914893,0.8340425531914892,0.906421568627451,0.8340425531914892,0.7985007974481658,0.8,0.8,0.7,0.8,0.7333333333333333
feature_screen_with_shrinkage_lda,6,S06_personal_fold01,1,win0p5s_50ov__full_segment__EMG_IMU__ShrinkageLDA,win0p5s_50ov,0.5,630,315,full_segment,0.0,0.0,EMG_IMU,42,ShrinkageLDA,1386,3414,236,9.585415100002137,success,0.7415254237288136,0.7445921985815602,0.7308937528499773,0.7445921985815602,0.6973125087774473,0.8,0.8,0.7,0.8,0.7333333333333333
feature_screen_with_shrinkage_lda,6,S06_personal_fold02,2,win0p5s_50ov__full_segment__EMG_IMU__ShrinkageLDA,win0p5s_50ov,0.5,630,315,full_segment,0.0,0.0,EMG_IMU,42,ShrinkageLDA,1386,3414,235,9.463991799999349,success,0.8085106382978723,0.8085106382978724,0.8936179775280898,0.8085106382978724,0.8178204339750911,1.0,1.0,1.0,1.0,1.0
feature_screen_with_shrinkage_lda,6,S06_personal_fold03,3,win0p5s_50ov__full_segment__EMG_IMU__ShrinkageLDA,win0p5s_50ov,0.5,630,315,full_segment,0.0,0.0,EMG_IMU,42,ShrinkageLDA,1386,3414,236,9.641221200003201,success,0.5720338983050848,0.574468085106383,0.6629370629370629,0.574468085106383,0.49742700908114446,0.6,0.6,0.4666666666666667,0.6,0.5
feature_screen_with_shrinkage_lda,6,S06_personal_fold04,4,win0p5s_50ov__full_segment__EMG_IMU__ShrinkageLDA,win0p5s_50ov,0.5,630,315,full_segment,0.0,0.0,EMG_IMU,42,ShrinkageLDA,1386,3413,236,9.423493100002815,success,0.9449152542372882,0.9458333333333332,0.9539057002111189,0.9458333333333332,0.943555651176133,1.0,1.0,1.0,1.0,1.0
feature_screen_with_shrinkage_lda,6,S06_personal_fold05,5,win0p5s_50ov__full_segment__EMG_IMU__ShrinkageLDA,win0p5s_50ov,0.5,630,315,full_segment,0.0,0.0,EMG_IMU,42,ShrinkageLDA,1386,3414,235,9.22605990000011,success,0.7829787234042553,0.7829787234042553,0.8029200592516335,0.7829787234042553,0.7551806685539539,0.8,0.8,0.7,0.8,0.7333333333333333
feature_screen_with_shrinkage_lda,6,S06_personal_fold06,6,win0p5s_50ov__full_segment__EMG_IMU__ShrinkageLDA,win0p5s_50ov,0.5,630,315,full_segment,0.0,0.0,EMG_IMU,42,ShrinkageLDA,1386,3415,235,9.27723530000003,success,0.9531914893617022,0.9531914893617021,0.9620689655172413,0.9531914893617021,0.9525415949512336,1.0,1.0,1.0,1.0,1.0
feature_screen_with_shrinkage_lda,6,S06_personal_fold07,7,win0p5s_50ov__full_segment__EMG_IMU__ShrinkageLDA,win0p5s_50ov,0.5,630,315,full_segment,0.0,0.0,EMG_IMU,42,ShrinkageLDA,1386,1413,2237,5.409208900000522,success,0.7063030844881538,0.6355923849768861,0.6934938518061851,0.6355923849768861,0.6346440230167316,0.6,0.6,0.4666666666666666,0.6,0.5
feature_screen_with_shrinkage_lda,6,S06_personal_fold08,8,win0p5s_50ov__full_segment__EMG_IMU__ShrinkageLDA,win0p5s_50ov,0.5,630,315,full_segment,0.0,0.0,EMG_IMU,42,ShrinkageLDA,1386,1413,235,5.30931199999759,success,0.9276595744680851,0.9276595744680851,0.9450396825396826,0.9276595744680851,0.9246479835953518,1.0,1.0,1.0,1.0,1.0
feature_screen_with_shrinkage_lda,6,S06_personal_fold01,1,win0p5s_50ov__trim10_each_end__EMG__ShrinkageLDA,win0p5s_50ov,0.5,630,315,trim10_each_end,0.1,0.1,EMG,6,ShrinkageLDA,198,2739,190,0.1476355999984662,success,0.6947368421052632,0.6947368421052631,0.6781609195402298,0.6947368421052631,0.6616444732857452,0.8,0.8,0.7,0.8,0.7333333333333333
feature_screen_with_shrinkage_lda,6,S06_personal_fold02,2,win0p5s_50ov__trim10_each_end__EMG__ShrinkageLDA,win0p5s_50ov,0.5,630,315,trim10_each_end,0.1,0.1,EMG,6,ShrinkageLDA,198,2739,190,0.13127779999922495,success,0.7894736842105263,0.7894736842105263,0.8491187739463602,0.7894736842105263,0.7969524025441242,1.0,1.0,1.0,1.0,1.0
feature_screen_with_shrinkage_lda,6,S06_personal_fold03,3,win0p5s_50ov__trim10_each_end__EMG__ShrinkageLDA,win0p5s_50ov,0.5,630,315,trim10_each_end,0.1,0.1,EMG,6,ShrinkageLDA,198,2739,190,0.13647860000128276,success,0.7894736842105263,0.7894736842105263,0.6974358974358974,0.7894736842105263,0.7256290773532152,0.8,0.8,0.7,0.8,0.7333333333333333
feature_screen_with_shrinkage_lda,6,S06_personal_fold04,4,win0p5s_50ov__trim10_each_end__EMG__ShrinkageLDA,win0p5s_50ov,0.5,630,315,trim10_each_end,0.1,0.1,EMG,6,ShrinkageLDA,198,2739,190,0.14107739999963087,success,0.7947368421052632,0.7947368421052632,0.8987012987012987,0.7947368421052632,0.7439547349612864,0.8,0.8,0.7,0.8,0.7333333333333333
feature_screen_with_shrinkage_lda,6,S06_personal_fold05,5,win0p5s_50ov__trim10_each_end__EMG__ShrinkageLDA,win0p5s_50ov,0.5,630,315,trim10_each_end,0.1,0.1,EMG,6,ShrinkageLDA,198,2739,190,0.1476418999991438,success,0.6947368421052632,0.6947368421052632,0.6411138923654568,0.6947368421052632,0.6258439886273458,0.8,0.8,0.7,0.8,0.7333333333333333
feature_screen_with_shrinkage_lda,6,S06_personal_fold06,6,win0p5s_50ov__trim10_each_end__EMG__ShrinkageLDA,win0p5s_50ov,0.5,630,315,trim10_each_end,0.1,0.1,EMG,6,ShrinkageLDA,198,2739,190,0.14506030000120518,success,0.9473684210526315,0.9473684210526315,0.9502266681652991,0.9473684210526315,0.9462548156301596,1.0,1.0,1.0,1.0,1.0
feature_screen_with_shrinkage_lda,6,S06_personal_fold07,7,win0p5s_50ov__trim10_each_end__EMG__ShrinkageLDA,win0p5s_50ov,0.5,630,315,trim10_each_end,0.1,0.1,EMG,6,ShrinkageLDA,198,1140,1789,0.08163090000016382,success,0.6987143655673561,0.6248478107763275,0.6725600028360412,0.6248478107763275,0.6068204868585687,0.6,0.6,0.4666666666666666,0.6,0.5
feature_screen_with_shrinkage_lda,6,S06_personal_fold08,8,win0p5s_50ov__trim10_each_end__EMG__ShrinkageLDA,win0p5s_50ov,0.5,630,315,trim10_each_end,0.1,0.1,EMG,6,ShrinkageLDA,198,1140,190,0.07560700000249199,success,0.9105263157894737,0.9105263157894736,0.9098290598290598,0.9105263157894736,0.91000351000351,1.0,1.0,1.0,1.0,1.0
feature_screen_with_shrinkage_lda,6,S06_personal_fold01,1,win0p5s_50ov__trim10_each_end__EMG_ACC__ShrinkageLDA,win0p5s_50ov,0.5,630,315,trim10_each_end,0.1,0.1,EMG_ACC,24,ShrinkageLDA,792,2739,190,1.9176991999993334,success,0.7526315789473684,0.7526315789473684,0.7311392405063291,0.7526315789473684,0.7101570264360962,0.8,0.8,0.7,0.8,0.7333333333333333
feature_screen_with_shrinkage_lda,6,S06_personal_fold02,2,win0p5s_50ov__trim10_each_end__EMG_ACC__ShrinkageLDA,win0p5s_50ov,0.5,630,315,trim10_each_end,0.1,0.1,EMG_ACC,24,ShrinkageLDA,792,2739,190,1.938537099998939,success,0.8,0.8,0.8795555555555555,0.8,0.8077392052392053,1.0,1.0,1.0,1.0,1.0
feature_screen_with_shrinkage_lda,6,S06_personal_fold03,3,win0p5s_50ov__trim10_each_end__EMG_ACC__ShrinkageLDA,win0p5s_50ov,0.5,630,315,trim10_each_end,0.1,0.1,EMG_ACC,24,ShrinkageLDA,792,2739,190,1.9787126000010176,success,0.6578947368421053,0.6578947368421053,0.6783505154639176,0.6578947368421053,0.6023885109599395,0.6,0.6,0.4666666666666667,0.6,0.5
feature_screen_with_shrinkage_lda,6,S06_personal_fold04,4,win0p5s_50ov__trim10_each_end__EMG_ACC__ShrinkageLDA,win0p5s_50ov,0.5,630,315,trim10_each_end,0.1,0.1,EMG_ACC,24,ShrinkageLDA,792,2739,190,1.9856196000000637,success,0.8526315789473684,0.8526315789473685,0.894047619047619,0.8526315789473685,0.8255755654067662,0.8,0.8,0.7,0.8,0.7333333333333333
feature_screen_with_shrinkage_lda,6,S06_personal_fold05,5,win0p5s_50ov__trim10_each_end__EMG_ACC__ShrinkageLDA,win0p5s_50ov,0.5,630,315,trim10_each_end,0.1,0.1,EMG_ACC,24,ShrinkageLDA,792,2739,190,1.8829332999994222,success,0.7263157894736842,0.7263157894736842,0.7562472916365737,0.7263157894736842,0.6812359009064435,0.8,0.8,0.7,0.8,0.7333333333333333
feature_screen_with_shrinkage_lda,6,S06_personal_fold06,6,win0p5s_50ov__trim10_each_end__EMG_ACC__ShrinkageLDA,win0p5s_50ov,0.5,630,315,trim10_each_end,0.1,0.1,EMG_ACC,24,ShrinkageLDA,792,2739,190,1.9216527999997197,success,0.9052631578947369,0.9052631578947368,0.9221396250808016,0.9052631578947368,0.9053535353535352,1.0,1.0,1.0,1.0,1.0
feature_screen_with_shrinkage_lda,6,S06_personal_fold07,7,win0p5s_50ov__trim10_each_end__EMG_ACC__ShrinkageLDA,win0p5s_50ov,0.5,630,315,trim10_each_end,0.1,0.1,EMG_ACC,24,ShrinkageLDA,792,1140,1789,1.199472500000411,success,0.6724427054220234,0.5914668380385528,0.6535374753615741,0.5914668380385528,0.5787203447563813,0.6,0.6,0.4666666666666666,0.6,0.5
feature_screen_with_shrinkage_lda,6,S06_personal_fold08,8,win0p5s_50ov__trim10_each_end__EMG_ACC__ShrinkageLDA,win0p5s_50ov,0.5,630,315,trim10_each_end,0.1,0.1,EMG_ACC,24,ShrinkageLDA,792,1140,190,1.1127589999996417,success,0.8105263157894737,0.8105263157894737,0.8490971469844709,0.8105263157894737,0.7617538424877874,0.8,0.8,0.7,0.8,0.7333333333333333
feature_screen_with_shrinkage_lda,6,S06_personal_fold01,1,win0p5s_50ov__trim10_each_end__EMG_IMU__ShrinkageLDA,win0p5s_50ov,0.5,630,315,trim10_each_end,0.1,0.1,EMG_IMU,42,ShrinkageLDA,1386,2739,190,8.223777800001699,success,0.7368421052631579,0.7368421052631579,0.7625417201540436,0.7368421052631579,0.6994953394219,0.8,0.8,0.7,0.8,0.7333333333333333
feature_screen_with_shrinkage_lda,6,S06_personal_fold02,2,win0p5s_50ov__trim10_each_end__EMG_IMU__ShrinkageLDA,win0p5s_50ov,0.5,630,315,trim10_each_end,0.1,0.1,EMG_IMU,42,ShrinkageLDA,1386,2739,190,7.9881357999984175,success,0.7947368421052632,0.7947368421052632,0.8582517482517483,0.7947368421052632,0.8039073107635941,1.0,1.0,1.0,1.0,1.0
feature_screen_with_shrinkage_lda,6,S06_personal_fold03,3,win0p5s_50ov__trim10_each_end__EMG_IMU__ShrinkageLDA,win0p5s_50ov,0.5,630,315,trim10_each_end,0.1,0.1,EMG_IMU,42,ShrinkageLDA,1386,2739,190,8.230422699998599,success,0.6263157894736842,0.6263157894736843,0.6703703703703704,0.6263157894736843,0.5506212169480726,0.6,0.6,0.4666666666666667,0.6,0.5
feature_screen_with_shrinkage_lda,6,S06_personal_fold04,4,win0p5s_50ov__trim10_each_end__EMG_IMU__ShrinkageLDA,win0p5s_50ov,0.5,630,315,trim10_each_end,0.1,0.1,EMG_IMU,42,ShrinkageLDA,1386,2739,190,8.03378000000157,success,0.9210526315789473,0.9210526315789472,0.9360544217687075,0.9210526315789472,0.9155323158093085,1.0,1.0,1.0,1.0,1.0
feature_screen_with_shrinkage_lda,6,S06_personal_fold05,5,win0p5s_50ov__trim10_each_end__EMG_IMU__ShrinkageLDA,win0p5s_50ov,0.5,630,315,trim10_each_end,0.1,0.1,EMG_IMU,42,ShrinkageLDA,1386,2739,190,8.277435299998615,success,0.7631578947368421,0.7631578947368421,0.806345514950166,0.7631578947368421,0.7136839921153646,0.8,0.8,0.7,0.8,0.7333333333333333
feature_screen_with_shrinkage_lda,6,S06_personal_fold06,6,win0p5s_50ov__trim10_each_end__EMG_IMU__ShrinkageLDA,win0p5s_50ov,0.5,630,315,trim10_each_end,0.1,0.1,EMG_IMU,42,ShrinkageLDA,1386,2739,190,7.993442999999388,success,0.9473684210526315,0.9473684210526315,0.9501785714285713,0.9473684210526315,0.9468864468864469,1.0,1.0,1.0,1.0,1.0
feature_screen_with_shrinkage_lda,6,S06_personal_fold07,7,win0p5s_50ov__trim10_each_end__EMG_IMU__ShrinkageLDA,win0p5s_50ov,0.5,630,315,trim10_each_end,0.1,0.1,EMG_IMU,42,ShrinkageLDA,1386,1140,1789,4.895831400001043,success,0.6668529904974846,0.5843204070525341,0.5999868022378179,0.5843204070525341,0.551062348805848,0.8,0.8,0.7,0.8,0.7333333333333333
feature_screen_with_shrinkage_lda,6,S06_personal_fold08,8,win0p5s_50ov__trim10_each_end__EMG_IMU__ShrinkageLDA,win0p5s_50ov,0.5,630,315,trim10_each_end,0.1,0.1,EMG_IMU,42,ShrinkageLDA,1386,1140,190,4.839442100001179,success,0.9,0.9,0.9250216450216451,0.9,0.8947330052852196,1.0,1.0,1.0,1.0,1.0
feature_screen_with_shrinkage_lda,6,S06_personal_fold01,1,win0p5s_50ov__trim20_each_end__EMG__ShrinkageLDA,win0p5s_50ov,0.5,630,315,trim20_each_end,0.2,0.2,EMG,6,ShrinkageLDA,198,2041,140,0.09926590000031865,success,0.6071428571428571,0.6071428571428571,0.6656716417910448,0.6071428571428571,0.5954608472400513,0.6,0.6,0.4666666666666666,0.6,0.5
feature_screen_with_shrinkage_lda,6,S06_personal_fold02,2,win0p5s_50ov__trim20_each_end__EMG__ShrinkageLDA,win0p5s_50ov,0.5,630,315,trim20_each_end,0.2,0.2,EMG,6,ShrinkageLDA,198,2041,140,0.09464990000196849,success,0.7785714285714286,0.7785714285714287,0.8285714285714285,0.7785714285714287,0.7843566362715299,1.0,1.0,1.0,1.0,1.0
feature_screen_with_shrinkage_lda,6,S06_personal_fold03,3,win0p5s_50ov__trim20_each_end__EMG__ShrinkageLDA,win0p5s_50ov,0.5,630,315,trim20_each_end,0.2,0.2,EMG,6,ShrinkageLDA,198,2041,140,0.09918190000098548,success,0.7857142857142857,0.7857142857142858,0.6944107744107744,0.7857142857142858,0.7240306681270536,0.8,0.8,0.7,0.8,0.7333333333333333
feature_screen_with_shrinkage_lda,6,S06_personal_fold04,4,win0p5s_50ov__trim20_each_end__EMG__ShrinkageLDA,win0p5s_50ov,0.5,630,315,trim20_each_end,0.2,0.2,EMG,6,ShrinkageLDA,198,2041,140,0.095620100000815,success,0.7857142857142857,0.7857142857142857,0.8965517241379309,0.7857142857142857,0.7415146094215862,0.8,0.8,0.7,0.8,0.7333333333333333
feature_screen_with_shrinkage_lda,6,S06_personal_fold05,5,win0p5s_50ov__trim20_each_end__EMG__ShrinkageLDA,win0p5s_50ov,0.5,630,315,trim20_each_end,0.2,0.2,EMG,6,ShrinkageLDA,198,2041,140,0.09332140000333311,success,0.6857142857142857,0.6857142857142857,0.6667990074441688,0.6857142857142857,0.630260616001458,0.8,0.8,0.7,0.8,0.7333333333333333
feature_screen_with_shrinkage_lda,6,S06_personal_fold06,6,win0p5s_50ov__trim20_each_end__EMG__ShrinkageLDA,win0p5s_50ov,0.5,630,315,trim20_each_end,0.2,0.2,EMG,6,ShrinkageLDA,198,2041,140,0.10691999999835389,success,0.9785714285714285,0.9785714285714286,0.9792592592592593,0.9785714285714286,0.9785579937304074,1.0,1.0,1.0,1.0,1.0
feature_screen_with_shrinkage_lda,6,S06_personal_fold07,7,win0p5s_50ov__trim20_each_end__EMG__ShrinkageLDA,win0p5s_50ov,0.5,630,315,trim20_each_end,0.2,0.2,EMG,6,ShrinkageLDA,198,840,1341,0.056041399999230634,success,0.6994780014914244,0.6269846714766323,0.6491189477825217,0.6269846714766323,0.6127025172041249,0.6,0.6,0.4666666666666666,0.6,0.5
feature_screen_with_shrinkage_lda,6,S06_personal_fold08,8,win0p5s_50ov__trim20_each_end__EMG__ShrinkageLDA,win0p5s_50ov,0.5,630,315,trim20_each_end,0.2,0.2,EMG,6,ShrinkageLDA,198,840,140,0.056917199999588775,success,0.8571428571428571,0.8571428571428571,0.8583333333333332,0.8571428571428571,0.8564102564102564,1.0,1.0,1.0,1.0,1.0
feature_screen_with_shrinkage_lda,6,S06_personal_fold01,1,win0p5s_50ov__trim20_each_end__EMG_ACC__ShrinkageLDA,win0p5s_50ov,0.5,630,315,trim20_each_end,0.2,0.2,EMG_ACC,24,ShrinkageLDA,792,2041,140,1.5765927000029478,success,0.7142857142857143,0.7142857142857142,0.7404761904761905,0.7142857142857142,0.6925374625374625,0.8,0.8,0.7,0.8,0.7333333333333333
feature_screen_with_shrinkage_lda,6,S06_personal_fold02,2,win0p5s_50ov__trim20_each_end__EMG_ACC__ShrinkageLDA,win0p5s_50ov,0.5,630,315,trim20_each_end,0.2,0.2,EMG_ACC,24,ShrinkageLDA,792,2041,140,1.591508999998041,success,0.7785714285714286,0.7785714285714287,0.8688804554079697,0.7785714285714287,0.7871643030891182,1.0,1.0,1.0,1.0,1.0
feature_screen_with_shrinkage_lda,6,S06_personal_fold03,3,win0p5s_50ov__trim20_each_end__EMG_ACC__ShrinkageLDA,win0p5s_50ov,0.5,630,315,trim20_each_end,0.2,0.2,EMG_ACC,24,ShrinkageLDA,792,2041,140,1.7105424000001221,success,0.7571428571428571,0.7571428571428571,0.6933333333333334,0.7571428571428571,0.7032727272727273,0.8,0.8,0.7,0.8,0.7333333333333333
feature_screen_with_shrinkage_lda,6,S06_personal_fold04,4,win0p5s_50ov__trim20_each_end__EMG_ACC__ShrinkageLDA,win0p5s_50ov,0.5,630,315,trim20_each_end,0.2,0.2,EMG_ACC,24,ShrinkageLDA,792,2041,140,1.4609486000008474,success,0.8214285714285714,0.8214285714285715,0.876923076923077,0.8214285714285715,0.7658738565238326,0.8,0.8,0.7,0.8,0.7333333333333333
feature_screen_with_shrinkage_lda,6,S06_personal_fold05,5,win0p5s_50ov__trim20_each_end__EMG_ACC__ShrinkageLDA,win0p5s_50ov,0.5,630,315,trim20_each_end,0.2,0.2,EMG_ACC,24,ShrinkageLDA,792,2041,140,1.5291362000025401,success,0.7071428571428572,0.7071428571428571,0.7994087213599409,0.7071428571428571,0.6542345767007207,0.8,0.8,0.7,0.8,0.7333333333333333
feature_screen_with_shrinkage_lda,6,S06_personal_fold06,6,win0p5s_50ov__trim20_each_end__EMG_ACC__ShrinkageLDA,win0p5s_50ov,0.5,630,315,trim20_each_end,0.2,0.2,EMG_ACC,24,ShrinkageLDA,792,2041,140,1.4877993000009155,success,0.9571428571428572,0.9571428571428571,0.9601851851851851,0.9571428571428571,0.9571640937678673,1.0,1.0,1.0,1.0,1.0
feature_screen_with_shrinkage_lda,6,S06_personal_fold07,7,win0p5s_50ov__trim20_each_end__EMG_ACC__ShrinkageLDA,win0p5s_50ov,0.5,630,315,trim20_each_end,0.2,0.2,EMG_ACC,24,ShrinkageLDA,792,840,1341,0.982311200001277,success,0.686055182699478,0.6105829783918657,0.6794287146227622,0.6105829783918657,0.6063353358599102,0.8,0.8,0.7,0.8,0.7333333333333333
feature_screen_with_shrinkage_lda,6,S06_personal_fold08,8,win0p5s_50ov__trim20_each_end__EMG_ACC__ShrinkageLDA,win0p5s_50ov,0.5,630,315,trim20_each_end,0.2,0.2,EMG_ACC,24,ShrinkageLDA,792,840,140,0.98733859999993,success,0.8428571428571429,0.8428571428571429,0.8875,0.8428571428571429,0.8198830409356725,0.8,0.8,0.7,0.8,0.7333333333333333
feature_screen_with_shrinkage_lda,6,S06_personal_fold01,1,win0p5s_50ov__trim20_each_end__EMG_IMU__ShrinkageLDA,win0p5s_50ov,0.5,630,315,trim20_each_end,0.2,0.2,EMG_IMU,42,ShrinkageLDA,1386,2041,140,6.487466500002483,success,0.7,0.7,0.7343481654957065,0.7,0.6727143591519005,0.8,0.8,0.7,0.8,0.7333333333333333
feature_screen_with_shrinkage_lda,6,S06_personal_fold02,2,win0p5s_50ov__trim20_each_end__EMG_IMU__ShrinkageLDA,win0p5s_50ov,0.5,630,315,trim20_each_end,0.2,0.2,EMG_IMU,42,ShrinkageLDA,1386,2041,140,6.588710500000161,success,0.8214285714285714,0.8214285714285715,0.8770219728845255,0.8214285714285715,0.8279706125721272,1.0,1.0,1.0,1.0,1.0
feature_screen_with_shrinkage_lda,6,S06_personal_fold03,3,win0p5s_50ov__trim20_each_end__EMG_IMU__ShrinkageLDA,win0p5s_50ov,0.5,630,315,trim20_each_end,0.2,0.2,EMG_IMU,42,ShrinkageLDA,1386,2041,140,6.539309399999183,success,0.7071428571428572,0.7071428571428571,0.6835820895522388,0.7071428571428571,0.6574296205630354,0.8,0.8,0.7,0.8,0.7333333333333333
feature_screen_with_shrinkage_lda,6,S06_personal_fold04,4,win0p5s_50ov__trim20_each_end__EMG_IMU__ShrinkageLDA,win0p5s_50ov,0.5,630,315,trim20_each_end,0.2,0.2,EMG_IMU,42,ShrinkageLDA,1386,2041,140,6.602336100000684,success,0.8928571428571429,0.8928571428571429,0.9063636363636363,0.8928571428571429,0.8825891155165841,1.0,1.0,1.0,1.0,1.0
feature_screen_with_shrinkage_lda,6,S06_personal_fold05,5,win0p5s_50ov__trim20_each_end__EMG_IMU__ShrinkageLDA,win0p5s_50ov,0.5,630,315,trim20_each_end,0.2,0.2,EMG_IMU,42,ShrinkageLDA,1386,2041,140,6.635904799997661,success,0.8,0.8,0.8714944042132983,0.8,0.7709011493657556,0.8,0.8,0.7,0.8,0.7333333333333333
feature_screen_with_shrinkage_lda,6,S06_personal_fold06,6,win0p5s_50ov__trim20_each_end__EMG_IMU__ShrinkageLDA,win0p5s_50ov,0.5,630,315,trim20_each_end,0.2,0.2,EMG_IMU,42,ShrinkageLDA,1386,2041,140,6.832819999999629,success,0.9571428571428572,0.9571428571428571,0.9590506912442397,0.9571428571428571,0.9570400657864682,1.0,1.0,1.0,1.0,1.0
feature_screen_with_shrinkage_lda,6,S06_personal_fold07,7,win0p5s_50ov__trim20_each_end__EMG_IMU__ShrinkageLDA,win0p5s_50ov,0.5,630,315,trim20_each_end,0.2,0.2,EMG_IMU,42,ShrinkageLDA,1386,840,1341,4.240995500000281,success,0.6457867263236391,0.5582467003811182,0.5804987865793658,0.5582467003811182,0.5267967003642497,0.6,0.6,0.4666666666666666,0.6,0.5
feature_screen_with_shrinkage_lda,6,S06_personal_fold08,8,win0p5s_50ov__trim20_each_end__EMG_IMU__ShrinkageLDA,win0p5s_50ov,0.5,630,315,trim20_each_end,0.2,0.2,EMG_IMU,42,ShrinkageLDA,1386,840,140,4.129386799999338,success,0.9142857142857143,0.9142857142857143,0.9309941520467836,0.9142857142857143,0.9114624505928853,1.0,1.0,1.0,1.0,1.0
feature_screen_with_shrinkage_lda,6,S06_personal_fold01,1,win1p0s_50ov__full_segment__EMG__ShrinkageLDA,win1p0s_50ov,1.0,1260,630,full_segment,0.0,0.0,EMG,6,ShrinkageLDA,198,1694,116,0.08797120000235736,success,0.6982758620689655,0.7043478260869565,0.6821428571428572,0.7043478260869565,0.6620654523000926,0.8,0.8,0.7,0.8,0.7333333333333333
feature_screen_with_shrinkage_lda,6,S06_personal_fold02,2,win1p0s_50ov__full_segment__EMG__ShrinkageLDA,win1p0s_50ov,1.0,1260,630,full_segment,0.0,0.0,EMG,6,ShrinkageLDA,198,1694,115,0.08976249999977881,success,0.7739130434782608,0.7739130434782607,0.8405982905982906,0.7739130434782607,0.7848007225489066,1.0,1.0,1.0,1.0,1.0
feature_screen_with_shrinkage_lda,6,S06_personal_fold03,3,win1p0s_50ov__full_segment__EMG__ShrinkageLDA,win1p0s_50ov,1.0,1260,630,full_segment,0.0,0.0,EMG,6,ShrinkageLDA,198,1694,116,0.08859139999913168,success,0.7068965517241379,0.7130434782608696,0.6851851851851852,0.7130434782608696,0.6639249639249639,0.8,0.8,0.7,0.8,0.7333333333333333
feature_screen_with_shrinkage_lda,6,S06_personal_fold04,4,win1p0s_50ov__full_segment__EMG__ShrinkageLDA,win1p0s_50ov,1.0,1260,630,full_segment,0.0,0.0,EMG,6,ShrinkageLDA,198,1693,116,0.08512370000244118,success,0.7758620689655172,0.7822463768115941,0.8938775510204081,0.7822463768115941,0.7298242894056848,0.8,0.8,0.7,0.8,0.7333333333333333
feature_screen_with_shrinkage_lda,6,S06_personal_fold05,5,win1p0s_50ov__full_segment__EMG__ShrinkageLDA,win1p0s_50ov,1.0,1260,630,full_segment,0.0,0.0,EMG,6,ShrinkageLDA,198,1694,115,0.08070539999971515,success,0.7130434782608696,0.7130434782608697,0.6625,0.7130434782608697,0.6619402867372205,0.8,0.8,0.7,0.8,0.7333333333333333
feature_screen_with_shrinkage_lda,6,S06_personal_fold06,6,win1p0s_50ov__full_segment__EMG__ShrinkageLDA,win1p0s_50ov,1.0,1260,630,full_segment,0.0,0.0,EMG,6,ShrinkageLDA,198,1695,115,0.08304900000075577,success,0.9130434782608695,0.9130434782608695,0.9211206896551725,0.9130434782608695,0.9094926350245499,1.0,1.0,1.0,1.0,1.0
feature_screen_with_shrinkage_lda,6,S06_personal_fold07,7,win1p0s_50ov__full_segment__EMG__ShrinkageLDA,win1p0s_50ov,1.0,1260,630,full_segment,0.0,0.0,EMG,6,ShrinkageLDA,198,693,1117,0.05884160000277916,success,0.7018800358102059,0.6283308119150816,0.6645592919484853,0.6283308119150816,0.6203903247900728,0.6,0.6,0.4666666666666666,0.6,0.5
feature_screen_with_shrinkage_lda,6,S06_personal_fold08,8,win1p0s_50ov__full_segment__EMG__ShrinkageLDA,win1p0s_50ov,1.0,1260,630,full_segment,0.0,0.0,EMG,6,ShrinkageLDA,198,693,115,0.05023269999946933,success,0.9391304347826087,0.9391304347826086,0.9393939393939394,0.9391304347826086,0.9391016548463357,1.0,1.0,1.0,1.0,1.0
feature_screen_with_shrinkage_lda,6,S06_personal_fold01,1,win1p0s_50ov__full_segment__EMG_ACC__ShrinkageLDA,win1p0s_50ov,1.0,1260,630,full_segment,0.0,0.0,EMG_ACC,24,ShrinkageLDA,792,1694,116,1.4790855999999621,success,0.75,0.7565217391304347,0.6884615384615385,0.7565217391304347,0.6996222692036645,0.8,0.8,0.7,0.8,0.7333333333333333
feature_screen_with_shrinkage_lda,6,S06_personal_fold02,2,win1p0s_50ov__full_segment__EMG_ACC__ShrinkageLDA,win1p0s_50ov,1.0,1260,630,full_segment,0.0,0.0,EMG_ACC,24,ShrinkageLDA,792,1694,115,1.3144549000026018,success,0.7478260869565218,0.7478260869565218,0.876,0.7478260869565218,0.7543601005929773,0.8,0.8,0.7,0.8,0.7333333333333333
feature_screen_with_shrinkage_lda,6,S06_personal_fold03,3,win1p0s_50ov__full_segment__EMG_ACC__ShrinkageLDA,win1p0s_50ov,1.0,1260,630,full_segment,0.0,0.0,EMG_ACC,24,ShrinkageLDA,792,1694,116,1.3854450000035285,success,0.5775862068965517,0.5826086956521739,0.4647887323943662,0.5826086956521739,0.4887814313346229,0.6,0.6,0.4666666666666667,0.6,0.5
feature_screen_with_shrinkage_lda,6,S06_personal_fold04,4,win1p0s_50ov__full_segment__EMG_ACC__ShrinkageLDA,win1p0s_50ov,1.0,1260,630,full_segment,0.0,0.0,EMG_ACC,24,ShrinkageLDA,792,1693,116,1.3681493000003684,success,0.896551724137931,0.8996376811594203,0.920673076923077,0.8996376811594203,0.8911239254096397,1.0,1.0,1.0,1.0,1.0
feature_screen_with_shrinkage_lda,6,S06_personal_fold05,5,win1p0s_50ov__full_segment__EMG_ACC__ShrinkageLDA,win1p0s_50ov,1.0,1260,630,full_segment,0.0,0.0,EMG_ACC,24,ShrinkageLDA,792,1694,115,1.3890891000010015,success,0.7478260869565218,0.7478260869565218,0.7395390070921986,0.7478260869565218,0.7011463471660668,0.8,0.8,0.7,0.8,0.7333333333333333
feature_screen_with_shrinkage_lda,6,S06_personal_fold06,6,win1p0s_50ov__full_segment__EMG_ACC__ShrinkageLDA,win1p0s_50ov,1.0,1260,630,full_segment,0.0,0.0,EMG_ACC,24,ShrinkageLDA,792,1695,115,1.4192469000008714,success,0.9478260869565217,0.9478260869565218,0.951923076923077,0.9478260869565218,0.9474308872485164,1.0,1.0,1.0,1.0,1.0
feature_screen_with_shrinkage_lda,6,S06_personal_fold07,7,win1p0s_50ov__full_segment__EMG_ACC__ShrinkageLDA,win1p0s_50ov,1.0,1260,630,full_segment,0.0,0.0,EMG_ACC,24,ShrinkageLDA,792,693,1117,0.9125313000004098,success,0.7081468218442256,0.6350468624906828,0.7334974702026432,0.6350468624906828,0.6101371137558732,0.6,0.6,0.4666666666666666,0.6,0.5
feature_screen_with_shrinkage_lda,6,S06_personal_fold08,8,win1p0s_50ov__full_segment__EMG_ACC__ShrinkageLDA,win1p0s_50ov,1.0,1260,630,full_segment,0.0,0.0,EMG_ACC,24,ShrinkageLDA,792,693,115,0.888635899998917,success,0.8521739130434782,0.8521739130434781,0.915,0.8521739130434781,0.8287903667214012,0.8,0.8,0.7,0.8,0.7333333333333333
feature_screen_with_shrinkage_lda,6,S06_personal_fold01,1,win1p0s_50ov__full_segment__EMG_IMU__ShrinkageLDA,win1p0s_50ov,1.0,1260,630,full_segment,0.0,0.0,EMG_IMU,42,ShrinkageLDA,1386,1694,116,5.860215900000185,success,0.7586206896551724,0.7648550724637682,0.7583333333333333,0.7648550724637682,0.7203605439701083,0.8,0.8,0.7,0.8,0.7333333333333333
feature_screen_with_shrinkage_lda,6,S06_personal_fold02,2,win1p0s_50ov__full_segment__EMG_IMU__ShrinkageLDA,win1p0s_50ov,1.0,1260,630,full_segment,0.0,0.0,EMG_IMU,42,ShrinkageLDA,1386,1694,115,5.88796750000256,success,0.7130434782608696,0.7130434782608696,0.8691851851851851,0.7130434782608696,0.719442981942982,0.8,0.8,0.7,0.8,0.7333333333333333
feature_screen_with_shrinkage_lda,6,S06_personal_fold03,3,win1p0s_50ov__full_segment__EMG_IMU__ShrinkageLDA,win1p0s_50ov,1.0,1260,630,full_segment,0.0,0.0,EMG_IMU,42,ShrinkageLDA,1386,1694,116,6.024673799998709,success,0.5689655172413793,0.5739130434782609,0.46301369863013697,0.5739130434782609,0.48187984496124026,0.6,0.6,0.4666666666666667,0.6,0.5
feature_screen_with_shrinkage_lda,6,S06_personal_fold04,4,win1p0s_50ov__full_segment__EMG_IMU__ShrinkageLDA,win1p0s_50ov,1.0,1260,630,full_segment,0.0,0.0,EMG_IMU,42,ShrinkageLDA,1386,1693,116,5.874006099998951,success,0.9568965517241379,0.9583333333333333,0.962037037037037,0.9583333333333333,0.9564888668975755,1.0,1.0,1.0,1.0,1.0
feature_screen_with_shrinkage_lda,6,S06_personal_fold05,5,win1p0s_50ov__full_segment__EMG_IMU__ShrinkageLDA,win1p0s_50ov,1.0,1260,630,full_segment,0.0,0.0,EMG_IMU,42,ShrinkageLDA,1386,1694,115,5.925099500000215,success,0.7391304347826086,0.7391304347826086,0.6644810360777058,0.7391304347826086,0.681313689844973,0.8,0.8,0.7,0.8,0.7333333333333333
feature_screen_with_shrinkage_lda,6,S06_personal_fold06,6,win1p0s_50ov__full_segment__EMG_IMU__ShrinkageLDA,win1p0s_50ov,1.0,1260,630,full_segment,0.0,0.0,EMG_IMU,42,ShrinkageLDA,1386,1695,115,6.084960400003183,success,0.9478260869565217,0.9478260869565217,0.9586206896551724,0.9478260869565217,0.946923076923077,1.0,1.0,1.0,1.0,1.0
feature_screen_with_shrinkage_lda,6,S06_personal_fold07,7,win1p0s_50ov__full_segment__EMG_IMU__ShrinkageLDA,win1p0s_50ov,1.0,1260,630,full_segment,0.0,0.0,EMG_IMU,42,ShrinkageLDA,1386,693,1117,3.9338532999972813,success,0.6884512085944494,0.6152352924937194,0.6385825252157578,0.6152352924937194,0.6074996029581857,0.6,0.6,0.4666666666666666,0.6,0.5
feature_screen_with_shrinkage_lda,6,S06_personal_fold08,8,win1p0s_50ov__full_segment__EMG_IMU__ShrinkageLDA,win1p0s_50ov,1.0,1260,630,full_segment,0.0,0.0,EMG_IMU,42,ShrinkageLDA,1386,693,115,3.949277699997765,success,0.9565217391304348,0.9565217391304348,0.9642857142857142,0.9565217391304348,0.9560019129603059,1.0,1.0,1.0,1.0,1.0
feature_screen_with_shrinkage_lda,6,S06_personal_fold01,1,win1p0s_50ov__trim10_each_end__EMG__ShrinkageLDA,win1p0s_50ov,1.0,1260,630,trim10_each_end,0.1,0.1,EMG,6,ShrinkageLDA,198,1368,95,0.07505130000208737,success,0.7157894736842105,0.7157894736842106,0.680952380952381,0.7157894736842106,0.6768348869602485,0.8,0.8,0.7,0.8,0.7333333333333333
feature_screen_with_shrinkage_lda,6,S06_personal_fold02,2,win1p0s_50ov__trim10_each_end__EMG__ShrinkageLDA,win1p0s_50ov,1.0,1260,630,trim10_each_end,0.1,0.1,EMG,6,ShrinkageLDA,198,1368,95,0.07174360000135493,success,0.7578947368421053,0.7578947368421053,0.8296969696969697,0.7578947368421053,0.7697938443670151,1.0,1.0,1.0,1.0,1.0
feature_screen_with_shrinkage_lda,6,S06_personal_fold03,3,win1p0s_50ov__trim10_each_end__EMG__ShrinkageLDA,win1p0s_50ov,1.0,1260,630,trim10_each_end,0.1,0.1,EMG,6,ShrinkageLDA,198,1368,95,0.07548640000095475,success,0.8,0.8,0.7,0.8,0.7333333333333333,0.8,0.8,0.7,0.8,0.7333333333333333
feature_screen_with_shrinkage_lda,6,S06_personal_fold04,4,win1p0s_50ov__trim10_each_end__EMG__ShrinkageLDA,win1p0s_50ov,1.0,1260,630,trim10_each_end,0.1,0.1,EMG,6,ShrinkageLDA,198,1368,95,0.07759139999689069,success,0.7789473684210526,0.7789473684210526,0.6950000000000001,0.7789473684210526,0.7177024482109228,0.8,0.8,0.7,0.8,0.7333333333333333
feature_screen_with_shrinkage_lda,6,S06_personal_fold05,5,win1p0s_50ov__trim10_each_end__EMG__ShrinkageLDA,win1p0s_50ov,1.0,1260,630,trim10_each_end,0.1,0.1,EMG,6,ShrinkageLDA,198,1368,95,0.0803276000006008,success,0.7263157894736842,0.7263157894736842,0.6533333333333333,0.7263157894736842,0.6603964550459649,0.8,0.8,0.7,0.8,0.7333333333333333
feature_screen_with_shrinkage_lda,6,S06_personal_fold06,6,win1p0s_50ov__trim10_each_end__EMG__ShrinkageLDA,win1p0s_50ov,1.0,1260,630,trim10_each_end,0.1,0.1,EMG,6,ShrinkageLDA,198,1368,95,0.07578289999946719,success,0.9578947368421052,0.9578947368421051,0.9609523809523809,0.9578947368421051,0.9574725274725274,1.0,1.0,1.0,1.0,1.0
feature_screen_with_shrinkage_lda,6,S06_personal_fold07,7,win1p0s_50ov__trim10_each_end__EMG__ShrinkageLDA,win1p0s_50ov,1.0,1260,630,trim10_each_end,0.1,0.1,EMG,6,ShrinkageLDA,198,570,893,0.0461353999999119,success,0.6875699888017918,0.609994129768066,0.6401318216345491,0.609994129768066,0.59624089679101,0.6,0.6,0.4666666666666666,0.6,0.5
feature_screen_with_shrinkage_lda,6,S06_personal_fold08,8,win1p0s_50ov__trim10_each_end__EMG__ShrinkageLDA,win1p0s_50ov,1.0,1260,630,trim10_each_end,0.1,0.1,EMG,6,ShrinkageLDA,198,570,95,0.045160699999541976,success,0.9052631578947369,0.9052631578947368,0.9130952380952382,0.9052631578947368,0.9035940803382664,1.0,1.0,1.0,1.0,1.0
feature_screen_with_shrinkage_lda,6,S06_personal_fold01,1,win1p0s_50ov__trim10_each_end__EMG_ACC__ShrinkageLDA,win1p0s_50ov,1.0,1260,630,trim10_each_end,0.1,0.1,EMG_ACC,24,ShrinkageLDA,792,1368,95,1.2015353000024334,success,0.7368421052631579,0.736842105263158,0.6871794871794872,0.736842105263158,0.6950191570881226,0.8,0.8,0.7,0.8,0.7333333333333333
feature_screen_with_shrinkage_lda,6,S06_personal_fold02,2,win1p0s_50ov__trim10_each_end__EMG_ACC__ShrinkageLDA,win1p0s_50ov,1.0,1260,630,trim10_each_end,0.1,0.1,EMG_ACC,24,ShrinkageLDA,792,1368,95,1.22832329999801,success,0.7578947368421053,0.7578947368421052,0.8599358974358975,0.7578947368421052,0.7642036124794747,1.0,1.0,1.0,1.0,1.0
feature_screen_with_shrinkage_lda,6,S06_personal_fold03,3,win1p0s_50ov__trim10_each_end__EMG_ACC__ShrinkageLDA,win1p0s_50ov,1.0,1260,630,trim10_each_end,0.1,0.1,EMG_ACC,24,ShrinkageLDA,792,1368,95,1.2283282999997027,success,0.6631578947368421,0.6631578947368422,0.6791666666666667,0.6631578947368422,0.6094328358208955,0.6,0.6,0.4666666666666667,0.6,0.5
feature_screen_with_shrinkage_lda,6,S06_personal_fold04,4,win1p0s_50ov__trim10_each_end__EMG_ACC__ShrinkageLDA,win1p0s_50ov,1.0,1260,630,trim10_each_end,0.1,0.1,EMG_ACC,24,ShrinkageLDA,792,1368,95,1.232280799998989,success,0.8526315789473684,0.8526315789473685,0.8927407407407408,0.8526315789473685,0.8212779973649539,0.8,0.8,0.7,0.8,0.7333333333333333
feature_screen_with_shrinkage_lda,6,S06_personal_fold05,5,win1p0s_50ov__trim10_each_end__EMG_ACC__ShrinkageLDA,win1p0s_50ov,1.0,1260,630,trim10_each_end,0.1,0.1,EMG_ACC,24,ShrinkageLDA,792,1368,95,1.2380548000001,success,0.7473684210526316,0.7473684210526315,0.650976950976951,0.7473684210526315,0.6804078704652593,0.8,0.8,0.7,0.8,0.7333333333333333
feature_screen_with_shrinkage_lda,6,S06_personal_fold06,6,win1p0s_50ov__trim10_each_end__EMG_ACC__ShrinkageLDA,win1p0s_50ov,1.0,1260,630,trim10_each_end,0.1,0.1,EMG_ACC,24,ShrinkageLDA,792,1368,95,1.269658299999719,success,0.9578947368421052,0.9578947368421054,0.9616161616161616,0.9578947368421054,0.9580385263312092,1.0,1.0,1.0,1.0,1.0
feature_screen_with_shrinkage_lda,6,S06_personal_fold07,7,win1p0s_50ov__trim10_each_end__EMG_ACC__ShrinkageLDA,win1p0s_50ov,1.0,1260,630,trim10_each_end,0.1,0.1,EMG_ACC,24,ShrinkageLDA,792,570,893,0.8607215999982145,success,0.6472564389697648,0.5599108430051267,0.613004258702776,0.5599108430051267,0.5253798985271534,0.6,0.6,0.4666666666666666,0.6,0.5
feature_screen_with_shrinkage_lda,6,S06_personal_fold08,8,win1p0s_50ov__trim10_each_end__EMG_ACC__ShrinkageLDA,win1p0s_50ov,1.0,1260,630,trim10_each_end,0.1,0.1,EMG_ACC,24,ShrinkageLDA,792,570,95,0.84151760000168,success,0.8842105263157894,0.8842105263157893,0.9266666666666665,0.8842105263157893,0.8736205593348452,0.8,0.8,0.7,0.8,0.7333333333333333
feature_screen_with_shrinkage_lda,6,S06_personal_fold01,1,win1p0s_50ov__trim10_each_end__EMG_IMU__ShrinkageLDA,win1p0s_50ov,1.0,1260,630,trim10_each_end,0.1,0.1,EMG_IMU,42,ShrinkageLDA,1386,1368,95,5.1759701000009954,success,0.7473684210526316,0.7473684210526316,0.6794736842105263,0.7473684210526316,0.6970271833429729,0.8,0.8,0.7,0.8,0.7333333333333333
feature_screen_with_shrinkage_lda,6,S06_personal_fold02,2,win1p0s_50ov__trim10_each_end__EMG_IMU__ShrinkageLDA,win1p0s_50ov,1.0,1260,630,trim10_each_end,0.1,0.1,EMG_IMU,42,ShrinkageLDA,1386,1368,95,5.2162686999981815,success,0.7684210526315789,0.7684210526315789,0.876923076923077,0.7684210526315789,0.7838153503893215,1.0,1.0,1.0,1.0,1.0
feature_screen_with_shrinkage_lda,6,S06_personal_fold03,3,win1p0s_50ov__trim10_each_end__EMG_IMU__ShrinkageLDA,win1p0s_50ov,1.0,1260,630,trim10_each_end,0.1,0.1,EMG_IMU,42,ShrinkageLDA,1386,1368,95,5.172113799999352,success,0.6,0.6,0.6666666666666667,0.6,0.526984126984127,0.6,0.6,0.4666666666666667,0.6,0.5
feature_screen_with_shrinkage_lda,6,S06_personal_fold04,4,win1p0s_50ov__trim10_each_end__EMG_IMU__ShrinkageLDA,win1p0s_50ov,1.0,1260,630,trim10_each_end,0.1,0.1,EMG_IMU,42,ShrinkageLDA,1386,1368,95,5.211044200001197,success,0.8947368421052632,0.8947368421052632,0.9207407407407407,0.8947368421052632,0.8877638104024911,1.0,1.0,1.0,1.0,1.0
feature_screen_with_shrinkage_lda,6,S06_personal_fold05,5,win1p0s_50ov__trim10_each_end__EMG_IMU__ShrinkageLDA,win1p0s_50ov,1.0,1260,630,trim10_each_end,0.1,0.1,EMG_IMU,42,ShrinkageLDA,1386,1368,95,5.365530999999464,success,0.7473684210526316,0.7473684210526316,0.650952380952381,0.7473684210526316,0.6805494505494505,0.8,0.8,0.7,0.8,0.7333333333333333
feature_screen_with_shrinkage_lda,6,S06_personal_fold06,6,win1p0s_50ov__trim10_each_end__EMG_IMU__ShrinkageLDA,win1p0s_50ov,1.0,1260,630,trim10_each_end,0.1,0.1,EMG_IMU,42,ShrinkageLDA,1386,1368,95,5.163039700000809,success,0.9578947368421052,0.9578947368421054,0.9652173913043478,0.9578947368421054,0.957422969187675,1.0,1.0,1.0,1.0,1.0
feature_screen_with_shrinkage_lda,6,S06_personal_fold07,7,win1p0s_50ov__trim10_each_end__EMG_IMU__ShrinkageLDA,win1p0s_50ov,1.0,1260,630,trim10_each_end,0.1,0.1,EMG_IMU,42,ShrinkageLDA,1386,570,893,3.6336736000012024,success,0.6248600223964166,0.53314698088859,0.5455879463269253,0.53314698088859,0.4960064505780756,0.6,0.6,0.5,0.6,0.5333333333333333
feature_screen_with_shrinkage_lda,6,S06_personal_fold08,8,win1p0s_50ov__trim10_each_end__EMG_IMU__ShrinkageLDA,win1p0s_50ov,1.0,1260,630,trim10_each_end,0.1,0.1,EMG_IMU,42,ShrinkageLDA,1386,570,95,3.718154099999083,success,0.9368421052631579,0.9368421052631579,0.9431884057971015,0.9368421052631579,0.9361344537815126,1.0,1.0,1.0,1.0,1.0
feature_screen_with_shrinkage_lda,6,S06_personal_fold01,1,win1p0s_50ov__trim20_each_end__EMG__ShrinkageLDA,win1p0s_50ov,1.0,1260,630,trim20_each_end,0.2,0.2,EMG,6,ShrinkageLDA,198,1020,70,0.061690500002441695,success,0.6285714285714286,0.6285714285714286,0.6727272727272727,0.6285714285714286,0.6114609929078013,0.8,0.8,0.7,0.8,0.7333333333333333
feature_screen_with_shrinkage_lda,6,S06_personal_fold02,2,win1p0s_50ov__trim20_each_end__EMG__ShrinkageLDA,win1p0s_50ov,1.0,1260,630,trim20_each_end,0.2,0.2,EMG,6,ShrinkageLDA,198,1020,70,0.06230719999803114,success,0.7,0.7,0.775,0.7,0.7077839070895175,0.8,0.8,0.7,0.8,0.7333333333333333
feature_screen_with_shrinkage_lda,6,S06_personal_fold03,3,win1p0s_50ov__trim20_each_end__EMG__ShrinkageLDA,win1p0s_50ov,1.0,1260,630,trim20_each_end,0.2,0.2,EMG,6,ShrinkageLDA,198,1020,70,0.06515500000023167,success,0.8,0.8,0.7,0.8,0.7333333333333333,0.8,0.8,0.7,0.8,0.7333333333333333
feature_screen_with_shrinkage_lda,6,S06_personal_fold04,4,win1p0s_50ov__trim20_each_end__EMG__ShrinkageLDA,win1p0s_50ov,1.0,1260,630,trim20_each_end,0.2,0.2,EMG,6,ShrinkageLDA,198,1020,70,0.08350620000055642,success,0.7714285714285715,0.7714285714285715,0.6933333333333334,0.7714285714285715,0.711888111888112,0.8,0.8,0.7,0.8,0.7333333333333333
feature_screen_with_shrinkage_lda,6,S06_personal_fold05,5,win1p0s_50ov__trim20_each_end__EMG__ShrinkageLDA,win1p0s_50ov,1.0,1260,630,trim20_each_end,0.2,0.2,EMG,6,ShrinkageLDA,198,1020,70,0.06996440000148141,success,0.7142857142857143,0.7142857142857142,0.6683333333333333,0.7142857142857142,0.6593939393939394,0.8,0.8,0.7,0.8,0.7333333333333333
feature_screen_with_shrinkage_lda,6,S06_personal_fold06,6,win1p0s_50ov__trim20_each_end__EMG__ShrinkageLDA,win1p0s_50ov,1.0,1260,630,trim20_each_end,0.2,0.2,EMG,6,ShrinkageLDA,198,1020,70,0.06833770000230288,success,0.9714285714285714,0.9714285714285715,0.9714285714285715,0.9714285714285715,0.9714285714285715,1.0,1.0,1.0,1.0,1.0
feature_screen_with_shrinkage_lda,6,S06_personal_fold07,7,win1p0s_50ov__trim20_each_end__EMG__ShrinkageLDA,win1p0s_50ov,1.0,1260,630,trim20_each_end,0.2,0.2,EMG,6,ShrinkageLDA,198,420,670,0.04469749999771011,success,0.6865671641791045,0.6099279219139031,0.6186361388420886,0.6099279219139031,0.5884329280899088,0.6,0.6,0.4666666666666666,0.6,0.5
feature_screen_with_shrinkage_lda,6,S06_personal_fold08,8,win1p0s_50ov__trim20_each_end__EMG__ShrinkageLDA,win1p0s_50ov,1.0,1260,630,trim20_each_end,0.2,0.2,EMG,6,ShrinkageLDA,198,420,70,0.04339270000127726,success,0.8714285714285714,0.8714285714285713,0.8748663101604277,0.8714285714285713,0.8699354838709678,1.0,1.0,1.0,1.0,1.0
feature_screen_with_shrinkage_lda,6,S06_personal_fold01,1,win1p0s_50ov__trim20_each_end__EMG_ACC__ShrinkageLDA,win1p0s_50ov,1.0,1260,630,trim20_each_end,0.2,0.2,EMG_ACC,24,ShrinkageLDA,792,1020,70,1.0274219999992056,success,0.7,0.7,0.6827586206896552,0.7,0.6722432915921288,0.8,0.8,0.7,0.8,0.7333333333333333
feature_screen_with_shrinkage_lda,6,S06_personal_fold02,2,win1p0s_50ov__trim20_each_end__EMG_ACC__ShrinkageLDA,win1p0s_50ov,1.0,1260,630,trim20_each_end,0.2,0.2,EMG_ACC,24,ShrinkageLDA,792,1020,70,1.013889999998355,success,0.7428571428571429,0.7428571428571429,0.8683333333333334,0.7428571428571429,0.7423909576312323,0.8,0.8,0.7,0.8,0.7333333333333333
feature_screen_with_shrinkage_lda,6,S06_personal_fold03,3,win1p0s_50ov__trim20_each_end__EMG_ACC__ShrinkageLDA,win1p0s_50ov,1.0,1260,630,trim20_each_end,0.2,0.2,EMG_ACC,24,ShrinkageLDA,792,1020,70,1.1021179999988817,success,0.8,0.8,0.7,0.8,0.7333333333333333,0.8,0.8,0.7,0.8,0.7333333333333333
feature_screen_with_shrinkage_lda,6,S06_personal_fold04,4,win1p0s_50ov__trim20_each_end__EMG_ACC__ShrinkageLDA,win1p0s_50ov,1.0,1260,630,trim20_each_end,0.2,0.2,EMG_ACC,24,ShrinkageLDA,792,1020,70,1.120568500002264,success,0.8,0.8,0.6767058823529413,0.8,0.7242349048800663,0.8,0.8,0.7,0.8,0.7333333333333333
feature_screen_with_shrinkage_lda,6,S06_personal_fold05,5,win1p0s_50ov__trim20_each_end__EMG_ACC__ShrinkageLDA,win1p0s_50ov,1.0,1260,630,trim20_each_end,0.2,0.2,EMG_ACC,24,ShrinkageLDA,792,1020,70,1.067749300000287,success,0.7714285714285715,0.7714285714285715,0.6653703703703704,0.7714285714285715,0.7009708654115719,0.8,0.8,0.7,0.8,0.7333333333333333
feature_screen_with_shrinkage_lda,6,S06_personal_fold06,6,win1p0s_50ov__trim20_each_end__EMG_ACC__ShrinkageLDA,win1p0s_50ov,1.0,1260,630,trim20_each_end,0.2,0.2,EMG_ACC,24,ShrinkageLDA,792,1020,70,1.0839859000006982,success,0.9714285714285714,0.9714285714285715,0.9723809523809525,0.9714285714285715,0.9714103265827404,1.0,1.0,1.0,1.0,1.0
feature_screen_with_shrinkage_lda,6,S06_personal_fold07,7,win1p0s_50ov__trim20_each_end__EMG_ACC__ShrinkageLDA,win1p0s_50ov,1.0,1260,630,trim20_each_end,0.2,0.2,EMG_ACC,24,ShrinkageLDA,792,420,670,0.7943478000015602,success,0.6537313432835821,0.5688304826856229,0.5948414140974594,0.5688304826856229,0.5371096361543228,0.6,0.6,0.4666666666666666,0.6,0.5
feature_screen_with_shrinkage_lda,6,S06_personal_fold08,8,win1p0s_50ov__trim20_each_end__EMG_ACC__ShrinkageLDA,win1p0s_50ov,1.0,1260,630,trim20_each_end,0.2,0.2,EMG_ACC,24,ShrinkageLDA,792,420,70,0.7511747000025935,success,0.8714285714285714,0.8714285714285716,0.9217391304347826,0.8714285714285716,0.8566145092460882,0.8,0.8,0.7,0.8,0.7333333333333333
feature_screen_with_shrinkage_lda,6,S06_personal_fold01,1,win1p0s_50ov__trim20_each_end__EMG_IMU__ShrinkageLDA,win1p0s_50ov,1.0,1260,630,trim20_each_end,0.2,0.2,EMG_IMU,42,ShrinkageLDA,1386,1020,70,4.557519500001945,success,0.7,0.7,0.7479166666666666,0.7,0.6699062233589087,0.8,0.8,0.7,0.8,0.7333333333333333
feature_screen_with_shrinkage_lda,6,S06_personal_fold02,2,win1p0s_50ov__trim20_each_end__EMG_IMU__ShrinkageLDA,win1p0s_50ov,1.0,1260,630,trim20_each_end,0.2,0.2,EMG_IMU,42,ShrinkageLDA,1386,1020,70,4.433558200002153,success,0.8142857142857143,0.8142857142857143,0.884,0.8142857142857143,0.826,1.0,1.0,1.0,1.0,1.0
feature_screen_with_shrinkage_lda,6,S06_personal_fold03,3,win1p0s_50ov__trim20_each_end__EMG_IMU__ShrinkageLDA,win1p0s_50ov,1.0,1260,630,trim20_each_end,0.2,0.2,EMG_IMU,42,ShrinkageLDA,1386,1020,70,4.55143870000029,success,0.6714285714285714,0.6714285714285715,0.6777777777777778,0.6714285714285715,0.6172631578947368,0.6,0.6,0.4666666666666667,0.6,0.5
feature_screen_with_shrinkage_lda,6,S06_personal_fold04,4,win1p0s_50ov__trim20_each_end__EMG_IMU__ShrinkageLDA,win1p0s_50ov,1.0,1260,630,trim20_each_end,0.2,0.2,EMG_IMU,42,ShrinkageLDA,1386,1020,70,4.521308499999577,success,0.9285714285714286,0.9285714285714285,0.9422222222222223,0.9285714285714285,0.9246251874062968,1.0,1.0,1.0,1.0,1.0
feature_screen_with_shrinkage_lda,6,S06_personal_fold05,5,win1p0s_50ov__trim20_each_end__EMG_IMU__ShrinkageLDA,win1p0s_50ov,1.0,1260,630,trim20_each_end,0.2,0.2,EMG_IMU,42,ShrinkageLDA,1386,1020,70,4.481807399999525,success,0.7714285714285715,0.7714285714285715,0.6733333333333335,0.7714285714285715,0.7041556145004421,0.8,0.8,0.7,0.8,0.7333333333333333
feature_screen_with_shrinkage_lda,6,S06_personal_fold06,6,win1p0s_50ov__trim20_each_end__EMG_IMU__ShrinkageLDA,win1p0s_50ov,1.0,1260,630,trim20_each_end,0.2,0.2,EMG_IMU,42,ShrinkageLDA,1386,1020,70,4.4653158000000985,success,0.9714285714285714,0.9714285714285715,0.9733333333333334,0.9714285714285715,0.9708222811671089,1.0,1.0,1.0,1.0,1.0
feature_screen_with_shrinkage_lda,6,S06_personal_fold07,7,win1p0s_50ov__trim20_each_end__EMG_IMU__ShrinkageLDA,win1p0s_50ov,1.0,1260,630,trim20_each_end,0.2,0.2,EMG_IMU,42,ShrinkageLDA,1386,420,670,3.413548599997739,success,0.5805970149253732,0.4763588087419863,0.48175304633637966,0.4763588087419863,0.44069151999701983,0.8,0.8,0.7,0.8,0.7333333333333333
feature_screen_with_shrinkage_lda,6,S06_personal_fold08,8,win1p0s_50ov__trim20_each_end__EMG_IMU__ShrinkageLDA,win1p0s_50ov,1.0,1260,630,trim20_each_end,0.2,0.2,EMG_IMU,42,ShrinkageLDA,1386,420,70,3.3730728999980784,success,0.9,0.9,0.9333333333333332,0.9,0.8933333333333333,0.8,0.8,0.7,0.8,0.7333333333333333
model_screen_on_best_feature_config,6,S06_personal_fold01,1,win1p0s_50ov__full_segment__EMG_IMU__ShrinkageLDA,win1p0s_50ov,1.0,1260,630,full_segment,0.0,0.0,EMG_IMU,42,ShrinkageLDA,1386,1694,116,5.867085900001257,success,0.7586206896551724,0.7648550724637682,0.7583333333333333,0.7648550724637682,0.7203605439701083,0.8,0.8,0.7,0.8,0.7333333333333333
model_screen_on_best_feature_config,6,S06_personal_fold01,1,win1p0s_50ov__full_segment__EMG_IMU__LogisticRegression,win1p0s_50ov,1.0,1260,630,full_segment,0.0,0.0,EMG_IMU,42,LogisticRegression,1386,1694,116,1.338559299998451,success,0.75,0.7565217391304347,0.6901960784313725,0.7565217391304347,0.7008322608322608,0.8,0.8,0.7,0.8,0.7333333333333333
model_screen_on_best_feature_config,6,S06_personal_fold01,1,win1p0s_50ov__full_segment__EMG_IMU__RBF-SVM,win1p0s_50ov,1.0,1260,630,full_segment,0.0,0.0,EMG_IMU,42,RBF-SVM,1386,1694,116,10.195324299998902,success,0.7758620689655172,0.7826086956521738,0.6938775510204082,0.7826086956521738,0.7188888888888889,0.8,0.8,0.7,0.8,0.7333333333333333
model_screen_on_best_feature_config,6,S06_personal_fold01,1,win1p0s_50ov__full_segment__EMG_IMU__RandomForest,win1p0s_50ov,1.0,1260,630,full_segment,0.0,0.0,EMG_IMU,42,RandomForest,1386,1694,116,2.004811000002519,success,0.7586206896551724,0.7652173913043478,0.6938775510204082,0.7652173913043478,0.7095959595959596,0.8,0.8,0.7,0.8,0.7333333333333333
model_screen_on_best_feature_config,6,S06_personal_fold02,2,win0p25s_50ov__full_segment__EMG__ShrinkageLDA,win0p25s_50ov,0.25,315,157,full_segment,0.0,0.0,EMG,6,ShrinkageLDA,198,6889,480,0.3308969999998226,success,0.8395833333333333,0.8395833333333333,0.8690424453136318,0.8395833333333333,0.8456380302202284,1.0,1.0,1.0,1.0,1.0
model_screen_on_best_feature_config,6,S06_personal_fold02,2,win0p25s_50ov__full_segment__EMG__LogisticRegression,win0p25s_50ov,0.25,315,157,full_segment,0.0,0.0,EMG,6,LogisticRegression,198,6889,480,3.8220295000028273,success,0.6875,0.6874999999999999,0.8212727782450238,0.6874999999999999,0.6955353312102937,0.8,0.8,0.7,0.8,0.7333333333333333
model_screen_on_best_feature_config,6,S06_personal_fold02,2,win0p25s_50ov__full_segment__EMG__RBF-SVM,win0p25s_50ov,0.25,315,157,full_segment,0.0,0.0,EMG,6,RBF-SVM,198,6889,480,13.108734199999162,success,0.79375,0.79375,0.8490553711881679,0.79375,0.8035414907945929,1.0,1.0,1.0,1.0,1.0
model_screen_on_best_feature_config,6,S06_personal_fold02,2,win0p25s_50ov__full_segment__EMG__RandomForest,win0p25s_50ov,0.25,315,157,full_segment,0.0,0.0,EMG,6,RandomForest,198,6889,480,3.550301400002354,success,0.8375,0.8375,0.8680851063829789,0.8375,0.841224118556988,1.0,1.0,1.0,1.0,1.0
model_screen_on_best_feature_config,6,S06_personal_fold03,3,win1p0s_50ov__trim10_each_end__EMG__ShrinkageLDA,win1p0s_50ov,1.0,1260,630,trim10_each_end,0.1,0.1,EMG,6,ShrinkageLDA,198,1368,95,0.06961600000067847,success,0.8,0.8,0.7,0.8,0.7333333333333333,0.8,0.8,0.7,0.8,0.7333333333333333
model_screen_on_best_feature_config,6,S06_personal_fold03,3,win1p0s_50ov__trim10_each_end__EMG__LogisticRegression,win1p0s_50ov,1.0,1260,630,trim10_each_end,0.1,0.1,EMG,6,LogisticRegression,198,1368,95,0.24420300000201678,success,0.6526315789473685,0.6526315789473685,0.6384126984126983,0.6526315789473685,0.60997668997669,0.6,0.6,0.5,0.6,0.5333333333333333
model_screen_on_best_feature_config,6,S06_personal_fold03,3,win1p0s_50ov__trim10_each_end__EMG__RBF-SVM,win1p0s_50ov,1.0,1260,630,trim10_each_end,0.1,0.1,EMG,6,RBF-SVM,198,1368,95,0.7381186000020534,success,0.6526315789473685,0.6526315789473685,0.7,0.6526315789473685,0.6166666666666667,0.6,0.6,0.5,0.6,0.5333333333333333
model_screen_on_best_feature_config,6,S06_personal_fold03,3,win1p0s_50ov__trim10_each_end__EMG__RandomForest,win1p0s_50ov,1.0,1260,630,trim10_each_end,0.1,0.1,EMG,6,RandomForest,198,1368,95,0.623425199999474,success,0.7789473684210526,0.7789473684210526,0.6845029239766082,0.7789473684210526,0.7171291866028708,0.8,0.8,0.7,0.8,0.7333333333333333
model_screen_on_best_feature_config,6,S06_personal_fold04,4,win1p0s_50ov__full_segment__EMG_IMU__ShrinkageLDA,win1p0s_50ov,1.0,1260,630,full_segment,0.0,0.0,EMG_IMU,42,ShrinkageLDA,1386,1693,116,6.310113499999716,success,0.9568965517241379,0.9583333333333333,0.962037037037037,0.9583333333333333,0.9564888668975755,1.0,1.0,1.0,1.0,1.0
model_screen_on_best_feature_config,6,S06_personal_fold04,4,win1p0s_50ov__full_segment__EMG_IMU__LogisticRegression,win1p0s_50ov,1.0,1260,630,full_segment,0.0,0.0,EMG_IMU,42,LogisticRegression,1386,1693,116,1.3599412000003213,success,0.9482758620689655,0.9492753623188406,0.9484268774703558,0.9492753623188406,0.9481884057971015,1.0,1.0,1.0,1.0,1.0
model_screen_on_best_feature_config,6,S06_personal_fold04,4,win1p0s_50ov__full_segment__EMG_IMU__RBF-SVM,win1p0s_50ov,1.0,1260,630,full_segment,0.0,0.0,EMG_IMU,42,RBF-SVM,1386,1693,116,10.043652799999109,success,0.8189655172413793,0.8231884057971015,0.8847545219638242,0.8231884057971015,0.8119733924611973,0.8,0.8,0.7,0.8,0.7333333333333333
model_screen_on_best_feature_config,6,S06_personal_fold04,4,win1p0s_50ov__full_segment__EMG_IMU__RandomForest,win1p0s_50ov,1.0,1260,630,full_segment,0.0,0.0,EMG_IMU,42,RandomForest,1386,1693,116,1.8680170999978145,success,0.7931034482758621,0.8,0.6978723404255319,0.8,0.7314285714285714,0.8,0.8,0.7,0.8,0.7333333333333333
model_screen_on_best_feature_config,6,S06_personal_fold05,5,win0p5s_50ov__trim20_each_end__EMG_IMU__ShrinkageLDA,win0p5s_50ov,0.5,630,315,trim20_each_end,0.2,0.2,EMG_IMU,42,ShrinkageLDA,1386,2041,140,6.420675199999096,success,0.8,0.8,0.8714944042132983,0.8,0.7709011493657556,0.8,0.8,0.7,0.8,0.7333333333333333
model_screen_on_best_feature_config,6,S06_personal_fold05,5,win0p5s_50ov__trim20_each_end__EMG_IMU__LogisticRegression,win0p5s_50ov,0.5,630,315,trim20_each_end,0.2,0.2,EMG_IMU,42,LogisticRegression,1386,2041,140,1.9442414000004646,success,0.7714285714285715,0.7714285714285715,0.8521929824561404,0.7714285714285715,0.7542233347239605,0.8,0.8,0.7,0.8,0.7333333333333333
model_screen_on_best_feature_config,6,S06_personal_fold05,5,win0p5s_50ov__trim20_each_end__EMG_IMU__RBF-SVM,win0p5s_50ov,0.5,630,315,trim20_each_end,0.2,0.2,EMG_IMU,42,RBF-SVM,1386,2041,140,14.607579700001224,success,0.6714285714285714,0.6714285714285715,0.6542741234424805,0.6714285714285715,0.6225424672793094,0.8,0.8,0.7,0.8,0.7333333333333333
model_screen_on_best_feature_config,6,S06_personal_fold05,5,win0p5s_50ov__trim20_each_end__EMG_IMU__RandomForest,win0p5s_50ov,0.5,630,315,trim20_each_end,0.2,0.2,EMG_IMU,42,RandomForest,1386,2041,140,2.534004499997536,success,0.8,0.8,0.6949216300940438,0.8,0.73143098710632,0.8,0.8,0.7,0.8,0.7333333333333333
model_screen_on_best_feature_config,6,S06_personal_fold06,6,win0p5s_50ov__trim20_each_end__EMG__ShrinkageLDA,win0p5s_50ov,0.5,630,315,trim20_each_end,0.2,0.2,EMG,6,ShrinkageLDA,198,2041,140,0.10868109999864828,success,0.9785714285714285,0.9785714285714286,0.9792592592592593,0.9785714285714286,0.9785579937304074,1.0,1.0,1.0,1.0,1.0
model_screen_on_best_feature_config,6,S06_personal_fold06,6,win0p5s_50ov__trim20_each_end__EMG__LogisticRegression,win0p5s_50ov,0.5,630,315,trim20_each_end,0.2,0.2,EMG,6,LogisticRegression,198,2041,140,0.5108111000008648,success,0.7857142857142857,0.7857142857142858,0.794915549743925,0.7857142857142858,0.7833613696262204,0.8,0.8,0.7,0.8,0.7333333333333333
model_screen_on_best_feature_config,6,S06_personal_fold06,6,win0p5s_50ov__trim20_each_end__EMG__RBF-SVM,win0p5s_50ov,0.5,630,315,trim20_each_end,0.2,0.2,EMG,6,RBF-SVM,198,2041,140,1.52746880000268,success,0.85,0.85,0.8587502817218841,0.85,0.8419785575048733,1.0,1.0,1.0,1.0,1.0
model_screen_on_best_feature_config,6,S06_personal_fold06,6,win0p5s_50ov__trim20_each_end__EMG__RandomForest,win0p5s_50ov,0.5,630,315,trim20_each_end,0.2,0.2,EMG,6,RandomForest,198,2041,140,1.0011240999992879,success,0.9928571428571429,0.9928571428571429,0.993103448275862,0.9928571428571429,0.9928548644338118,1.0,1.0,1.0,1.0,1.0
model_screen_on_best_feature_config,6,S06_personal_fold07,7,win0p25s_50ov__trim20_each_end__EMG_ACC__ShrinkageLDA,win0p25s_50ov,0.25,315,157,trim20_each_end,0.2,0.2,EMG_ACC,24,ShrinkageLDA,792,1710,2692,1.442310800000996,success,0.712109955423477,0.6429675617545104,0.6976179893254157,0.6429675617545104,0.6455965559945203,0.8,0.8,0.7,0.8,0.7333333333333333
model_screen_on_best_feature_config,6,S06_personal_fold07,7,win0p25s_50ov__trim20_each_end__EMG_ACC__LogisticRegression,win0p25s_50ov,0.25,315,157,trim20_each_end,0.2,0.2,EMG_ACC,24,LogisticRegression,792,1710,2692,0.57292679999955,success,0.6604754829123328,0.5774679632305584,0.6113228829741406,0.5774679632305584,0.5787894392440075,0.8,0.8,0.7,0.8,0.7333333333333333
model_screen_on_best_feature_config,6,S06_personal_fold07,7,win0p25s_50ov__trim20_each_end__EMG_ACC__RBF-SVM,win0p25s_50ov,0.25,315,157,trim20_each_end,0.2,0.2,EMG_ACC,24,RBF-SVM,792,1710,2692,6.75195149999854,success,0.6028974739970282,0.5042565938728897,0.6595820962555143,0.5042565938728897,0.49940836279427725,0.6,0.6,0.4,0.6,0.4666666666666666
model_screen_on_best_feature_config,6,S06_personal_fold07,7,win0p25s_50ov__trim20_each_end__EMG_ACC__RandomForest,win0p25s_50ov,0.25,315,157,trim20_each_end,0.2,0.2,EMG_ACC,24,RandomForest,792,1710,2692,1.374107499999809,success,0.6842496285289748,0.6047887463806746,0.664510472466375,0.6047887463806746,0.573203852926493,0.6,0.6,0.4666666666666666,0.6,0.5
model_screen_on_best_feature_config,6,S06_personal_fold08,8,win1p0s_50ov__full_segment__EMG_IMU__ShrinkageLDA,win1p0s_50ov,1.0,1260,630,full_segment,0.0,0.0,EMG_IMU,42,ShrinkageLDA,1386,693,115,3.932786000001215,success,0.9565217391304348,0.9565217391304348,0.9642857142857142,0.9565217391304348,0.9560019129603059,1.0,1.0,1.0,1.0,1.0
model_screen_on_best_feature_config,6,S06_personal_fold08,8,win1p0s_50ov__full_segment__EMG_IMU__LogisticRegression,win1p0s_50ov,1.0,1260,630,full_segment,0.0,0.0,EMG_IMU,42,LogisticRegression,1386,693,115,0.2690956999977061,success,0.8173913043478261,0.8173913043478261,0.8383333333333333,0.8173913043478261,0.7885057471264367,0.8,0.8,0.7,0.8,0.7333333333333333
model_screen_on_best_feature_config,6,S06_personal_fold08,8,win1p0s_50ov__full_segment__EMG_IMU__RBF-SVM,win1p0s_50ov,1.0,1260,630,full_segment,0.0,0.0,EMG_IMU,42,RBF-SVM,1386,693,115,2.2681708999989496,success,0.8521739130434782,0.8521739130434783,0.9074561403508772,0.8521739130434783,0.8333403092663645,0.8,0.8,0.7,0.8,0.7333333333333333
model_screen_on_best_feature_config,6,S06_personal_fold08,8,win1p0s_50ov__full_segment__EMG_IMU__RandomForest,win1p0s_50ov,1.0,1260,630,full_segment,0.0,0.0,EMG_IMU,42,RandomForest,1386,693,115,0.7225134999971488,success,0.8,0.8,0.7,0.8,0.7333333333333333,0.8,0.8,0.7,0.8,0.7333333333333333
feature_screen_with_shrinkage_lda,7,S07_personal_fold01,1,win0p25s_50ov__full_segment__EMG__ShrinkageLDA,win0p25s_50ov,0.25,315,157,full_segment,0.0,0.0,EMG,6,ShrinkageLDA,198,7113,480,0.3039544000021124,success,0.8291666666666667,0.8291666666666668,0.875378493046583,0.8291666666666668,0.8096992395852164,0.8,0.8,0.7,0.8,0.7333333333333333
feature_screen_with_shrinkage_lda,7,S07_personal_fold02,2,win0p25s_50ov__full_segment__EMG__ShrinkageLDA,win0p25s_50ov,0.25,315,157,full_segment,0.0,0.0,EMG,6,ShrinkageLDA,198,7113,480,0.31032259999847156,success,0.8583333333333333,0.8583333333333332,0.871788212836454,0.8583333333333332,0.8582287850894332,1.0,1.0,1.0,1.0,1.0
feature_screen_with_shrinkage_lda,7,S07_personal_fold03,3,win0p25s_50ov__full_segment__EMG__ShrinkageLDA,win0p25s_50ov,0.25,315,157,full_segment,0.0,0.0,EMG,6,ShrinkageLDA,198,7113,480,0.3306459999985236,success,0.9708333333333333,0.9708333333333334,0.9719673702537216,0.9708333333333334,0.9711206465675716,1.0,1.0,1.0,1.0,1.0
feature_screen_with_shrinkage_lda,7,S07_personal_fold04,4,win0p25s_50ov__full_segment__EMG__ShrinkageLDA,win0p25s_50ov,0.25,315,157,full_segment,0.0,0.0,EMG,6,ShrinkageLDA,198,7113,480,0.32458480000059353,success,0.9520833333333333,0.9520833333333334,0.9568722887385043,0.9520833333333334,0.9523725255443498,1.0,1.0,1.0,1.0,1.0
feature_screen_with_shrinkage_lda,7,S07_personal_fold05,5,win0p25s_50ov__full_segment__EMG__ShrinkageLDA,win0p25s_50ov,0.25,315,157,full_segment,0.0,0.0,EMG,6,ShrinkageLDA,198,7113,480,0.3205649000010453,success,0.9208333333333333,0.9208333333333332,0.9339368754956384,0.9208333333333332,0.9183673302963552,1.0,1.0,1.0,1.0,1.0
feature_screen_with_shrinkage_lda,7,S07_personal_fold06,6,win0p25s_50ov__full_segment__EMG__ShrinkageLDA,win0p25s_50ov,0.25,315,157,full_segment,0.0,0.0,EMG,6,ShrinkageLDA,198,7113,480,0.3451996000003419,success,0.8895833333333333,0.8895833333333332,0.9073232677963832,0.8895833333333332,0.8867350291459791,1.0,1.0,1.0,1.0,1.0
feature_screen_with_shrinkage_lda,7,S07_personal_fold07,7,win0p25s_50ov__full_segment__EMG__ShrinkageLDA,win0p25s_50ov,0.25,315,157,full_segment,0.0,0.0,EMG,6,ShrinkageLDA,198,2880,4713,0.1469175999991421,success,0.7988542329726289,0.7487414063327557,0.7639337676188759,0.7487414063327557,0.7460148232719339,1.0,1.0,1.0,1.0,1.0
feature_screen_with_shrinkage_lda,7,S07_personal_fold08,8,win0p25s_50ov__full_segment__EMG__ShrinkageLDA,win0p25s_50ov,0.25,315,157,full_segment,0.0,0.0,EMG,6,ShrinkageLDA,198,2880,480,0.12196989999938523,success,0.9583333333333334,0.9583333333333334,0.9603426613363792,0.9583333333333334,0.9581402584262186,1.0,1.0,1.0,1.0,1.0
feature_screen_with_shrinkage_lda,7,S07_personal_fold01,1,win0p25s_50ov__full_segment__EMG_ACC__ShrinkageLDA,win0p25s_50ov,0.25,315,157,full_segment,0.0,0.0,EMG_ACC,24,ShrinkageLDA,792,7113,480,4.223647300001176,success,0.8770833333333333,0.8770833333333334,0.9133942402922994,0.8770833333333334,0.8672417008361037,0.8,0.8,0.7,0.8,0.7333333333333333
feature_screen_with_shrinkage_lda,7,S07_personal_fold02,2,win0p25s_50ov__full_segment__EMG_ACC__ShrinkageLDA,win0p25s_50ov,0.25,315,157,full_segment,0.0,0.0,EMG_ACC,24,ShrinkageLDA,792,7113,480,4.214690699998755,success,0.88125,0.88125,0.8849708090075061,0.88125,0.8794744156763811,1.0,1.0,1.0,1.0,1.0
feature_screen_with_shrinkage_lda,7,S07_personal_fold03,3,win0p25s_50ov__full_segment__EMG_ACC__ShrinkageLDA,win0p25s_50ov,0.25,315,157,full_segment,0.0,0.0,EMG_ACC,24,ShrinkageLDA,792,7113,480,4.12586630000078,success,0.9645833333333333,0.9645833333333332,0.964412196714177,0.9645833333333332,0.9642420396862021,1.0,1.0,1.0,1.0,1.0
feature_screen_with_shrinkage_lda,7,S07_personal_fold04,4,win0p25s_50ov__full_segment__EMG_ACC__ShrinkageLDA,win0p25s_50ov,0.25,315,157,full_segment,0.0,0.0,EMG_ACC,24,ShrinkageLDA,792,7113,480,4.33317309999984,success,0.9729166666666667,0.9729166666666668,0.9734984520123838,0.9729166666666668,0.9729637436443719,1.0,1.0,1.0,1.0,1.0
feature_screen_with_shrinkage_lda,7,S07_personal_fold05,5,win0p25s_50ov__full_segment__EMG_ACC__ShrinkageLDA,win0p25s_50ov,0.25,315,157,full_segment,0.0,0.0,EMG_ACC,24,ShrinkageLDA,792,7113,480,4.2752579000007245,success,0.9083333333333333,0.9083333333333334,0.9274155447253921,0.9083333333333334,0.9065603295904083,1.0,1.0,1.0,1.0,1.0
feature_screen_with_shrinkage_lda,7,S07_personal_fold06,6,win0p25s_50ov__full_segment__EMG_ACC__ShrinkageLDA,win0p25s_50ov,0.25,315,157,full_segment,0.0,0.0,EMG_ACC,24,ShrinkageLDA,792,7113,480,4.225504200003343,success,0.8604166666666667,0.8604166666666668,0.8994854953475644,0.8604166666666668,0.8527426427911688,0.8,0.8,0.7,0.8,0.7333333333333333
feature_screen_with_shrinkage_lda,7,S07_personal_fold07,7,win0p25s_50ov__full_segment__EMG_ACC__ShrinkageLDA,win0p25s_50ov,0.25,315,157,full_segment,0.0,0.0,EMG_ACC,24,ShrinkageLDA,792,2880,4713,2.0984186999994563,success,0.7475068958200721,0.6842200027686041,0.7176883132015592,0.6842200027686041,0.6885524307445376,0.8,0.8,0.7,0.8,0.7333333333333333
feature_screen_with_shrinkage_lda,7,S07_personal_fold08,8,win0p25s_50ov__full_segment__EMG_ACC__ShrinkageLDA,win0p25s_50ov,0.25,315,157,full_segment,0.0,0.0,EMG_ACC,24,ShrinkageLDA,792,2880,480,2.0360979000033694,success,0.8270833333333333,0.8270833333333334,0.8522809725115492,0.8270833333333334,0.8243217829080564,1.0,1.0,1.0,1.0,1.0
feature_screen_with_shrinkage_lda,7,S07_personal_fold01,1,win0p25s_50ov__full_segment__EMG_IMU__ShrinkageLDA,win0p25s_50ov,0.25,315,157,full_segment,0.0,0.0,EMG_IMU,42,ShrinkageLDA,1386,7113,480,17.60513539999738,success,0.86875,0.86875,0.9069404185296541,0.86875,0.8583052941094401,0.8,0.8,0.7,0.8,0.7333333333333333
feature_screen_with_shrinkage_lda,7,S07_personal_fold02,2,win0p25s_50ov__full_segment__EMG_IMU__ShrinkageLDA,win0p25s_50ov,0.25,315,157,full_segment,0.0,0.0,EMG_IMU,42,ShrinkageLDA,1386,7113,480,16.93118599999798,success,0.9020833333333333,0.9020833333333333,0.9033577533577534,0.9020833333333333,0.9015642472123829,1.0,1.0,1.0,1.0,1.0
feature_screen_with_shrinkage_lda,7,S07_personal_fold03,3,win0p25s_50ov__full_segment__EMG_IMU__ShrinkageLDA,win0p25s_50ov,0.25,315,157,full_segment,0.0,0.0,EMG_IMU,42,ShrinkageLDA,1386,7113,480,16.547863300002064,success,0.9375,0.9375,0.9395173453996983,0.9375,0.9359272235539983,1.0,1.0,1.0,1.0,1.0
feature_screen_with_shrinkage_lda,7,S07_personal_fold04,4,win0p25s_50ov__full_segment__EMG_IMU__ShrinkageLDA,win0p25s_50ov,0.25,315,157,full_segment,0.0,0.0,EMG_IMU,42,ShrinkageLDA,1386,7113,480,17.059172500001296,success,0.975,0.975,0.9754686084971734,0.975,0.9750271956326273,1.0,1.0,1.0,1.0,1.0
feature_screen_with_shrinkage_lda,7,S07_personal_fold05,5,win0p25s_50ov__full_segment__EMG_IMU__ShrinkageLDA,win0p25s_50ov,0.25,315,157,full_segment,0.0,0.0,EMG_IMU,42,ShrinkageLDA,1386,7113,480,17.184891900000366,success,0.9145833333333333,0.9145833333333334,0.9274874177313202,0.9145833333333334,0.91368181921443,1.0,1.0,1.0,1.0,1.0
feature_screen_with_shrinkage_lda,7,S07_personal_fold06,6,win0p25s_50ov__full_segment__EMG_IMU__ShrinkageLDA,win0p25s_50ov,0.25,315,157,full_segment,0.0,0.0,EMG_IMU,42,ShrinkageLDA,1386,7113,480,16.985081999999238,success,0.9041666666666667,0.9041666666666668,0.9244193401291498,0.9041666666666668,0.9018172938172938,1.0,1.0,1.0,1.0,1.0
feature_screen_with_shrinkage_lda,7,S07_personal_fold07,7,win0p25s_50ov__full_segment__EMG_IMU__ShrinkageLDA,win0p25s_50ov,0.25,315,157,full_segment,0.0,0.0,EMG_IMU,42,ShrinkageLDA,1386,2880,4713,8.300699100000202,success,0.7328665393592192,0.6657566437627812,0.7197054537144506,0.6657566437627812,0.6766919221407965,1.0,1.0,1.0,1.0,1.0
feature_screen_with_shrinkage_lda,7,S07_personal_fold08,8,win0p25s_50ov__full_segment__EMG_IMU__ShrinkageLDA,win0p25s_50ov,0.25,315,157,full_segment,0.0,0.0,EMG_IMU,42,ShrinkageLDA,1386,2880,480,8.074794699998165,success,0.8645833333333334,0.8645833333333334,0.8787878787878787,0.8645833333333334,0.864653110539409,1.0,1.0,1.0,1.0,1.0
feature_screen_with_shrinkage_lda,7,S07_personal_fold01,1,win0p25s_50ov__trim10_each_end__EMG__ShrinkageLDA,win0p25s_50ov,0.25,315,157,trim10_each_end,0.1,0.1,EMG,6,ShrinkageLDA,198,5695,385,0.2761011000002327,success,0.8337662337662337,0.8337662337662337,0.8845956353218739,0.8337662337662337,0.8152147673333291,0.8,0.8,0.7,0.8,0.7333333333333333
feature_screen_with_shrinkage_lda,7,S07_personal_fold02,2,win0p25s_50ov__trim10_each_end__EMG__ShrinkageLDA,win0p25s_50ov,0.25,315,157,trim10_each_end,0.1,0.1,EMG,6,ShrinkageLDA,198,5695,385,0.26144919999933336,success,0.8779220779220779,0.8779220779220779,0.8890258893648724,0.8779220779220779,0.8761175636507705,1.0,1.0,1.0,1.0,1.0
feature_screen_with_shrinkage_lda,7,S07_personal_fold03,3,win0p25s_50ov__trim10_each_end__EMG__ShrinkageLDA,win0p25s_50ov,0.25,315,157,trim10_each_end,0.1,0.1,EMG,6,ShrinkageLDA,198,5695,385,0.2806483999993361,success,0.9766233766233766,0.9766233766233766,0.9771320688443976,0.9766233766233766,0.9766640641051982,1.0,1.0,1.0,1.0,1.0
feature_screen_with_shrinkage_lda,7,S07_personal_fold04,4,win0p25s_50ov__trim10_each_end__EMG__ShrinkageLDA,win0p25s_50ov,0.25,315,157,trim10_each_end,0.1,0.1,EMG,6,ShrinkageLDA,198,5695,385,0.27734980000241194,success,0.9532467532467532,0.9532467532467532,0.9567699716014323,0.9532467532467532,0.9533848820030842,1.0,1.0,1.0,1.0,1.0
feature_screen_with_shrinkage_lda,7,S07_personal_fold05,5,win0p25s_50ov__trim10_each_end__EMG__ShrinkageLDA,win0p25s_50ov,0.25,315,157,trim10_each_end,0.1,0.1,EMG,6,ShrinkageLDA,198,5695,385,0.25361079999856884,success,0.9064935064935065,0.9064935064935064,0.9298369937610443,0.9064935064935064,0.9008041043524916,1.0,1.0,1.0,1.0,1.0
feature_screen_with_shrinkage_lda,7,S07_personal_fold06,6,win0p25s_50ov__trim10_each_end__EMG__ShrinkageLDA,win0p25s_50ov,0.25,315,157,trim10_each_end,0.1,0.1,EMG,6,ShrinkageLDA,198,5695,385,0.24774099999922328,success,0.8597402597402597,0.8597402597402597,0.8797506319215371,0.8597402597402597,0.8547306012899091,1.0,1.0,1.0,1.0,1.0
feature_screen_with_shrinkage_lda,7,S07_personal_fold07,7,win0p25s_50ov__trim10_each_end__EMG__ShrinkageLDA,win0p25s_50ov,0.25,315,157,trim10_each_end,0.1,0.1,EMG,6,ShrinkageLDA,198,2310,3770,0.12344690000099945,success,0.7859416445623342,0.7324481055685831,0.7515179429783739,0.7324481055685831,0.7296318714133617,1.0,1.0,1.0,1.0,1.0
feature_screen_with_shrinkage_lda,7,S07_personal_fold08,8,win0p25s_50ov__trim10_each_end__EMG__ShrinkageLDA,win0p25s_50ov,0.25,315,157,trim10_each_end,0.1,0.1,EMG,6,ShrinkageLDA,198,2310,385,0.11949399999866728,success,0.9506493506493506,0.9506493506493505,0.9537706221427152,0.9506493506493505,0.9502100368257436,1.0,1.0,1.0,1.0,1.0
feature_screen_with_shrinkage_lda,7,S07_personal_fold01,1,win0p25s_50ov__trim10_each_end__EMG_ACC__ShrinkageLDA,win0p25s_50ov,0.25,315,157,trim10_each_end,0.1,0.1,EMG_ACC,24,ShrinkageLDA,792,5695,385,3.5914177000013296,success,0.8727272727272727,0.8727272727272727,0.9127489177489178,0.8727272727272727,0.8632832846030816,0.8,0.8,0.7,0.8,0.7333333333333333
feature_screen_with_shrinkage_lda,7,S07_personal_fold02,2,win0p25s_50ov__trim10_each_end__EMG_ACC__ShrinkageLDA,win0p25s_50ov,0.25,315,157,trim10_each_end,0.1,0.1,EMG_ACC,24,ShrinkageLDA,792,5695,385,3.560604999998759,success,0.8831168831168831,0.8831168831168832,0.8858768406961179,0.8831168831168832,0.883400231240409,1.0,1.0,1.0,1.0,1.0
feature_screen_with_shrinkage_lda,7,S07_personal_fold03,3,win0p25s_50ov__trim10_each_end__EMG_ACC__ShrinkageLDA,win0p25s_50ov,0.25,315,157,trim10_each_end,0.1,0.1,EMG_ACC,24,ShrinkageLDA,792,5695,385,3.583901900001365,success,0.9402597402597402,0.9402597402597402,0.9398982750995135,0.9402597402597402,0.9392230966460658,1.0,1.0,1.0,1.0,1.0
feature_screen_with_shrinkage_lda,7,S07_personal_fold04,4,win0p25s_50ov__trim10_each_end__EMG_ACC__ShrinkageLDA,win0p25s_50ov,0.25,315,157,trim10_each_end,0.1,0.1,EMG_ACC,24,ShrinkageLDA,792,5695,385,3.36973080000098,success,0.974025974025974,0.974025974025974,0.974901211458399,0.974025974025974,0.9739720982215108,1.0,1.0,1.0,1.0,1.0
feature_screen_with_shrinkage_lda,7,S07_personal_fold05,5,win0p25s_50ov__trim10_each_end__EMG_ACC__ShrinkageLDA,win0p25s_50ov,0.25,315,157,trim10_each_end,0.1,0.1,EMG_ACC,24,ShrinkageLDA,792,5695,385,3.5604954000009457,success,0.8701298701298701,0.8701298701298701,0.9018283881315157,0.8701298701298701,0.8630724619726177,1.0,1.0,1.0,1.0,1.0
feature_screen_with_shrinkage_lda,7,S07_personal_fold06,6,win0p25s_50ov__trim10_each_end__EMG_ACC__ShrinkageLDA,win0p25s_50ov,0.25,315,157,trim10_each_end,0.1,0.1,EMG_ACC,24,ShrinkageLDA,792,5695,385,3.5067249000021548,success,0.825974025974026,0.8259740259740258,0.8812541555136975,0.8259740259740258,0.810246255292695,0.8,0.8,0.7,0.8,0.7333333333333333
feature_screen_with_shrinkage_lda,7,S07_personal_fold07,7,win0p25s_50ov__trim10_each_end__EMG_ACC__ShrinkageLDA,win0p25s_50ov,0.25,315,157,trim10_each_end,0.1,0.1,EMG_ACC,24,ShrinkageLDA,792,2310,3770,1.8453393999989203,success,0.7204244031830239,0.6494296988927452,0.6997875633897165,0.6494296988927452,0.65351588366871,0.8,0.8,0.7,0.8,0.7333333333333333
feature_screen_with_shrinkage_lda,7,S07_personal_fold08,8,win0p25s_50ov__trim10_each_end__EMG_ACC__ShrinkageLDA,win0p25s_50ov,0.25,315,157,trim10_each_end,0.1,0.1,EMG_ACC,24,ShrinkageLDA,792,2310,385,1.7523561000016343,success,0.8051948051948052,0.8051948051948052,0.8354278173938494,0.8051948051948052,0.8018351148245886,0.8,0.8,0.7,0.8,0.7333333333333333
feature_screen_with_shrinkage_lda,7,S07_personal_fold01,1,win0p25s_50ov__trim10_each_end__EMG_IMU__ShrinkageLDA,win0p25s_50ov,0.25,315,157,trim10_each_end,0.1,0.1,EMG_IMU,42,ShrinkageLDA,1386,5695,385,13.962563999997656,success,0.8545454545454545,0.8545454545454545,0.9017705229520232,0.8545454545454545,0.8405872561971703,0.8,0.8,0.7,0.8,0.7333333333333333
feature_screen_with_shrinkage_lda,7,S07_personal_fold02,2,win0p25s_50ov__trim10_each_end__EMG_IMU__ShrinkageLDA,win0p25s_50ov,0.25,315,157,trim10_each_end,0.1,0.1,EMG_IMU,42,ShrinkageLDA,1386,5695,385,13.944392900000821,success,0.9168831168831169,0.9168831168831169,0.9191136748799409,0.9168831168831169,0.9172010368138912,1.0,1.0,1.0,1.0,1.0
feature_screen_with_shrinkage_lda,7,S07_personal_fold03,3,win0p25s_50ov__trim10_each_end__EMG_IMU__ShrinkageLDA,win0p25s_50ov,0.25,315,157,trim10_each_end,0.1,0.1,EMG_IMU,42,ShrinkageLDA,1386,5695,385,13.909012000000075,success,0.935064935064935,0.935064935064935,0.9354445554445554,0.935064935064935,0.9338322673744013,1.0,1.0,1.0,1.0,1.0
feature_screen_with_shrinkage_lda,7,S07_personal_fold04,4,win0p25s_50ov__trim10_each_end__EMG_IMU__ShrinkageLDA,win0p25s_50ov,0.25,315,157,trim10_each_end,0.1,0.1,EMG_IMU,42,ShrinkageLDA,1386,5695,385,14.037527099997533,success,0.9818181818181818,0.9818181818181818,0.9819137668904492,0.9818181818181818,0.9817830239492078,1.0,1.0,1.0,1.0,1.0
feature_screen_with_shrinkage_lda,7,S07_personal_fold05,5,win0p25s_50ov__trim10_each_end__EMG_IMU__ShrinkageLDA,win0p25s_50ov,0.25,315,157,trim10_each_end,0.1,0.1,EMG_IMU,42,ShrinkageLDA,1386,5695,385,14.066530500000226,success,0.8909090909090909,0.890909090909091,0.914235094080032,0.890909090909091,0.8877894156725562,1.0,1.0,1.0,1.0,1.0
feature_screen_with_shrinkage_lda,7,S07_personal_fold06,6,win0p25s_50ov__trim10_each_end__EMG_IMU__ShrinkageLDA,win0p25s_50ov,0.25,315,157,trim10_each_end,0.1,0.1,EMG_IMU,42,ShrinkageLDA,1386,5695,385,13.845130899997457,success,0.8493506493506493,0.8493506493506494,0.8848311011022876,0.8493506493506494,0.8409662917727434,0.8,0.8,0.7,0.8,0.7333333333333333
feature_screen_with_shrinkage_lda,7,S07_personal_fold07,7,win0p25s_50ov__trim10_each_end__EMG_IMU__ShrinkageLDA,win0p25s_50ov,0.25,315,157,trim10_each_end,0.1,0.1,EMG_IMU,42,ShrinkageLDA,1386,2310,3770,7.126648900000873,success,0.7180371352785145,0.6464016329010118,0.6903427037045905,0.6464016329010118,0.6561932596586979,1.0,1.0,1.0,1.0,1.0
feature_screen_with_shrinkage_lda,7,S07_personal_fold08,8,win0p25s_50ov__trim10_each_end__EMG_IMU__ShrinkageLDA,win0p25s_50ov,0.25,315,157,trim10_each_end,0.1,0.1,EMG_IMU,42,ShrinkageLDA,1386,2310,385,7.00448999999935,success,0.8649350649350649,0.864935064935065,0.8833555668927813,0.864935064935065,0.8655281555909304,1.0,1.0,1.0,1.0,1.0
feature_screen_with_shrinkage_lda,7,S07_personal_fold01,1,win0p25s_50ov__trim20_each_end__EMG__ShrinkageLDA,win0p25s_50ov,0.25,315,157,trim20_each_end,0.2,0.2,EMG,6,ShrinkageLDA,198,4251,285,0.18432030000258237,success,0.8245614035087719,0.8245614035087719,0.8693812045761973,0.8245614035087719,0.8087427626137302,0.8,0.8,0.7,0.8,0.7333333333333333
feature_screen_with_shrinkage_lda,7,S07_personal_fold02,2,win0p25s_50ov__trim20_each_end__EMG__ShrinkageLDA,win0p25s_50ov,0.25,315,157,trim20_each_end,0.2,0.2,EMG,6,ShrinkageLDA,198,4251,285,0.21881139999823063,success,0.8315789473684211,0.8315789473684211,0.8478849721706865,0.8315789473684211,0.8329603513992335,1.0,1.0,1.0,1.0,1.0
feature_screen_with_shrinkage_lda,7,S07_personal_fold03,3,win0p25s_50ov__trim20_each_end__EMG__ShrinkageLDA,win0p25s_50ov,0.25,315,157,trim20_each_end,0.2,0.2,EMG,6,ShrinkageLDA,198,4251,285,0.1896294999969541,success,0.9649122807017544,0.9649122807017545,0.9647263273125342,0.9649122807017545,0.9645270676898227,1.0,1.0,1.0,1.0,1.0
feature_screen_with_shrinkage_lda,7,S07_personal_fold04,4,win0p25s_50ov__trim20_each_end__EMG__ShrinkageLDA,win0p25s_50ov,0.25,315,157,trim20_each_end,0.2,0.2,EMG,6,ShrinkageLDA,198,4251,285,0.22540740000113146,success,0.968421052631579,0.9684210526315787,0.9694557788169998,0.9684210526315787,0.9685622287208622,1.0,1.0,1.0,1.0,1.0
feature_screen_with_shrinkage_lda,7,S07_personal_fold05,5,win0p25s_50ov__trim20_each_end__EMG__ShrinkageLDA,win0p25s_50ov,0.25,315,157,trim20_each_end,0.2,0.2,EMG,6,ShrinkageLDA,198,4251,285,0.19272699999783072,success,0.9052631578947369,0.9052631578947368,0.9339011217282925,0.9052631578947368,0.8990490469051189,1.0,1.0,1.0,1.0,1.0
feature_screen_with_shrinkage_lda,7,S07_personal_fold06,6,win0p25s_50ov__trim20_each_end__EMG__ShrinkageLDA,win0p25s_50ov,0.25,315,157,trim20_each_end,0.2,0.2,EMG,6,ShrinkageLDA,198,4251,285,0.21820339999976568,success,0.8456140350877193,0.8456140350877192,0.8701615324566145,0.8456140350877192,0.837883386876408,0.8,0.8,0.7,0.8,0.7333333333333333
feature_screen_with_shrinkage_lda,7,S07_personal_fold07,7,win0p25s_50ov__trim20_each_end__EMG__ShrinkageLDA,win0p25s_50ov,0.25,315,157,trim20_each_end,0.2,0.2,EMG,6,ShrinkageLDA,198,1710,2826,0.11044929999843589,success,0.7841472045293701,0.7299350729364786,0.7482579754279122,0.7299350729364786,0.7342272724464299,1.0,1.0,1.0,1.0,1.0
feature_screen_with_shrinkage_lda,7,S07_personal_fold08,8,win0p25s_50ov__trim20_each_end__EMG__ShrinkageLDA,win0p25s_50ov,0.25,315,157,trim20_each_end,0.2,0.2,EMG,6,ShrinkageLDA,198,1710,285,0.10268940000241855,success,0.9578947368421052,0.9578947368421051,0.9605549525479391,0.9578947368421051,0.9578122253959803,1.0,1.0,1.0,1.0,1.0
feature_screen_with_shrinkage_lda,7,S07_personal_fold01,1,win0p25s_50ov__trim20_each_end__EMG_ACC__ShrinkageLDA,win0p25s_50ov,0.25,315,157,trim20_each_end,0.2,0.2,EMG_ACC,24,ShrinkageLDA,792,4251,285,2.8228506999985257,success,0.8912280701754386,0.8912280701754385,0.9219084305524984,0.8912280701754385,0.885593753275338,1.0,1.0,1.0,1.0,1.0
feature_screen_with_shrinkage_lda,7,S07_personal_fold02,2,win0p25s_50ov__trim20_each_end__EMG_ACC__ShrinkageLDA,win0p25s_50ov,0.25,315,157,trim20_each_end,0.2,0.2,EMG_ACC,24,ShrinkageLDA,792,4251,285,2.6199938999998267,success,0.8456140350877193,0.8456140350877194,0.8640817901234568,0.8456140350877194,0.8391001097711583,0.8,0.8,0.7,0.8,0.7333333333333333
feature_screen_with_shrinkage_lda,7,S07_personal_fold03,3,win0p25s_50ov__trim20_each_end__EMG_ACC__ShrinkageLDA,win0p25s_50ov,0.25,315,157,trim20_each_end,0.2,0.2,EMG_ACC,24,ShrinkageLDA,792,4251,285,2.7570109000007506,success,0.9333333333333333,0.9333333333333332,0.936981658692185,0.9333333333333332,0.9328345253377346,1.0,1.0,1.0,1.0,1.0
feature_screen_with_shrinkage_lda,7,S07_personal_fold04,4,win0p25s_50ov__trim20_each_end__EMG_ACC__ShrinkageLDA,win0p25s_50ov,0.25,315,157,trim20_each_end,0.2,0.2,EMG_ACC,24,ShrinkageLDA,792,4251,285,2.899916899998061,success,0.9578947368421052,0.9578947368421054,0.9612220538082606,0.9578947368421054,0.9581770176038724,1.0,1.0,1.0,1.0,1.0
feature_screen_with_shrinkage_lda,7,S07_personal_fold05,5,win0p25s_50ov__trim20_each_end__EMG_ACC__ShrinkageLDA,win0p25s_50ov,0.25,315,157,trim20_each_end,0.2,0.2,EMG_ACC,24,ShrinkageLDA,792,4251,285,2.780076700000791,success,0.8631578947368421,0.8631578947368421,0.8976694033935413,0.8631578947368421,0.8552363936228696,0.8,0.8,0.7,0.8,0.7333333333333333
feature_screen_with_shrinkage_lda,7,S07_personal_fold06,6,win0p25s_50ov__trim20_each_end__EMG_ACC__ShrinkageLDA,win0p25s_50ov,0.25,315,157,trim20_each_end,0.2,0.2,EMG_ACC,24,ShrinkageLDA,792,4251,285,2.726364599999215,success,0.8035087719298246,0.8035087719298246,0.8707682092439158,0.8035087719298246,0.7760946524936939,0.8,0.8,0.7,0.8,0.7333333333333333
feature_screen_with_shrinkage_lda,7,S07_personal_fold07,7,win0p25s_50ov__trim20_each_end__EMG_ACC__ShrinkageLDA,win0p25s_50ov,0.25,315,157,trim20_each_end,0.2,0.2,EMG_ACC,24,ShrinkageLDA,792,1710,2826,1.4538973000016995,success,0.7310686482661005,0.6627305468495652,0.7145480824159485,0.6627305468495652,0.6722219121714103,1.0,1.0,1.0,1.0,1.0
feature_screen_with_shrinkage_lda,7,S07_personal_fold08,8,win0p25s_50ov__trim20_each_end__EMG_ACC__ShrinkageLDA,win0p25s_50ov,0.25,315,157,trim20_each_end,0.2,0.2,EMG_ACC,24,ShrinkageLDA,792,1710,285,1.3493114999982936,success,0.7157894736842105,0.7157894736842105,0.8223961840628509,0.7157894736842105,0.6822822572188861,0.8,0.8,0.7,0.8,0.7333333333333333
feature_screen_with_shrinkage_lda,7,S07_personal_fold01,1,win0p25s_50ov__trim20_each_end__EMG_IMU__ShrinkageLDA,win0p25s_50ov,0.25,315,157,trim20_each_end,0.2,0.2,EMG_IMU,42,ShrinkageLDA,1386,4251,285,11.135835799999768,success,0.8807017543859649,0.8807017543859649,0.9210723437808003,0.8807017543859649,0.8710980592141897,0.8,0.8,0.7,0.8,0.7333333333333333
feature_screen_with_shrinkage_lda,7,S07_personal_fold02,2,win0p25s_50ov__trim20_each_end__EMG_IMU__ShrinkageLDA,win0p25s_50ov,0.25,315,157,trim20_each_end,0.2,0.2,EMG_IMU,42,ShrinkageLDA,1386,4251,285,12.567202199999883,success,0.8771929824561403,0.8771929824561404,0.8809944253617884,0.8771929824561404,0.8748133086964984,1.0,1.0,1.0,1.0,1.0
feature_screen_with_shrinkage_lda,7,S07_personal_fold03,3,win0p25s_50ov__trim20_each_end__EMG_IMU__ShrinkageLDA,win0p25s_50ov,0.25,315,157,trim20_each_end,0.2,0.2,EMG_IMU,42,ShrinkageLDA,1386,4251,285,12.205435699997906,success,0.9122807017543859,0.9122807017543859,0.9155953870910066,0.9122807017543859,0.9109228046289994,1.0,1.0,1.0,1.0,1.0
feature_screen_with_shrinkage_lda,7,S07_personal_fold04,4,win0p25s_50ov__trim20_each_end__EMG_IMU__ShrinkageLDA,win0p25s_50ov,0.25,315,157,trim20_each_end,0.2,0.2,EMG_IMU,42,ShrinkageLDA,1386,4251,285,11.398133600003348,success,0.9578947368421052,0.9578947368421054,0.9610272486134555,0.9578947368421054,0.9581146606831084,1.0,1.0,1.0,1.0,1.0
feature_screen_with_shrinkage_lda,7,S07_personal_fold05,5,win0p25s_50ov__trim20_each_end__EMG_IMU__ShrinkageLDA,win0p25s_50ov,0.25,315,157,trim20_each_end,0.2,0.2,EMG_IMU,42,ShrinkageLDA,1386,4251,285,11.072294699999475,success,0.8807017543859649,0.8807017543859649,0.9102150537634408,0.8807017543859649,0.874981651873678,1.0,1.0,1.0,1.0,1.0
feature_screen_with_shrinkage_lda,7,S07_personal_fold06,6,win0p25s_50ov__trim20_each_end__EMG_IMU__ShrinkageLDA,win0p25s_50ov,0.25,315,157,trim20_each_end,0.2,0.2,EMG_IMU,42,ShrinkageLDA,1386,4251,285,10.898124500003178,success,0.8385964912280702,0.8385964912280702,0.8790810276679842,0.8385964912280702,0.829554319700305,0.8,0.8,0.7,0.8,0.7333333333333333
feature_screen_with_shrinkage_lda,7,S07_personal_fold07,7,win0p25s_50ov__trim20_each_end__EMG_IMU__ShrinkageLDA,win0p25s_50ov,0.25,315,157,trim20_each_end,0.2,0.2,EMG_IMU,42,ShrinkageLDA,1386,1710,2826,5.891223300001002,success,0.7261146496815286,0.6573441824907486,0.6965674926666959,0.6573441824907486,0.6652007203567666,1.0,1.0,1.0,1.0,1.0
feature_screen_with_shrinkage_lda,7,S07_personal_fold08,8,win0p25s_50ov__trim20_each_end__EMG_IMU__ShrinkageLDA,win0p25s_50ov,0.25,315,157,trim20_each_end,0.2,0.2,EMG_IMU,42,ShrinkageLDA,1386,1710,285,5.975411300001724,success,0.8035087719298246,0.8035087719298246,0.8603088803088804,0.8035087719298246,0.7967132289174529,1.0,1.0,1.0,1.0,1.0
feature_screen_with_shrinkage_lda,7,S07_personal_fold01,1,win0p5s_50ov__full_segment__EMG__ShrinkageLDA,win0p5s_50ov,0.5,630,315,full_segment,0.0,0.0,EMG,6,ShrinkageLDA,198,3523,235,0.18042079999941052,success,0.851063829787234,0.851063829787234,0.8869473684210526,0.851063829787234,0.8377923130331446,0.8,0.8,0.7,0.8,0.7333333333333333
feature_screen_with_shrinkage_lda,7,S07_personal_fold02,2,win0p5s_50ov__full_segment__EMG__ShrinkageLDA,win0p5s_50ov,0.5,630,315,full_segment,0.0,0.0,EMG,6,ShrinkageLDA,198,3523,235,0.17802540000047884,success,0.8808510638297873,0.8808510638297872,0.8963636363636363,0.8808510638297872,0.8797854472289002,1.0,1.0,1.0,1.0,1.0
feature_screen_with_shrinkage_lda,7,S07_personal_fold03,3,win0p5s_50ov__full_segment__EMG__ShrinkageLDA,win0p5s_50ov,0.5,630,315,full_segment,0.0,0.0,EMG,6,ShrinkageLDA,198,3523,235,0.17707700000028126,success,1.0,1.0,1.0,1.0,1.0,1.0,1.0,1.0,1.0,1.0
feature_screen_with_shrinkage_lda,7,S07_personal_fold04,4,win0p5s_50ov__full_segment__EMG__ShrinkageLDA,win0p5s_50ov,0.5,630,315,full_segment,0.0,0.0,EMG,6,ShrinkageLDA,198,3523,235,0.1780233000026783,success,0.948936170212766,0.948936170212766,0.9536904761904761,0.948936170212766,0.9485382457715199,1.0,1.0,1.0,1.0,1.0
feature_screen_with_shrinkage_lda,7,S07_personal_fold05,5,win0p5s_50ov__full_segment__EMG__ShrinkageLDA,win0p5s_50ov,0.5,630,315,full_segment,0.0,0.0,EMG,6,ShrinkageLDA,198,3523,235,0.1762157000011939,success,0.9234042553191489,0.9234042553191489,0.9446153846153846,0.9234042553191489,0.9204887218045112,1.0,1.0,1.0,1.0,1.0
feature_screen_with_shrinkage_lda,7,S07_personal_fold06,6,win0p5s_50ov__full_segment__EMG__ShrinkageLDA,win0p5s_50ov,0.5,630,315,full_segment,0.0,0.0,EMG,6,ShrinkageLDA,198,3523,235,0.14963089999946533,success,0.9106382978723404,0.9106382978723403,0.9253545485991006,0.9106382978723403,0.9087385099177553,1.0,1.0,1.0,1.0,1.0
feature_screen_with_shrinkage_lda,7,S07_personal_fold07,7,win0p5s_50ov__full_segment__EMG__ShrinkageLDA,win0p5s_50ov,0.5,630,315,full_segment,0.0,0.0,EMG,6,ShrinkageLDA,198,1410,2348,0.09247270000196295,success,0.8006814310051107,0.7510757408247144,0.7610886837682723,0.7510757408247144,0.7465470683435471,1.0,1.0,1.0,1.0,1.0
feature_screen_with_shrinkage_lda,7,S07_personal_fold08,8,win0p5s_50ov__full_segment__EMG__ShrinkageLDA,win0p5s_50ov,0.5,630,315,full_segment,0.0,0.0,EMG,6,ShrinkageLDA,198,1410,235,0.08745940000153496,success,0.9744680851063829,0.9744680851063829,0.9766025641025641,0.9744680851063829,0.9741573631047314,1.0,1.0,1.0,1.0,1.0
feature_screen_with_shrinkage_lda,7,S07_personal_fold01,1,win0p5s_50ov__full_segment__EMG_ACC__ShrinkageLDA,win0p5s_50ov,0.5,630,315,full_segment,0.0,0.0,EMG_ACC,24,ShrinkageLDA,792,3523,235,2.3361073000014585,success,0.8936170212765957,0.8936170212765958,0.9282276995305164,0.8936170212765958,0.8864948045345731,0.8,0.8,0.7,0.8,0.7333333333333333
feature_screen_with_shrinkage_lda,7,S07_personal_fold02,2,win0p5s_50ov__full_segment__EMG_ACC__ShrinkageLDA,win0p5s_50ov,0.5,630,315,full_segment,0.0,0.0,EMG_ACC,24,ShrinkageLDA,792,3523,235,2.2891532000030566,success,0.8808510638297873,0.8808510638297873,0.8818035426731079,0.8808510638297873,0.8801062170856515,1.0,1.0,1.0,1.0,1.0
feature_screen_with_shrinkage_lda,7,S07_personal_fold03,3,win0p5s_50ov__full_segment__EMG_ACC__ShrinkageLDA,win0p5s_50ov,0.5,630,315,full_segment,0.0,0.0,EMG_ACC,24,ShrinkageLDA,792,3523,235,2.306763399999909,success,0.9744680851063829,0.9744680851063829,0.9773584905660379,0.9744680851063829,0.9743636363636362,1.0,1.0,1.0,1.0,1.0
feature_screen_with_shrinkage_lda,7,S07_personal_fold04,4,win0p5s_50ov__full_segment__EMG_ACC__ShrinkageLDA,win0p5s_50ov,0.5,630,315,full_segment,0.0,0.0,EMG_ACC,24,ShrinkageLDA,792,3523,235,2.3942280000010214,success,0.9957446808510638,0.9957446808510639,0.9958333333333332,0.9957446808510639,0.9957441992076965,1.0,1.0,1.0,1.0,1.0
feature_screen_with_shrinkage_lda,7,S07_personal_fold05,5,win0p5s_50ov__full_segment__EMG_ACC__ShrinkageLDA,win0p5s_50ov,0.5,630,315,full_segment,0.0,0.0,EMG_ACC,24,ShrinkageLDA,792,3523,235,2.3654612000027555,success,0.9404255319148936,0.9404255319148935,0.9476491228070175,0.9404255319148935,0.9398124219288562,1.0,1.0,1.0,1.0,1.0
feature_screen_with_shrinkage_lda,7,S07_personal_fold06,6,win0p5s_50ov__full_segment__EMG_ACC__ShrinkageLDA,win0p5s_50ov,0.5,630,315,full_segment,0.0,0.0,EMG_ACC,24,ShrinkageLDA,792,3523,235,2.3355969000003824,success,0.902127659574468,0.902127659574468,0.9257842334969993,0.902127659574468,0.8994317175918521,1.0,1.0,1.0,1.0,1.0
feature_screen_with_shrinkage_lda,7,S07_personal_fold07,7,win0p5s_50ov__full_segment__EMG_ACC__ShrinkageLDA,win0p5s_50ov,0.5,630,315,full_segment,0.0,0.0,EMG_ACC,24,ShrinkageLDA,792,1410,2348,1.3600820999999996,success,0.7619250425894378,0.701749875163103,0.7324231133506942,0.701749875163103,0.7050800240034549,0.8,0.8,0.7,0.8,0.7333333333333333
feature_screen_with_shrinkage_lda,7,S07_personal_fold08,8,win0p5s_50ov__full_segment__EMG_ACC__ShrinkageLDA,win0p5s_50ov,0.5,630,315,full_segment,0.0,0.0,EMG_ACC,24,ShrinkageLDA,792,1410,235,1.3027760000004491,success,0.9361702127659575,0.9361702127659575,0.9391543239369327,0.9361702127659575,0.9366085114822843,1.0,1.0,1.0,1.0,1.0
feature_screen_with_shrinkage_lda,7,S07_personal_fold01,1,win0p5s_50ov__full_segment__EMG_IMU__ShrinkageLDA,win0p5s_50ov,0.5,630,315,full_segment,0.0,0.0,EMG_IMU,42,ShrinkageLDA,1386,3523,235,9.722525000001042,success,0.8851063829787233,0.8851063829787235,0.927027027027027,0.8851063829787235,0.8747748859010731,0.8,0.8,0.7,0.8,0.7333333333333333
feature_screen_with_shrinkage_lda,7,S07_personal_fold02,2,win0p5s_50ov__full_segment__EMG_IMU__ShrinkageLDA,win0p5s_50ov,0.5,630,315,full_segment,0.0,0.0,EMG_IMU,42,ShrinkageLDA,1386,3523,235,9.343177599999763,success,0.9446808510638298,0.9446808510638298,0.9447695035460992,0.9446808510638298,0.9446803694204625,1.0,1.0,1.0,1.0,1.0
feature_screen_with_shrinkage_lda,7,S07_personal_fold03,3,win0p5s_50ov__full_segment__EMG_IMU__ShrinkageLDA,win0p5s_50ov,0.5,630,315,full_segment,0.0,0.0,EMG_IMU,42,ShrinkageLDA,1386,3523,235,9.500452600001154,success,0.9659574468085106,0.9659574468085106,0.9699074074074074,0.9659574468085106,0.9654286995407005,1.0,1.0,1.0,1.0,1.0
feature_screen_with_shrinkage_lda,7,S07_personal_fold04,4,win0p5s_50ov__full_segment__EMG_IMU__ShrinkageLDA,win0p5s_50ov,0.5,630,315,full_segment,0.0,0.0,EMG_IMU,42,ShrinkageLDA,1386,3523,235,9.571119299998827,success,0.9914893617021276,0.9914893617021278,0.9918367346938777,0.9914893617021278,0.9914855072463767,1.0,1.0,1.0,1.0,1.0
feature_screen_with_shrinkage_lda,7,S07_personal_fold05,5,win0p5s_50ov__full_segment__EMG_IMU__ShrinkageLDA,win0p5s_50ov,0.5,630,315,full_segment,0.0,0.0,EMG_IMU,42,ShrinkageLDA,1386,3523,235,9.64554820000194,success,0.948936170212766,0.948936170212766,0.9534923215898825,0.948936170212766,0.9489219437407659,1.0,1.0,1.0,1.0,1.0
feature_screen_with_shrinkage_lda,7,S07_personal_fold06,6,win0p5s_50ov__full_segment__EMG_IMU__ShrinkageLDA,win0p5s_50ov,0.5,630,315,full_segment,0.0,0.0,EMG_IMU,42,ShrinkageLDA,1386,3523,235,9.673107999999047,success,0.9361702127659575,0.9361702127659575,0.9475102175742276,0.9361702127659575,0.9351255579214477,1.0,1.0,1.0,1.0,1.0
feature_screen_with_shrinkage_lda,7,S07_personal_fold07,7,win0p5s_50ov__full_segment__EMG_IMU__ShrinkageLDA,win0p5s_50ov,0.5,630,315,full_segment,0.0,0.0,EMG_IMU,42,ShrinkageLDA,1386,1410,2348,5.324018499999511,success,0.729557069846678,0.6615879887281491,0.7050186828612058,0.6615879887281491,0.6634487081457981,1.0,1.0,1.0,1.0,1.0
feature_screen_with_shrinkage_lda,7,S07_personal_fold08,8,win0p5s_50ov__full_segment__EMG_IMU__ShrinkageLDA,win0p5s_50ov,0.5,630,315,full_segment,0.0,0.0,EMG_IMU,42,ShrinkageLDA,1386,1410,235,5.483745700003055,success,0.9319148936170213,0.9319148936170212,0.9343001283200618,0.9319148936170212,0.9315147629191968,1.0,1.0,1.0,1.0,1.0
feature_screen_with_shrinkage_lda,7,S07_personal_fold01,1,win0p5s_50ov__trim10_each_end__EMG__ShrinkageLDA,win0p5s_50ov,0.5,630,315,trim10_each_end,0.1,0.1,EMG,6,ShrinkageLDA,198,2827,190,0.1288380000005418,success,0.8578947368421053,0.8578947368421053,0.9034108527131783,0.8578947368421053,0.8471903732802459,0.8,0.8,0.7,0.8,0.7333333333333333
feature_screen_with_shrinkage_lda,7,S07_personal_fold02,2,win0p5s_50ov__trim10_each_end__EMG__ShrinkageLDA,win0p5s_50ov,0.5,630,315,trim10_each_end,0.1,0.1,EMG,6,ShrinkageLDA,198,2827,190,0.14654529999825172,success,0.8947368421052632,0.894736842105263,0.9039999999999999,0.894736842105263,0.893701723113488,1.0,1.0,1.0,1.0,1.0
feature_screen_with_shrinkage_lda,7,S07_personal_fold03,3,win0p5s_50ov__trim10_each_end__EMG__ShrinkageLDA,win0p5s_50ov,0.5,630,315,trim10_each_end,0.1,0.1,EMG,6,ShrinkageLDA,198,2827,190,0.13015819999782252,success,0.9894736842105263,0.9894736842105264,0.99,0.9894736842105264,0.9894663894663894,1.0,1.0,1.0,1.0,1.0
feature_screen_with_shrinkage_lda,7,S07_personal_fold04,4,win0p5s_50ov__trim10_each_end__EMG__ShrinkageLDA,win0p5s_50ov,0.5,630,315,trim10_each_end,0.1,0.1,EMG,6,ShrinkageLDA,198,2827,190,0.14790139999968233,success,0.9526315789473684,0.9526315789473685,0.9558343617167147,0.9526315789473685,0.9523270507567199,1.0,1.0,1.0,1.0,1.0
feature_screen_with_shrinkage_lda,7,S07_personal_fold05,5,win0p5s_50ov__trim10_each_end__EMG__ShrinkageLDA,win0p5s_50ov,0.5,630,315,trim10_each_end,0.1,0.1,EMG,6,ShrinkageLDA,198,2827,190,0.16998590000002878,success,0.9368421052631579,0.9368421052631579,0.952,0.9368421052631579,0.9352272727272727,1.0,1.0,1.0,1.0,1.0
feature_screen_with_shrinkage_lda,7,S07_personal_fold06,6,win0p5s_50ov__trim10_each_end__EMG__ShrinkageLDA,win0p5s_50ov,0.5,630,315,trim10_each_end,0.1,0.1,EMG,6,ShrinkageLDA,198,2827,190,0.14377880000029108,success,0.8842105263157894,0.8842105263157893,0.9083333333333334,0.8842105263157893,0.8797972547353619,1.0,1.0,1.0,1.0,1.0
feature_screen_with_shrinkage_lda,7,S07_personal_fold07,7,win0p5s_50ov__trim10_each_end__EMG__ShrinkageLDA,win0p5s_50ov,0.5,630,315,trim10_each_end,0.1,0.1,EMG,6,ShrinkageLDA,198,1140,1877,0.07878479999999399,success,0.7932871603622802,0.7415648695695845,0.7576913751007203,0.7415648695695845,0.7382594035356573,1.0,1.0,1.0,1.0,1.0
feature_screen_with_shrinkage_lda,7,S07_personal_fold08,8,win0p5s_50ov__trim10_each_end__EMG__ShrinkageLDA,win0p5s_50ov,0.5,630,315,trim10_each_end,0.1,0.1,EMG,6,ShrinkageLDA,198,1140,190,0.07343649999893387,success,0.968421052631579,0.968421052631579,0.9716159809183065,0.968421052631579,0.9683057446813315,1.0,1.0,1.0,1.0,1.0
feature_screen_with_shrinkage_lda,7,S07_personal_fold01,1,win0p5s_50ov__trim10_each_end__EMG_ACC__ShrinkageLDA,win0p5s_50ov,0.5,630,315,trim10_each_end,0.1,0.1,EMG_ACC,24,ShrinkageLDA,792,2827,190,1.916049600000406,success,0.9105263157894737,0.9105263157894736,0.9381818181818182,0.9105263157894736,0.9058137415709859,0.8,0.8,0.7,0.8,0.7333333333333333
feature_screen_with_shrinkage_lda,7,S07_personal_fold02,2,win0p5s_50ov__trim10_each_end__EMG_ACC__ShrinkageLDA,win0p5s_50ov,0.5,630,315,trim10_each_end,0.1,0.1,EMG_ACC,24,ShrinkageLDA,792,2827,190,1.9672148999998171,success,0.9157894736842105,0.9157894736842106,0.9171101669648181,0.9157894736842106,0.9146512746512746,1.0,1.0,1.0,1.0,1.0
feature_screen_with_shrinkage_lda,7,S07_personal_fold03,3,win0p5s_50ov__trim10_each_end__EMG_ACC__ShrinkageLDA,win0p5s_50ov,0.5,630,315,trim10_each_end,0.1,0.1,EMG_ACC,24,ShrinkageLDA,792,2827,190,2.0210270999996283,success,0.9736842105263158,0.9736842105263157,0.9738045738045737,0.9736842105263157,0.9736796536796536,1.0,1.0,1.0,1.0,1.0
feature_screen_with_shrinkage_lda,7,S07_personal_fold04,4,win0p5s_50ov__trim10_each_end__EMG_ACC__ShrinkageLDA,win0p5s_50ov,0.5,630,315,trim10_each_end,0.1,0.1,EMG_ACC,24,ShrinkageLDA,792,2827,190,2.006621399999858,success,0.9789473684210527,0.9789473684210526,0.9794736842105263,0.9789473684210526,0.9789400736769158,1.0,1.0,1.0,1.0,1.0
feature_screen_with_shrinkage_lda,7,S07_personal_fold05,5,win0p5s_50ov__trim10_each_end__EMG_ACC__ShrinkageLDA,win0p5s_50ov,0.5,630,315,trim10_each_end,0.1,0.1,EMG_ACC,24,ShrinkageLDA,792,2827,190,1.9312477999992552,success,0.8947368421052632,0.8947368421052632,0.918881118881119,0.8947368421052632,0.8919505950819877,1.0,1.0,1.0,1.0,1.0
feature_screen_with_shrinkage_lda,7,S07_personal_fold06,6,win0p5s_50ov__trim10_each_end__EMG_ACC__ShrinkageLDA,win0p5s_50ov,0.5,630,315,trim10_each_end,0.1,0.1,EMG_ACC,24,ShrinkageLDA,792,2827,190,1.9757576000010886,success,0.8421052631578947,0.8421052631578949,0.8836322324846915,0.8421052631578949,0.8299893816874949,0.8,0.8,0.7,0.8,0.7333333333333333
feature_screen_with_shrinkage_lda,7,S07_personal_fold07,7,win0p5s_50ov__trim10_each_end__EMG_ACC__ShrinkageLDA,win0p5s_50ov,0.5,630,315,trim10_each_end,0.1,0.1,EMG_ACC,24,ShrinkageLDA,792,1140,1877,1.1022750999982236,success,0.7602557272242941,0.6988647409892195,0.7355245596906699,0.6988647409892195,0.7051069057566759,1.0,1.0,1.0,1.0,1.0
feature_screen_with_shrinkage_lda,7,S07_personal_fold08,8,win0p5s_50ov__trim10_each_end__EMG_ACC__ShrinkageLDA,win0p5s_50ov,0.5,630,315,trim10_each_end,0.1,0.1,EMG_ACC,24,ShrinkageLDA,792,1140,190,1.1342777999998361,success,0.9,0.9,0.9048894348894349,0.9,0.9002349155698519,1.0,1.0,1.0,1.0,1.0
feature_screen_with_shrinkage_lda,7,S07_personal_fold01,1,win0p5s_50ov__trim10_each_end__EMG_IMU__ShrinkageLDA,win0p5s_50ov,0.5,630,315,trim10_each_end,0.1,0.1,EMG_IMU,42,ShrinkageLDA,1386,2827,190,8.015509900000325,success,0.8894736842105263,0.8894736842105264,0.9288135593220339,0.8894736842105264,0.8803373945641987,0.8,0.8,0.7,0.8,0.7333333333333333
feature_screen_with_shrinkage_lda,7,S07_personal_fold02,2,win0p5s_50ov__trim10_each_end__EMG_IMU__ShrinkageLDA,win0p5s_50ov,0.5,630,315,trim10_each_end,0.1,0.1,EMG_IMU,42,ShrinkageLDA,1386,2827,190,8.686978799996723,success,0.9157894736842105,0.9157894736842105,0.9257142857142858,0.9157894736842105,0.9144840075072633,1.0,1.0,1.0,1.0,1.0
feature_screen_with_shrinkage_lda,7,S07_personal_fold03,3,win0p5s_50ov__trim10_each_end__EMG_IMU__ShrinkageLDA,win0p5s_50ov,0.5,630,315,trim10_each_end,0.1,0.1,EMG_IMU,42,ShrinkageLDA,1386,2827,190,8.106491300000926,success,0.9631578947368421,0.9631578947368421,0.9629779577147998,0.9631578947368421,0.9628678576046997,1.0,1.0,1.0,1.0,1.0
feature_screen_with_shrinkage_lda,7,S07_personal_fold04,4,win0p5s_50ov__trim10_each_end__EMG_IMU__ShrinkageLDA,win0p5s_50ov,0.5,630,315,trim10_each_end,0.1,0.1,EMG_IMU,42,ShrinkageLDA,1386,2827,190,8.329297500000393,success,0.9736842105263158,0.9736842105263157,0.9746153846153846,0.9736842105263157,0.97366560380259,1.0,1.0,1.0,1.0,1.0
feature_screen_with_shrinkage_lda,7,S07_personal_fold05,5,win0p5s_50ov__trim10_each_end__EMG_IMU__ShrinkageLDA,win0p5s_50ov,0.5,630,315,trim10_each_end,0.1,0.1,EMG_IMU,42,ShrinkageLDA,1386,2827,190,8.160374899998715,success,0.9052631578947369,0.9052631578947368,0.9247272727272726,0.9052631578947368,0.9034502692429521,1.0,1.0,1.0,1.0,1.0
feature_screen_with_shrinkage_lda,7,S07_personal_fold06,6,win0p5s_50ov__trim10_each_end__EMG_IMU__ShrinkageLDA,win0p5s_50ov,0.5,630,315,trim10_each_end,0.1,0.1,EMG_IMU,42,ShrinkageLDA,1386,2827,190,7.994434200001706,success,0.8842105263157894,0.8842105263157893,0.9152545699914121,0.8842105263157893,0.8796460257733016,1.0,1.0,1.0,1.0,1.0
feature_screen_with_shrinkage_lda,7,S07_personal_fold07,7,win0p5s_50ov__trim10_each_end__EMG_IMU__ShrinkageLDA,win0p5s_50ov,0.5,630,315,trim10_each_end,0.1,0.1,EMG_IMU,42,ShrinkageLDA,1386,1140,1877,4.86122769999929,success,0.7144379328716036,0.6415263914707128,0.6859530801850398,0.6415263914707128,0.6419594074182533,1.0,1.0,1.0,1.0,1.0
feature_screen_with_shrinkage_lda,7,S07_personal_fold08,8,win0p5s_50ov__trim10_each_end__EMG_IMU__ShrinkageLDA,win0p5s_50ov,0.5,630,315,trim10_each_end,0.1,0.1,EMG_IMU,42,ShrinkageLDA,1386,1140,190,4.6931557999996585,success,0.9105263157894737,0.9105263157894736,0.9138462504316163,0.9105263157894736,0.9104640161644975,1.0,1.0,1.0,1.0,1.0
feature_screen_with_shrinkage_lda,7,S07_personal_fold01,1,win0p5s_50ov__trim20_each_end__EMG__ShrinkageLDA,win0p5s_50ov,0.5,630,315,trim20_each_end,0.2,0.2,EMG,6,ShrinkageLDA,198,2108,140,0.11362990000270656,success,0.8428571428571429,0.8428571428571429,0.8798937496611915,0.8428571428571429,0.8331845610278397,0.8,0.8,0.7,0.8,0.7333333333333333
feature_screen_with_shrinkage_lda,7,S07_personal_fold02,2,win0p5s_50ov__trim20_each_end__EMG__ShrinkageLDA,win0p5s_50ov,0.5,630,315,trim20_each_end,0.2,0.2,EMG,6,ShrinkageLDA,198,2108,140,0.11974720000216621,success,0.8714285714285714,0.8714285714285716,0.8805896805896806,0.8714285714285716,0.8705253991291727,1.0,1.0,1.0,1.0,1.0
feature_screen_with_shrinkage_lda,7,S07_personal_fold03,3,win0p5s_50ov__trim20_each_end__EMG__ShrinkageLDA,win0p5s_50ov,0.5,630,315,trim20_each_end,0.2,0.2,EMG,6,ShrinkageLDA,198,2108,140,0.10756879999826197,success,0.9928571428571429,0.9928571428571429,0.993103448275862,0.9928571428571429,0.9928548644338118,1.0,1.0,1.0,1.0,1.0
feature_screen_with_shrinkage_lda,7,S07_personal_fold04,4,win0p5s_50ov__trim20_each_end__EMG__ShrinkageLDA,win0p5s_50ov,0.5,630,315,trim20_each_end,0.2,0.2,EMG,6,ShrinkageLDA,198,2108,140,0.12107279999690945,success,0.9714285714285714,0.9714285714285715,0.9723809523809525,0.9714285714285715,0.9714103265827404,1.0,1.0,1.0,1.0,1.0
feature_screen_with_shrinkage_lda,7,S07_personal_fold05,5,win0p5s_50ov__trim20_each_end__EMG__ShrinkageLDA,win0p5s_50ov,0.5,630,315,trim20_each_end,0.2,0.2,EMG,6,ShrinkageLDA,198,2108,140,0.11339650000081747,success,0.9214285714285714,0.9214285714285715,0.9435897435897436,0.9214285714285715,0.9182752902155886,1.0,1.0,1.0,1.0,1.0
feature_screen_with_shrinkage_lda,7,S07_personal_fold06,6,win0p5s_50ov__trim20_each_end__EMG__ShrinkageLDA,win0p5s_50ov,0.5,630,315,trim20_each_end,0.2,0.2,EMG,6,ShrinkageLDA,198,2108,140,0.12086619999899995,success,0.8357142857142857,0.8357142857142857,0.881137772127761,0.8357142857142857,0.8217102077226965,0.8,0.8,0.7,0.8,0.7333333333333333
feature_screen_with_shrinkage_lda,7,S07_personal_fold07,7,win0p5s_50ov__trim20_each_end__EMG__ShrinkageLDA,win0p5s_50ov,0.5,630,315,trim20_each_end,0.2,0.2,EMG,6,ShrinkageLDA,198,840,1408,0.0686667000009038,success,0.7862215909090909,0.7322986729598097,0.7461214455523398,0.7322986729598097,0.7368801519085435,1.0,1.0,1.0,1.0,1.0
feature_screen_with_shrinkage_lda,7,S07_personal_fold08,8,win0p5s_50ov__trim20_each_end__EMG__ShrinkageLDA,win0p5s_50ov,0.5,630,315,trim20_each_end,0.2,0.2,EMG,6,ShrinkageLDA,198,840,140,0.0624242999983835,success,0.9714285714285714,0.9714285714285715,0.9728735632183907,0.9714285714285715,0.9711287860628681,1.0,1.0,1.0,1.0,1.0
feature_screen_with_shrinkage_lda,7,S07_personal_fold01,1,win0p5s_50ov__trim20_each_end__EMG_ACC__ShrinkageLDA,win0p5s_50ov,0.5,630,315,trim20_each_end,0.2,0.2,EMG_ACC,24,ShrinkageLDA,792,2108,140,1.6307433000001765,success,0.9,0.9,0.9296888141295205,0.9,0.8947085887344521,1.0,1.0,1.0,1.0,1.0
feature_screen_with_shrinkage_lda,7,S07_personal_fold02,2,win0p5s_50ov__trim20_each_end__EMG_ACC__ShrinkageLDA,win0p5s_50ov,0.5,630,315,trim20_each_end,0.2,0.2,EMG_ACC,24,ShrinkageLDA,792,2108,140,1.639415999998164,success,0.9,0.9,0.9057084902926688,0.9,0.8982687132577988,1.0,1.0,1.0,1.0,1.0
feature_screen_with_shrinkage_lda,7,S07_personal_fold03,3,win0p5s_50ov__trim20_each_end__EMG_ACC__ShrinkageLDA,win0p5s_50ov,0.5,630,315,trim20_each_end,0.2,0.2,EMG_ACC,24,ShrinkageLDA,792,2108,140,1.6253879000032612,success,0.9571428571428572,0.9571428571428571,0.9568600620324759,0.9571428571428571,0.9568808384597858,1.0,1.0,1.0,1.0,1.0
feature_screen_with_shrinkage_lda,7,S07_personal_fold04,4,win0p5s_50ov__trim20_each_end__EMG_ACC__ShrinkageLDA,win0p5s_50ov,0.5,630,315,trim20_each_end,0.2,0.2,EMG_ACC,24,ShrinkageLDA,792,2108,140,1.5551212999998825,success,0.9785714285714285,0.9785714285714284,0.9795238095238096,0.9785714285714284,0.9785531837255975,1.0,1.0,1.0,1.0,1.0
feature_screen_with_shrinkage_lda,7,S07_personal_fold05,5,win0p5s_50ov__trim20_each_end__EMG_ACC__ShrinkageLDA,win0p5s_50ov,0.5,630,315,trim20_each_end,0.2,0.2,EMG_ACC,24,ShrinkageLDA,792,2108,140,1.579789700001129,success,0.9142857142857143,0.9142857142857143,0.9340350877192982,0.9142857142857143,0.9119147496958592,1.0,1.0,1.0,1.0,1.0
feature_screen_with_shrinkage_lda,7,S07_personal_fold06,6,win0p5s_50ov__trim20_each_end__EMG_ACC__ShrinkageLDA,win0p5s_50ov,0.5,630,315,trim20_each_end,0.2,0.2,EMG_ACC,24,ShrinkageLDA,792,2108,140,1.6404595999993035,success,0.7857142857142857,0.7857142857142857,0.8565123889668069,0.7857142857142857,0.7556792752584688,0.8,0.8,0.7,0.8,0.7333333333333333
feature_screen_with_shrinkage_lda,7,S07_personal_fold07,7,win0p5s_50ov__trim20_each_end__EMG_ACC__ShrinkageLDA,win0p5s_50ov,0.5,630,315,trim20_each_end,0.2,0.2,EMG_ACC,24,ShrinkageLDA,792,840,1408,1.017880300001707,success,0.75,0.6864230311968367,0.729205308603267,0.6864230311968367,0.6972076351766556,1.0,1.0,1.0,1.0,1.0
feature_screen_with_shrinkage_lda,7,S07_personal_fold08,8,win0p5s_50ov__trim20_each_end__EMG_ACC__ShrinkageLDA,win0p5s_50ov,0.5,630,315,trim20_each_end,0.2,0.2,EMG_ACC,24,ShrinkageLDA,792,840,140,0.9402661000021908,success,0.8785714285714286,0.8785714285714284,0.8922847399829497,0.8785714285714284,0.8788461308958249,1.0,1.0,1.0,1.0,1.0
feature_screen_with_shrinkage_lda,7,S07_personal_fold01,1,win0p5s_50ov__trim20_each_end__EMG_IMU__ShrinkageLDA,win0p5s_50ov,0.5,630,315,trim20_each_end,0.2,0.2,EMG_IMU,42,ShrinkageLDA,1386,2108,140,6.674477000000479,success,0.8857142857142857,0.8857142857142858,0.9272727272727274,0.8857142857142858,0.8755555555555556,0.8,0.8,0.7,0.8,0.7333333333333333
feature_screen_with_shrinkage_lda,7,S07_personal_fold02,2,win0p5s_50ov__trim20_each_end__EMG_IMU__ShrinkageLDA,win0p5s_50ov,0.5,630,315,trim20_each_end,0.2,0.2,EMG_IMU,42,ShrinkageLDA,1386,2108,140,6.8281595000007655,success,0.8857142857142857,0.8857142857142858,0.8879182630906769,0.8857142857142858,0.8862625040483479,1.0,1.0,1.0,1.0,1.0
feature_screen_with_shrinkage_lda,7,S07_personal_fold03,3,win0p5s_50ov__trim20_each_end__EMG_IMU__ShrinkageLDA,win0p5s_50ov,0.5,630,315,trim20_each_end,0.2,0.2,EMG_IMU,42,ShrinkageLDA,1386,2108,140,6.528603300001123,success,0.9571428571428572,0.9571428571428571,0.956996336996337,0.9571428571428571,0.9565955117679256,1.0,1.0,1.0,1.0,1.0
feature_screen_with_shrinkage_lda,7,S07_personal_fold04,4,win0p5s_50ov__trim20_each_end__EMG_IMU__ShrinkageLDA,win0p5s_50ov,0.5,630,315,trim20_each_end,0.2,0.2,EMG_IMU,42,ShrinkageLDA,1386,2108,140,6.6912641000017175,success,0.9642857142857143,0.9642857142857142,0.9668520578420466,0.9642857142857142,0.9644893778702878,1.0,1.0,1.0,1.0,1.0
feature_screen_with_shrinkage_lda,7,S07_personal_fold05,5,win0p5s_50ov__trim20_each_end__EMG_IMU__ShrinkageLDA,win0p5s_50ov,0.5,630,315,trim20_each_end,0.2,0.2,EMG_IMU,42,ShrinkageLDA,1386,2108,140,6.781513800000539,success,0.9357142857142857,0.9357142857142857,0.9453510436432637,0.9357142857142857,0.9351549150479178,1.0,1.0,1.0,1.0,1.0
feature_screen_with_shrinkage_lda,7,S07_personal_fold06,6,win0p5s_50ov__trim20_each_end__EMG_IMU__ShrinkageLDA,win0p5s_50ov,0.5,630,315,trim20_each_end,0.2,0.2,EMG_IMU,42,ShrinkageLDA,1386,2108,140,6.765758499997901,success,0.85,0.85,0.8817193368917507,0.85,0.842311669124523,0.8,0.8,0.7,0.8,0.7333333333333333
feature_screen_with_shrinkage_lda,7,S07_personal_fold07,7,win0p5s_50ov__trim20_each_end__EMG_IMU__ShrinkageLDA,win0p5s_50ov,0.5,630,315,trim20_each_end,0.2,0.2,EMG_IMU,42,ShrinkageLDA,1386,840,1408,4.288681300000462,success,0.7393465909090909,0.673347879465281,0.7119034185566756,0.673347879465281,0.676453020615773,1.0,1.0,1.0,1.0,1.0
feature_screen_with_shrinkage_lda,7,S07_personal_fold08,8,win0p5s_50ov__trim20_each_end__EMG_IMU__ShrinkageLDA,win0p5s_50ov,0.5,630,315,trim20_each_end,0.2,0.2,EMG_IMU,42,ShrinkageLDA,1386,840,140,4.103491500001837,success,0.9285714285714286,0.9285714285714286,0.9311864718316331,0.9285714285714286,0.928602132763442,1.0,1.0,1.0,1.0,1.0
feature_screen_with_shrinkage_lda,7,S07_personal_fold01,1,win1p0s_50ov__full_segment__EMG__ShrinkageLDA,win1p0s_50ov,1.0,1260,630,full_segment,0.0,0.0,EMG,6,ShrinkageLDA,198,1748,115,0.0939302000006137,success,0.8695652173913043,0.8695652173913043,0.9210526315789472,0.8695652173913043,0.8540454785827605,0.8,0.8,0.7,0.8,0.7333333333333333
feature_screen_with_shrinkage_lda,7,S07_personal_fold02,2,win1p0s_50ov__full_segment__EMG__ShrinkageLDA,win1p0s_50ov,1.0,1260,630,full_segment,0.0,0.0,EMG,6,ShrinkageLDA,198,1748,115,0.09797260000050301,success,0.8956521739130435,0.8956521739130435,0.910483870967742,0.8956521739130435,0.8947008547008547,1.0,1.0,1.0,1.0,1.0
feature_screen_with_shrinkage_lda,7,S07_personal_fold03,3,win1p0s_50ov__full_segment__EMG__ShrinkageLDA,win1p0s_50ov,1.0,1260,630,full_segment,0.0,0.0,EMG,6,ShrinkageLDA,198,1748,115,0.09953419999874313,success,1.0,1.0,1.0,1.0,1.0,1.0,1.0,1.0,1.0,1.0
feature_screen_with_shrinkage_lda,7,S07_personal_fold04,4,win1p0s_50ov__full_segment__EMG__ShrinkageLDA,win1p0s_50ov,1.0,1260,630,full_segment,0.0,0.0,EMG,6,ShrinkageLDA,198,1748,115,0.09716620000108378,success,0.9652173913043478,0.9652173913043478,0.9703703703703704,0.9652173913043478,0.964952380952381,1.0,1.0,1.0,1.0,1.0
feature_screen_with_shrinkage_lda,7,S07_personal_fold05,5,win1p0s_50ov__full_segment__EMG__ShrinkageLDA,win1p0s_50ov,1.0,1260,630,full_segment,0.0,0.0,EMG,6,ShrinkageLDA,198,1748,115,0.09785040000133449,success,0.9217391304347826,0.9217391304347826,0.94375,0.9217391304347826,0.9186240786240786,1.0,1.0,1.0,1.0,1.0
feature_screen_with_shrinkage_lda,7,S07_personal_fold06,6,win1p0s_50ov__full_segment__EMG__ShrinkageLDA,win1p0s_50ov,1.0,1260,630,full_segment,0.0,0.0,EMG,6,ShrinkageLDA,198,1748,115,0.09854980000091018,success,0.9130434782608695,0.9130434782608695,0.9336021505376344,0.9130434782608695,0.9100589951653781,1.0,1.0,1.0,1.0,1.0
feature_screen_with_shrinkage_lda,7,S07_personal_fold07,7,win1p0s_50ov__full_segment__EMG__ShrinkageLDA,win1p0s_50ov,1.0,1260,630,full_segment,0.0,0.0,EMG,6,ShrinkageLDA,198,690,1173,0.06063409999842406,success,0.8098891730605285,0.7627769759433528,0.7745728330167134,0.7627769759433528,0.7594269969805021,1.0,1.0,1.0,1.0,1.0
feature_screen_with_shrinkage_lda,7,S07_personal_fold08,8,win1p0s_50ov__full_segment__EMG__ShrinkageLDA,win1p0s_50ov,1.0,1260,630,full_segment,0.0,0.0,EMG,6,ShrinkageLDA,198,690,115,0.05568130000028759,success,0.991304347826087,0.9913043478260869,0.9916666666666668,0.9913043478260869,0.9913002364066195,1.0,1.0,1.0,1.0,1.0
feature_screen_with_shrinkage_lda,7,S07_personal_fold01,1,win1p0s_50ov__full_segment__EMG_ACC__ShrinkageLDA,win1p0s_50ov,1.0,1260,630,full_segment,0.0,0.0,EMG_ACC,24,ShrinkageLDA,792,1748,115,1.4646825000017998,success,0.8608695652173913,0.8608695652173914,0.9179487179487179,0.8608695652173914,0.841720430107527,0.8,0.8,0.7,0.8,0.7333333333333333
feature_screen_with_shrinkage_lda,7,S07_personal_fold02,2,win1p0s_50ov__full_segment__EMG_ACC__ShrinkageLDA,win1p0s_50ov,1.0,1260,630,full_segment,0.0,0.0,EMG_ACC,24,ShrinkageLDA,792,1748,115,1.334074900001724,success,0.9130434782608695,0.9130434782608695,0.9166666666666667,0.9130434782608695,0.9111424782332929,1.0,1.0,1.0,1.0,1.0
feature_screen_with_shrinkage_lda,7,S07_personal_fold03,3,win1p0s_50ov__full_segment__EMG_ACC__ShrinkageLDA,win1p0s_50ov,1.0,1260,630,full_segment,0.0,0.0,EMG_ACC,24,ShrinkageLDA,792,1748,115,1.4813113999989582,success,0.9739130434782609,0.9739130434782609,0.976923076923077,0.9739130434782609,0.9738016136687232,1.0,1.0,1.0,1.0,1.0
feature_screen_with_shrinkage_lda,7,S07_personal_fold04,4,win1p0s_50ov__full_segment__EMG_ACC__ShrinkageLDA,win1p0s_50ov,1.0,1260,630,full_segment,0.0,0.0,EMG_ACC,24,ShrinkageLDA,792,1748,115,1.445888099999138,success,1.0,1.0,1.0,1.0,1.0,1.0,1.0,1.0,1.0,1.0
feature_screen_with_shrinkage_lda,7,S07_personal_fold05,5,win1p0s_50ov__full_segment__EMG_ACC__ShrinkageLDA,win1p0s_50ov,1.0,1260,630,full_segment,0.0,0.0,EMG_ACC,24,ShrinkageLDA,792,1748,115,1.399832899998728,success,0.9217391304347826,0.9217391304347826,0.9373333333333334,0.9217391304347826,0.920263227338699,1.0,1.0,1.0,1.0,1.0
feature_screen_with_shrinkage_lda,7,S07_personal_fold06,6,win1p0s_50ov__full_segment__EMG_ACC__ShrinkageLDA,win1p0s_50ov,1.0,1260,630,full_segment,0.0,0.0,EMG_ACC,24,ShrinkageLDA,792,1748,115,1.4338775999967766,success,0.8869565217391304,0.8869565217391304,0.9102941176470589,0.8869565217391304,0.8859456333140543,1.0,1.0,1.0,1.0,1.0
feature_screen_with_shrinkage_lda,7,S07_personal_fold07,7,win1p0s_50ov__full_segment__EMG_ACC__ShrinkageLDA,win1p0s_50ov,1.0,1260,630,full_segment,0.0,0.0,EMG_ACC,24,ShrinkageLDA,792,690,1173,0.8477250000032654,success,0.7416879795396419,0.676124976388936,0.7111339609658938,0.676124976388936,0.6781220777096689,0.8,0.8,0.7,0.8,0.7333333333333333
feature_screen_with_shrinkage_lda,7,S07_personal_fold08,8,win1p0s_50ov__full_segment__EMG_ACC__ShrinkageLDA,win1p0s_50ov,1.0,1260,630,full_segment,0.0,0.0,EMG_ACC,24,ShrinkageLDA,792,690,115,0.8217493000011018,success,0.9739130434782609,0.9739130434782609,0.975,0.9739130434782609,0.9738878143133463,1.0,1.0,1.0,1.0,1.0
feature_screen_with_shrinkage_lda,7,S07_personal_fold01,1,win1p0s_50ov__full_segment__EMG_IMU__ShrinkageLDA,win1p0s_50ov,1.0,1260,630,full_segment,0.0,0.0,EMG_IMU,42,ShrinkageLDA,1386,1748,115,6.0185205999987375,success,0.8608695652173913,0.8608695652173914,0.9179487179487179,0.8608695652173914,0.841720430107527,0.8,0.8,0.7,0.8,0.7333333333333333
feature_screen_with_shrinkage_lda,7,S07_personal_fold02,2,win1p0s_50ov__full_segment__EMG_IMU__ShrinkageLDA,win1p0s_50ov,1.0,1260,630,full_segment,0.0,0.0,EMG_IMU,42,ShrinkageLDA,1386,1748,115,6.000880600000528,success,0.9478260869565217,0.9478260869565218,0.948952380952381,0.9478260869565218,0.9477272727272726,1.0,1.0,1.0,1.0,1.0
feature_screen_with_shrinkage_lda,7,S07_personal_fold03,3,win1p0s_50ov__full_segment__EMG_IMU__ShrinkageLDA,win1p0s_50ov,1.0,1260,630,full_segment,0.0,0.0,EMG_IMU,42,ShrinkageLDA,1386,1748,115,5.900376399997185,success,0.9652173913043478,0.9652173913043478,0.9703703703703704,0.9652173913043478,0.964952380952381,1.0,1.0,1.0,1.0,1.0
feature_screen_with_shrinkage_lda,7,S07_personal_fold04,4,win1p0s_50ov__full_segment__EMG_IMU__ShrinkageLDA,win1p0s_50ov,1.0,1260,630,full_segment,0.0,0.0,EMG_IMU,42,ShrinkageLDA,1386,1748,115,6.035187900000892,success,0.991304347826087,0.9913043478260869,0.9916666666666668,0.9913043478260869,0.9913002364066195,1.0,1.0,1.0,1.0,1.0
feature_screen_with_shrinkage_lda,7,S07_personal_fold05,5,win1p0s_50ov__full_segment__EMG_IMU__ShrinkageLDA,win1p0s_50ov,1.0,1260,630,full_segment,0.0,0.0,EMG_IMU,42,ShrinkageLDA,1386,1748,115,5.965501300001051,success,0.9739130434782609,0.9739130434782609,0.9756666666666668,0.9739130434782609,0.9738759939823769,1.0,1.0,1.0,1.0,1.0
feature_screen_with_shrinkage_lda,7,S07_personal_fold06,6,win1p0s_50ov__full_segment__EMG_IMU__ShrinkageLDA,win1p0s_50ov,1.0,1260,630,full_segment,0.0,0.0,EMG_IMU,42,ShrinkageLDA,1386,1748,115,5.8520253999995475,success,0.9391304347826087,0.9391304347826086,0.9533333333333334,0.9391304347826086,0.9376874697629415,1.0,1.0,1.0,1.0,1.0
feature_screen_with_shrinkage_lda,7,S07_personal_fold07,7,win1p0s_50ov__full_segment__EMG_IMU__ShrinkageLDA,win1p0s_50ov,1.0,1260,630,full_segment,0.0,0.0,EMG_IMU,42,ShrinkageLDA,1386,690,1173,3.9435110000013083,success,0.7502131287297528,0.6873594838984651,0.7167037242894081,0.6873594838984651,0.6875273174524175,1.0,1.0,1.0,1.0,1.0
feature_screen_with_shrinkage_lda,7,S07_personal_fold08,8,win1p0s_50ov__full_segment__EMG_IMU__ShrinkageLDA,win1p0s_50ov,1.0,1260,630,full_segment,0.0,0.0,EMG_IMU,42,ShrinkageLDA,1386,690,115,3.820838299998286,success,0.9739130434782609,0.9739130434782609,0.9753043478260869,0.9739130434782609,0.9738801054018446,1.0,1.0,1.0,1.0,1.0
feature_screen_with_shrinkage_lda,7,S07_personal_fold01,1,win1p0s_50ov__trim10_each_end__EMG__ShrinkageLDA,win1p0s_50ov,1.0,1260,630,trim10_each_end,0.1,0.1,EMG,6,ShrinkageLDA,198,1413,95,0.08424670000022161,success,0.8842105263157894,0.8842105263157893,0.9210344827586207,0.8842105263157893,0.8763711513711513,0.8,0.8,0.7,0.8,0.7333333333333333
feature_screen_with_shrinkage_lda,7,S07_personal_fold02,2,win1p0s_50ov__trim10_each_end__EMG__ShrinkageLDA,win1p0s_50ov,1.0,1260,630,trim10_each_end,0.1,0.1,EMG,6,ShrinkageLDA,198,1413,95,0.08789910000268719,success,0.9052631578947369,0.9052631578947368,0.9130952380952382,0.9052631578947368,0.9035940803382664,1.0,1.0,1.0,1.0,1.0
feature_screen_with_shrinkage_lda,7,S07_personal_fold03,3,win1p0s_50ov__trim10_each_end__EMG__ShrinkageLDA,win1p0s_50ov,1.0,1260,630,trim10_each_end,0.1,0.1,EMG,6,ShrinkageLDA,198,1413,95,0.08420160000241594,success,1.0,1.0,1.0,1.0,1.0,1.0,1.0,1.0,1.0,1.0
feature_screen_with_shrinkage_lda,7,S07_personal_fold04,4,win1p0s_50ov__trim10_each_end__EMG__ShrinkageLDA,win1p0s_50ov,1.0,1260,630,trim10_each_end,0.1,0.1,EMG,6,ShrinkageLDA,198,1413,95,0.07124199999816483,success,0.9473684210526315,0.9473684210526315,0.9552173913043479,0.9473684210526315,0.9468893586540645,1.0,1.0,1.0,1.0,1.0
feature_screen_with_shrinkage_lda,7,S07_personal_fold05,5,win1p0s_50ov__trim10_each_end__EMG__ShrinkageLDA,win1p0s_50ov,1.0,1260,630,trim10_each_end,0.1,0.1,EMG,6,ShrinkageLDA,198,1413,95,0.07211650000317604,success,0.8947368421052632,0.8947368421052632,0.9310344827586207,0.8947368421052632,0.8869047619047619,0.8,0.8,0.7,0.8,0.7333333333333333
feature_screen_with_shrinkage_lda,7,S07_personal_fold06,6,win1p0s_50ov__trim10_each_end__EMG__ShrinkageLDA,win1p0s_50ov,1.0,1260,630,trim10_each_end,0.1,0.1,EMG,6,ShrinkageLDA,198,1413,95,0.07173229999898467,success,0.8736842105263158,0.8736842105263157,0.906878306878307,0.8736842105263157,0.8663975155279504,0.8,0.8,0.7,0.8,0.7333333333333333
feature_screen_with_shrinkage_lda,7,S07_personal_fold07,7,win1p0s_50ov__trim10_each_end__EMG__ShrinkageLDA,win1p0s_50ov,1.0,1260,630,trim10_each_end,0.1,0.1,EMG,6,ShrinkageLDA,198,570,938,0.043740499997511506,success,0.7974413646055437,0.7466592213741544,0.7633681937914167,0.7466592213741544,0.7429132668365293,1.0,1.0,1.0,1.0,1.0
feature_screen_with_shrinkage_lda,7,S07_personal_fold08,8,win1p0s_50ov__trim10_each_end__EMG__ShrinkageLDA,win1p0s_50ov,1.0,1260,630,trim10_each_end,0.1,0.1,EMG,6,ShrinkageLDA,198,570,95,0.04339750000144704,success,0.9789473684210527,0.9789473684210528,0.980952380952381,0.9789473684210528,0.9788888888888888,1.0,1.0,1.0,1.0,1.0
feature_screen_with_shrinkage_lda,7,S07_personal_fold01,1,win1p0s_50ov__trim10_each_end__EMG_ACC__ShrinkageLDA,win1p0s_50ov,1.0,1260,630,trim10_each_end,0.1,0.1,EMG_ACC,24,ShrinkageLDA,792,1413,95,1.2591543999988062,success,0.8842105263157894,0.8842105263157893,0.9266666666666665,0.8842105263157893,0.8736205593348452,0.8,0.8,0.7,0.8,0.7333333333333333
feature_screen_with_shrinkage_lda,7,S07_personal_fold02,2,win1p0s_50ov__trim10_each_end__EMG_ACC__ShrinkageLDA,win1p0s_50ov,1.0,1260,630,trim10_each_end,0.1,0.1,EMG_ACC,24,ShrinkageLDA,792,1413,95,1.1868629999989935,success,0.8947368421052632,0.894736842105263,0.9095677655677654,0.894736842105263,0.8925252525252526,1.0,1.0,1.0,1.0,1.0
feature_screen_with_shrinkage_lda,7,S07_personal_fold03,3,win1p0s_50ov__trim10_each_end__EMG_ACC__ShrinkageLDA,win1p0s_50ov,1.0,1260,630,trim10_each_end,0.1,0.1,EMG_ACC,24,ShrinkageLDA,792,1413,95,1.1961613000021316,success,0.9894736842105263,0.9894736842105264,0.99,0.9894736842105264,0.9894663894663894,1.0,1.0,1.0,1.0,1.0
feature_screen_with_shrinkage_lda,7,S07_personal_fold04,4,win1p0s_50ov__trim10_each_end__EMG_ACC__ShrinkageLDA,win1p0s_50ov,1.0,1260,630,trim10_each_end,0.1,0.1,EMG_ACC,24,ShrinkageLDA,792,1413,95,1.2709103999986837,success,0.9789473684210527,0.9789473684210526,0.9794736842105263,0.9789473684210526,0.9789400736769158,1.0,1.0,1.0,1.0,1.0
feature_screen_with_shrinkage_lda,7,S07_personal_fold05,5,win1p0s_50ov__trim10_each_end__EMG_ACC__ShrinkageLDA,win1p0s_50ov,1.0,1260,630,trim10_each_end,0.1,0.1,EMG_ACC,24,ShrinkageLDA,792,1413,95,1.2301695000023756,success,0.9157894736842105,0.9157894736842106,0.932952380952381,0.9157894736842106,0.9141161616161616,1.0,1.0,1.0,1.0,1.0
feature_screen_with_shrinkage_lda,7,S07_personal_fold06,6,win1p0s_50ov__trim10_each_end__EMG_ACC__ShrinkageLDA,win1p0s_50ov,1.0,1260,630,trim10_each_end,0.1,0.1,EMG_ACC,24,ShrinkageLDA,792,1413,95,1.2834430999973847,success,0.8631578947368421,0.8631578947368421,0.9023809523809524,0.8631578947368421,0.8531993695823484,0.8,0.8,0.7,0.8,0.7333333333333333
feature_screen_with_shrinkage_lda,7,S07_personal_fold07,7,win1p0s_50ov__trim10_each_end__EMG_ACC__ShrinkageLDA,win1p0s_50ov,1.0,1260,630,trim10_each_end,0.1,0.1,EMG_ACC,24,ShrinkageLDA,792,570,938,0.800553699999,success,0.7260127931769723,0.6549831295362342,0.7323251914234463,0.6549831295362342,0.6593874146428818,1.0,1.0,1.0,1.0,1.0
feature_screen_with_shrinkage_lda,7,S07_personal_fold08,8,win1p0s_50ov__trim10_each_end__EMG_ACC__ShrinkageLDA,win1p0s_50ov,1.0,1260,630,trim10_each_end,0.1,0.1,EMG_ACC,24,ShrinkageLDA,792,570,95,0.8710118999988481,success,0.968421052631579,0.968421052631579,0.9709523809523809,0.968421052631579,0.9683552783552782,1.0,1.0,1.0,1.0,1.0
feature_screen_with_shrinkage_lda,7,S07_personal_fold01,1,win1p0s_50ov__trim10_each_end__EMG_IMU__ShrinkageLDA,win1p0s_50ov,1.0,1260,630,trim10_each_end,0.1,0.1,EMG_IMU,42,ShrinkageLDA,1386,1413,95,5.253856500003167,success,0.8842105263157894,0.8842105263157893,0.9266666666666665,0.8842105263157893,0.8736205593348452,0.8,0.8,0.7,0.8,0.7333333333333333
feature_screen_with_shrinkage_lda,7,S07_personal_fold02,2,win1p0s_50ov__trim10_each_end__EMG_IMU__ShrinkageLDA,win1p0s_50ov,1.0,1260,630,trim10_each_end,0.1,0.1,EMG_IMU,42,ShrinkageLDA,1386,1413,95,5.37093509999977,success,0.9052631578947369,0.9052631578947368,0.9175824175824175,0.9052631578947368,0.9032323232323233,1.0,1.0,1.0,1.0,1.0
feature_screen_with_shrinkage_lda,7,S07_personal_fold03,3,win1p0s_50ov__trim10_each_end__EMG_IMU__ShrinkageLDA,win1p0s_50ov,1.0,1260,630,trim10_each_end,0.1,0.1,EMG_IMU,42,ShrinkageLDA,1386,1413,95,5.353678300001775,success,0.9894736842105263,0.9894736842105264,0.99,0.9894736842105264,0.9894663894663894,1.0,1.0,1.0,1.0,1.0
feature_screen_with_shrinkage_lda,7,S07_personal_fold04,4,win1p0s_50ov__trim10_each_end__EMG_IMU__ShrinkageLDA,win1p0s_50ov,1.0,1260,630,trim10_each_end,0.1,0.1,EMG_IMU,42,ShrinkageLDA,1386,1413,95,5.21073179999803,success,1.0,1.0,1.0,1.0,1.0,1.0,1.0,1.0,1.0,1.0
feature_screen_with_shrinkage_lda,7,S07_personal_fold05,5,win1p0s_50ov__trim10_each_end__EMG_IMU__ShrinkageLDA,win1p0s_50ov,1.0,1260,630,trim10_each_end,0.1,0.1,EMG_IMU,42,ShrinkageLDA,1386,1413,95,5.291804100001173,success,0.9368421052631579,0.9368421052631579,0.9461697722567287,0.9368421052631579,0.936311858076564,1.0,1.0,1.0,1.0,1.0
feature_screen_with_shrinkage_lda,7,S07_personal_fold06,6,win1p0s_50ov__trim10_each_end__EMG_IMU__ShrinkageLDA,win1p0s_50ov,1.0,1260,630,trim10_each_end,0.1,0.1,EMG_IMU,42,ShrinkageLDA,1386,1413,95,5.254117000000406,success,0.9052631578947369,0.9052631578947368,0.9161616161616163,0.9052631578947368,0.9047002656758754,1.0,1.0,1.0,1.0,1.0
feature_screen_with_shrinkage_lda,7,S07_personal_fold07,7,win1p0s_50ov__trim10_each_end__EMG_IMU__ShrinkageLDA,win1p0s_50ov,1.0,1260,630,trim10_each_end,0.1,0.1,EMG_IMU,42,ShrinkageLDA,1386,570,938,3.6767742000010912,success,0.6993603411513859,0.6224754611262298,0.6947489215836729,0.6224754611262298,0.6298559200855192,1.0,1.0,1.0,1.0,1.0
feature_screen_with_shrinkage_lda,7,S07_personal_fold08,8,win1p0s_50ov__trim10_each_end__EMG_IMU__ShrinkageLDA,win1p0s_50ov,1.0,1260,630,trim10_each_end,0.1,0.1,EMG_IMU,42,ShrinkageLDA,1386,570,95,3.6624287000013283,success,0.9473684210526315,0.9473684210526315,0.9552173913043479,0.9473684210526315,0.9468893586540645,1.0,1.0,1.0,1.0,1.0
feature_screen_with_shrinkage_lda,7,S07_personal_fold01,1,win1p0s_50ov__trim20_each_end__EMG__ShrinkageLDA,win1p0s_50ov,1.0,1260,630,trim20_each_end,0.2,0.2,EMG,6,ShrinkageLDA,198,1052,70,0.06417049999799929,success,0.8714285714285714,0.8714285714285716,0.9083333333333332,0.8714285714285716,0.8646153846153846,0.8,0.8,0.7,0.8,0.7333333333333333
feature_screen_with_shrinkage_lda,7,S07_personal_fold02,2,win1p0s_50ov__trim20_each_end__EMG__ShrinkageLDA,win1p0s_50ov,1.0,1260,630,trim20_each_end,0.2,0.2,EMG,6,ShrinkageLDA,198,1052,70,0.060532100000273203,success,0.9142857142857143,0.9142857142857143,0.9400000000000001,0.9142857142857143,0.9101604278074866,1.0,1.0,1.0,1.0,1.0
feature_screen_with_shrinkage_lda,7,S07_personal_fold03,3,win1p0s_50ov__trim20_each_end__EMG__ShrinkageLDA,win1p0s_50ov,1.0,1260,630,trim20_each_end,0.2,0.2,EMG,6,ShrinkageLDA,198,1052,70,0.06864100000166218,success,1.0,1.0,1.0,1.0,1.0,1.0,1.0,1.0,1.0,1.0
feature_screen_with_shrinkage_lda,7,S07_personal_fold04,4,win1p0s_50ov__trim20_each_end__EMG__ShrinkageLDA,win1p0s_50ov,1.0,1260,630,trim20_each_end,0.2,0.2,EMG,6,ShrinkageLDA,198,1052,70,0.0708148000012443,success,0.9857142857142858,0.9857142857142858,0.9866666666666667,0.9857142857142858,0.9856960408684546,1.0,1.0,1.0,1.0,1.0
feature_screen_with_shrinkage_lda,7,S07_personal_fold05,5,win1p0s_50ov__trim20_each_end__EMG__ShrinkageLDA,win1p0s_50ov,1.0,1260,630,trim20_each_end,0.2,0.2,EMG,6,ShrinkageLDA,198,1052,70,0.07064920000266284,success,0.9285714285714286,0.9285714285714285,0.9473684210526315,0.9285714285714285,0.9262187088274045,1.0,1.0,1.0,1.0,1.0
feature_screen_with_shrinkage_lda,7,S07_personal_fold06,6,win1p0s_50ov__trim20_each_end__EMG__ShrinkageLDA,win1p0s_50ov,1.0,1260,630,trim20_each_end,0.2,0.2,EMG,6,ShrinkageLDA,198,1052,70,0.06642629999987548,success,0.8571428571428571,0.8571428571428571,0.9048484848484849,0.8571428571428571,0.8428110506150434,0.8,0.8,0.7,0.8,0.7333333333333333
feature_screen_with_shrinkage_lda,7,S07_personal_fold07,7,win1p0s_50ov__trim20_each_end__EMG__ShrinkageLDA,win1p0s_50ov,1.0,1260,630,trim20_each_end,0.2,0.2,EMG,6,ShrinkageLDA,198,420,702,0.045987900000909576,success,0.8062678062678063,0.7572341957064826,0.7736964911862423,0.7572341957064826,0.7617550847927637,1.0,1.0,1.0,1.0,1.0
feature_screen_with_shrinkage_lda,7,S07_personal_fold08,8,win1p0s_50ov__trim20_each_end__EMG__ShrinkageLDA,win1p0s_50ov,1.0,1260,630,trim20_each_end,0.2,0.2,EMG,6,ShrinkageLDA,198,420,70,0.044289800000115065,success,0.9857142857142858,0.9857142857142858,0.9866666666666667,0.9857142857142858,0.9856960408684546,1.0,1.0,1.0,1.0,1.0
feature_screen_with_shrinkage_lda,7,S07_personal_fold01,1,win1p0s_50ov__trim20_each_end__EMG_ACC__ShrinkageLDA,win1p0s_50ov,1.0,1260,630,trim20_each_end,0.2,0.2,EMG_ACC,24,ShrinkageLDA,792,1052,70,1.0652489000021887,success,0.8714285714285714,0.8714285714285713,0.913939393939394,0.8714285714285713,0.8612515964240103,0.8,0.8,0.7,0.8,0.7333333333333333
feature_screen_with_shrinkage_lda,7,S07_personal_fold02,2,win1p0s_50ov__trim20_each_end__EMG_ACC__ShrinkageLDA,win1p0s_50ov,1.0,1260,630,trim20_each_end,0.2,0.2,EMG_ACC,24,ShrinkageLDA,792,1052,70,1.1385460999990755,success,0.8714285714285714,0.8714285714285713,0.8832579185520363,0.8714285714285713,0.8746990166345006,1.0,1.0,1.0,1.0,1.0
feature_screen_with_shrinkage_lda,7,S07_personal_fold03,3,win1p0s_50ov__trim20_each_end__EMG_ACC__ShrinkageLDA,win1p0s_50ov,1.0,1260,630,trim20_each_end,0.2,0.2,EMG_ACC,24,ShrinkageLDA,792,1052,70,1.1058537999997498,success,1.0,1.0,1.0,1.0,1.0,1.0,1.0,1.0,1.0,1.0
feature_screen_with_shrinkage_lda,7,S07_personal_fold04,4,win1p0s_50ov__trim20_each_end__EMG_ACC__ShrinkageLDA,win1p0s_50ov,1.0,1260,630,trim20_each_end,0.2,0.2,EMG_ACC,24,ShrinkageLDA,792,1052,70,1.0420301000012842,success,0.9857142857142858,0.9857142857142858,0.9866666666666667,0.9857142857142858,0.9856960408684546,1.0,1.0,1.0,1.0,1.0
feature_screen_with_shrinkage_lda,7,S07_personal_fold05,5,win1p0s_50ov__trim20_each_end__EMG_ACC__ShrinkageLDA,win1p0s_50ov,1.0,1260,630,trim20_each_end,0.2,0.2,EMG_ACC,24,ShrinkageLDA,792,1052,70,1.0425407000002451,success,0.9428571428571428,0.9428571428571428,0.9480392156862745,0.9428571428571428,0.9424685231136845,1.0,1.0,1.0,1.0,1.0
feature_screen_with_shrinkage_lda,7,S07_personal_fold06,6,win1p0s_50ov__trim20_each_end__EMG_ACC__ShrinkageLDA,win1p0s_50ov,1.0,1260,630,trim20_each_end,0.2,0.2,EMG_ACC,24,ShrinkageLDA,792,1052,70,1.0476238000010198,success,0.8285714285714286,0.8285714285714285,0.8624836601307189,0.8285714285714285,0.8187486095661847,0.8,0.8,0.7,0.8,0.7333333333333333
feature_screen_with_shrinkage_lda,7,S07_personal_fold07,7,win1p0s_50ov__trim20_each_end__EMG_ACC__ShrinkageLDA,win1p0s_50ov,1.0,1260,630,trim20_each_end,0.2,0.2,EMG_ACC,24,ShrinkageLDA,792,420,702,0.7671733999995922,success,0.7663817663817664,0.7063423240321237,0.7600792676693627,0.7063423240321237,0.7154223491792535,1.0,1.0,1.0,1.0,1.0
feature_screen_with_shrinkage_lda,7,S07_personal_fold08,8,win1p0s_50ov__trim20_each_end__EMG_ACC__ShrinkageLDA,win1p0s_50ov,1.0,1260,630,trim20_each_end,0.2,0.2,EMG_ACC,24,ShrinkageLDA,792,420,70,0.7333918000003905,success,0.9285714285714286,0.9285714285714285,0.9401709401709402,0.9285714285714285,0.9299857549857549,1.0,1.0,1.0,1.0,1.0
feature_screen_with_shrinkage_lda,7,S07_personal_fold01,1,win1p0s_50ov__trim20_each_end__EMG_IMU__ShrinkageLDA,win1p0s_50ov,1.0,1260,630,trim20_each_end,0.2,0.2,EMG_IMU,42,ShrinkageLDA,1386,1052,70,4.628337300000567,success,0.8714285714285714,0.8714285714285716,0.9217391304347826,0.8714285714285716,0.8566145092460882,0.8,0.8,0.7,0.8,0.7333333333333333
feature_screen_with_shrinkage_lda,7,S07_personal_fold02,2,win1p0s_50ov__trim20_each_end__EMG_IMU__ShrinkageLDA,win1p0s_50ov,1.0,1260,630,trim20_each_end,0.2,0.2,EMG_IMU,42,ShrinkageLDA,1386,1052,70,4.569202599999699,success,0.8714285714285714,0.8714285714285713,0.8899521531100479,0.8714285714285713,0.8740699300699302,1.0,1.0,1.0,1.0,1.0
feature_screen_with_shrinkage_lda,7,S07_personal_fold03,3,win1p0s_50ov__trim20_each_end__EMG_IMU__ShrinkageLDA,win1p0s_50ov,1.0,1260,630,trim20_each_end,0.2,0.2,EMG_IMU,42,ShrinkageLDA,1386,1052,70,4.386305299998639,success,0.9857142857142858,0.9857142857142858,0.9866666666666667,0.9857142857142858,0.9856960408684546,1.0,1.0,1.0,1.0,1.0
feature_screen_with_shrinkage_lda,7,S07_personal_fold04,4,win1p0s_50ov__trim20_each_end__EMG_IMU__ShrinkageLDA,win1p0s_50ov,1.0,1260,630,trim20_each_end,0.2,0.2,EMG_IMU,42,ShrinkageLDA,1386,1052,70,4.411412900000869,success,1.0,1.0,1.0,1.0,1.0,1.0,1.0,1.0,1.0,1.0
feature_screen_with_shrinkage_lda,7,S07_personal_fold05,5,win1p0s_50ov__trim20_each_end__EMG_IMU__ShrinkageLDA,win1p0s_50ov,1.0,1260,630,trim20_each_end,0.2,0.2,EMG_IMU,42,ShrinkageLDA,1386,1052,70,4.547936700000719,success,0.9571428571428572,0.9571428571428571,0.9647058823529411,0.9571428571428571,0.9566451612903226,1.0,1.0,1.0,1.0,1.0
feature_screen_with_shrinkage_lda,7,S07_personal_fold06,6,win1p0s_50ov__trim20_each_end__EMG_IMU__ShrinkageLDA,win1p0s_50ov,1.0,1260,630,trim20_each_end,0.2,0.2,EMG_IMU,42,ShrinkageLDA,1386,1052,70,4.493439099998795,success,0.9142857142857143,0.9142857142857143,0.925,0.9142857142857143,0.9133333333333333,1.0,1.0,1.0,1.0,1.0
feature_screen_with_shrinkage_lda,7,S07_personal_fold07,7,win1p0s_50ov__trim20_each_end__EMG_IMU__ShrinkageLDA,win1p0s_50ov,1.0,1260,630,trim20_each_end,0.2,0.2,EMG_IMU,42,ShrinkageLDA,1386,420,702,3.282652900001267,success,0.7207977207977208,0.6491069991954947,0.6956680363024149,0.6491069991954947,0.6530897515577359,1.0,1.0,1.0,1.0,1.0
feature_screen_with_shrinkage_lda,7,S07_personal_fold08,8,win1p0s_50ov__trim20_each_end__EMG_IMU__ShrinkageLDA,win1p0s_50ov,1.0,1260,630,trim20_each_end,0.2,0.2,EMG_IMU,42,ShrinkageLDA,1386,420,70,3.341408699998283,success,0.9571428571428572,0.9571428571428571,0.9647058823529411,0.9571428571428571,0.9584229390681003,1.0,1.0,1.0,1.0,1.0
model_screen_on_best_feature_config,7,S07_personal_fold01,1,win0p5s_50ov__trim20_each_end__EMG_ACC__ShrinkageLDA,win0p5s_50ov,0.5,630,315,trim20_each_end,0.2,0.2,EMG_ACC,24,ShrinkageLDA,792,2108,140,1.6334829999977956,success,0.9,0.9,0.9296888141295205,0.9,0.8947085887344521,1.0,1.0,1.0,1.0,1.0
model_screen_on_best_feature_config,7,S07_personal_fold01,1,win0p5s_50ov__trim20_each_end__EMG_ACC__LogisticRegression,win0p5s_50ov,0.5,630,315,trim20_each_end,0.2,0.2,EMG_ACC,24,LogisticRegression,792,2108,140,0.8800405000001774,success,0.85,0.85,0.8835249042145594,0.85,0.8433173843700159,1.0,1.0,1.0,1.0,1.0
model_screen_on_best_feature_config,7,S07_personal_fold01,1,win0p5s_50ov__trim20_each_end__EMG_ACC__RBF-SVM,win0p5s_50ov,0.5,630,315,trim20_each_end,0.2,0.2,EMG_ACC,24,RBF-SVM,792,2108,140,7.888055600000371,success,0.9357142857142857,0.9357142857142857,0.9513513513513514,0.9357142857142857,0.9340098199672667,1.0,1.0,1.0,1.0,1.0
model_screen_on_best_feature_config,7,S07_personal_fold01,1,win0p5s_50ov__trim20_each_end__EMG_ACC__RandomForest,win0p5s_50ov,0.5,630,315,trim20_each_end,0.2,0.2,EMG_ACC,24,RandomForest,792,2108,140,2.222313199999917,success,0.6928571428571428,0.6928571428571428,0.8268412438625206,0.6928571428571428,0.6366306306306306,0.6,0.6,0.4,0.6,0.4666666666666666
model_screen_on_best_feature_config,7,S07_personal_fold02,2,win1p0s_50ov__full_segment__EMG_IMU__ShrinkageLDA,win1p0s_50ov,1.0,1260,630,full_segment,0.0,0.0,EMG_IMU,42,ShrinkageLDA,1386,1748,115,6.010651099997631,success,0.9478260869565217,0.9478260869565218,0.948952380952381,0.9478260869565218,0.9477272727272726,1.0,1.0,1.0,1.0,1.0
model_screen_on_best_feature_config,7,S07_personal_fold02,2,win1p0s_50ov__full_segment__EMG_IMU__LogisticRegression,win1p0s_50ov,1.0,1260,630,full_segment,0.0,0.0,EMG_IMU,42,LogisticRegression,1386,1748,115,1.162075399999594,success,0.8869565217391304,0.8869565217391304,0.9192941176470588,0.8869565217391304,0.8742822966507177,1.0,1.0,1.0,1.0,1.0
model_screen_on_best_feature_config,7,S07_personal_fold02,2,win1p0s_50ov__full_segment__EMG_IMU__RBF-SVM,win1p0s_50ov,1.0,1260,630,full_segment,0.0,0.0,EMG_IMU,42,RBF-SVM,1386,1748,115,11.095749900003284,success,0.9391304347826087,0.9391304347826086,0.950287356321839,0.9391304347826086,0.9367703218767047,1.0,1.0,1.0,1.0,1.0
model_screen_on_best_feature_config,7,S07_personal_fold02,2,win1p0s_50ov__full_segment__EMG_IMU__RandomForest,win1p0s_50ov,1.0,1260,630,full_segment,0.0,0.0,EMG_IMU,42,RandomForest,1386,1748,115,2.1964944999999716,success,0.8869565217391304,0.8869565217391304,0.9230952380952381,0.8869565217391304,0.8793326907676742,0.8,0.8,0.7,0.8,0.7333333333333333
model_screen_on_best_feature_config,7,S07_personal_fold03,3,win0p5s_50ov__full_segment__EMG__ShrinkageLDA,win0p5s_50ov,0.5,630,315,full_segment,0.0,0.0,EMG,6,ShrinkageLDA,198,3523,235,0.17950440000277013,success,1.0,1.0,1.0,1.0,1.0,1.0,1.0,1.0,1.0,1.0
model_screen_on_best_feature_config,7,S07_personal_fold03,3,win0p5s_50ov__full_segment__EMG__LogisticRegression,win0p5s_50ov,0.5,630,315,full_segment,0.0,0.0,EMG,6,LogisticRegression,198,3523,235,1.184642600001098,success,0.9659574468085106,0.9659574468085106,0.9675518207282913,0.9659574468085106,0.9656197553360993,1.0,1.0,1.0,1.0,1.0
model_screen_on_best_feature_config,7,S07_personal_fold03,3,win0p5s_50ov__full_segment__EMG__RBF-SVM,win0p5s_50ov,0.5,630,315,full_segment,0.0,0.0,EMG,6,RBF-SVM,198,3523,235,3.493998500001908,success,0.9319148936170213,0.9319148936170214,0.9360073260073261,0.9319148936170214,0.9290924214372656,1.0,1.0,1.0,1.0,1.0
model_screen_on_best_feature_config,7,S07_personal_fold03,3,win0p5s_50ov__full_segment__EMG__RandomForest,win0p5s_50ov,0.5,630,315,full_segment,0.0,0.0,EMG,6,RandomForest,198,3523,235,1.729117299997597,success,0.8085106382978723,0.8085106382978722,0.8223809523809524,0.8085106382978722,0.7734029730815589,0.8,0.8,0.7,0.8,0.7333333333333333
model_screen_on_best_feature_config,7,S07_personal_fold04,4,win1p0s_50ov__full_segment__EMG_ACC__ShrinkageLDA,win1p0s_50ov,1.0,1260,630,full_segment,0.0,0.0,EMG_ACC,24,ShrinkageLDA,792,1748,115,1.3758866999996826,success,1.0,1.0,1.0,1.0,1.0,1.0,1.0,1.0,1.0,1.0
model_screen_on_best_feature_config,7,S07_personal_fold04,4,win1p0s_50ov__full_segment__EMG_ACC__LogisticRegression,win1p0s_50ov,1.0,1260,630,full_segment,0.0,0.0,EMG_ACC,24,LogisticRegression,792,1748,115,0.7337388999985706,success,0.9130434782608695,0.9130434782608695,0.9275537634408602,0.9130434782608695,0.9110723161786991,1.0,1.0,1.0,1.0,1.0
model_screen_on_best_feature_config,7,S07_personal_fold04,4,win1p0s_50ov__full_segment__EMG_ACC__RBF-SVM,win1p0s_50ov,1.0,1260,630,full_segment,0.0,0.0,EMG_ACC,24,RBF-SVM,792,1748,115,5.3610645000007935,success,0.8869565217391304,0.8869565217391304,0.9057506631299734,0.8869565217391304,0.8781030873888017,1.0,1.0,1.0,1.0,1.0
model_screen_on_best_feature_config,7,S07_personal_fold04,4,win1p0s_50ov__full_segment__EMG_ACC__RandomForest,win1p0s_50ov,1.0,1260,630,full_segment,0.0,0.0,EMG_ACC,24,RandomForest,792,1748,115,1.7690695999990567,success,0.9565217391304348,0.9565217391304348,0.9608974358974359,0.9565217391304348,0.9562888985381386,1.0,1.0,1.0,1.0,1.0
model_screen_on_best_feature_config,7,S07_personal_fold05,5,win1p0s_50ov__full_segment__EMG_IMU__ShrinkageLDA,win1p0s_50ov,1.0,1260,630,full_segment,0.0,0.0,EMG_IMU,42,ShrinkageLDA,1386,1748,115,6.112835399999312,success,0.9739130434782609,0.9739130434782609,0.9756666666666668,0.9739130434782609,0.9738759939823769,1.0,1.0,1.0,1.0,1.0
model_screen_on_best_feature_config,7,S07_personal_fold05,5,win1p0s_50ov__full_segment__EMG_IMU__LogisticRegression,win1p0s_50ov,1.0,1260,630,full_segment,0.0,0.0,EMG_IMU,42,LogisticRegression,1386,1748,115,1.2570160999966902,success,0.9043478260869565,0.9043478260869566,0.9237037037037037,0.9043478260869566,0.9026398507153225,1.0,1.0,1.0,1.0,1.0
model_screen_on_best_feature_config,7,S07_personal_fold05,5,win1p0s_50ov__full_segment__EMG_IMU__RBF-SVM,win1p0s_50ov,1.0,1260,630,full_segment,0.0,0.0,EMG_IMU,42,RBF-SVM,1386,1748,115,11.11437719999958,success,0.9217391304347826,0.9217391304347826,0.9373333333333334,0.9217391304347826,0.920263227338699,1.0,1.0,1.0,1.0,1.0
model_screen_on_best_feature_config,7,S07_personal_fold05,5,win1p0s_50ov__full_segment__EMG_IMU__RandomForest,win1p0s_50ov,1.0,1260,630,full_segment,0.0,0.0,EMG_IMU,42,RandomForest,1386,1748,115,2.3596111000006204,success,0.8608695652173913,0.8608695652173914,0.912719298245614,0.8608695652173914,0.8453457149893797,0.8,0.8,0.7,0.8,0.7333333333333333
model_screen_on_best_feature_config,7,S07_personal_fold06,6,win1p0s_50ov__full_segment__EMG_IMU__ShrinkageLDA,win1p0s_50ov,1.0,1260,630,full_segment,0.0,0.0,EMG_IMU,42,ShrinkageLDA,1386,1748,115,5.792601100001775,success,0.9391304347826087,0.9391304347826086,0.9533333333333334,0.9391304347826086,0.9376874697629415,1.0,1.0,1.0,1.0,1.0
model_screen_on_best_feature_config,7,S07_personal_fold06,6,win1p0s_50ov__full_segment__EMG_IMU__LogisticRegression,win1p0s_50ov,1.0,1260,630,full_segment,0.0,0.0,EMG_IMU,42,LogisticRegression,1386,1748,115,1.3260933999990812,success,0.8869565217391304,0.8869565217391304,0.9065079365079365,0.8869565217391304,0.8853862766152633,1.0,1.0,1.0,1.0,1.0
model_screen_on_best_feature_config,7,S07_personal_fold06,6,win1p0s_50ov__full_segment__EMG_IMU__RBF-SVM,win1p0s_50ov,1.0,1260,630,full_segment,0.0,0.0,EMG_IMU,42,RBF-SVM,1386,1748,115,11.292076800000359,success,0.9739130434782609,0.9739130434782609,0.975,0.9739130434782609,0.9738878143133463,1.0,1.0,1.0,1.0,1.0
model_screen_on_best_feature_config,7,S07_personal_fold06,6,win1p0s_50ov__full_segment__EMG_IMU__RandomForest,win1p0s_50ov,1.0,1260,630,full_segment,0.0,0.0,EMG_IMU,42,RandomForest,1386,1748,115,2.2436387999987346,success,0.8260869565217391,0.826086956521739,0.868298109010011,0.826086956521739,0.8153490028490029,0.8,0.8,0.7,0.8,0.7333333333333333
model_screen_on_best_feature_config,7,S07_personal_fold07,7,win1p0s_50ov__trim20_each_end__EMG__ShrinkageLDA,win1p0s_50ov,1.0,1260,630,trim20_each_end,0.2,0.2,EMG,6,ShrinkageLDA,198,420,702,0.0592514999989362,success,0.8062678062678063,0.7572341957064826,0.7736964911862423,0.7572341957064826,0.7617550847927637,1.0,1.0,1.0,1.0,1.0
model_screen_on_best_feature_config,7,S07_personal_fold07,7,win1p0s_50ov__trim20_each_end__EMG__LogisticRegression,win1p0s_50ov,1.0,1260,630,trim20_each_end,0.2,0.2,EMG,6,LogisticRegression,198,420,702,0.053498799999943,success,0.7749287749287749,0.717968694866692,0.733502268314729,0.717968694866692,0.7194512772904051,1.0,1.0,1.0,1.0,1.0
model_screen_on_best_feature_config,7,S07_personal_fold07,7,win1p0s_50ov__trim20_each_end__EMG__RBF-SVM,win1p0s_50ov,1.0,1260,630,trim20_each_end,0.2,0.2,EMG,6,RBF-SVM,198,420,702,0.17311699999845587,success,0.5014245014245015,0.5482514174319431,0.6325593460757742,0.5482514174319431,0.5254530062890994,0.6,0.6,0.4666666666666667,0.6,0.5
model_screen_on_best_feature_config,7,S07_personal_fold07,7,win1p0s_50ov__trim20_each_end__EMG__RandomForest,win1p0s_50ov,1.0,1260,630,trim20_each_end,0.2,0.2,EMG,6,RandomForest,198,420,702,0.18457529999795952,success,0.7678062678062678,0.7103261774710308,0.7381981869053871,0.7103261774710308,0.6896424952954715,0.8,0.8,0.7,0.8,0.7333333333333333
model_screen_on_best_feature_config,7,S07_personal_fold08,8,win1p0s_50ov__full_segment__EMG__ShrinkageLDA,win1p0s_50ov,1.0,1260,630,full_segment,0.0,0.0,EMG,6,ShrinkageLDA,198,690,115,0.05373710000276333,success,0.991304347826087,0.9913043478260869,0.9916666666666668,0.9913043478260869,0.9913002364066195,1.0,1.0,1.0,1.0,1.0
model_screen_on_best_feature_config,7,S07_personal_fold08,8,win1p0s_50ov__full_segment__EMG__LogisticRegression,win1p0s_50ov,1.0,1260,630,full_segment,0.0,0.0,EMG,6,LogisticRegression,198,690,115,0.08470550000129151,success,0.9739130434782609,0.9739130434782609,0.976923076923077,0.9739130434782609,0.9738016136687232,1.0,1.0,1.0,1.0,1.0
model_screen_on_best_feature_config,7,S07_personal_fold08,8,win1p0s_50ov__full_segment__EMG__RBF-SVM,win1p0s_50ov,1.0,1260,630,full_segment,0.0,0.0,EMG,6,RBF-SVM,198,690,115,0.20835380000062287,success,0.9304347826086956,0.9304347826086957,0.9433908045977013,0.9304347826086957,0.9290780141843971,1.0,1.0,1.0,1.0,1.0
model_screen_on_best_feature_config,7,S07_personal_fold08,8,win1p0s_50ov__full_segment__EMG__RandomForest,win1p0s_50ov,1.0,1260,630,full_segment,0.0,0.0,EMG,6,RandomForest,198,690,115,0.2874073999992106,success,0.9739130434782609,0.9739130434782609,0.976923076923077,0.9739130434782609,0.9738016136687232,1.0,1.0,1.0,1.0,1.0
feature_screen_with_shrinkage_lda,8,S08_personal_fold01,1,win0p25s_50ov__full_segment__EMG__ShrinkageLDA,win0p25s_50ov,0.25,315,157,full_segment,0.0,0.0,EMG,6,ShrinkageLDA,198,6845,480,0.28480779999881634,success,0.85,0.85,0.9056822520740045,0.85,0.8280633254113561,0.8,0.8,0.7,0.8,0.7333333333333333
feature_screen_with_shrinkage_lda,8,S08_personal_fold02,2,win0p25s_50ov__full_segment__EMG__ShrinkageLDA,win0p25s_50ov,0.25,315,157,full_segment,0.0,0.0,EMG,6,ShrinkageLDA,198,6845,480,0.274907399998483,success,0.9375,0.9375,0.9499316939890712,0.9375,0.9391395683826878,1.0,1.0,1.0,1.0,1.0
feature_screen_with_shrinkage_lda,8,S08_personal_fold03,3,win0p25s_50ov__full_segment__EMG__ShrinkageLDA,win0p25s_50ov,0.25,315,157,full_segment,0.0,0.0,EMG,6,ShrinkageLDA,198,6845,480,0.3263851000010618,success,0.9458333333333333,0.9458333333333332,0.9523232323232322,0.9458333333333332,0.9447340640162786,1.0,1.0,1.0,1.0,1.0
feature_screen_with_shrinkage_lda,8,S08_personal_fold04,4,win0p25s_50ov__full_segment__EMG__ShrinkageLDA,win0p25s_50ov,0.25,315,157,full_segment,0.0,0.0,EMG,6,ShrinkageLDA,198,6845,480,0.2806850000015402,success,0.9645833333333333,0.9645833333333333,0.9661622173845368,0.9645833333333333,0.9642661517846379,1.0,1.0,1.0,1.0,1.0
feature_screen_with_shrinkage_lda,8,S08_personal_fold05,5,win0p25s_50ov__full_segment__EMG__ShrinkageLDA,win0p25s_50ov,0.25,315,157,full_segment,0.0,0.0,EMG,6,ShrinkageLDA,198,6845,480,0.3261279999969702,success,0.86875,0.86875,0.8846891956492812,0.86875,0.866283244536833,1.0,1.0,1.0,1.0,1.0
feature_screen_with_shrinkage_lda,8,S08_personal_fold06,6,win0p25s_50ov__full_segment__EMG__ShrinkageLDA,win0p25s_50ov,0.25,315,157,full_segment,0.0,0.0,EMG,6,ShrinkageLDA,198,6845,480,0.31793180000022403,success,0.8875,0.8875,0.9147121535181236,0.8875,0.885501068883479,1.0,1.0,1.0,1.0,1.0
feature_screen_with_shrinkage_lda,8,S08_personal_fold07,7,win0p25s_50ov__full_segment__EMG__ShrinkageLDA,win0p25s_50ov,0.25,315,157,full_segment,0.0,0.0,EMG,6,ShrinkageLDA,198,2880,4445,0.16070550000222283,success,0.8717660292463442,0.8466114081440083,0.8726980080723991,0.8466114081440083,0.8538092344367033,1.0,1.0,1.0,1.0,1.0
feature_screen_with_shrinkage_lda,8,S08_personal_fold08,8,win0p25s_50ov__full_segment__EMG__ShrinkageLDA,win0p25s_50ov,0.25,315,157,full_segment,0.0,0.0,EMG,6,ShrinkageLDA,198,2880,480,0.14003909999883035,success,0.95,0.95,0.9536327259393882,0.95,0.9504898264902346,1.0,1.0,1.0,1.0,1.0
feature_screen_with_shrinkage_lda,8,S08_personal_fold01,1,win0p25s_50ov__full_segment__EMG_ACC__ShrinkageLDA,win0p25s_50ov,0.25,315,157,full_segment,0.0,0.0,EMG_ACC,24,ShrinkageLDA,792,6845,480,4.101274999997258,success,0.8395833333333333,0.8395833333333332,0.8879564593482119,0.8395833333333332,0.8151383574003127,0.8,0.8,0.7,0.8,0.7333333333333333
feature_screen_with_shrinkage_lda,8,S08_personal_fold02,2,win0p25s_50ov__full_segment__EMG_ACC__ShrinkageLDA,win0p25s_50ov,0.25,315,157,full_segment,0.0,0.0,EMG_ACC,24,ShrinkageLDA,792,6845,480,4.085526700000628,success,0.9458333333333333,0.9458333333333332,0.9546231546231546,0.9458333333333332,0.9466636804031777,1.0,1.0,1.0,1.0,1.0
feature_screen_with_shrinkage_lda,8,S08_personal_fold03,3,win0p25s_50ov__full_segment__EMG_ACC__ShrinkageLDA,win0p25s_50ov,0.25,315,157,full_segment,0.0,0.0,EMG_ACC,24,ShrinkageLDA,792,6845,480,3.9910517999996955,success,0.9354166666666667,0.9354166666666668,0.9423359887988507,0.9354166666666668,0.9326968873451703,1.0,1.0,1.0,1.0,1.0
feature_screen_with_shrinkage_lda,8,S08_personal_fold04,4,win0p25s_50ov__full_segment__EMG_ACC__ShrinkageLDA,win0p25s_50ov,0.25,315,157,full_segment,0.0,0.0,EMG_ACC,24,ShrinkageLDA,792,6845,480,3.862849400000414,success,0.9270833333333334,0.9270833333333333,0.9393440958472942,0.9270833333333333,0.9247917288521931,1.0,1.0,1.0,1.0,1.0
feature_screen_with_shrinkage_lda,8,S08_personal_fold05,5,win0p25s_50ov__full_segment__EMG_ACC__ShrinkageLDA,win0p25s_50ov,0.25,315,157,full_segment,0.0,0.0,EMG_ACC,24,ShrinkageLDA,792,6845,480,4.0541964000003645,success,0.8458333333333333,0.8458333333333334,0.8624149659863946,0.8458333333333334,0.8432511494921778,1.0,1.0,1.0,1.0,1.0
feature_screen_with_shrinkage_lda,8,S08_personal_fold06,6,win0p25s_50ov__full_segment__EMG_ACC__ShrinkageLDA,win0p25s_50ov,0.25,315,157,full_segment,0.0,0.0,EMG_ACC,24,ShrinkageLDA,792,6845,480,4.1421076000006,success,0.825,0.825,0.8643913030974086,0.825,0.808728988634045,0.8,0.8,0.7,0.8,0.7333333333333333
feature_screen_with_shrinkage_lda,8,S08_personal_fold07,7,win0p25s_50ov__full_segment__EMG_ACC__ShrinkageLDA,win0p25s_50ov,0.25,315,157,full_segment,0.0,0.0,EMG_ACC,24,ShrinkageLDA,792,2880,4445,2.176720399998885,success,0.821822272215973,0.7873102922743461,0.8286701744769026,0.7873102922743461,0.7975492061404508,1.0,1.0,1.0,1.0,1.0
feature_screen_with_shrinkage_lda,8,S08_personal_fold08,8,win0p25s_50ov__full_segment__EMG_ACC__ShrinkageLDA,win0p25s_50ov,0.25,315,157,full_segment,0.0,0.0,EMG_ACC,24,ShrinkageLDA,792,2880,480,1.9701557000007597,success,0.8604166666666667,0.8604166666666666,0.9061734384475439,0.8604166666666666,0.8484175202548034,0.8,0.8,0.7,0.8,0.7333333333333333
feature_screen_with_shrinkage_lda,8,S08_personal_fold01,1,win0p25s_50ov__full_segment__EMG_IMU__ShrinkageLDA,win0p25s_50ov,0.25,315,157,full_segment,0.0,0.0,EMG_IMU,42,ShrinkageLDA,1386,6845,480,17.69283920000089,success,0.8375,0.8375,0.8768605645851155,0.8375,0.8139847246801741,0.8,0.8,0.7,0.8,0.7333333333333333
feature_screen_with_shrinkage_lda,8,S08_personal_fold02,2,win0p25s_50ov__full_segment__EMG_IMU__ShrinkageLDA,win0p25s_50ov,0.25,315,157,full_segment,0.0,0.0,EMG_IMU,42,ShrinkageLDA,1386,6845,480,16.6453236999987,success,0.9583333333333334,0.9583333333333333,0.9637755102040817,0.9583333333333333,0.9589224288625685,1.0,1.0,1.0,1.0,1.0
feature_screen_with_shrinkage_lda,8,S08_personal_fold03,3,win0p25s_50ov__full_segment__EMG_IMU__ShrinkageLDA,win0p25s_50ov,0.25,315,157,full_segment,0.0,0.0,EMG_IMU,42,ShrinkageLDA,1386,6845,480,16.516173599997273,success,0.9458333333333333,0.9458333333333334,0.9530364372469636,0.9458333333333334,0.9438699026778157,1.0,1.0,1.0,1.0,1.0
feature_screen_with_shrinkage_lda,8,S08_personal_fold04,4,win0p25s_50ov__full_segment__EMG_IMU__ShrinkageLDA,win0p25s_50ov,0.25,315,157,full_segment,0.0,0.0,EMG_IMU,42,ShrinkageLDA,1386,6845,480,16.64500019999832,success,0.9395833333333333,0.9395833333333332,0.9527768540073163,0.9395833333333332,0.9379263630295132,1.0,1.0,1.0,1.0,1.0
feature_screen_with_shrinkage_lda,8,S08_personal_fold05,5,win0p25s_50ov__full_segment__EMG_IMU__ShrinkageLDA,win0p25s_50ov,0.25,315,157,full_segment,0.0,0.0,EMG_IMU,42,ShrinkageLDA,1386,6845,480,16.866000400001212,success,0.825,0.825,0.8481787393377729,0.825,0.818332209892122,0.8,0.8,0.7,0.8,0.7333333333333333
feature_screen_with_shrinkage_lda,8,S08_personal_fold06,6,win0p25s_50ov__full_segment__EMG_IMU__ShrinkageLDA,win0p25s_50ov,0.25,315,157,full_segment,0.0,0.0,EMG_IMU,42,ShrinkageLDA,1386,6845,480,16.60115230000156,success,0.8375,0.8375,0.8768377072724899,0.8375,0.8171128956295197,0.8,0.8,0.7,0.8,0.7333333333333333
feature_screen_with_shrinkage_lda,8,S08_personal_fold07,7,win0p25s_50ov__full_segment__EMG_IMU__ShrinkageLDA,win0p25s_50ov,0.25,315,157,full_segment,0.0,0.0,EMG_IMU,42,ShrinkageLDA,1386,2880,4445,8.379703399998107,success,0.8,0.7587864609308805,0.7972641810760623,0.7587864609308805,0.7719451618226018,1.0,1.0,1.0,1.0,1.0
feature_screen_with_shrinkage_lda,8,S08_personal_fold08,8,win0p25s_50ov__full_segment__EMG_IMU__ShrinkageLDA,win0p25s_50ov,0.25,315,157,full_segment,0.0,0.0,EMG_IMU,42,ShrinkageLDA,1386,2880,480,8.242265100001532,success,0.8791666666666667,0.8791666666666667,0.9090077007700771,0.8791666666666667,0.8735864123857733,1.0,1.0,1.0,1.0,1.0
feature_screen_with_shrinkage_lda,8,S08_personal_fold01,1,win0p25s_50ov__trim10_each_end__EMG__ShrinkageLDA,win0p25s_50ov,0.25,315,157,trim10_each_end,0.1,0.1,EMG,6,ShrinkageLDA,198,5482,385,0.26606810000157566,success,0.8467532467532467,0.8467532467532468,0.9108687332567929,0.8467532467532468,0.8219521734699079,0.8,0.8,0.7,0.8,0.7333333333333333
feature_screen_with_shrinkage_lda,8,S08_personal_fold02,2,win0p25s_50ov__trim10_each_end__EMG__ShrinkageLDA,win0p25s_50ov,0.25,315,157,trim10_each_end,0.1,0.1,EMG,6,ShrinkageLDA,198,5482,385,0.2666070999985095,success,0.9662337662337662,0.9662337662337663,0.9711111111111113,0.9662337662337663,0.9666840112877694,1.0,1.0,1.0,1.0,1.0
feature_screen_with_shrinkage_lda,8,S08_personal_fold03,3,win0p25s_50ov__trim10_each_end__EMG__ShrinkageLDA,win0p25s_50ov,0.25,315,157,trim10_each_end,0.1,0.1,EMG,6,ShrinkageLDA,198,5482,385,0.26514440000028117,success,0.9324675324675324,0.9324675324675324,0.937534994307146,0.9324675324675324,0.9294616790242461,1.0,1.0,1.0,1.0,1.0
feature_screen_with_shrinkage_lda,8,S08_personal_fold04,4,win0p25s_50ov__trim10_each_end__EMG__ShrinkageLDA,win0p25s_50ov,0.25,315,157,trim10_each_end,0.1,0.1,EMG,6,ShrinkageLDA,198,5482,385,0.27423170000110986,success,0.9636363636363636,0.9636363636363636,0.964845573815192,0.9636363636363636,0.9633071019737687,1.0,1.0,1.0,1.0,1.0
feature_screen_with_shrinkage_lda,8,S08_personal_fold05,5,win0p25s_50ov__trim10_each_end__EMG__ShrinkageLDA,win0p25s_50ov,0.25,315,157,trim10_each_end,0.1,0.1,EMG,6,ShrinkageLDA,198,5482,385,0.22644450000007055,success,0.8727272727272727,0.8727272727272728,0.8878459369221122,0.8727272727272728,0.8708799820205012,1.0,1.0,1.0,1.0,1.0
feature_screen_with_shrinkage_lda,8,S08_personal_fold06,6,win0p25s_50ov__trim10_each_end__EMG__ShrinkageLDA,win0p25s_50ov,0.25,315,157,trim10_each_end,0.1,0.1,EMG,6,ShrinkageLDA,198,5482,385,0.2630977000007988,success,0.8961038961038961,0.8961038961038961,0.9175913978494623,0.8961038961038961,0.8941681930951333,1.0,1.0,1.0,1.0,1.0
feature_screen_with_shrinkage_lda,8,S08_personal_fold07,7,win0p25s_50ov__trim10_each_end__EMG__ShrinkageLDA,win0p25s_50ov,0.25,315,157,trim10_each_end,0.1,0.1,EMG,6,ShrinkageLDA,198,2310,3557,0.11700239999845508,success,0.8490300815293786,0.8195699558161784,0.8684132273834253,0.8195699558161784,0.830979861423434,1.0,1.0,1.0,1.0,1.0
feature_screen_with_shrinkage_lda,8,S08_personal_fold08,8,win0p25s_50ov__trim10_each_end__EMG__ShrinkageLDA,win0p25s_50ov,0.25,315,157,trim10_each_end,0.1,0.1,EMG,6,ShrinkageLDA,198,2310,385,0.10365860000092653,success,0.9428571428571428,0.9428571428571428,0.9487605594792965,0.9428571428571428,0.9430563526223498,1.0,1.0,1.0,1.0,1.0
feature_screen_with_shrinkage_lda,8,S08_personal_fold01,1,win0p25s_50ov__trim10_each_end__EMG_ACC__ShrinkageLDA,win0p25s_50ov,0.25,315,157,trim10_each_end,0.1,0.1,EMG_ACC,24,ShrinkageLDA,792,5482,385,3.472784599998704,success,0.825974025974026,0.825974025974026,0.8777941176470587,0.825974025974026,0.7963436883859536,0.8,0.8,0.7,0.8,0.7333333333333333
feature_screen_with_shrinkage_lda,8,S08_personal_fold02,2,win0p25s_50ov__trim10_each_end__EMG_ACC__ShrinkageLDA,win0p25s_50ov,0.25,315,157,trim10_each_end,0.1,0.1,EMG_ACC,24,ShrinkageLDA,792,5482,385,3.4260634999991453,success,0.9714285714285714,0.9714285714285713,0.975,0.9714285714285713,0.9714705882352941,1.0,1.0,1.0,1.0,1.0
feature_screen_with_shrinkage_lda,8,S08_personal_fold03,3,win0p25s_50ov__trim10_each_end__EMG_ACC__ShrinkageLDA,win0p25s_50ov,0.25,315,157,trim10_each_end,0.1,0.1,EMG_ACC,24,ShrinkageLDA,792,5482,385,3.3445732000000135,success,0.9116883116883117,0.9116883116883117,0.9242794461290028,0.9116883116883117,0.9035309353649084,1.0,1.0,1.0,1.0,1.0
feature_screen_with_shrinkage_lda,8,S08_personal_fold04,4,win0p25s_50ov__trim10_each_end__EMG_ACC__ShrinkageLDA,win0p25s_50ov,0.25,315,157,trim10_each_end,0.1,0.1,EMG_ACC,24,ShrinkageLDA,792,5482,385,3.4555234999970708,success,0.9142857142857143,0.9142857142857143,0.9318863943953506,0.9142857142857143,0.9103103294174908,1.0,1.0,1.0,1.0,1.0
feature_screen_with_shrinkage_lda,8,S08_personal_fold05,5,win0p25s_50ov__trim10_each_end__EMG_ACC__ShrinkageLDA,win0p25s_50ov,0.25,315,157,trim10_each_end,0.1,0.1,EMG_ACC,24,ShrinkageLDA,792,5482,385,3.5528622000019823,success,0.8571428571428571,0.8571428571428571,0.8766827406067911,0.8571428571428571,0.8544186297527606,1.0,1.0,1.0,1.0,1.0
feature_screen_with_shrinkage_lda,8,S08_personal_fold06,6,win0p25s_50ov__trim10_each_end__EMG_ACC__ShrinkageLDA,win0p25s_50ov,0.25,315,157,trim10_each_end,0.1,0.1,EMG_ACC,24,ShrinkageLDA,792,5482,385,3.6309476000024006,success,0.7948051948051948,0.7948051948051947,0.8353593281235356,0.7948051948051947,0.7665902407391233,0.8,0.8,0.7,0.8,0.7333333333333333
feature_screen_with_shrinkage_lda,8,S08_personal_fold07,7,win0p25s_50ov__trim10_each_end__EMG_ACC__ShrinkageLDA,win0p25s_50ov,0.25,315,157,trim10_each_end,0.1,0.1,EMG_ACC,24,ShrinkageLDA,792,2310,3557,1.8810216000019864,success,0.8268203542310936,0.7921076047817344,0.8291446916088827,0.7921076047817344,0.8034709925515132,1.0,1.0,1.0,1.0,1.0
feature_screen_with_shrinkage_lda,8,S08_personal_fold08,8,win0p25s_50ov__trim10_each_end__EMG_ACC__ShrinkageLDA,win0p25s_50ov,0.25,315,157,trim10_each_end,0.1,0.1,EMG_ACC,24,ShrinkageLDA,792,2310,385,1.9376388999990013,success,0.8727272727272727,0.8727272727272727,0.9048353700792724,0.8727272727272727,0.8655771173226029,0.8,0.8,0.7,0.8,0.7333333333333333
feature_screen_with_shrinkage_lda,8,S08_personal_fold01,1,win0p25s_50ov__trim10_each_end__EMG_IMU__ShrinkageLDA,win0p25s_50ov,0.25,315,157,trim10_each_end,0.1,0.1,EMG_IMU,42,ShrinkageLDA,1386,5482,385,14.534041899998556,success,0.8285714285714286,0.8285714285714285,0.8673837879369959,0.8285714285714285,0.8000553369404819,0.8,0.8,0.7,0.8,0.7333333333333333
feature_screen_with_shrinkage_lda,8,S08_personal_fold02,2,win0p25s_50ov__trim10_each_end__EMG_IMU__ShrinkageLDA,win0p25s_50ov,0.25,315,157,trim10_each_end,0.1,0.1,EMG_IMU,42,ShrinkageLDA,1386,5482,385,14.104192099999636,success,0.9714285714285714,0.9714285714285713,0.975,0.9714285714285713,0.97162129461585,1.0,1.0,1.0,1.0,1.0
feature_screen_with_shrinkage_lda,8,S08_personal_fold03,3,win0p25s_50ov__trim10_each_end__EMG_IMU__ShrinkageLDA,win0p25s_50ov,0.25,315,157,trim10_each_end,0.1,0.1,EMG_IMU,42,ShrinkageLDA,1386,5482,385,14.839679099997738,success,0.9246753246753247,0.9246753246753248,0.9339618406285073,0.9246753246753248,0.9191658263832903,1.0,1.0,1.0,1.0,1.0
feature_screen_with_shrinkage_lda,8,S08_personal_fold04,4,win0p25s_50ov__trim10_each_end__EMG_IMU__ShrinkageLDA,win0p25s_50ov,0.25,315,157,trim10_each_end,0.1,0.1,EMG_IMU,42,ShrinkageLDA,1386,5482,385,14.352892999999312,success,0.9246753246753247,0.9246753246753248,0.9430136319376825,0.9246753246753248,0.9212016432922511,1.0,1.0,1.0,1.0,1.0
feature_screen_with_shrinkage_lda,8,S08_personal_fold05,5,win0p25s_50ov__trim10_each_end__EMG_IMU__ShrinkageLDA,win0p25s_50ov,0.25,315,157,trim10_each_end,0.1,0.1,EMG_IMU,42,ShrinkageLDA,1386,5482,385,14.659094800001185,success,0.8493506493506493,0.8493506493506494,0.8687960506926025,0.8493506493506494,0.8472836611591923,1.0,1.0,1.0,1.0,1.0
feature_screen_with_shrinkage_lda,8,S08_personal_fold06,6,win0p25s_50ov__trim10_each_end__EMG_IMU__ShrinkageLDA,win0p25s_50ov,0.25,315,157,trim10_each_end,0.1,0.1,EMG_IMU,42,ShrinkageLDA,1386,5482,385,14.190075499998784,success,0.812987012987013,0.8129870129870129,0.8570567762713626,0.8129870129870129,0.7779987027477058,0.8,0.8,0.7,0.8,0.7333333333333333
feature_screen_with_shrinkage_lda,8,S08_personal_fold07,7,win0p25s_50ov__trim10_each_end__EMG_IMU__ShrinkageLDA,win0p25s_50ov,0.25,315,157,trim10_each_end,0.1,0.1,EMG_IMU,42,ShrinkageLDA,1386,2310,3557,7.664810599999328,success,0.7753725049198763,0.7275015123915665,0.7732700617226277,0.7275015123915665,0.7369635360786764,1.0,1.0,1.0,1.0,1.0
feature_screen_with_shrinkage_lda,8,S08_personal_fold08,8,win0p25s_50ov__trim10_each_end__EMG_IMU__ShrinkageLDA,win0p25s_50ov,0.25,315,157,trim10_each_end,0.1,0.1,EMG_IMU,42,ShrinkageLDA,1386,2310,385,7.630467099999805,success,0.8701298701298701,0.8701298701298701,0.8961865797137115,0.8701298701298701,0.8672194962203547,1.0,1.0,1.0,1.0,1.0
feature_screen_with_shrinkage_lda,8,S08_personal_fold01,1,win0p25s_50ov__trim20_each_end__EMG__ShrinkageLDA,win0p25s_50ov,0.25,315,157,trim20_each_end,0.2,0.2,EMG,6,ShrinkageLDA,198,4091,285,0.20822259999840753,success,0.8421052631578947,0.8421052631578947,0.9117647058823529,0.8421052631578947,0.8129614438063987,0.8,0.8,0.7,0.8,0.7333333333333333
feature_screen_with_shrinkage_lda,8,S08_personal_fold02,2,win0p25s_50ov__trim20_each_end__EMG__ShrinkageLDA,win0p25s_50ov,0.25,315,157,trim20_each_end,0.2,0.2,EMG,6,ShrinkageLDA,198,4091,285,0.18493849999867962,success,0.9789473684210527,0.9789473684210526,0.980952380952381,0.9789473684210526,0.9791558441558441,1.0,1.0,1.0,1.0,1.0
feature_screen_with_shrinkage_lda,8,S08_personal_fold03,3,win0p25s_50ov__trim20_each_end__EMG__ShrinkageLDA,win0p25s_50ov,0.25,315,157,trim20_each_end,0.2,0.2,EMG,6,ShrinkageLDA,198,4091,285,0.19471079999857466,success,0.9578947368421052,0.9578947368421054,0.960469016231728,0.9578947368421054,0.9573201703780754,1.0,1.0,1.0,1.0,1.0
feature_screen_with_shrinkage_lda,8,S08_personal_fold04,4,win0p25s_50ov__trim20_each_end__EMG__ShrinkageLDA,win0p25s_50ov,0.25,315,157,trim20_each_end,0.2,0.2,EMG,6,ShrinkageLDA,198,4091,285,0.1890138000017032,success,0.9578947368421052,0.9578947368421054,0.9619859884252208,0.9578947368421054,0.9576580297365446,1.0,1.0,1.0,1.0,1.0
feature_screen_with_shrinkage_lda,8,S08_personal_fold05,5,win0p25s_50ov__trim20_each_end__EMG__ShrinkageLDA,win0p25s_50ov,0.25,315,157,trim20_each_end,0.2,0.2,EMG,6,ShrinkageLDA,198,4091,285,0.22445539999898756,success,0.8245614035087719,0.8245614035087719,0.8495731666330577,0.8245614035087719,0.8195791873430522,1.0,1.0,1.0,1.0,1.0
feature_screen_with_shrinkage_lda,8,S08_personal_fold06,6,win0p25s_50ov__trim20_each_end__EMG__ShrinkageLDA,win0p25s_50ov,0.25,315,157,trim20_each_end,0.2,0.2,EMG,6,ShrinkageLDA,198,4091,285,0.23073710000244319,success,0.8842105263157894,0.8842105263157893,0.9077457539886773,0.8842105263157893,0.8785289021733812,1.0,1.0,1.0,1.0,1.0
feature_screen_with_shrinkage_lda,8,S08_personal_fold07,7,win0p25s_50ov__trim20_each_end__EMG__ShrinkageLDA,win0p25s_50ov,0.25,315,157,trim20_each_end,0.2,0.2,EMG,6,ShrinkageLDA,198,1710,2666,0.10199799999827519,success,0.8169542385596399,0.781719268857085,0.8334832222089259,0.781719268857085,0.7875805844478772,1.0,1.0,1.0,1.0,1.0
feature_screen_with_shrinkage_lda,8,S08_personal_fold08,8,win0p25s_50ov__trim20_each_end__EMG__ShrinkageLDA,win0p25s_50ov,0.25,315,157,trim20_each_end,0.2,0.2,EMG,6,ShrinkageLDA,198,1710,285,0.09122149999893736,success,0.9192982456140351,0.9192982456140351,0.9341074681238617,0.9192982456140351,0.9205187854772167,1.0,1.0,1.0,1.0,1.0
feature_screen_with_shrinkage_lda,8,S08_personal_fold01,1,win0p25s_50ov__trim20_each_end__EMG_ACC__ShrinkageLDA,win0p25s_50ov,0.25,315,157,trim20_each_end,0.2,0.2,EMG_ACC,24,ShrinkageLDA,792,4091,285,2.8140136000001803,success,0.8175438596491228,0.8175438596491228,0.9045871559633027,0.8175438596491228,0.7696074621064904,0.8,0.8,0.7,0.8,0.7333333333333333
feature_screen_with_shrinkage_lda,8,S08_personal_fold02,2,win0p25s_50ov__trim20_each_end__EMG_ACC__ShrinkageLDA,win0p25s_50ov,0.25,315,157,trim20_each_end,0.2,0.2,EMG_ACC,24,ShrinkageLDA,792,4091,285,2.8930743000018992,success,0.9859649122807017,0.9859649122807017,0.9868852459016393,0.9859649122807017,0.9860774818401937,1.0,1.0,1.0,1.0,1.0
feature_screen_with_shrinkage_lda,8,S08_personal_fold03,3,win0p25s_50ov__trim20_each_end__EMG_ACC__ShrinkageLDA,win0p25s_50ov,0.25,315,157,trim20_each_end,0.2,0.2,EMG_ACC,24,ShrinkageLDA,792,4091,285,2.844153900001402,success,0.9543859649122807,0.9543859649122807,0.9577792773124811,0.9543859649122807,0.9528528208478015,1.0,1.0,1.0,1.0,1.0
feature_screen_with_shrinkage_lda,8,S08_personal_fold04,4,win0p25s_50ov__trim20_each_end__EMG_ACC__ShrinkageLDA,win0p25s_50ov,0.25,315,157,trim20_each_end,0.2,0.2,EMG_ACC,24,ShrinkageLDA,792,4091,285,2.909625500000402,success,0.9052631578947369,0.9052631578947368,0.9239556331006981,0.9052631578947368,0.9000629938900767,1.0,1.0,1.0,1.0,1.0
feature_screen_with_shrinkage_lda,8,S08_personal_fold05,5,win0p25s_50ov__trim20_each_end__EMG_ACC__ShrinkageLDA,win0p25s_50ov,0.25,315,157,trim20_each_end,0.2,0.2,EMG_ACC,24,ShrinkageLDA,792,4091,285,2.7343204999997397,success,0.8105263157894737,0.8105263157894737,0.8406608601445453,0.8105263157894737,0.8040699191980052,1.0,1.0,1.0,1.0,1.0
feature_screen_with_shrinkage_lda,8,S08_personal_fold06,6,win0p25s_50ov__trim20_each_end__EMG_ACC__ShrinkageLDA,win0p25s_50ov,0.25,315,157,trim20_each_end,0.2,0.2,EMG_ACC,24,ShrinkageLDA,792,4091,285,2.890607200002705,success,0.7824561403508772,0.7824561403508772,0.8300076671437335,0.7824561403508772,0.7329742261505859,0.8,0.8,0.7,0.8,0.7333333333333333
feature_screen_with_shrinkage_lda,8,S08_personal_fold07,7,win0p25s_50ov__trim20_each_end__EMG_ACC__ShrinkageLDA,win0p25s_50ov,0.25,315,157,trim20_each_end,0.2,0.2,EMG_ACC,24,ShrinkageLDA,792,1710,2666,1.5299935999973968,success,0.8064516129032258,0.7703734247253899,0.8155667182726335,0.7703734247253899,0.783382366391864,1.0,1.0,1.0,1.0,1.0
feature_screen_with_shrinkage_lda,8,S08_personal_fold08,8,win0p25s_50ov__trim20_each_end__EMG_ACC__ShrinkageLDA,win0p25s_50ov,0.25,315,157,trim20_each_end,0.2,0.2,EMG_ACC,24,ShrinkageLDA,792,1710,285,1.4593277999993006,success,0.856140350877193,0.856140350877193,0.9042184557438795,0.856140350877193,0.8412172392467958,0.8,0.8,0.7,0.8,0.7333333333333333
feature_screen_with_shrinkage_lda,8,S08_personal_fold01,1,win0p25s_50ov__trim20_each_end__EMG_IMU__ShrinkageLDA,win0p25s_50ov,0.25,315,157,trim20_each_end,0.2,0.2,EMG_IMU,42,ShrinkageLDA,1386,4091,285,11.4447954999996,success,0.8175438596491228,0.8175438596491228,0.9045871559633027,0.8175438596491228,0.7696074621064904,0.8,0.8,0.7,0.8,0.7333333333333333
feature_screen_with_shrinkage_lda,8,S08_personal_fold02,2,win0p25s_50ov__trim20_each_end__EMG_IMU__ShrinkageLDA,win0p25s_50ov,0.25,315,157,trim20_each_end,0.2,0.2,EMG_IMU,42,ShrinkageLDA,1386,4091,285,11.85351449999871,success,0.9859649122807017,0.9859649122807017,0.9865517241379311,0.9859649122807017,0.9859898072941551,1.0,1.0,1.0,1.0,1.0
feature_screen_with_shrinkage_lda,8,S08_personal_fold03,3,win0p25s_50ov__trim20_each_end__EMG_IMU__ShrinkageLDA,win0p25s_50ov,0.25,315,157,trim20_each_end,0.2,0.2,EMG_IMU,42,ShrinkageLDA,1386,4091,285,12.167823599997064,success,0.9614035087719298,0.9614035087719298,0.9638709677419355,0.9614035087719298,0.959981005098081,1.0,1.0,1.0,1.0,1.0
feature_screen_with_shrinkage_lda,8,S08_personal_fold04,4,win0p25s_50ov__trim20_each_end__EMG_IMU__ShrinkageLDA,win0p25s_50ov,0.25,315,157,trim20_each_end,0.2,0.2,EMG_IMU,42,ShrinkageLDA,1386,4091,285,11.910317300000315,success,0.9122807017543859,0.9122807017543859,0.9348583877995644,0.9122807017543859,0.9085024248548681,1.0,1.0,1.0,1.0,1.0
feature_screen_with_shrinkage_lda,8,S08_personal_fold05,5,win0p25s_50ov__trim20_each_end__EMG_IMU__ShrinkageLDA,win0p25s_50ov,0.25,315,157,trim20_each_end,0.2,0.2,EMG_IMU,42,ShrinkageLDA,1386,4091,285,11.567753199997242,success,0.7964912280701755,0.7964912280701755,0.8348076923076924,0.7964912280701755,0.7902998799696717,0.8,0.8,0.7,0.8,0.7333333333333333
feature_screen_with_shrinkage_lda,8,S08_personal_fold06,6,win0p25s_50ov__trim20_each_end__EMG_IMU__ShrinkageLDA,win0p25s_50ov,0.25,315,157,trim20_each_end,0.2,0.2,EMG_IMU,42,ShrinkageLDA,1386,4091,285,11.581095900000946,success,0.8070175438596491,0.8070175438596492,0.8569031102035096,0.8070175438596492,0.7504458157662516,0.8,0.8,0.7,0.8,0.7333333333333333
feature_screen_with_shrinkage_lda,8,S08_personal_fold07,7,win0p25s_50ov__trim20_each_end__EMG_IMU__ShrinkageLDA,win0p25s_50ov,0.25,315,157,trim20_each_end,0.2,0.2,EMG_IMU,42,ShrinkageLDA,1386,1710,2666,6.473903400001291,success,0.7520630157539385,0.701813441180206,0.7735719940650309,0.701813441180206,0.7216719818340331,1.0,1.0,1.0,1.0,1.0
feature_screen_with_shrinkage_lda,8,S08_personal_fold08,8,win0p25s_50ov__trim20_each_end__EMG_IMU__ShrinkageLDA,win0p25s_50ov,0.25,315,157,trim20_each_end,0.2,0.2,EMG_IMU,42,ShrinkageLDA,1386,1710,285,6.229277499998716,success,0.8736842105263158,0.8736842105263157,0.9136721113127647,0.8736842105263157,0.8665445305248454,0.8,0.8,0.7,0.8,0.7333333333333333
feature_screen_with_shrinkage_lda,8,S08_personal_fold01,1,win0p5s_50ov__full_segment__EMG__ShrinkageLDA,win0p5s_50ov,0.5,630,315,full_segment,0.0,0.0,EMG,6,ShrinkageLDA,198,3393,235,0.18717470000046887,success,0.8553191489361702,0.8553191489361701,0.9031223628691982,0.8553191489361701,0.8363543266769075,0.8,0.8,0.7,0.8,0.7333333333333333
feature_screen_with_shrinkage_lda,8,S08_personal_fold02,2,win0p5s_50ov__full_segment__EMG__ShrinkageLDA,win0p5s_50ov,0.5,630,315,full_segment,0.0,0.0,EMG,6,ShrinkageLDA,198,3392,236,0.1809900000007474,success,0.9491525423728814,0.9491134751773049,0.9561224489795919,0.9491134751773049,0.9502311577311577,1.0,1.0,1.0,1.0,1.0
feature_screen_with_shrinkage_lda,8,S08_personal_fold03,3,win0p5s_50ov__full_segment__EMG__ShrinkageLDA,win0p5s_50ov,0.5,630,315,full_segment,0.0,0.0,EMG,6,ShrinkageLDA,198,3391,236,0.16680880000058096,success,0.9576271186440678,0.9582446808510638,0.962074074074074,0.9582446808510638,0.9571128540442544,1.0,1.0,1.0,1.0,1.0
feature_screen_with_shrinkage_lda,8,S08_personal_fold04,4,win0p5s_50ov__full_segment__EMG__ShrinkageLDA,win0p5s_50ov,0.5,630,315,full_segment,0.0,0.0,EMG,6,ShrinkageLDA,198,3392,235,0.17519609999726526,success,0.9744680851063829,0.9744680851063829,0.9754248366013073,0.9744680851063829,0.9744454303460515,1.0,1.0,1.0,1.0,1.0
feature_screen_with_shrinkage_lda,8,S08_personal_fold05,5,win0p5s_50ov__full_segment__EMG__ShrinkageLDA,win0p5s_50ov,0.5,630,315,full_segment,0.0,0.0,EMG,6,ShrinkageLDA,198,3392,236,0.17071540000324603,success,0.8728813559322034,0.873758865248227,0.8871938775510204,0.873758865248227,0.8710956714215445,1.0,1.0,1.0,1.0,1.0
feature_screen_with_shrinkage_lda,8,S08_personal_fold06,6,win0p5s_50ov__full_segment__EMG__ShrinkageLDA,win0p5s_50ov,0.5,630,315,full_segment,0.0,0.0,EMG,6,ShrinkageLDA,198,3392,235,0.16660500000216416,success,0.8893617021276595,0.8893617021276595,0.9190045248868778,0.8893617021276595,0.8888965431278658,1.0,1.0,1.0,1.0,1.0
feature_screen_with_shrinkage_lda,8,S08_personal_fold07,7,win0p5s_50ov__full_segment__EMG__ShrinkageLDA,win0p5s_50ov,0.5,630,315,full_segment,0.0,0.0,EMG,6,ShrinkageLDA,198,1413,2215,0.09692290000020876,success,0.8501128668171558,0.8207184746676994,0.8734328854090976,0.8207184746676994,0.8360455924315963,1.0,1.0,1.0,1.0,1.0
feature_screen_with_shrinkage_lda,8,S08_personal_fold08,8,win0p5s_50ov__full_segment__EMG__ShrinkageLDA,win0p5s_50ov,0.5,630,315,full_segment,0.0,0.0,EMG,6,ShrinkageLDA,198,1413,235,0.07994599999801721,success,0.9787234042553191,0.9787234042553191,0.9793367346938776,0.9787234042553191,0.9788086538224945,1.0,1.0,1.0,1.0,1.0
feature_screen_with_shrinkage_lda,8,S08_personal_fold01,1,win0p5s_50ov__full_segment__EMG_ACC__ShrinkageLDA,win0p5s_50ov,0.5,630,315,full_segment,0.0,0.0,EMG_ACC,24,ShrinkageLDA,792,3393,235,2.4636709000005794,success,0.851063829787234,0.851063829787234,0.9146341463414634,0.851063829787234,0.827092366311917,0.8,0.8,0.7,0.8,0.7333333333333333
feature_screen_with_shrinkage_lda,8,S08_personal_fold02,2,win0p5s_50ov__full_segment__EMG_ACC__ShrinkageLDA,win0p5s_50ov,0.5,630,315,full_segment,0.0,0.0,EMG_ACC,24,ShrinkageLDA,792,3392,236,2.394890600000508,success,0.9533898305084746,0.9532801418439716,0.9607456140350876,0.9532801418439716,0.9539898786399771,1.0,1.0,1.0,1.0,1.0
feature_screen_with_shrinkage_lda,8,S08_personal_fold03,3,win0p5s_50ov__full_segment__EMG_ACC__ShrinkageLDA,win0p5s_50ov,0.5,630,315,full_segment,0.0,0.0,EMG_ACC,24,ShrinkageLDA,792,3391,236,2.370021299997461,success,0.9449152542372882,0.9457446808510639,0.9516783216783218,0.9457446808510639,0.9434907491833489,1.0,1.0,1.0,1.0,1.0
feature_screen_with_shrinkage_lda,8,S08_personal_fold04,4,win0p5s_50ov__full_segment__EMG_ACC__ShrinkageLDA,win0p5s_50ov,0.5,630,315,full_segment,0.0,0.0,EMG_ACC,24,ShrinkageLDA,792,3392,235,2.445505100000446,success,0.9191489361702128,0.9191489361702129,0.937948717948718,0.9191489361702129,0.9163559558720848,1.0,1.0,1.0,1.0,1.0
feature_screen_with_shrinkage_lda,8,S08_personal_fold05,5,win0p5s_50ov__full_segment__EMG_ACC__ShrinkageLDA,win0p5s_50ov,0.5,630,315,full_segment,0.0,0.0,EMG_ACC,24,ShrinkageLDA,792,3392,236,2.2929546999985178,success,0.8559322033898306,0.8568262411347518,0.8693560475037472,0.8568262411347518,0.8530047264088092,1.0,1.0,1.0,1.0,1.0
feature_screen_with_shrinkage_lda,8,S08_personal_fold06,6,win0p5s_50ov__full_segment__EMG_ACC__ShrinkageLDA,win0p5s_50ov,0.5,630,315,full_segment,0.0,0.0,EMG_ACC,24,ShrinkageLDA,792,3392,235,2.4435029999986,success,0.8340425531914893,0.8340425531914895,0.8780799592564298,0.8340425531914895,0.8158574198910333,0.8,0.8,0.7,0.8,0.7333333333333333
feature_screen_with_shrinkage_lda,8,S08_personal_fold07,7,win0p5s_50ov__full_segment__EMG_ACC__ShrinkageLDA,win0p5s_50ov,0.5,630,315,full_segment,0.0,0.0,EMG_ACC,24,ShrinkageLDA,792,1413,2215,1.3878220000005967,success,0.8239277652370203,0.790429768521414,0.8309711982032251,0.790429768521414,0.7991215923768235,1.0,1.0,1.0,1.0,1.0
feature_screen_with_shrinkage_lda,8,S08_personal_fold08,8,win0p5s_50ov__full_segment__EMG_ACC__ShrinkageLDA,win0p5s_50ov,0.5,630,315,full_segment,0.0,0.0,EMG_ACC,24,ShrinkageLDA,792,1413,235,1.3926701999989746,success,0.8553191489361702,0.8553191489361701,0.9053333333333334,0.8553191489361701,0.8396640296589595,0.8,0.8,0.7,0.8,0.7333333333333333
feature_screen_with_shrinkage_lda,8,S08_personal_fold01,1,win0p5s_50ov__full_segment__EMG_IMU__ShrinkageLDA,win0p5s_50ov,0.5,630,315,full_segment,0.0,0.0,EMG_IMU,42,ShrinkageLDA,1386,3393,235,9.536711900000228,success,0.8382978723404255,0.8382978723404255,0.880842151675485,0.8382978723404255,0.8159854353453128,0.8,0.8,0.7,0.8,0.7333333333333333
feature_screen_with_shrinkage_lda,8,S08_personal_fold02,2,win0p5s_50ov__full_segment__EMG_IMU__ShrinkageLDA,win0p5s_50ov,0.5,630,315,full_segment,0.0,0.0,EMG_IMU,42,ShrinkageLDA,1386,3392,236,10.212165200002346,success,0.9533898305084746,0.9533687943262412,0.9580404383975811,0.9533687943262412,0.9536804469282387,1.0,1.0,1.0,1.0,1.0
feature_screen_with_shrinkage_lda,8,S08_personal_fold03,3,win0p5s_50ov__full_segment__EMG_IMU__ShrinkageLDA,win0p5s_50ov,0.5,630,315,full_segment,0.0,0.0,EMG_IMU,42,ShrinkageLDA,1386,3391,236,9.99187879999954,success,0.9533898305084746,0.9541666666666668,0.9589090909090909,0.9541666666666668,0.9522458055387103,1.0,1.0,1.0,1.0,1.0
feature_screen_with_shrinkage_lda,8,S08_personal_fold04,4,win0p5s_50ov__full_segment__EMG_IMU__ShrinkageLDA,win0p5s_50ov,0.5,630,315,full_segment,0.0,0.0,EMG_IMU,42,ShrinkageLDA,1386,3392,235,9.643157899998187,success,0.948936170212766,0.948936170212766,0.9593220338983052,0.948936170212766,0.948090197883111,1.0,1.0,1.0,1.0,1.0
feature_screen_with_shrinkage_lda,8,S08_personal_fold05,5,win0p5s_50ov__full_segment__EMG_IMU__ShrinkageLDA,win0p5s_50ov,0.5,630,315,full_segment,0.0,0.0,EMG_IMU,42,ShrinkageLDA,1386,3392,236,9.551728300000832,success,0.847457627118644,0.848758865248227,0.8685857500895094,0.848758865248227,0.8423882026823204,1.0,1.0,1.0,1.0,1.0
feature_screen_with_shrinkage_lda,8,S08_personal_fold06,6,win0p5s_50ov__full_segment__EMG_IMU__ShrinkageLDA,win0p5s_50ov,0.5,630,315,full_segment,0.0,0.0,EMG_IMU,42,ShrinkageLDA,1386,3392,235,9.466625799999747,success,0.8425531914893617,0.8425531914893618,0.8877458256029683,0.8425531914893618,0.8241059757236228,0.8,0.8,0.7,0.8,0.7333333333333333
feature_screen_with_shrinkage_lda,8,S08_personal_fold07,7,win0p5s_50ov__full_segment__EMG_IMU__ShrinkageLDA,win0p5s_50ov,0.5,630,315,full_segment,0.0,0.0,EMG_IMU,42,ShrinkageLDA,1386,1413,2215,5.4418643999997585,success,0.7774266365688488,0.7300967882951981,0.7701715269025952,0.7300967882951981,0.7425803662835853,1.0,1.0,1.0,1.0,1.0
feature_screen_with_shrinkage_lda,8,S08_personal_fold08,8,win0p5s_50ov__full_segment__EMG_IMU__ShrinkageLDA,win0p5s_50ov,0.5,630,315,full_segment,0.0,0.0,EMG_IMU,42,ShrinkageLDA,1386,1413,235,5.075058700000227,success,0.8638297872340426,0.8638297872340426,0.9082180132326902,0.8638297872340426,0.851163967611336,0.8,0.8,0.7,0.8,0.7333333333333333
feature_screen_with_shrinkage_lda,8,S08_personal_fold01,1,win0p5s_50ov__trim10_each_end__EMG__ShrinkageLDA,win0p5s_50ov,0.5,630,315,trim10_each_end,0.1,0.1,EMG,6,ShrinkageLDA,198,2720,190,0.1499971999983245,success,0.8578947368421053,0.8578947368421053,0.9169230769230768,0.8578947368421053,0.8373687339013276,0.8,0.8,0.7,0.8,0.7333333333333333
feature_screen_with_shrinkage_lda,8,S08_personal_fold02,2,win0p5s_50ov__trim10_each_end__EMG__ShrinkageLDA,win0p5s_50ov,0.5,630,315,trim10_each_end,0.1,0.1,EMG,6,ShrinkageLDA,198,2720,190,0.13338690000091447,success,0.968421052631579,0.968421052631579,0.9727272727272727,0.968421052631579,0.9690746035042727,1.0,1.0,1.0,1.0,1.0
feature_screen_with_shrinkage_lda,8,S08_personal_fold03,3,win0p5s_50ov__trim10_each_end__EMG__ShrinkageLDA,win0p5s_50ov,0.5,630,315,trim10_each_end,0.1,0.1,EMG,6,ShrinkageLDA,198,2720,190,0.14427770000111195,success,0.9578947368421052,0.9578947368421054,0.9609523809523809,0.9578947368421054,0.9567870680044592,1.0,1.0,1.0,1.0,1.0
feature_screen_with_shrinkage_lda,8,S08_personal_fold04,4,win0p5s_50ov__trim10_each_end__EMG__ShrinkageLDA,win0p5s_50ov,0.5,630,315,trim10_each_end,0.1,0.1,EMG,6,ShrinkageLDA,198,2720,190,0.1397995000006631,success,0.9631578947368421,0.9631578947368421,0.9653156146179402,0.9631578947368421,0.9630708333904681,1.0,1.0,1.0,1.0,1.0
feature_screen_with_shrinkage_lda,8,S08_personal_fold05,5,win0p5s_50ov__trim10_each_end__EMG__ShrinkageLDA,win0p5s_50ov,0.5,630,315,trim10_each_end,0.1,0.1,EMG,6,ShrinkageLDA,198,2720,190,0.13777530000152183,success,0.8842105263157894,0.8842105263157893,0.8983333333333334,0.8842105263157893,0.8828339296362552,1.0,1.0,1.0,1.0,1.0
feature_screen_with_shrinkage_lda,8,S08_personal_fold06,6,win0p5s_50ov__trim10_each_end__EMG__ShrinkageLDA,win0p5s_50ov,0.5,630,315,trim10_each_end,0.1,0.1,EMG,6,ShrinkageLDA,198,2720,190,0.12424380000084057,success,0.9,0.9,0.9261065943992772,0.9,0.8998325995230232,1.0,1.0,1.0,1.0,1.0
feature_screen_with_shrinkage_lda,8,S08_personal_fold07,7,win0p5s_50ov__trim10_each_end__EMG__ShrinkageLDA,win0p5s_50ov,0.5,630,315,trim10_each_end,0.1,0.1,EMG,6,ShrinkageLDA,198,1140,1770,0.08138010000038776,success,0.8322033898305085,0.7990876684938119,0.864929425423937,0.7990876684938119,0.8140446956552456,1.0,1.0,1.0,1.0,1.0
feature_screen_with_shrinkage_lda,8,S08_personal_fold08,8,win0p5s_50ov__trim10_each_end__EMG__ShrinkageLDA,win0p5s_50ov,0.5,630,315,trim10_each_end,0.1,0.1,EMG,6,ShrinkageLDA,198,1140,190,0.07762050000019372,success,0.9631578947368421,0.9631578947368421,0.965609756097561,0.9631578947368421,0.9630657688421996,1.0,1.0,1.0,1.0,1.0
feature_screen_with_shrinkage_lda,8,S08_personal_fold01,1,win0p5s_50ov__trim10_each_end__EMG_ACC__ShrinkageLDA,win0p5s_50ov,0.5,630,315,trim10_each_end,0.1,0.1,EMG_ACC,24,ShrinkageLDA,792,2720,190,1.9054599000010057,success,0.8263157894736842,0.8263157894736842,0.8643790849673202,0.8263157894736842,0.7965304429278737,0.8,0.8,0.7,0.8,0.7333333333333333
feature_screen_with_shrinkage_lda,8,S08_personal_fold02,2,win0p5s_50ov__trim10_each_end__EMG_ACC__ShrinkageLDA,win0p5s_50ov,0.5,630,315,trim10_each_end,0.1,0.1,EMG_ACC,24,ShrinkageLDA,792,2720,190,1.9598229999974137,success,0.9736842105263158,0.9736842105263157,0.9767441860465116,0.9736842105263157,0.9738765432098765,1.0,1.0,1.0,1.0,1.0
feature_screen_with_shrinkage_lda,8,S08_personal_fold03,3,win0p5s_50ov__trim10_each_end__EMG_ACC__ShrinkageLDA,win0p5s_50ov,0.5,630,315,trim10_each_end,0.1,0.1,EMG_ACC,24,ShrinkageLDA,792,2720,190,1.8640438000002177,success,0.9315789473684211,0.9315789473684211,0.9410415671285236,0.9315789473684211,0.9281883116883117,1.0,1.0,1.0,1.0,1.0
feature_screen_with_shrinkage_lda,8,S08_personal_fold04,4,win0p5s_50ov__trim10_each_end__EMG_ACC__ShrinkageLDA,win0p5s_50ov,0.5,630,315,trim10_each_end,0.1,0.1,EMG_ACC,24,ShrinkageLDA,792,2720,190,1.9769455999994534,success,0.9052631578947369,0.9052631578947368,0.9330536130536131,0.9052631578947368,0.8987744921004097,1.0,1.0,1.0,1.0,1.0
feature_screen_with_shrinkage_lda,8,S08_personal_fold05,5,win0p5s_50ov__trim10_each_end__EMG_ACC__ShrinkageLDA,win0p5s_50ov,0.5,630,315,trim10_each_end,0.1,0.1,EMG_ACC,24,ShrinkageLDA,792,2720,190,1.880376900000556,success,0.8578947368421053,0.8578947368421052,0.878829268292683,0.8578947368421052,0.8551925144786734,1.0,1.0,1.0,1.0,1.0
feature_screen_with_shrinkage_lda,8,S08_personal_fold06,6,win0p5s_50ov__trim10_each_end__EMG_ACC__ShrinkageLDA,win0p5s_50ov,0.5,630,315,trim10_each_end,0.1,0.1,EMG_ACC,24,ShrinkageLDA,792,2720,190,1.975916799998231,success,0.8,0.8,0.8491907756813418,0.8,0.7544504014383533,0.8,0.8,0.7,0.8,0.7333333333333333
feature_screen_with_shrinkage_lda,8,S08_personal_fold07,7,win0p5s_50ov__trim10_each_end__EMG_ACC__ShrinkageLDA,win0p5s_50ov,0.5,630,315,trim10_each_end,0.1,0.1,EMG_ACC,24,ShrinkageLDA,792,1140,1770,1.1614778999974078,success,0.7853107344632768,0.7390729200012476,0.7950178541901248,0.7390729200012476,0.7520536475625275,1.0,1.0,1.0,1.0,1.0
feature_screen_with_shrinkage_lda,8,S08_personal_fold08,8,win0p5s_50ov__trim10_each_end__EMG_ACC__ShrinkageLDA,win0p5s_50ov,0.5,630,315,trim10_each_end,0.1,0.1,EMG_ACC,24,ShrinkageLDA,792,1140,190,1.1058957000022929,success,0.8368421052631579,0.8368421052631578,0.8957264957264958,0.8368421052631578,0.818020169363875,0.8,0.8,0.7,0.8,0.7333333333333333
feature_screen_with_shrinkage_lda,8,S08_personal_fold01,1,win0p5s_50ov__trim10_each_end__EMG_IMU__ShrinkageLDA,win0p5s_50ov,0.5,630,315,trim10_each_end,0.1,0.1,EMG_IMU,42,ShrinkageLDA,1386,2720,190,7.95631019999928,success,0.8315789473684211,0.8315789473684211,0.8851449275362319,0.8315789473684211,0.8002589733170797,0.8,0.8,0.7,0.8,0.7333333333333333
feature_screen_with_shrinkage_lda,8,S08_personal_fold02,2,win0p5s_50ov__trim10_each_end__EMG_IMU__ShrinkageLDA,win0p5s_50ov,0.5,630,315,trim10_each_end,0.1,0.1,EMG_IMU,42,ShrinkageLDA,1386,2720,190,8.088867900001787,success,0.968421052631579,0.968421052631579,0.9727272727272727,0.968421052631579,0.9686146799496165,1.0,1.0,1.0,1.0,1.0
feature_screen_with_shrinkage_lda,8,S08_personal_fold03,3,win0p5s_50ov__trim10_each_end__EMG_IMU__ShrinkageLDA,win0p5s_50ov,0.5,630,315,trim10_each_end,0.1,0.1,EMG_IMU,42,ShrinkageLDA,1386,2720,190,8.164783100000932,success,0.9473684210526315,0.9473684210526315,0.9525683618706875,0.9473684210526315,0.9455245800817942,1.0,1.0,1.0,1.0,1.0
feature_screen_with_shrinkage_lda,8,S08_personal_fold04,4,win0p5s_50ov__trim10_each_end__EMG_IMU__ShrinkageLDA,win0p5s_50ov,0.5,630,315,trim10_each_end,0.1,0.1,EMG_IMU,42,ShrinkageLDA,1386,2720,190,8.100388899998507,success,0.9263157894736842,0.9263157894736842,0.9461538461538461,0.9263157894736842,0.9237275985663083,1.0,1.0,1.0,1.0,1.0
feature_screen_with_shrinkage_lda,8,S08_personal_fold05,5,win0p5s_50ov__trim10_each_end__EMG_IMU__ShrinkageLDA,win0p5s_50ov,0.5,630,315,trim10_each_end,0.1,0.1,EMG_IMU,42,ShrinkageLDA,1386,2720,190,7.970947800000431,success,0.8421052631578947,0.8421052631578949,0.8724933451641526,0.8421052631578949,0.8417315608340644,1.0,1.0,1.0,1.0,1.0
feature_screen_with_shrinkage_lda,8,S08_personal_fold06,6,win0p5s_50ov__trim10_each_end__EMG_IMU__ShrinkageLDA,win0p5s_50ov,0.5,630,315,trim10_each_end,0.1,0.1,EMG_IMU,42,ShrinkageLDA,1386,2720,190,8.24093019999782,success,0.8052631578947368,0.8052631578947368,0.8612985764085656,0.8052631578947368,0.7622934754590304,0.8,0.8,0.7,0.8,0.7333333333333333
feature_screen_with_shrinkage_lda,8,S08_personal_fold07,7,win0p5s_50ov__trim10_each_end__EMG_IMU__ShrinkageLDA,win0p5s_50ov,0.5,630,315,trim10_each_end,0.1,0.1,EMG_IMU,42,ShrinkageLDA,1386,1140,1770,4.769508900000801,success,0.7502824858757062,0.6963743529886874,0.7325112930644659,0.6963743529886874,0.7015514761683003,1.0,1.0,1.0,1.0,1.0
feature_screen_with_shrinkage_lda,8,S08_personal_fold08,8,win0p5s_50ov__trim10_each_end__EMG_IMU__ShrinkageLDA,win0p5s_50ov,0.5,630,315,trim10_each_end,0.1,0.1,EMG_IMU,42,ShrinkageLDA,1386,1140,190,4.810496500002046,success,0.8473684210526315,0.8473684210526315,0.8949978270317255,0.8473684210526315,0.8349780803389051,0.8,0.8,0.7,0.8,0.7333333333333333
feature_screen_with_shrinkage_lda,8,S08_personal_fold01,1,win0p5s_50ov__trim20_each_end__EMG__ShrinkageLDA,win0p5s_50ov,0.5,630,315,trim20_each_end,0.2,0.2,EMG,6,ShrinkageLDA,198,2027,140,0.11856540000007953,success,0.8357142857142857,0.8357142857142857,0.9098039215686274,0.8357142857142857,0.8023782125047948,0.8,0.8,0.7,0.8,0.7333333333333333
feature_screen_with_shrinkage_lda,8,S08_personal_fold02,2,win0p5s_50ov__trim20_each_end__EMG__ShrinkageLDA,win0p5s_50ov,0.5,630,315,trim20_each_end,0.2,0.2,EMG,6,ShrinkageLDA,198,2027,140,0.09686590000274009,success,0.9857142857142858,0.9857142857142858,0.9866666666666667,0.9857142857142858,0.9858307210031348,1.0,1.0,1.0,1.0,1.0
feature_screen_with_shrinkage_lda,8,S08_personal_fold03,3,win0p5s_50ov__trim20_each_end__EMG__ShrinkageLDA,win0p5s_50ov,0.5,630,315,trim20_each_end,0.2,0.2,EMG,6,ShrinkageLDA,198,2027,140,0.09366850000151317,success,0.9857142857142858,0.9857142857142858,0.9862068965517242,0.9857142857142858,0.9855750487329434,1.0,1.0,1.0,1.0,1.0
feature_screen_with_shrinkage_lda,8,S08_personal_fold04,4,win0p5s_50ov__trim20_each_end__EMG__ShrinkageLDA,win0p5s_50ov,0.5,630,315,trim20_each_end,0.2,0.2,EMG,6,ShrinkageLDA,198,2027,140,0.09427409999989322,success,0.9571428571428572,0.9571428571428571,0.9628004179728318,0.9571428571428571,0.9560977854472246,1.0,1.0,1.0,1.0,1.0
feature_screen_with_shrinkage_lda,8,S08_personal_fold05,5,win0p5s_50ov__trim20_each_end__EMG__ShrinkageLDA,win0p5s_50ov,0.5,630,315,trim20_each_end,0.2,0.2,EMG,6,ShrinkageLDA,198,2027,140,0.10780899999735993,success,0.8357142857142857,0.8357142857142857,0.863497453310696,0.8357142857142857,0.8312657517229848,1.0,1.0,1.0,1.0,1.0
feature_screen_with_shrinkage_lda,8,S08_personal_fold06,6,win0p5s_50ov__trim20_each_end__EMG__ShrinkageLDA,win0p5s_50ov,0.5,630,315,trim20_each_end,0.2,0.2,EMG,6,ShrinkageLDA,198,2027,140,0.11831339999844204,success,0.9,0.9,0.9202614379084967,0.9,0.8936922993374606,1.0,1.0,1.0,1.0,1.0
feature_screen_with_shrinkage_lda,8,S08_personal_fold07,7,win0p5s_50ov__trim20_each_end__EMG__ShrinkageLDA,win0p5s_50ov,0.5,630,315,trim20_each_end,0.2,0.2,EMG,6,ShrinkageLDA,198,840,1327,0.06774059999952442,success,0.8138658628485306,0.7779785181085165,0.8316766922126894,0.7779785181085165,0.7885161434853167,1.0,1.0,1.0,1.0,1.0
feature_screen_with_shrinkage_lda,8,S08_personal_fold08,8,win0p5s_50ov__trim20_each_end__EMG__ShrinkageLDA,win0p5s_50ov,0.5,630,315,trim20_each_end,0.2,0.2,EMG,6,ShrinkageLDA,198,840,140,0.06739219999872148,success,0.9071428571428571,0.9071428571428573,0.9315649867374006,0.9071428571428573,0.9051600053956692,1.0,1.0,1.0,1.0,1.0
feature_screen_with_shrinkage_lda,8,S08_personal_fold01,1,win0p5s_50ov__trim20_each_end__EMG_ACC__ShrinkageLDA,win0p5s_50ov,0.5,630,315,trim20_each_end,0.2,0.2,EMG_ACC,24,ShrinkageLDA,792,2027,140,1.6243915999984893,success,0.8142857142857143,0.8142857142857143,0.9037037037037038,0.8142857142857143,0.7632520325203253,0.8,0.8,0.7,0.8,0.7333333333333333
feature_screen_with_shrinkage_lda,8,S08_personal_fold02,2,win0p5s_50ov__trim20_each_end__EMG_ACC__ShrinkageLDA,win0p5s_50ov,0.5,630,315,trim20_each_end,0.2,0.2,EMG_ACC,24,ShrinkageLDA,792,2027,140,1.7049616999975115,success,0.9928571428571429,0.9928571428571429,0.993103448275862,0.9928571428571429,0.9928548644338118,1.0,1.0,1.0,1.0,1.0
feature_screen_with_shrinkage_lda,8,S08_personal_fold03,3,win0p5s_50ov__trim20_each_end__EMG_ACC__ShrinkageLDA,win0p5s_50ov,0.5,630,315,trim20_each_end,0.2,0.2,EMG_ACC,24,ShrinkageLDA,792,2027,140,1.552291600000899,success,0.95,0.95,0.96,0.95,0.9501414141414142,1.0,1.0,1.0,1.0,1.0
feature_screen_with_shrinkage_lda,8,S08_personal_fold04,4,win0p5s_50ov__trim20_each_end__EMG_ACC__ShrinkageLDA,win0p5s_50ov,0.5,630,315,trim20_each_end,0.2,0.2,EMG_ACC,24,ShrinkageLDA,792,2027,140,1.6400805000012042,success,0.9214285714285714,0.9214285714285715,0.9435897435897436,0.9214285714285715,0.9182752902155886,1.0,1.0,1.0,1.0,1.0
feature_screen_with_shrinkage_lda,8,S08_personal_fold05,5,win0p5s_50ov__trim20_each_end__EMG_ACC__ShrinkageLDA,win0p5s_50ov,0.5,630,315,trim20_each_end,0.2,0.2,EMG_ACC,24,ShrinkageLDA,792,2027,140,1.5389539999996487,success,0.8214285714285714,0.8214285714285715,0.8564593301435407,0.8214285714285715,0.8145590248748984,0.8,0.8,0.7,0.8,0.7333333333333333
feature_screen_with_shrinkage_lda,8,S08_personal_fold06,6,win0p5s_50ov__trim20_each_end__EMG_ACC__ShrinkageLDA,win0p5s_50ov,0.5,630,315,trim20_each_end,0.2,0.2,EMG_ACC,24,ShrinkageLDA,792,2027,140,1.5475034000010055,success,0.8,0.8,0.8502375102375103,0.8,0.7349791063966571,0.8,0.8,0.7,0.8,0.7333333333333333
feature_screen_with_shrinkage_lda,8,S08_personal_fold07,7,win0p5s_50ov__trim20_each_end__EMG_ACC__ShrinkageLDA,win0p5s_50ov,0.5,630,315,trim20_each_end,0.2,0.2,EMG_ACC,24,ShrinkageLDA,792,840,1327,1.0003388000004634,success,0.7754333082140166,0.7304375663829342,0.7862929031210351,0.7304375663829342,0.7461611981040065,1.0,1.0,1.0,1.0,1.0
feature_screen_with_shrinkage_lda,8,S08_personal_fold08,8,win0p5s_50ov__trim20_each_end__EMG_ACC__ShrinkageLDA,win0p5s_50ov,0.5,630,315,trim20_each_end,0.2,0.2,EMG_ACC,24,ShrinkageLDA,792,840,140,0.9911441999975068,success,0.8428571428571429,0.8428571428571429,0.9056034482758621,0.8428571428571429,0.8238490164805954,0.8,0.8,0.7,0.8,0.7333333333333333
feature_screen_with_shrinkage_lda,8,S08_personal_fold01,1,win0p5s_50ov__trim20_each_end__EMG_IMU__ShrinkageLDA,win0p5s_50ov,0.5,630,315,trim20_each_end,0.2,0.2,EMG_IMU,42,ShrinkageLDA,1386,2027,140,6.645130599998083,success,0.8142857142857143,0.8142857142857143,0.9037037037037038,0.8142857142857143,0.7632520325203253,0.8,0.8,0.7,0.8,0.7333333333333333
feature_screen_with_shrinkage_lda,8,S08_personal_fold02,2,win0p5s_50ov__trim20_each_end__EMG_IMU__ShrinkageLDA,win0p5s_50ov,0.5,630,315,trim20_each_end,0.2,0.2,EMG_IMU,42,ShrinkageLDA,1386,2027,140,6.800784499999281,success,0.9857142857142858,0.9857142857142858,0.9866666666666667,0.9857142857142858,0.9856960408684546,1.0,1.0,1.0,1.0,1.0
feature_screen_with_shrinkage_lda,8,S08_personal_fold03,3,win0p5s_50ov__trim20_each_end__EMG_IMU__ShrinkageLDA,win0p5s_50ov,0.5,630,315,trim20_each_end,0.2,0.2,EMG_IMU,42,ShrinkageLDA,1386,2027,140,6.682469299998047,success,0.9714285714285714,0.9714285714285715,0.9737486095661847,0.9714285714285715,0.9709371211601363,1.0,1.0,1.0,1.0,1.0
feature_screen_with_shrinkage_lda,8,S08_personal_fold04,4,win0p5s_50ov__trim20_each_end__EMG_IMU__ShrinkageLDA,win0p5s_50ov,0.5,630,315,trim20_each_end,0.2,0.2,EMG_IMU,42,ShrinkageLDA,1386,2027,140,7.677531300003466,success,0.9214285714285714,0.9214285714285715,0.9435897435897436,0.9214285714285715,0.9182752902155886,1.0,1.0,1.0,1.0,1.0
feature_screen_with_shrinkage_lda,8,S08_personal_fold05,5,win0p5s_50ov__trim20_each_end__EMG_IMU__ShrinkageLDA,win0p5s_50ov,0.5,630,315,trim20_each_end,0.2,0.2,EMG_IMU,42,ShrinkageLDA,1386,2027,140,6.776342599998316,success,0.8142857142857143,0.8142857142857143,0.853250773993808,0.8142857142857143,0.8058260019550343,0.8,0.8,0.7,0.8,0.7333333333333333
feature_screen_with_shrinkage_lda,8,S08_personal_fold06,6,win0p5s_50ov__trim20_each_end__EMG_IMU__ShrinkageLDA,win0p5s_50ov,0.5,630,315,trim20_each_end,0.2,0.2,EMG_IMU,42,ShrinkageLDA,1386,2027,140,6.5612734999995155,success,0.8071428571428572,0.8071428571428573,0.8617821121947153,0.8071428571428573,0.7436098511975809,0.8,0.8,0.7,0.8,0.7333333333333333
feature_screen_with_shrinkage_lda,8,S08_personal_fold07,7,win0p5s_50ov__trim20_each_end__EMG_IMU__ShrinkageLDA,win0p5s_50ov,0.5,630,315,trim20_each_end,0.2,0.2,EMG_IMU,42,ShrinkageLDA,1386,840,1327,4.319395300000906,success,0.7415222305953278,0.688107319700211,0.7512337641911687,0.688107319700211,0.7062399538645148,1.0,1.0,1.0,1.0,1.0
feature_screen_with_shrinkage_lda,8,S08_personal_fold08,8,win0p5s_50ov__trim20_each_end__EMG_IMU__ShrinkageLDA,win0p5s_50ov,0.5,630,315,trim20_each_end,0.2,0.2,EMG_IMU,42,ShrinkageLDA,1386,840,140,4.2604992000015045,success,0.85,0.85,0.9015161466885605,0.85,0.8370772822467126,0.8,0.8,0.7,0.8,0.7333333333333333
feature_screen_with_shrinkage_lda,8,S08_personal_fold01,1,win1p0s_50ov__full_segment__EMG__ShrinkageLDA,win1p0s_50ov,1.0,1260,630,full_segment,0.0,0.0,EMG,6,ShrinkageLDA,198,1684,115,0.10920469999837223,success,0.8521739130434782,0.8521739130434783,0.915,0.8521739130434783,0.8287903667214012,0.8,0.8,0.7,0.8,0.7333333333333333
feature_screen_with_shrinkage_lda,8,S08_personal_fold02,2,win1p0s_50ov__full_segment__EMG__ShrinkageLDA,win1p0s_50ov,1.0,1260,630,full_segment,0.0,0.0,EMG,6,ShrinkageLDA,198,1683,116,0.10537429999749293,success,0.9568965517241379,0.9568840579710146,0.962037037037037,0.9568840579710146,0.9577389048972714,1.0,1.0,1.0,1.0,1.0
feature_screen_with_shrinkage_lda,8,S08_personal_fold03,3,win1p0s_50ov__full_segment__EMG__ShrinkageLDA,win1p0s_50ov,1.0,1260,630,full_segment,0.0,0.0,EMG,6,ShrinkageLDA,198,1682,116,0.10089389999848208,success,0.9568965517241379,0.9583333333333333,0.9642857142857142,0.9583333333333333,0.9571363429092568,1.0,1.0,1.0,1.0,1.0
feature_screen_with_shrinkage_lda,8,S08_personal_fold04,4,win1p0s_50ov__full_segment__EMG__ShrinkageLDA,win1p0s_50ov,1.0,1260,630,full_segment,0.0,0.0,EMG,6,ShrinkageLDA,198,1683,115,0.10165980000238051,success,0.9826086956521739,0.9826086956521738,0.984,0.9826086956521738,0.9825757575757577,1.0,1.0,1.0,1.0,1.0
feature_screen_with_shrinkage_lda,8,S08_personal_fold05,5,win1p0s_50ov__full_segment__EMG__ShrinkageLDA,win1p0s_50ov,1.0,1260,630,full_segment,0.0,0.0,EMG,6,ShrinkageLDA,198,1683,116,0.10442479999983334,success,0.9137931034482759,0.914855072463768,0.920807453416149,0.914855072463768,0.9136580820396916,1.0,1.0,1.0,1.0,1.0
feature_screen_with_shrinkage_lda,8,S08_personal_fold06,6,win1p0s_50ov__full_segment__EMG__ShrinkageLDA,win1p0s_50ov,1.0,1260,630,full_segment,0.0,0.0,EMG,6,ShrinkageLDA,198,1683,115,0.10632579999946756,success,0.8782608695652174,0.8782608695652174,0.9122171945701357,0.8782608695652174,0.8770533476548513,1.0,1.0,1.0,1.0,1.0
feature_screen_with_shrinkage_lda,8,S08_personal_fold07,7,win1p0s_50ov__full_segment__EMG__ShrinkageLDA,win1p0s_50ov,1.0,1260,630,full_segment,0.0,0.0,EMG,6,ShrinkageLDA,198,693,1106,0.062441099998977734,success,0.8372513562386981,0.8042807895533007,0.8706960511144406,0.8042807895533007,0.8211202252155223,1.0,1.0,1.0,1.0,1.0
feature_screen_with_shrinkage_lda,8,S08_personal_fold08,8,win1p0s_50ov__full_segment__EMG__ShrinkageLDA,win1p0s_50ov,1.0,1260,630,full_segment,0.0,0.0,EMG,6,ShrinkageLDA,198,693,115,0.05563040000197361,success,0.9739130434782609,0.9739130434782609,0.975,0.9739130434782609,0.9738878143133463,1.0,1.0,1.0,1.0,1.0
feature_screen_with_shrinkage_lda,8,S08_personal_fold01,1,win1p0s_50ov__full_segment__EMG_ACC__ShrinkageLDA,win1p0s_50ov,1.0,1260,630,full_segment,0.0,0.0,EMG_ACC,24,ShrinkageLDA,792,1684,115,1.5033742000014172,success,0.8521739130434782,0.8521739130434783,0.915,0.8521739130434783,0.8287903667214012,0.8,0.8,0.7,0.8,0.7333333333333333
feature_screen_with_shrinkage_lda,8,S08_personal_fold02,2,win1p0s_50ov__full_segment__EMG_ACC__ShrinkageLDA,win1p0s_50ov,1.0,1260,630,full_segment,0.0,0.0,EMG_ACC,24,ShrinkageLDA,792,1683,116,1.4284408999992593,success,0.9568965517241379,0.9568840579710145,0.962037037037037,0.9568840579710145,0.9570892186661899,1.0,1.0,1.0,1.0,1.0
feature_screen_with_shrinkage_lda,8,S08_personal_fold03,3,win1p0s_50ov__full_segment__EMG_ACC__ShrinkageLDA,win1p0s_50ov,1.0,1260,630,full_segment,0.0,0.0,EMG_ACC,24,ShrinkageLDA,792,1682,116,1.3360754999994242,success,0.9568965517241379,0.9583333333333333,0.9642857142857142,0.9583333333333333,0.9571363429092568,1.0,1.0,1.0,1.0,1.0
feature_screen_with_shrinkage_lda,8,S08_personal_fold04,4,win1p0s_50ov__full_segment__EMG_ACC__ShrinkageLDA,win1p0s_50ov,1.0,1260,630,full_segment,0.0,0.0,EMG_ACC,24,ShrinkageLDA,792,1683,115,1.4746325000014622,success,0.9130434782608695,0.9130434782608695,0.9393939393939394,0.9130434782608695,0.9087301587301587,1.0,1.0,1.0,1.0,1.0
feature_screen_with_shrinkage_lda,8,S08_personal_fold05,5,win1p0s_50ov__full_segment__EMG_ACC__ShrinkageLDA,win1p0s_50ov,1.0,1260,630,full_segment,0.0,0.0,EMG_ACC,24,ShrinkageLDA,792,1683,116,1.4342427000010503,success,0.8879310344827587,0.8894927536231882,0.8976190476190476,0.8894927536231882,0.886671347314224,1.0,1.0,1.0,1.0,1.0
feature_screen_with_shrinkage_lda,8,S08_personal_fold06,6,win1p0s_50ov__full_segment__EMG_ACC__ShrinkageLDA,win1p0s_50ov,1.0,1260,630,full_segment,0.0,0.0,EMG_ACC,24,ShrinkageLDA,792,1683,115,1.4492449999997916,success,0.8434782608695652,0.8434782608695652,0.8946946946946948,0.8434782608695652,0.8266056514128532,0.8,0.8,0.7,0.8,0.7333333333333333
feature_screen_with_shrinkage_lda,8,S08_personal_fold07,7,win1p0s_50ov__full_segment__EMG_ACC__ShrinkageLDA,win1p0s_50ov,1.0,1260,630,full_segment,0.0,0.0,EMG_ACC,24,ShrinkageLDA,792,693,1106,0.8768956000021717,success,0.825497287522604,0.7902286037932051,0.8395260278154453,0.7902286037932051,0.8009124164352048,1.0,1.0,1.0,1.0,1.0
feature_screen_with_shrinkage_lda,8,S08_personal_fold08,8,win1p0s_50ov__full_segment__EMG_ACC__ShrinkageLDA,win1p0s_50ov,1.0,1260,630,full_segment,0.0,0.0,EMG_ACC,24,ShrinkageLDA,792,693,115,0.8820750000013504,success,0.8347826086956521,0.8347826086956521,0.9016666666666666,0.8347826086956521,0.8068557919621749,0.8,0.8,0.7,0.8,0.7333333333333333
feature_screen_with_shrinkage_lda,8,S08_personal_fold01,1,win1p0s_50ov__full_segment__EMG_IMU__ShrinkageLDA,win1p0s_50ov,1.0,1260,630,full_segment,0.0,0.0,EMG_IMU,42,ShrinkageLDA,1386,1684,115,6.016847800001415,success,0.8521739130434782,0.8521739130434783,0.915,0.8521739130434783,0.8287903667214012,0.8,0.8,0.7,0.8,0.7333333333333333
feature_screen_with_shrinkage_lda,8,S08_personal_fold02,2,win1p0s_50ov__full_segment__EMG_IMU__ShrinkageLDA,win1p0s_50ov,1.0,1260,630,full_segment,0.0,0.0,EMG_IMU,42,ShrinkageLDA,1386,1683,116,5.847670099999959,success,0.9827586206896551,0.9829710144927537,0.9833333333333334,0.9829710144927537,0.982966903073286,1.0,1.0,1.0,1.0,1.0
feature_screen_with_shrinkage_lda,8,S08_personal_fold03,3,win1p0s_50ov__full_segment__EMG_IMU__ShrinkageLDA,win1p0s_50ov,1.0,1260,630,full_segment,0.0,0.0,EMG_IMU,42,ShrinkageLDA,1386,1682,116,5.914099599998735,success,0.9568965517241379,0.9583333333333333,0.9642857142857142,0.9583333333333333,0.9571363429092568,1.0,1.0,1.0,1.0,1.0
feature_screen_with_shrinkage_lda,8,S08_personal_fold04,4,win1p0s_50ov__full_segment__EMG_IMU__ShrinkageLDA,win1p0s_50ov,1.0,1260,630,full_segment,0.0,0.0,EMG_IMU,42,ShrinkageLDA,1386,1683,115,5.841686499999923,success,0.9478260869565217,0.9478260869565217,0.9586206896551724,0.9478260869565217,0.946923076923077,1.0,1.0,1.0,1.0,1.0
feature_screen_with_shrinkage_lda,8,S08_personal_fold05,5,win1p0s_50ov__full_segment__EMG_IMU__ShrinkageLDA,win1p0s_50ov,1.0,1260,630,full_segment,0.0,0.0,EMG_IMU,42,ShrinkageLDA,1386,1683,116,5.710285799999838,success,0.896551724137931,0.8981884057971016,0.906037037037037,0.8981884057971016,0.895598339387649,1.0,1.0,1.0,1.0,1.0
feature_screen_with_shrinkage_lda,8,S08_personal_fold06,6,win1p0s_50ov__full_segment__EMG_IMU__ShrinkageLDA,win1p0s_50ov,1.0,1260,630,full_segment,0.0,0.0,EMG_IMU,42,ShrinkageLDA,1386,1683,115,6.203229399998236,success,0.8608695652173913,0.8608695652173914,0.9083243243243244,0.8608695652173914,0.8522586328400281,0.8,0.8,0.7,0.8,0.7333333333333333
feature_screen_with_shrinkage_lda,8,S08_personal_fold07,7,win1p0s_50ov__full_segment__EMG_IMU__ShrinkageLDA,win1p0s_50ov,1.0,1260,630,full_segment,0.0,0.0,EMG_IMU,42,ShrinkageLDA,1386,693,1106,3.990890599998238,success,0.7649186256781193,0.7132767661833075,0.7729586882644309,0.7132767661833075,0.7268353782716996,1.0,1.0,1.0,1.0,1.0
feature_screen_with_shrinkage_lda,8,S08_personal_fold08,8,win1p0s_50ov__full_segment__EMG_IMU__ShrinkageLDA,win1p0s_50ov,1.0,1260,630,full_segment,0.0,0.0,EMG_IMU,42,ShrinkageLDA,1386,693,115,4.611533399998734,success,0.8347826086956521,0.8347826086956521,0.893859649122807,0.8347826086956521,0.8119529004245697,0.8,0.8,0.7,0.8,0.7333333333333333
feature_screen_with_shrinkage_lda,8,S08_personal_fold01,1,win1p0s_50ov__trim10_each_end__EMG__ShrinkageLDA,win1p0s_50ov,1.0,1260,630,trim10_each_end,0.1,0.1,EMG,6,ShrinkageLDA,198,1358,95,0.07799919999888516,success,0.8421052631578947,0.8421052631578947,0.9117647058823529,0.8421052631578947,0.8129614438063987,0.8,0.8,0.7,0.8,0.7333333333333333
feature_screen_with_shrinkage_lda,8,S08_personal_fold02,2,win1p0s_50ov__trim10_each_end__EMG__ShrinkageLDA,win1p0s_50ov,1.0,1260,630,trim10_each_end,0.1,0.1,EMG,6,ShrinkageLDA,198,1358,95,0.08678299999883166,success,0.968421052631579,0.968421052631579,0.9727272727272727,0.968421052631579,0.96884933714202,1.0,1.0,1.0,1.0,1.0
feature_screen_with_shrinkage_lda,8,S08_personal_fold03,3,win1p0s_50ov__trim10_each_end__EMG__ShrinkageLDA,win1p0s_50ov,1.0,1260,630,trim10_each_end,0.1,0.1,EMG,6,ShrinkageLDA,198,1358,95,0.07240689999889582,success,0.968421052631579,0.968421052631579,0.9709523809523809,0.968421052631579,0.9683552783552785,1.0,1.0,1.0,1.0,1.0
feature_screen_with_shrinkage_lda,8,S08_personal_fold04,4,win1p0s_50ov__trim10_each_end__EMG__ShrinkageLDA,win1p0s_50ov,1.0,1260,630,trim10_each_end,0.1,0.1,EMG,6,ShrinkageLDA,198,1358,95,0.08273000000190223,success,0.968421052631579,0.968421052631579,0.96984126984127,0.968421052631579,0.9683783783783783,1.0,1.0,1.0,1.0,1.0
feature_screen_with_shrinkage_lda,8,S08_personal_fold05,5,win1p0s_50ov__trim10_each_end__EMG__ShrinkageLDA,win1p0s_50ov,1.0,1260,630,trim10_each_end,0.1,0.1,EMG,6,ShrinkageLDA,198,1358,95,0.08728359999804525,success,0.9052631578947369,0.9052631578947368,0.913888888888889,0.9052631578947368,0.904566125633157,1.0,1.0,1.0,1.0,1.0
feature_screen_with_shrinkage_lda,8,S08_personal_fold06,6,win1p0s_50ov__trim10_each_end__EMG__ShrinkageLDA,win1p0s_50ov,1.0,1260,630,trim10_each_end,0.1,0.1,EMG,6,ShrinkageLDA,198,1358,95,0.09252910000213888,success,0.9157894736842105,0.9157894736842106,0.9361538461538462,0.9157894736842106,0.9163147963147964,1.0,1.0,1.0,1.0,1.0
feature_screen_with_shrinkage_lda,8,S08_personal_fold07,7,win1p0s_50ov__trim10_each_end__EMG__ShrinkageLDA,win1p0s_50ov,1.0,1260,630,trim10_each_end,0.1,0.1,EMG,6,ShrinkageLDA,198,570,883,0.059302600002411054,success,0.8018120045300113,0.7615753711253079,0.8502187473728456,0.7615753711253079,0.7769007129855025,1.0,1.0,1.0,1.0,1.0
feature_screen_with_shrinkage_lda,8,S08_personal_fold08,8,win1p0s_50ov__trim10_each_end__EMG__ShrinkageLDA,win1p0s_50ov,1.0,1260,630,trim10_each_end,0.1,0.1,EMG,6,ShrinkageLDA,198,570,95,0.057952500003011664,success,0.9368421052631579,0.9368421052631579,0.9465217391304348,0.9368421052631579,0.9359973359973359,1.0,1.0,1.0,1.0,1.0
feature_screen_with_shrinkage_lda,8,S08_personal_fold01,1,win1p0s_50ov__trim10_each_end__EMG_ACC__ShrinkageLDA,win1p0s_50ov,1.0,1260,630,trim10_each_end,0.1,0.1,EMG_ACC,24,ShrinkageLDA,792,1358,95,1.3281984999994165,success,0.8315789473684211,0.8315789473684211,0.9085714285714286,0.8315789473684211,0.7952861952861954,0.8,0.8,0.7,0.8,0.7333333333333333
feature_screen_with_shrinkage_lda,8,S08_personal_fold02,2,win1p0s_50ov__trim10_each_end__EMG_ACC__ShrinkageLDA,win1p0s_50ov,1.0,1260,630,trim10_each_end,0.1,0.1,EMG_ACC,24,ShrinkageLDA,792,1358,95,1.2556074999993143,success,0.9789473684210527,0.9789473684210526,0.980952380952381,0.9789473684210526,0.9791891891891892,1.0,1.0,1.0,1.0,1.0
feature_screen_with_shrinkage_lda,8,S08_personal_fold03,3,win1p0s_50ov__trim10_each_end__EMG_ACC__ShrinkageLDA,win1p0s_50ov,1.0,1260,630,trim10_each_end,0.1,0.1,EMG_ACC,24,ShrinkageLDA,792,1358,95,1.1961123000000953,success,0.9789473684210527,0.9789473684210528,0.980952380952381,0.9789473684210528,0.9788888888888888,1.0,1.0,1.0,1.0,1.0
feature_screen_with_shrinkage_lda,8,S08_personal_fold04,4,win1p0s_50ov__trim10_each_end__EMG_ACC__ShrinkageLDA,win1p0s_50ov,1.0,1260,630,trim10_each_end,0.1,0.1,EMG_ACC,24,ShrinkageLDA,792,1358,95,1.2957327000003716,success,0.9052631578947369,0.9052631578947368,0.9357142857142857,0.9052631578947368,0.899633162142333,1.0,1.0,1.0,1.0,1.0
feature_screen_with_shrinkage_lda,8,S08_personal_fold05,5,win1p0s_50ov__trim10_each_end__EMG_ACC__ShrinkageLDA,win1p0s_50ov,1.0,1260,630,trim10_each_end,0.1,0.1,EMG_ACC,24,ShrinkageLDA,792,1358,95,1.3453244999982417,success,0.8842105263157894,0.8842105263157893,0.9015810276679842,0.8842105263157893,0.8821325540444345,1.0,1.0,1.0,1.0,1.0
feature_screen_with_shrinkage_lda,8,S08_personal_fold06,6,win1p0s_50ov__trim10_each_end__EMG_ACC__ShrinkageLDA,win1p0s_50ov,1.0,1260,630,trim10_each_end,0.1,0.1,EMG_ACC,24,ShrinkageLDA,792,1358,95,1.2999223000006168,success,0.8105263157894737,0.8105263157894737,0.8630303030303029,0.8105263157894737,0.7847768375642941,0.8,0.8,0.7,0.8,0.7333333333333333
feature_screen_with_shrinkage_lda,8,S08_personal_fold07,7,win1p0s_50ov__trim10_each_end__EMG_ACC__ShrinkageLDA,win1p0s_50ov,1.0,1260,630,trim10_each_end,0.1,0.1,EMG_ACC,24,ShrinkageLDA,792,570,883,0.8284619000005478,success,0.7678369195922989,0.71682644169905,0.7751627454409753,0.71682644169905,0.730466213418495,1.0,1.0,1.0,1.0,1.0
feature_screen_with_shrinkage_lda,8,S08_personal_fold08,8,win1p0s_50ov__trim10_each_end__EMG_ACC__ShrinkageLDA,win1p0s_50ov,1.0,1260,630,trim10_each_end,0.1,0.1,EMG_ACC,24,ShrinkageLDA,792,570,95,0.8667070000010426,success,0.8421052631578947,0.8421052631578947,0.9025000000000001,0.8421052631578947,0.8193815987933635,0.8,0.8,0.7,0.8,0.7333333333333333
feature_screen_with_shrinkage_lda,8,S08_personal_fold01,1,win1p0s_50ov__trim10_each_end__EMG_IMU__ShrinkageLDA,win1p0s_50ov,1.0,1260,630,trim10_each_end,0.1,0.1,EMG_IMU,42,ShrinkageLDA,1386,1358,95,5.94245840000076,success,0.8315789473684211,0.8315789473684211,0.9085714285714286,0.8315789473684211,0.7952861952861954,0.8,0.8,0.7,0.8,0.7333333333333333
feature_screen_with_shrinkage_lda,8,S08_personal_fold02,2,win1p0s_50ov__trim10_each_end__EMG_IMU__ShrinkageLDA,win1p0s_50ov,1.0,1260,630,trim10_each_end,0.1,0.1,EMG_IMU,42,ShrinkageLDA,1386,1358,95,5.5555234999992535,success,0.9578947368421052,0.9578947368421054,0.9652173913043478,0.9578947368421054,0.9584041184041183,1.0,1.0,1.0,1.0,1.0
feature_screen_with_shrinkage_lda,8,S08_personal_fold03,3,win1p0s_50ov__trim10_each_end__EMG_IMU__ShrinkageLDA,win1p0s_50ov,1.0,1260,630,trim10_each_end,0.1,0.1,EMG_IMU,42,ShrinkageLDA,1386,1358,95,5.458977300000697,success,0.9789473684210527,0.9789473684210528,0.980952380952381,0.9789473684210528,0.9788888888888888,1.0,1.0,1.0,1.0,1.0
feature_screen_with_shrinkage_lda,8,S08_personal_fold04,4,win1p0s_50ov__trim10_each_end__EMG_IMU__ShrinkageLDA,win1p0s_50ov,1.0,1260,630,trim10_each_end,0.1,0.1,EMG_IMU,42,ShrinkageLDA,1386,1358,95,5.761123600001156,success,0.9368421052631579,0.9368421052631579,0.952,0.9368421052631579,0.9352272727272727,1.0,1.0,1.0,1.0,1.0
feature_screen_with_shrinkage_lda,8,S08_personal_fold05,5,win1p0s_50ov__trim10_each_end__EMG_IMU__ShrinkageLDA,win1p0s_50ov,1.0,1260,630,trim10_each_end,0.1,0.1,EMG_IMU,42,ShrinkageLDA,1386,1358,95,5.585359199998493,success,0.8842105263157894,0.8842105263157893,0.906060606060606,0.8842105263157893,0.8808697296275287,1.0,1.0,1.0,1.0,1.0
feature_screen_with_shrinkage_lda,8,S08_personal_fold06,6,win1p0s_50ov__trim10_each_end__EMG_IMU__ShrinkageLDA,win1p0s_50ov,1.0,1260,630,trim10_each_end,0.1,0.1,EMG_IMU,42,ShrinkageLDA,1386,1358,95,5.6761409000027925,success,0.8315789473684211,0.8315789473684211,0.8767407407407408,0.8315789473684211,0.8030961791831356,0.8,0.8,0.7,0.8,0.7333333333333333
feature_screen_with_shrinkage_lda,8,S08_personal_fold07,7,win1p0s_50ov__trim10_each_end__EMG_IMU__ShrinkageLDA,win1p0s_50ov,1.0,1260,630,trim10_each_end,0.1,0.1,EMG_IMU,42,ShrinkageLDA,1386,570,883,4.072968899999978,success,0.695356738391846,0.627180721418304,0.7207929362880886,0.627180721418304,0.6318667658155525,0.8,0.8,0.7,0.8,0.7333333333333333
feature_screen_with_shrinkage_lda,8,S08_personal_fold08,8,win1p0s_50ov__trim10_each_end__EMG_IMU__ShrinkageLDA,win1p0s_50ov,1.0,1260,630,trim10_each_end,0.1,0.1,EMG_IMU,42,ShrinkageLDA,1386,570,95,4.010753200000181,success,0.8421052631578947,0.8421052631578947,0.9117647058823529,0.8421052631578947,0.8213241543430222,0.8,0.8,0.7,0.8,0.7333333333333333
feature_screen_with_shrinkage_lda,8,S08_personal_fold01,1,win1p0s_50ov__trim20_each_end__EMG__ShrinkageLDA,win1p0s_50ov,1.0,1260,630,trim20_each_end,0.2,0.2,EMG,6,ShrinkageLDA,198,1013,70,0.06446779999896535,success,0.8428571428571429,0.8428571428571429,0.9120000000000001,0.8428571428571429,0.8141779788838612,0.8,0.8,0.7,0.8,0.7333333333333333
feature_screen_with_shrinkage_lda,8,S08_personal_fold02,2,win1p0s_50ov__trim20_each_end__EMG__ShrinkageLDA,win1p0s_50ov,1.0,1260,630,trim20_each_end,0.2,0.2,EMG,6,ShrinkageLDA,198,1013,70,0.08346669999809819,success,0.9857142857142858,0.9857142857142858,0.9866666666666667,0.9857142857142858,0.9856960408684546,1.0,1.0,1.0,1.0,1.0
feature_screen_with_shrinkage_lda,8,S08_personal_fold03,3,win1p0s_50ov__trim20_each_end__EMG__ShrinkageLDA,win1p0s_50ov,1.0,1260,630,trim20_each_end,0.2,0.2,EMG,6,ShrinkageLDA,198,1013,70,0.06957539999712026,success,0.9857142857142858,0.9857142857142858,0.9866666666666667,0.9857142857142858,0.9856960408684546,1.0,1.0,1.0,1.0,1.0
feature_screen_with_shrinkage_lda,8,S08_personal_fold04,4,win1p0s_50ov__trim20_each_end__EMG__ShrinkageLDA,win1p0s_50ov,1.0,1260,630,trim20_each_end,0.2,0.2,EMG,6,ShrinkageLDA,198,1013,70,0.07665840000117896,success,0.9714285714285714,0.9714285714285715,0.975,0.9714285714285715,0.9712820512820514,1.0,1.0,1.0,1.0,1.0
feature_screen_with_shrinkage_lda,8,S08_personal_fold05,5,win1p0s_50ov__trim20_each_end__EMG__ShrinkageLDA,win1p0s_50ov,1.0,1260,630,trim20_each_end,0.2,0.2,EMG,6,ShrinkageLDA,198,1013,70,0.0752372999995714,success,0.8285714285714286,0.8285714285714285,0.85,0.8285714285714285,0.8242140468227424,1.0,1.0,1.0,1.0,1.0
feature_screen_with_shrinkage_lda,8,S08_personal_fold06,6,win1p0s_50ov__trim20_each_end__EMG__ShrinkageLDA,win1p0s_50ov,1.0,1260,630,trim20_each_end,0.2,0.2,EMG,6,ShrinkageLDA,198,1013,70,0.07488010000088252,success,0.9142857142857143,0.9142857142857143,0.9294117647058823,0.9142857142857143,0.9104046543036726,1.0,1.0,1.0,1.0,1.0
feature_screen_with_shrinkage_lda,8,S08_personal_fold07,7,win1p0s_50ov__trim20_each_end__EMG__ShrinkageLDA,win1p0s_50ov,1.0,1260,630,trim20_each_end,0.2,0.2,EMG,6,ShrinkageLDA,198,420,663,0.048296100001607556,success,0.8099547511312217,0.7730013313985669,0.8379571553486407,0.7730013313985669,0.7846962956324085,1.0,1.0,1.0,1.0,1.0
feature_screen_with_shrinkage_lda,8,S08_personal_fold08,8,win1p0s_50ov__trim20_each_end__EMG__ShrinkageLDA,win1p0s_50ov,1.0,1260,630,trim20_each_end,0.2,0.2,EMG,6,ShrinkageLDA,198,420,70,0.03861009999673115,success,0.9428571428571428,0.9428571428571428,0.9555555555555555,0.9428571428571428,0.9416666666666668,1.0,1.0,1.0,1.0,1.0
feature_screen_with_shrinkage_lda,8,S08_personal_fold01,1,win1p0s_50ov__trim20_each_end__EMG_ACC__ShrinkageLDA,win1p0s_50ov,1.0,1260,630,trim20_each_end,0.2,0.2,EMG_ACC,24,ShrinkageLDA,792,1013,70,1.0727106999984244,success,0.8142857142857143,0.8142857142857143,0.9037037037037038,0.8142857142857143,0.7632520325203253,0.8,0.8,0.7,0.8,0.7333333333333333
feature_screen_with_shrinkage_lda,8,S08_personal_fold02,2,win1p0s_50ov__trim20_each_end__EMG_ACC__ShrinkageLDA,win1p0s_50ov,1.0,1260,630,trim20_each_end,0.2,0.2,EMG_ACC,24,ShrinkageLDA,792,1013,70,1.0935279999976046,success,0.9857142857142858,0.9857142857142858,0.9866666666666667,0.9857142857142858,0.9856960408684546,1.0,1.0,1.0,1.0,1.0
feature_screen_with_shrinkage_lda,8,S08_personal_fold03,3,win1p0s_50ov__trim20_each_end__EMG_ACC__ShrinkageLDA,win1p0s_50ov,1.0,1260,630,trim20_each_end,0.2,0.2,EMG_ACC,24,ShrinkageLDA,792,1013,70,1.1353254999994533,success,1.0,1.0,1.0,1.0,1.0,1.0,1.0,1.0,1.0,1.0
feature_screen_with_shrinkage_lda,8,S08_personal_fold04,4,win1p0s_50ov__trim20_each_end__EMG_ACC__ShrinkageLDA,win1p0s_50ov,1.0,1260,630,trim20_each_end,0.2,0.2,EMG_ACC,24,ShrinkageLDA,792,1013,70,1.1516709999996237,success,0.9,0.9,0.9333333333333332,0.9,0.8933333333333333,1.0,1.0,1.0,1.0,1.0
feature_screen_with_shrinkage_lda,8,S08_personal_fold05,5,win1p0s_50ov__trim20_each_end__EMG_ACC__ShrinkageLDA,win1p0s_50ov,1.0,1260,630,trim20_each_end,0.2,0.2,EMG_ACC,24,ShrinkageLDA,792,1013,70,1.132261099999596,success,0.7857142857142857,0.7857142857142858,0.8266666666666665,0.7857142857142858,0.776551724137931,0.8,0.8,0.7,0.8,0.7333333333333333
feature_screen_with_shrinkage_lda,8,S08_personal_fold06,6,win1p0s_50ov__trim20_each_end__EMG_ACC__ShrinkageLDA,win1p0s_50ov,1.0,1260,630,trim20_each_end,0.2,0.2,EMG_ACC,24,ShrinkageLDA,792,1013,70,1.2195498000000953,success,0.7571428571428571,0.7571428571428571,0.8465608465608465,0.7571428571428571,0.7061091753774681,0.8,0.8,0.7,0.8,0.7333333333333333
feature_screen_with_shrinkage_lda,8,S08_personal_fold07,7,win1p0s_50ov__trim20_each_end__EMG_ACC__ShrinkageLDA,win1p0s_50ov,1.0,1260,630,trim20_each_end,0.2,0.2,EMG_ACC,24,ShrinkageLDA,792,420,663,0.8286167000005662,success,0.7481146304675717,0.6975834368034467,0.7603368615835266,0.6975834368034467,0.710132616389228,1.0,1.0,1.0,1.0,1.0
feature_screen_with_shrinkage_lda,8,S08_personal_fold08,8,win1p0s_50ov__trim20_each_end__EMG_ACC__ShrinkageLDA,win1p0s_50ov,1.0,1260,630,trim20_each_end,0.2,0.2,EMG_ACC,24,ShrinkageLDA,792,420,70,0.80970520000119,success,0.8142857142857143,0.8142857142857143,0.9037037037037038,0.8142857142857143,0.7632520325203253,0.8,0.8,0.7,0.8,0.7333333333333333
feature_screen_with_shrinkage_lda,8,S08_personal_fold01,1,win1p0s_50ov__trim20_each_end__EMG_IMU__ShrinkageLDA,win1p0s_50ov,1.0,1260,630,trim20_each_end,0.2,0.2,EMG_IMU,42,ShrinkageLDA,1386,1013,70,5.160015699999349,success,0.8,0.8,0.7,0.8,0.7333333333333333,0.8,0.8,0.7,0.8,0.7333333333333333
feature_screen_with_shrinkage_lda,8,S08_personal_fold02,2,win1p0s_50ov__trim20_each_end__EMG_IMU__ShrinkageLDA,win1p0s_50ov,1.0,1260,630,trim20_each_end,0.2,0.2,EMG_IMU,42,ShrinkageLDA,1386,1013,70,5.091328700000304,success,1.0,1.0,1.0,1.0,1.0,1.0,1.0,1.0,1.0,1.0
feature_screen_with_shrinkage_lda,8,S08_personal_fold03,3,win1p0s_50ov__trim20_each_end__EMG_IMU__ShrinkageLDA,win1p0s_50ov,1.0,1260,630,trim20_each_end,0.2,0.2,EMG_IMU,42,ShrinkageLDA,1386,1013,70,5.1813026000018,success,0.9857142857142858,0.9857142857142858,0.9866666666666667,0.9857142857142858,0.9856960408684546,1.0,1.0,1.0,1.0,1.0
feature_screen_with_shrinkage_lda,8,S08_personal_fold04,4,win1p0s_50ov__trim20_each_end__EMG_IMU__ShrinkageLDA,win1p0s_50ov,1.0,1260,630,trim20_each_end,0.2,0.2,EMG_IMU,42,ShrinkageLDA,1386,1013,70,4.891189099998883,success,0.9142857142857143,0.9142857142857143,0.9400000000000001,0.9142857142857143,0.9101604278074866,1.0,1.0,1.0,1.0,1.0
feature_screen_with_shrinkage_lda,8,S08_personal_fold05,5,win1p0s_50ov__trim20_each_end__EMG_IMU__ShrinkageLDA,win1p0s_50ov,1.0,1260,630,trim20_each_end,0.2,0.2,EMG_IMU,42,ShrinkageLDA,1386,1013,70,4.885535699999309,success,0.8428571428571429,0.8428571428571429,0.8673684210526316,0.8428571428571429,0.839289446185998,1.0,1.0,1.0,1.0,1.0
feature_screen_with_shrinkage_lda,8,S08_personal_fold06,6,win1p0s_50ov__trim20_each_end__EMG_IMU__ShrinkageLDA,win1p0s_50ov,1.0,1260,630,trim20_each_end,0.2,0.2,EMG_IMU,42,ShrinkageLDA,1386,1013,70,5.073885400001018,success,0.7857142857142857,0.7857142857142858,0.8585812356979405,0.7857142857142858,0.7281863681863682,0.8,0.8,0.7,0.8,0.7333333333333333
feature_screen_with_shrinkage_lda,8,S08_personal_fold07,7,win1p0s_50ov__trim20_each_end__EMG_IMU__ShrinkageLDA,win1p0s_50ov,1.0,1260,630,trim20_each_end,0.2,0.2,EMG_IMU,42,ShrinkageLDA,1386,420,663,3.725544200002332,success,0.6832579185520362,0.6126099899771119,0.7463337437488994,0.6126099899771119,0.6133906390503505,0.8,0.8,0.7,0.8,0.7333333333333333
feature_screen_with_shrinkage_lda,8,S08_personal_fold08,8,win1p0s_50ov__trim20_each_end__EMG_IMU__ShrinkageLDA,win1p0s_50ov,1.0,1260,630,trim20_each_end,0.2,0.2,EMG_IMU,42,ShrinkageLDA,1386,420,70,3.842476200003148,success,0.8571428571428571,0.8571428571428571,0.9166666666666667,0.8571428571428571,0.8362573099415205,0.8,0.8,0.7,0.8,0.7333333333333333
model_screen_on_best_feature_config,8,S08_personal_fold01,1,win0p5s_50ov__trim10_each_end__EMG__ShrinkageLDA,win0p5s_50ov,0.5,630,315,trim10_each_end,0.1,0.1,EMG,6,ShrinkageLDA,198,2720,190,0.151330799999414,success,0.8578947368421053,0.8578947368421053,0.9169230769230768,0.8578947368421053,0.8373687339013276,0.8,0.8,0.7,0.8,0.7333333333333333
model_screen_on_best_feature_config,8,S08_personal_fold01,1,win0p5s_50ov__trim10_each_end__EMG__LogisticRegression,win0p5s_50ov,0.5,630,315,trim10_each_end,0.1,0.1,EMG,6,LogisticRegression,198,2720,190,0.36519810000027064,success,0.9052631578947369,0.9052631578947368,0.9329186602870813,0.9052631578947368,0.9021777023203169,1.0,1.0,1.0,1.0,1.0
model_screen_on_best_feature_config,8,S08_personal_fold01,1,win0p5s_50ov__trim10_each_end__EMG__RBF-SVM,win0p5s_50ov,0.5,630,315,trim10_each_end,0.1,0.1,EMG,6,RBF-SVM,198,2720,190,1.8658763999992516,success,0.9,0.9,0.9333333333333332,0.9,0.8933333333333333,1.0,1.0,1.0,1.0,1.0
model_screen_on_best_feature_config,8,S08_personal_fold01,1,win0p5s_50ov__trim10_each_end__EMG__RandomForest,win0p5s_50ov,0.5,630,315,trim10_each_end,0.1,0.1,EMG,6,RandomForest,198,2720,190,1.3025410000009288,success,0.8789473684210526,0.8789473684210527,0.9052631578947368,0.8789473684210527,0.8708771929824561,1.0,1.0,1.0,1.0,1.0
model_screen_on_best_feature_config,8,S08_personal_fold02,2,win1p0s_50ov__trim20_each_end__EMG_IMU__ShrinkageLDA,win1p0s_50ov,1.0,1260,630,trim20_each_end,0.2,0.2,EMG_IMU,42,ShrinkageLDA,1386,1013,70,5.007769899999403,success,1.0,1.0,1.0,1.0,1.0,1.0,1.0,1.0,1.0,1.0
model_screen_on_best_feature_config,8,S08_personal_fold02,2,win1p0s_50ov__trim20_each_end__EMG_IMU__LogisticRegression,win1p0s_50ov,1.0,1260,630,trim20_each_end,0.2,0.2,EMG_IMU,42,LogisticRegression,1386,1013,70,0.5275673999967694,success,0.9714285714285714,0.9714285714285715,0.975,0.9714285714285715,0.9712820512820514,1.0,1.0,1.0,1.0,1.0
model_screen_on_best_feature_config,8,S08_personal_fold02,2,win1p0s_50ov__trim20_each_end__EMG_IMU__RBF-SVM,win1p0s_50ov,1.0,1260,630,trim20_each_end,0.2,0.2,EMG_IMU,42,RBF-SVM,1386,1013,70,4.958486700001231,success,0.9571428571428572,0.9571428571428571,0.9616666666666667,0.9571428571428571,0.9569780921505059,1.0,1.0,1.0,1.0,1.0
model_screen_on_best_feature_config,8,S08_personal_fold02,2,win1p0s_50ov__trim20_each_end__EMG_IMU__RandomForest,win1p0s_50ov,1.0,1260,630,trim20_each_end,0.2,0.2,EMG_IMU,42,RandomForest,1386,1013,70,1.2123310999995738,success,0.9571428571428572,0.9571428571428571,0.9647058823529411,0.9571428571428571,0.9578531384982998,1.0,1.0,1.0,1.0,1.0
model_screen_on_best_feature_config,8,S08_personal_fold03,3,win1p0s_50ov__trim20_each_end__EMG_ACC__ShrinkageLDA,win1p0s_50ov,1.0,1260,630,trim20_each_end,0.2,0.2,EMG_ACC,24,ShrinkageLDA,792,1013,70,1.1756555000029039,success,1.0,1.0,1.0,1.0,1.0,1.0,1.0,1.0,1.0,1.0
model_screen_on_best_feature_config,8,S08_personal_fold03,3,win1p0s_50ov__trim20_each_end__EMG_ACC__LogisticRegression,win1p0s_50ov,1.0,1260,630,trim20_each_end,0.2,0.2,EMG_ACC,24,LogisticRegression,792,1013,70,0.328348899998673,success,0.8,0.8,0.8903703703703704,0.8,0.7489480733887799,0.8,0.8,0.7,0.8,0.7333333333333333
model_screen_on_best_feature_config,8,S08_personal_fold03,3,win1p0s_50ov__trim20_each_end__EMG_ACC__RBF-SVM,win1p0s_50ov,1.0,1260,630,trim20_each_end,0.2,0.2,EMG_ACC,24,RBF-SVM,792,1013,70,2.353871800001798,success,0.8714285714285714,0.8714285714285716,0.9217391304347826,0.8714285714285716,0.8566145092460882,0.8,0.8,0.7,0.8,0.7333333333333333
model_screen_on_best_feature_config,8,S08_personal_fold03,3,win1p0s_50ov__trim20_each_end__EMG_ACC__RandomForest,win1p0s_50ov,1.0,1260,630,trim20_each_end,0.2,0.2,EMG_ACC,24,RandomForest,792,1013,70,0.8599724999985483,success,0.9428571428571428,0.9428571428571428,0.9555555555555555,0.9428571428571428,0.9416666666666668,1.0,1.0,1.0,1.0,1.0
model_screen_on_best_feature_config,8,S08_personal_fold04,4,win1p0s_50ov__full_segment__EMG__ShrinkageLDA,win1p0s_50ov,1.0,1260,630,full_segment,0.0,0.0,EMG,6,ShrinkageLDA,198,1683,115,0.08936950000133947,success,0.9826086956521739,0.9826086956521738,0.984,0.9826086956521738,0.9825757575757577,1.0,1.0,1.0,1.0,1.0
model_screen_on_best_feature_config,8,S08_personal_fold04,4,win1p0s_50ov__full_segment__EMG__LogisticRegression,win1p0s_50ov,1.0,1260,630,full_segment,0.0,0.0,EMG,6,LogisticRegression,198,1683,115,0.14133249999940745,success,0.9217391304347826,0.9217391304347826,0.9358870967741936,0.9217391304347826,0.9197720797720799,1.0,1.0,1.0,1.0,1.0
model_screen_on_best_feature_config,8,S08_personal_fold04,4,win1p0s_50ov__full_segment__EMG__RBF-SVM,win1p0s_50ov,1.0,1260,630,full_segment,0.0,0.0,EMG,6,RBF-SVM,198,1683,115,0.8357383000002301,success,0.9565217391304348,0.9565217391304348,0.9642857142857142,0.9565217391304348,0.9573477593997429,1.0,1.0,1.0,1.0,1.0
model_screen_on_best_feature_config,8,S08_personal_fold04,4,win1p0s_50ov__full_segment__EMG__RandomForest,win1p0s_50ov,1.0,1260,630,full_segment,0.0,0.0,EMG,6,RandomForest,198,1683,115,0.800495299998147,success,0.991304347826087,0.9913043478260869,0.9916666666666668,0.9913043478260869,0.9913002364066195,1.0,1.0,1.0,1.0,1.0
model_screen_on_best_feature_config,8,S08_personal_fold05,5,win1p0s_50ov__full_segment__EMG__ShrinkageLDA,win1p0s_50ov,1.0,1260,630,full_segment,0.0,0.0,EMG,6,ShrinkageLDA,198,1683,116,0.09504250000100001,success,0.9137931034482759,0.914855072463768,0.920807453416149,0.914855072463768,0.9136580820396916,1.0,1.0,1.0,1.0,1.0
model_screen_on_best_feature_config,8,S08_personal_fold05,5,win1p0s_50ov__full_segment__EMG__LogisticRegression,win1p0s_50ov,1.0,1260,630,full_segment,0.0,0.0,EMG,6,LogisticRegression,198,1683,116,0.14225430000078632,success,0.8448275862068966,0.8438405797101449,0.8846153846153847,0.8438405797101449,0.8257545946770379,0.8,0.8,0.7,0.8,0.7333333333333333
model_screen_on_best_feature_config,8,S08_personal_fold05,5,win1p0s_50ov__full_segment__EMG__RBF-SVM,win1p0s_50ov,1.0,1260,630,full_segment,0.0,0.0,EMG,6,RBF-SVM,198,1683,116,0.8715267000006861,success,0.8620689655172413,0.8612318840579711,0.8810718954248365,0.8612318840579711,0.8404815229563269,0.8,0.8,0.7,0.8,0.7333333333333333
model_screen_on_best_feature_config,8,S08_personal_fold05,5,win1p0s_50ov__full_segment__EMG__RandomForest,win1p0s_50ov,1.0,1260,630,full_segment,0.0,0.0,EMG,6,RandomForest,198,1683,116,0.8063736000003701,success,0.8620689655172413,0.8623188405797102,0.8700606060606061,0.8623188405797102,0.8535600364547733,1.0,1.0,1.0,1.0,1.0
model_screen_on_best_feature_config,8,S08_personal_fold06,6,win1p0s_50ov__trim10_each_end__EMG__ShrinkageLDA,win1p0s_50ov,1.0,1260,630,trim10_each_end,0.1,0.1,EMG,6,ShrinkageLDA,198,1358,95,0.08675009999933536,success,0.9157894736842105,0.9157894736842106,0.9361538461538462,0.9157894736842106,0.9163147963147964,1.0,1.0,1.0,1.0,1.0
model_screen_on_best_feature_config,8,S08_personal_fold06,6,win1p0s_50ov__trim10_each_end__EMG__LogisticRegression,win1p0s_50ov,1.0,1260,630,trim10_each_end,0.1,0.1,EMG,6,LogisticRegression,198,1358,95,0.0956581999998889,success,0.9052631578947369,0.9052631578947368,0.9161697722567288,0.9052631578947368,0.9046390864037923,1.0,1.0,1.0,1.0,1.0
model_screen_on_best_feature_config,8,S08_personal_fold06,6,win1p0s_50ov__trim10_each_end__EMG__RBF-SVM,win1p0s_50ov,1.0,1260,630,trim10_each_end,0.1,0.1,EMG,6,RBF-SVM,198,1358,95,0.6072277999992366,success,0.9157894736842105,0.9157894736842105,0.9292857142857143,0.9157894736842105,0.9130048698071954,1.0,1.0,1.0,1.0,1.0
model_screen_on_best_feature_config,8,S08_personal_fold06,6,win1p0s_50ov__trim10_each_end__EMG__RandomForest,win1p0s_50ov,1.0,1260,630,trim10_each_end,0.1,0.1,EMG,6,RandomForest,198,1358,95,0.6413611999996647,success,0.8421052631578947,0.8421052631578947,0.8771043771043772,0.8421052631578947,0.8410826642427915,1.0,1.0,1.0,1.0,1.0
model_screen_on_best_feature_config,8,S08_personal_fold07,7,win0p25s_50ov__full_segment__EMG__ShrinkageLDA,win0p25s_50ov,0.25,315,157,full_segment,0.0,0.0,EMG,6,ShrinkageLDA,198,2880,4445,0.16678889999820967,success,0.8717660292463442,0.8466114081440083,0.8726980080723991,0.8466114081440083,0.8538092344367033,1.0,1.0,1.0,1.0,1.0
model_screen_on_best_feature_config,8,S08_personal_fold07,7,win0p25s_50ov__full_segment__EMG__LogisticRegression,win0p25s_50ov,0.25,315,157,full_segment,0.0,0.0,EMG,6,LogisticRegression,198,2880,4445,0.37228090000280645,success,0.8051743532058493,0.7660919191275826,0.8183308879064649,0.7660919191275826,0.7685804031944223,1.0,1.0,1.0,1.0,1.0
model_screen_on_best_feature_config,8,S08_personal_fold07,7,win0p25s_50ov__full_segment__EMG__RBF-SVM,win0p25s_50ov,0.25,315,157,full_segment,0.0,0.0,EMG,6,RBF-SVM,198,2880,4445,2.5193663999998535,success,0.7417322834645669,0.69109820332596,0.8134930122775266,0.69109820332596,0.6921330562184552,0.8,0.8,0.7,0.8,0.7333333333333333
model_screen_on_best_feature_config,8,S08_personal_fold07,7,win0p25s_50ov__full_segment__EMG__RandomForest,win0p25s_50ov,0.25,315,157,full_segment,0.0,0.0,EMG,6,RandomForest,198,2880,4445,1.3616814000015438,success,0.8355455568053993,0.8021673501614689,0.8432702748969543,0.8021673501614689,0.8120401639217218,1.0,1.0,1.0,1.0,1.0
model_screen_on_best_feature_config,8,S08_personal_fold08,8,win0p5s_50ov__full_segment__EMG__ShrinkageLDA,win0p5s_50ov,0.5,630,315,full_segment,0.0,0.0,EMG,6,ShrinkageLDA,198,1413,235,0.09560710000005201,success,0.9787234042553191,0.9787234042553191,0.9793367346938776,0.9787234042553191,0.9788086538224945,1.0,1.0,1.0,1.0,1.0
model_screen_on_best_feature_config,8,S08_personal_fold08,8,win0p5s_50ov__full_segment__EMG__LogisticRegression,win0p5s_50ov,0.5,630,315,full_segment,0.0,0.0,EMG,6,LogisticRegression,198,1413,235,0.13103549999868846,success,0.8127659574468085,0.8127659574468085,0.8679158283031521,0.8127659574468085,0.7925094041669916,0.8,0.8,0.7,0.8,0.7333333333333333
model_screen_on_best_feature_config,8,S08_personal_fold08,8,win0p5s_50ov__full_segment__EMG__RBF-SVM,win0p5s_50ov,0.5,630,315,full_segment,0.0,0.0,EMG,6,RBF-SVM,198,1413,235,0.5830301999994845,success,0.8,0.7999999999999999,0.8791666666666667,0.7999999999999999,0.7773218073501903,0.8,0.8,0.7,0.8,0.7333333333333333
model_screen_on_best_feature_config,8,S08_personal_fold08,8,win0p5s_50ov__full_segment__EMG__RandomForest,win0p5s_50ov,0.5,630,315,full_segment,0.0,0.0,EMG,6,RandomForest,198,1413,235,0.6055773000007321,success,0.7914893617021277,0.7914893617021277,0.8105499735589635,0.7914893617021277,0.7829470785731283,0.8,0.8,0.7,0.8,0.7333333333333333
feature_screen_with_shrinkage_lda,10,S10_personal_fold01,1,win0p25s_50ov__full_segment__EMG__ShrinkageLDA,win0p25s_50ov,0.25,315,157,full_segment,0.0,0.0,EMG,6,ShrinkageLDA,198,6680,480,0.31074769999759155,success,0.45,0.45,0.6570971724412584,0.45,0.4541069308795822,0.4,0.4,0.25,0.4,0.27999999999999997
feature_screen_with_shrinkage_lda,10,S10_personal_fold02,2,win0p25s_50ov__full_segment__EMG__ShrinkageLDA,win0p25s_50ov,0.25,315,157,full_segment,0.0,0.0,EMG,6,ShrinkageLDA,198,6680,480,0.3561675999990257,success,0.55625,0.55625,0.43400397137611935,0.55625,0.4632793181096053,0.6,0.6,0.4666666666666666,0.6,0.5
feature_screen_with_shrinkage_lda,10,S10_personal_fold03,3,win0p25s_50ov__full_segment__EMG__ShrinkageLDA,win0p25s_50ov,0.25,315,157,full_segment,0.0,0.0,EMG,6,ShrinkageLDA,198,6680,480,0.3359960999987379,success,0.6916666666666667,0.6916666666666667,0.7253980544596235,0.6916666666666667,0.6480488165266498,0.8,0.8,0.7,0.8,0.7333333333333333
feature_screen_with_shrinkage_lda,10,S10_personal_fold04,4,win0p25s_50ov__full_segment__EMG__ShrinkageLDA,win0p25s_50ov,0.25,315,157,full_segment,0.0,0.0,EMG,6,ShrinkageLDA,198,6680,480,0.3630825000000186,success,0.7729166666666667,0.7729166666666667,0.8094698907230876,0.7729166666666667,0.7733645608213544,0.8,0.8,0.7,0.8,0.7333333333333333
feature_screen_with_shrinkage_lda,10,S10_personal_fold05,5,win0p25s_50ov__full_segment__EMG__ShrinkageLDA,win0p25s_50ov,0.25,315,157,full_segment,0.0,0.0,EMG,6,ShrinkageLDA,198,6680,480,0.3169988000008743,success,0.61875,0.61875,0.6149687413750669,0.61875,0.6115197731230363,0.6,0.6,0.6,0.6,0.6
feature_screen_with_shrinkage_lda,10,S10_personal_fold06,6,win0p25s_50ov__full_segment__EMG__ShrinkageLDA,win0p25s_50ov,0.25,315,157,full_segment,0.0,0.0,EMG,6,ShrinkageLDA,198,6680,480,0.32396179999705055,success,0.68125,0.68125,0.7524775958493363,0.68125,0.6723745644407519,0.8,0.8,0.7,0.8,0.7333333333333333
feature_screen_with_shrinkage_lda,10,S10_personal_fold07,7,win0p25s_50ov__full_segment__EMG__ShrinkageLDA,win0p25s_50ov,0.25,315,157,full_segment,0.0,0.0,EMG,6,ShrinkageLDA,198,2880,4280,0.15385729999979958,success,0.7252336448598131,0.6519232100251837,0.6871174247089255,0.6519232100251837,0.654332272194033,0.8,0.8,0.7,0.8,0.7333333333333333
feature_screen_with_shrinkage_lda,10,S10_personal_fold08,8,win0p25s_50ov__full_segment__EMG__ShrinkageLDA,win0p25s_50ov,0.25,315,157,full_segment,0.0,0.0,EMG,6,ShrinkageLDA,198,2880,480,0.14788810000027297,success,0.8416666666666667,0.8416666666666666,0.8601930843420528,0.8416666666666666,0.8364229216787308,1.0,1.0,1.0,1.0,1.0
feature_screen_with_shrinkage_lda,10,S10_personal_fold01,1,win0p25s_50ov__full_segment__EMG_ACC__ShrinkageLDA,win0p25s_50ov,0.25,315,157,full_segment,0.0,0.0,EMG_ACC,24,ShrinkageLDA,792,6680,480,4.304267199997412,success,0.5270833333333333,0.5270833333333333,0.5600641960898745,0.5270833333333333,0.4829545409321089,0.6,0.6,0.4,0.6,0.4666666666666666
feature_screen_with_shrinkage_lda,10,S10_personal_fold02,2,win0p25s_50ov__full_segment__EMG_ACC__ShrinkageLDA,win0p25s_50ov,0.25,315,157,full_segment,0.0,0.0,EMG_ACC,24,ShrinkageLDA,792,6680,480,4.203025200000411,success,0.5,0.5,0.518857335665395,0.5,0.4558319476094718,0.6,0.6,0.4666666666666666,0.6,0.5
feature_screen_with_shrinkage_lda,10,S10_personal_fold03,3,win0p25s_50ov__full_segment__EMG_ACC__ShrinkageLDA,win0p25s_50ov,0.25,315,157,full_segment,0.0,0.0,EMG_ACC,24,ShrinkageLDA,792,6680,480,4.431085500000336,success,0.6979166666666666,0.6979166666666666,0.758217130232057,0.6979166666666666,0.6669417974106212,0.8,0.8,0.7,0.8,0.7333333333333333
feature_screen_with_shrinkage_lda,10,S10_personal_fold04,4,win0p25s_50ov__full_segment__EMG_ACC__ShrinkageLDA,win0p25s_50ov,0.25,315,157,full_segment,0.0,0.0,EMG_ACC,24,ShrinkageLDA,792,6680,480,4.123083000002225,success,0.7791666666666667,0.7791666666666667,0.841098347040622,0.7791666666666667,0.7733975633545187,0.8,0.8,0.7,0.8,0.7333333333333333
feature_screen_with_shrinkage_lda,10,S10_personal_fold05,5,win0p25s_50ov__full_segment__EMG_ACC__ShrinkageLDA,win0p25s_50ov,0.25,315,157,full_segment,0.0,0.0,EMG_ACC,24,ShrinkageLDA,792,6680,480,4.4647470000018075,success,0.56875,0.56875,0.6025725392337389,0.56875,0.5820756093959576,0.6,0.6,0.6,0.6,0.6
feature_screen_with_shrinkage_lda,10,S10_personal_fold06,6,win0p25s_50ov__full_segment__EMG_ACC__ShrinkageLDA,win0p25s_50ov,0.25,315,157,full_segment,0.0,0.0,EMG_ACC,24,ShrinkageLDA,792,6680,480,4.395480899998802,success,0.6875,0.6875,0.634998902272482,0.6875,0.6358966262648005,0.8,0.8,0.7,0.8,0.7333333333333333
feature_screen_with_shrinkage_lda,10,S10_personal_fold07,7,win0p25s_50ov__full_segment__EMG_ACC__ShrinkageLDA,win0p25s_50ov,0.25,315,157,full_segment,0.0,0.0,EMG_ACC,24,ShrinkageLDA,792,2880,4280,2.1570045000007667,success,0.6642523364485982,0.5852743381497845,0.6427950444553652,0.5852743381497845,0.5885597358461301,1.0,1.0,1.0,1.0,1.0
feature_screen_with_shrinkage_lda,10,S10_personal_fold08,8,win0p25s_50ov__full_segment__EMG_ACC__ShrinkageLDA,win0p25s_50ov,0.25,315,157,full_segment,0.0,0.0,EMG_ACC,24,ShrinkageLDA,792,2880,480,2.1673111999989487,success,0.61875,0.61875,0.5842249271011671,0.61875,0.5589555172229439,0.8,0.8,0.7,0.8,0.7333333333333333
feature_screen_with_shrinkage_lda,10,S10_personal_fold01,1,win0p25s_50ov__full_segment__EMG_IMU__ShrinkageLDA,win0p25s_50ov,0.25,315,157,full_segment,0.0,0.0,EMG_IMU,42,ShrinkageLDA,1386,6680,480,18.141237799998635,success,0.5291666666666667,0.5291666666666667,0.5448412228963513,0.5291666666666667,0.48533333987762983,0.6,0.6,0.4,0.6,0.4666666666666666
feature_screen_with_shrinkage_lda,10,S10_personal_fold02,2,win0p25s_50ov__full_segment__EMG_IMU__ShrinkageLDA,win0p25s_50ov,0.25,315,157,full_segment,0.0,0.0,EMG_IMU,42,ShrinkageLDA,1386,6680,480,17.407146300000022,success,0.5020833333333333,0.5020833333333333,0.469841159042611,0.5020833333333333,0.44615614809098003,0.6,0.6,0.4666666666666666,0.6,0.5
feature_screen_with_shrinkage_lda,10,S10_personal_fold03,3,win0p25s_50ov__full_segment__EMG_IMU__ShrinkageLDA,win0p25s_50ov,0.25,315,157,full_segment,0.0,0.0,EMG_IMU,42,ShrinkageLDA,1386,6680,480,17.298127199999726,success,0.7,0.7,0.7472475425623852,0.7,0.6798792618918488,0.8,0.8,0.7,0.8,0.7333333333333333
feature_screen_with_shrinkage_lda,10,S10_personal_fold04,4,win0p25s_50ov__full_segment__EMG_IMU__ShrinkageLDA,win0p25s_50ov,0.25,315,157,full_segment,0.0,0.0,EMG_IMU,42,ShrinkageLDA,1386,6680,480,17.57114499999807,success,0.7958333333333333,0.7958333333333334,0.8506349367316816,0.7958333333333334,0.7989187482997766,0.8,0.8,0.7,0.8,0.7333333333333333
feature_screen_with_shrinkage_lda,10,S10_personal_fold05,5,win0p25s_50ov__full_segment__EMG_IMU__ShrinkageLDA,win0p25s_50ov,0.25,315,157,full_segment,0.0,0.0,EMG_IMU,42,ShrinkageLDA,1386,6680,480,17.84042699999918,success,0.5875,0.5875,0.6197619047619047,0.5875,0.596453053187227,0.6,0.6,0.6,0.6,0.6
feature_screen_with_shrinkage_lda,10,S10_personal_fold06,6,win0p25s_50ov__full_segment__EMG_IMU__ShrinkageLDA,win0p25s_50ov,0.25,315,157,full_segment,0.0,0.0,EMG_IMU,42,ShrinkageLDA,1386,6680,480,17.44578299999921,success,0.6958333333333333,0.6958333333333333,0.633582430356624,0.6958333333333333,0.6429838718462211,0.8,0.8,0.7,0.8,0.7333333333333333
feature_screen_with_shrinkage_lda,10,S10_personal_fold07,7,win0p25s_50ov__full_segment__EMG_IMU__ShrinkageLDA,win0p25s_50ov,0.25,315,157,full_segment,0.0,0.0,EMG_IMU,42,ShrinkageLDA,1386,2880,4280,8.969723800000793,success,0.652803738317757,0.569524593334372,0.60588807851006,0.569524593334372,0.5746217931341852,1.0,1.0,1.0,1.0,1.0
feature_screen_with_shrinkage_lda,10,S10_personal_fold08,8,win0p25s_50ov__full_segment__EMG_IMU__ShrinkageLDA,win0p25s_50ov,0.25,315,157,full_segment,0.0,0.0,EMG_IMU,42,ShrinkageLDA,1386,2880,480,8.845953399999416,success,0.6541666666666667,0.6541666666666667,0.6242334988358721,0.6541666666666667,0.5961626998846057,0.8,0.8,0.7,0.8,0.7333333333333333
feature_screen_with_shrinkage_lda,10,S10_personal_fold01,1,win0p25s_50ov__trim10_each_end__EMG__ShrinkageLDA,win0p25s_50ov,0.25,315,157,trim10_each_end,0.1,0.1,EMG,6,ShrinkageLDA,198,5348,385,0.24146400000245194,success,0.43376623376623374,0.4337662337662337,0.70328683662017,0.4337662337662337,0.43560526471193783,0.2,0.2,0.2,0.2,0.2
feature_screen_with_shrinkage_lda,10,S10_personal_fold02,2,win0p25s_50ov__trim10_each_end__EMG__ShrinkageLDA,win0p25s_50ov,0.25,315,157,trim10_each_end,0.1,0.1,EMG,6,ShrinkageLDA,198,5348,385,0.2946243999977014,success,0.5688311688311688,0.5688311688311688,0.4988405797101449,0.5688311688311688,0.47299754654351284,0.6,0.6,0.4666666666666666,0.6,0.5
feature_screen_with_shrinkage_lda,10,S10_personal_fold03,3,win0p25s_50ov__trim10_each_end__EMG__ShrinkageLDA,win0p25s_50ov,0.25,315,157,trim10_each_end,0.1,0.1,EMG,6,ShrinkageLDA,198,5348,385,0.29776330000095186,success,0.7480519480519481,0.748051948051948,0.7975576018271981,0.748051948051948,0.7086950588916832,0.8,0.8,0.7,0.8,0.7333333333333333
feature_screen_with_shrinkage_lda,10,S10_personal_fold04,4,win0p25s_50ov__trim10_each_end__EMG__ShrinkageLDA,win0p25s_50ov,0.25,315,157,trim10_each_end,0.1,0.1,EMG,6,ShrinkageLDA,198,5348,385,0.30268530000103055,success,0.7792207792207793,0.7792207792207793,0.8120119023506598,0.7792207792207793,0.7777724174236809,0.8,0.8,0.7,0.8,0.7333333333333333
feature_screen_with_shrinkage_lda,10,S10_personal_fold05,5,win0p25s_50ov__trim10_each_end__EMG__ShrinkageLDA,win0p25s_50ov,0.25,315,157,trim10_each_end,0.1,0.1,EMG,6,ShrinkageLDA,198,5348,385,0.2895300000018324,success,0.6441558441558441,0.6441558441558441,0.6306459574011481,0.6441558441558441,0.6304535967950736,0.8,0.8,0.7,0.8,0.7333333333333333
feature_screen_with_shrinkage_lda,10,S10_personal_fold06,6,win0p25s_50ov__trim10_each_end__EMG__ShrinkageLDA,win0p25s_50ov,0.25,315,157,trim10_each_end,0.1,0.1,EMG,6,ShrinkageLDA,198,5348,385,0.2729284999986703,success,0.7064935064935065,0.7064935064935065,0.7592582446190693,0.7064935064935065,0.6932281802571774,0.8,0.8,0.7,0.8,0.7333333333333333
feature_screen_with_shrinkage_lda,10,S10_personal_fold07,7,win0p25s_50ov__trim10_each_end__EMG__ShrinkageLDA,win0p25s_50ov,0.25,315,157,trim10_each_end,0.1,0.1,EMG,6,ShrinkageLDA,198,2310,3423,0.13519180000002962,success,0.7058136137890739,0.6277599827438307,0.6667782014651369,0.6277599827438307,0.6230695727063165,0.8,0.8,0.7,0.8,0.7333333333333333
feature_screen_with_shrinkage_lda,10,S10_personal_fold08,8,win0p25s_50ov__trim10_each_end__EMG__ShrinkageLDA,win0p25s_50ov,0.25,315,157,trim10_each_end,0.1,0.1,EMG,6,ShrinkageLDA,198,2310,385,0.13570749999780674,success,0.8571428571428571,0.8571428571428571,0.8768649667306756,0.8571428571428571,0.8517170267689951,1.0,1.0,1.0,1.0,1.0
feature_screen_with_shrinkage_lda,10,S10_personal_fold01,1,win0p25s_50ov__trim10_each_end__EMG_ACC__ShrinkageLDA,win0p25s_50ov,0.25,315,157,trim10_each_end,0.1,0.1,EMG_ACC,24,ShrinkageLDA,792,5348,385,3.711011999999755,success,0.5116883116883116,0.5116883116883116,0.531901199088803,0.5116883116883116,0.46884539434663985,0.8,0.8,0.7,0.8,0.7333333333333333
feature_screen_with_shrinkage_lda,10,S10_personal_fold02,2,win0p25s_50ov__trim10_each_end__EMG_ACC__ShrinkageLDA,win0p25s_50ov,0.25,315,157,trim10_each_end,0.1,0.1,EMG_ACC,24,ShrinkageLDA,792,5348,385,3.470661100000143,success,0.4831168831168831,0.48311688311688317,0.4390548554484804,0.48311688311688317,0.41276439867048664,0.6,0.6,0.4666666666666666,0.6,0.5
feature_screen_with_shrinkage_lda,10,S10_personal_fold03,3,win0p25s_50ov__trim10_each_end__EMG_ACC__ShrinkageLDA,win0p25s_50ov,0.25,315,157,trim10_each_end,0.1,0.1,EMG_ACC,24,ShrinkageLDA,792,5348,385,3.5859306000020297,success,0.7766233766233767,0.7766233766233765,0.8233502308503571,0.7766233766233765,0.7473569540601799,0.8,0.8,0.7,0.8,0.7333333333333333
feature_screen_with_shrinkage_lda,10,S10_personal_fold04,4,win0p25s_50ov__trim10_each_end__EMG_ACC__ShrinkageLDA,win0p25s_50ov,0.25,315,157,trim10_each_end,0.1,0.1,EMG_ACC,24,ShrinkageLDA,792,5348,385,3.480655300001672,success,0.7688311688311689,0.7688311688311689,0.8168152866242039,0.7688311688311689,0.7470704607960585,0.8,0.8,0.7,0.8,0.7333333333333333
feature_screen_with_shrinkage_lda,10,S10_personal_fold05,5,win0p25s_50ov__trim10_each_end__EMG_ACC__ShrinkageLDA,win0p25s_50ov,0.25,315,157,trim10_each_end,0.1,0.1,EMG_ACC,24,ShrinkageLDA,792,5348,385,3.5972981000013533,success,0.587012987012987,0.5870129870129871,0.6455852907200617,0.5870129870129871,0.5968639404831255,0.8,0.8,0.7,0.8,0.7333333333333333
feature_screen_with_shrinkage_lda,10,S10_personal_fold06,6,win0p25s_50ov__trim10_each_end__EMG_ACC__ShrinkageLDA,win0p25s_50ov,0.25,315,157,trim10_each_end,0.1,0.1,EMG_ACC,24,ShrinkageLDA,792,5348,385,3.452514299999166,success,0.7168831168831169,0.7168831168831169,0.6618434504828992,0.7168831168831169,0.6664893560545735,0.8,0.8,0.7,0.8,0.7333333333333333
feature_screen_with_shrinkage_lda,10,S10_personal_fold07,7,win0p25s_50ov__trim10_each_end__EMG_ACC__ShrinkageLDA,win0p25s_50ov,0.25,315,157,trim10_each_end,0.1,0.1,EMG_ACC,24,ShrinkageLDA,792,2310,3423,1.832879800000228,success,0.6733859187846918,0.5948879706278202,0.6594548361165058,0.5948879706278202,0.597118474851736,1.0,1.0,1.0,1.0,1.0
feature_screen_with_shrinkage_lda,10,S10_personal_fold08,8,win0p25s_50ov__trim10_each_end__EMG_ACC__ShrinkageLDA,win0p25s_50ov,0.25,315,157,trim10_each_end,0.1,0.1,EMG_ACC,24,ShrinkageLDA,792,2310,385,1.7802258000010625,success,0.6571428571428571,0.6571428571428571,0.6111126250768628,0.6571428571428571,0.5970513190387383,0.8,0.8,0.7,0.8,0.7333333333333333
feature_screen_with_shrinkage_lda,10,S10_personal_fold01,1,win0p25s_50ov__trim10_each_end__EMG_IMU__ShrinkageLDA,win0p25s_50ov,0.25,315,157,trim10_each_end,0.1,0.1,EMG_IMU,42,ShrinkageLDA,1386,5348,385,14.711627299999236,success,0.5246753246753246,0.5246753246753246,0.5360507075326467,0.5246753246753246,0.4810611503799535,0.8,0.8,0.7,0.8,0.7333333333333333
feature_screen_with_shrinkage_lda,10,S10_personal_fold02,2,win0p25s_50ov__trim10_each_end__EMG_IMU__ShrinkageLDA,win0p25s_50ov,0.25,315,157,trim10_each_end,0.1,0.1,EMG_IMU,42,ShrinkageLDA,1386,5348,385,14.374001599997428,success,0.5064935064935064,0.5064935064935064,0.4422379312870852,0.5064935064935064,0.4324450197441353,0.6,0.6,0.4,0.6,0.4666666666666666
feature_screen_with_shrinkage_lda,10,S10_personal_fold03,3,win0p25s_50ov__trim10_each_end__EMG_IMU__ShrinkageLDA,win0p25s_50ov,0.25,315,157,trim10_each_end,0.1,0.1,EMG_IMU,42,ShrinkageLDA,1386,5348,385,14.505146000003151,success,0.7662337662337663,0.7662337662337662,0.7926902726902727,0.7662337662337662,0.7434249084249084,0.8,0.8,0.7,0.8,0.7333333333333333
feature_screen_with_shrinkage_lda,10,S10_personal_fold04,4,win0p25s_50ov__trim10_each_end__EMG_IMU__ShrinkageLDA,win0p25s_50ov,0.25,315,157,trim10_each_end,0.1,0.1,EMG_IMU,42,ShrinkageLDA,1386,5348,385,14.264994400000433,success,0.7922077922077922,0.7922077922077922,0.8410674573758339,0.7922077922077922,0.7886931915095896,0.8,0.8,0.7,0.8,0.7333333333333333
feature_screen_with_shrinkage_lda,10,S10_personal_fold05,5,win0p25s_50ov__trim10_each_end__EMG_IMU__ShrinkageLDA,win0p25s_50ov,0.25,315,157,trim10_each_end,0.1,0.1,EMG_IMU,42,ShrinkageLDA,1386,5348,385,14.457341299999825,success,0.587012987012987,0.587012987012987,0.6342372180442586,0.587012987012987,0.5883265148130613,0.8,0.8,0.7,0.8,0.7333333333333333
feature_screen_with_shrinkage_lda,10,S10_personal_fold06,6,win0p25s_50ov__trim10_each_end__EMG_IMU__ShrinkageLDA,win0p25s_50ov,0.25,315,157,trim10_each_end,0.1,0.1,EMG_IMU,42,ShrinkageLDA,1386,5348,385,14.405654700000014,success,0.7012987012987013,0.7012987012987013,0.6598628531153106,0.7012987012987013,0.6530660128217747,0.8,0.8,0.7,0.8,0.7333333333333333
feature_screen_with_shrinkage_lda,10,S10_personal_fold07,7,win0p25s_50ov__trim10_each_end__EMG_IMU__ShrinkageLDA,win0p25s_50ov,0.25,315,157,trim10_each_end,0.1,0.1,EMG_IMU,42,ShrinkageLDA,1386,2310,3423,8.038649500002066,success,0.6669588080631026,0.5866599664953689,0.6158695565644123,0.5866599664953689,0.5906789680572797,1.0,1.0,1.0,1.0,1.0
feature_screen_with_shrinkage_lda,10,S10_personal_fold08,8,win0p25s_50ov__trim10_each_end__EMG_IMU__ShrinkageLDA,win0p25s_50ov,0.25,315,157,trim10_each_end,0.1,0.1,EMG_IMU,42,ShrinkageLDA,1386,2310,385,8.080305999999837,success,0.6597402597402597,0.6597402597402597,0.6232143706169023,0.6597402597402597,0.5929863640949751,0.8,0.8,0.7,0.8,0.7333333333333333
feature_screen_with_shrinkage_lda,10,S10_personal_fold01,1,win0p25s_50ov__trim20_each_end__EMG__ShrinkageLDA,win0p25s_50ov,0.25,315,157,trim20_each_end,0.2,0.2,EMG,6,ShrinkageLDA,198,3993,285,0.1925225999984832,success,0.37543859649122807,0.375438596491228,0.6697517730496454,0.375438596491228,0.38293473551538065,0.2,0.2,0.2,0.2,0.2
feature_screen_with_shrinkage_lda,10,S10_personal_fold02,2,win0p25s_50ov__trim20_each_end__EMG__ShrinkageLDA,win0p25s_50ov,0.25,315,157,trim20_each_end,0.2,0.2,EMG,6,ShrinkageLDA,198,3993,285,0.18288119999851915,success,0.5684210526315789,0.5684210526315789,0.43071080817916263,0.5684210526315789,0.4719329012581014,0.6,0.6,0.4666666666666666,0.6,0.5
feature_screen_with_shrinkage_lda,10,S10_personal_fold03,3,win0p25s_50ov__trim20_each_end__EMG__ShrinkageLDA,win0p25s_50ov,0.25,315,157,trim20_each_end,0.2,0.2,EMG,6,ShrinkageLDA,198,3993,285,0.21130660000198986,success,0.7473684210526316,0.7473684210526316,0.7841341909554643,0.7473684210526316,0.703206952540084,0.8,0.8,0.7,0.8,0.7333333333333333
feature_screen_with_shrinkage_lda,10,S10_personal_fold04,4,win0p25s_50ov__trim20_each_end__EMG__ShrinkageLDA,win0p25s_50ov,0.25,315,157,trim20_each_end,0.2,0.2,EMG,6,ShrinkageLDA,198,3993,285,0.22883509999883245,success,0.8105263157894737,0.8105263157894737,0.8401470588235295,0.8105263157894737,0.8055493134211483,0.8,0.8,0.7,0.8,0.7333333333333333
feature_screen_with_shrinkage_lda,10,S10_personal_fold05,5,win0p25s_50ov__trim20_each_end__EMG__ShrinkageLDA,win0p25s_50ov,0.25,315,157,trim20_each_end,0.2,0.2,EMG,6,ShrinkageLDA,198,3993,285,0.19282550000207266,success,0.6912280701754386,0.6912280701754386,0.6525945165945166,0.6912280701754386,0.66364982447072,0.8,0.8,0.7,0.8,0.7333333333333333
feature_screen_with_shrinkage_lda,10,S10_personal_fold06,6,win0p25s_50ov__trim20_each_end__EMG__ShrinkageLDA,win0p25s_50ov,0.25,315,157,trim20_each_end,0.2,0.2,EMG,6,ShrinkageLDA,198,3993,285,0.21736870000313502,success,0.7087719298245614,0.7087719298245613,0.7564922547332186,0.7087719298245613,0.6883089976122622,0.8,0.8,0.7,0.8,0.7333333333333333
feature_screen_with_shrinkage_lda,10,S10_personal_fold07,7,win0p25s_50ov__trim20_each_end__EMG__ShrinkageLDA,win0p25s_50ov,0.25,315,157,trim20_each_end,0.2,0.2,EMG,6,ShrinkageLDA,198,1710,2568,0.12078760000076727,success,0.6873052959501558,0.6068512692372526,0.713926424685392,0.6068512692372526,0.5937282298633452,0.8,0.8,0.7,0.8,0.7333333333333333
feature_screen_with_shrinkage_lda,10,S10_personal_fold08,8,win0p25s_50ov__trim20_each_end__EMG__ShrinkageLDA,win0p25s_50ov,0.25,315,157,trim20_each_end,0.2,0.2,EMG,6,ShrinkageLDA,198,1710,285,0.09050410000054399,success,0.8526315789473684,0.8526315789473685,0.8815730575751433,0.8526315789473685,0.8475303769345702,1.0,1.0,1.0,1.0,1.0
feature_screen_with_shrinkage_lda,10,S10_personal_fold01,1,win0p25s_50ov__trim20_each_end__EMG_ACC__ShrinkageLDA,win0p25s_50ov,0.25,315,157,trim20_each_end,0.2,0.2,EMG_ACC,24,ShrinkageLDA,792,3993,285,3.091063399999257,success,0.4456140350877193,0.44561403508771935,0.5152597402597403,0.44561403508771935,0.4016624439772333,0.6,0.6,0.4,0.6,0.4666666666666666
feature_screen_with_shrinkage_lda,10,S10_personal_fold02,2,win0p25s_50ov__trim20_each_end__EMG_ACC__ShrinkageLDA,win0p25s_50ov,0.25,315,157,trim20_each_end,0.2,0.2,EMG_ACC,24,ShrinkageLDA,792,3993,285,2.8492704999989655,success,0.4631578947368421,0.4631578947368421,0.46632653061224494,0.4631578947368421,0.3893001278473235,0.6,0.6,0.4666666666666666,0.6,0.5
feature_screen_with_shrinkage_lda,10,S10_personal_fold03,3,win0p25s_50ov__trim20_each_end__EMG_ACC__ShrinkageLDA,win0p25s_50ov,0.25,315,157,trim20_each_end,0.2,0.2,EMG_ACC,24,ShrinkageLDA,792,3993,285,2.865468100000726,success,0.7684210526315789,0.7684210526315789,0.8260488069921665,0.7684210526315789,0.7198455168020386,0.8,0.8,0.7,0.8,0.7333333333333333
feature_screen_with_shrinkage_lda,10,S10_personal_fold04,4,win0p25s_50ov__trim20_each_end__EMG_ACC__ShrinkageLDA,win0p25s_50ov,0.25,315,157,trim20_each_end,0.2,0.2,EMG_ACC,24,ShrinkageLDA,792,3993,285,2.8357747000009113,success,0.7684210526315789,0.7684210526315789,0.7966101694915254,0.7684210526315789,0.7330356202182365,0.8,0.8,0.7,0.8,0.7333333333333333
feature_screen_with_shrinkage_lda,10,S10_personal_fold05,5,win0p25s_50ov__trim20_each_end__EMG_ACC__ShrinkageLDA,win0p25s_50ov,0.25,315,157,trim20_each_end,0.2,0.2,EMG_ACC,24,ShrinkageLDA,792,3993,285,2.654675399997359,success,0.6771929824561403,0.6771929824561405,0.6698995232856619,0.6771929824561405,0.6644259919052513,0.8,0.8,0.7,0.8,0.7333333333333333
feature_screen_with_shrinkage_lda,10,S10_personal_fold06,6,win0p25s_50ov__trim20_each_end__EMG_ACC__ShrinkageLDA,win0p25s_50ov,0.25,315,157,trim20_each_end,0.2,0.2,EMG_ACC,24,ShrinkageLDA,792,3993,285,2.762454199997592,success,0.6912280701754386,0.6912280701754386,0.6491500067999456,0.6912280701754386,0.6446375628994968,0.8,0.8,0.7,0.8,0.7333333333333333
feature_screen_with_shrinkage_lda,10,S10_personal_fold07,7,win0p25s_50ov__trim20_each_end__EMG_ACC__ShrinkageLDA,win0p25s_50ov,0.25,315,157,trim20_each_end,0.2,0.2,EMG_ACC,24,ShrinkageLDA,792,1710,2568,1.5152467000007164,success,0.6697819314641744,0.5853396331689797,0.6809519319860924,0.5853396331689797,0.5803001997730156,0.6,0.6,0.4666666666666666,0.6,0.5
feature_screen_with_shrinkage_lda,10,S10_personal_fold08,8,win0p25s_50ov__trim20_each_end__EMG_ACC__ShrinkageLDA,win0p25s_50ov,0.25,315,157,trim20_each_end,0.2,0.2,EMG_ACC,24,ShrinkageLDA,792,1710,285,1.4682657000012114,success,0.6947368421052632,0.6947368421052632,0.6318156002558504,0.6947368421052632,0.6357791329443503,0.8,0.8,0.7,0.8,0.7333333333333333
feature_screen_with_shrinkage_lda,10,S10_personal_fold01,1,win0p25s_50ov__trim20_each_end__EMG_IMU__ShrinkageLDA,win0p25s_50ov,0.25,315,157,trim20_each_end,0.2,0.2,EMG_IMU,42,ShrinkageLDA,1386,3993,285,11.318629400000646,success,0.43508771929824563,0.43508771929824563,0.4740573560831754,0.43508771929824563,0.3888403694990715,0.6,0.6,0.4,0.6,0.4666666666666666
feature_screen_with_shrinkage_lda,10,S10_personal_fold02,2,win0p25s_50ov__trim20_each_end__EMG_IMU__ShrinkageLDA,win0p25s_50ov,0.25,315,157,trim20_each_end,0.2,0.2,EMG_IMU,42,ShrinkageLDA,1386,3993,285,11.208099999999831,success,0.512280701754386,0.512280701754386,0.5213643410852713,0.512280701754386,0.44035667603153,0.6,0.6,0.4666666666666666,0.6,0.5
feature_screen_with_shrinkage_lda,10,S10_personal_fold03,3,win0p25s_50ov__trim20_each_end__EMG_IMU__ShrinkageLDA,win0p25s_50ov,0.25,315,157,trim20_each_end,0.2,0.2,EMG_IMU,42,ShrinkageLDA,1386,3993,285,11.446641000002273,success,0.7684210526315789,0.7684210526315789,0.7946807760141092,0.7684210526315789,0.7344547429751535,0.8,0.8,0.7,0.8,0.7333333333333333
feature_screen_with_shrinkage_lda,10,S10_personal_fold04,4,win0p25s_50ov__trim20_each_end__EMG_IMU__ShrinkageLDA,win0p25s_50ov,0.25,315,157,trim20_each_end,0.2,0.2,EMG_IMU,42,ShrinkageLDA,1386,3993,285,11.95688230000087,success,0.775438596491228,0.775438596491228,0.8036330638508495,0.775438596491228,0.7538762053767007,0.8,0.8,0.7,0.8,0.7333333333333333
feature_screen_with_shrinkage_lda,10,S10_personal_fold05,5,win0p25s_50ov__trim20_each_end__EMG_IMU__ShrinkageLDA,win0p25s_50ov,0.25,315,157,trim20_each_end,0.2,0.2,EMG_IMU,42,ShrinkageLDA,1386,3993,285,11.354137899998022,success,0.6631578947368421,0.6631578947368421,0.6593663366336633,0.6631578947368421,0.6533794175104953,0.8,0.8,0.7,0.8,0.7333333333333333
feature_screen_with_shrinkage_lda,10,S10_personal_fold06,6,win0p25s_50ov__trim20_each_end__EMG_IMU__ShrinkageLDA,win0p25s_50ov,0.25,315,157,trim20_each_end,0.2,0.2,EMG_IMU,42,ShrinkageLDA,1386,3993,285,11.189250499999616,success,0.6736842105263158,0.6736842105263158,0.6328263200214419,0.6736842105263158,0.6255801829428204,0.8,0.8,0.7,0.8,0.7333333333333333
feature_screen_with_shrinkage_lda,10,S10_personal_fold07,7,win0p25s_50ov__trim20_each_end__EMG_IMU__ShrinkageLDA,win0p25s_50ov,0.25,315,157,trim20_each_end,0.2,0.2,EMG_IMU,42,ShrinkageLDA,1386,1710,2568,6.690415900000517,success,0.6654984423676013,0.5773498289693155,0.6461188679753872,0.5773498289693155,0.5780223517893478,0.8,0.8,0.7,0.8,0.7333333333333333
feature_screen_with_shrinkage_lda,10,S10_personal_fold08,8,win0p25s_50ov__trim20_each_end__EMG_IMU__ShrinkageLDA,win0p25s_50ov,0.25,315,157,trim20_each_end,0.2,0.2,EMG_IMU,42,ShrinkageLDA,1386,1710,285,6.319389699998283,success,0.6947368421052632,0.6947368421052631,0.6409894776876268,0.6947368421052631,0.6317349428479864,0.8,0.8,0.7,0.8,0.7333333333333333
feature_screen_with_shrinkage_lda,10,S10_personal_fold01,1,win0p5s_50ov__full_segment__EMG__ShrinkageLDA,win0p5s_50ov,0.5,630,315,full_segment,0.0,0.0,EMG,6,ShrinkageLDA,198,3308,235,0.15623469999991357,success,0.4425531914893617,0.44255319148936173,0.5988543371522095,0.44255319148936173,0.4476870425975493,0.2,0.2,0.2,0.2,0.2
feature_screen_with_shrinkage_lda,10,S10_personal_fold02,2,win0p5s_50ov__full_segment__EMG__ShrinkageLDA,win0p5s_50ov,0.5,630,315,full_segment,0.0,0.0,EMG,6,ShrinkageLDA,198,3309,235,0.1544633999983489,success,0.5702127659574469,0.5702127659574467,0.4470959595959596,0.5702127659574467,0.47425349519590354,0.6,0.6,0.4666666666666666,0.6,0.5
feature_screen_with_shrinkage_lda,10,S10_personal_fold03,3,win0p5s_50ov__full_segment__EMG__ShrinkageLDA,win0p5s_50ov,0.5,630,315,full_segment,0.0,0.0,EMG,6,ShrinkageLDA,198,3309,235,0.16867529999944963,success,0.6893617021276596,0.6893617021276596,0.6876090397058139,0.6893617021276596,0.642689519497669,0.8,0.8,0.7,0.8,0.7333333333333333
feature_screen_with_shrinkage_lda,10,S10_personal_fold04,4,win0p5s_50ov__full_segment__EMG__ShrinkageLDA,win0p5s_50ov,0.5,630,315,full_segment,0.0,0.0,EMG,6,ShrinkageLDA,198,3308,236,0.1586911999984295,success,0.7161016949152542,0.7182624113475178,0.7953761115116558,0.7182624113475178,0.698686510138295,0.8,0.8,0.7,0.8,0.7333333333333333
feature_screen_with_shrinkage_lda,10,S10_personal_fold05,5,win0p5s_50ov__full_segment__EMG__ShrinkageLDA,win0p5s_50ov,0.5,630,315,full_segment,0.0,0.0,EMG,6,ShrinkageLDA,198,3308,235,0.1542894999984128,success,0.6425531914893617,0.6425531914893617,0.6262797119497536,0.6425531914893617,0.6271465721567141,0.8,0.8,0.7,0.8,0.7333333333333333
feature_screen_with_shrinkage_lda,10,S10_personal_fold06,6,win0p5s_50ov__full_segment__EMG__ShrinkageLDA,win0p5s_50ov,0.5,630,315,full_segment,0.0,0.0,EMG,6,ShrinkageLDA,198,3309,235,0.16831549999915296,success,0.6808510638297872,0.6808510638297872,0.7806411649641383,0.6808510638297872,0.6780423527978854,0.8,0.8,0.7,0.8,0.7333333333333333
feature_screen_with_shrinkage_lda,10,S10_personal_fold07,7,win0p5s_50ov__full_segment__EMG__ShrinkageLDA,win0p5s_50ov,0.5,630,315,full_segment,0.0,0.0,EMG,6,ShrinkageLDA,198,1412,2132,0.09967479999977513,success,0.725140712945591,0.6540837776327176,0.7019421825879764,0.6540837776327176,0.6598337886963475,1.0,1.0,1.0,1.0,1.0
feature_screen_with_shrinkage_lda,10,S10_personal_fold08,8,win0p5s_50ov__full_segment__EMG__ShrinkageLDA,win0p5s_50ov,0.5,630,315,full_segment,0.0,0.0,EMG,6,ShrinkageLDA,198,1411,236,0.09243340000102762,success,0.885593220338983,0.886258865248227,0.8986168341405817,0.886258865248227,0.881716353390933,1.0,1.0,1.0,1.0,1.0
feature_screen_with_shrinkage_lda,10,S10_personal_fold01,1,win0p5s_50ov__full_segment__EMG_ACC__ShrinkageLDA,win0p5s_50ov,0.5,630,315,full_segment,0.0,0.0,EMG_ACC,24,ShrinkageLDA,792,3308,235,2.446958500000619,success,0.5191489361702127,0.5191489361702127,0.5141704551580385,0.5191489361702127,0.47715597497369,0.6,0.6,0.4,0.6,0.4666666666666666
feature_screen_with_shrinkage_lda,10,S10_personal_fold02,2,win0p5s_50ov__full_segment__EMG_ACC__ShrinkageLDA,win0p5s_50ov,0.5,630,315,full_segment,0.0,0.0,EMG_ACC,24,ShrinkageLDA,792,3309,235,2.393301899999642,success,0.502127659574468,0.502127659574468,0.6451149425287357,0.502127659574468,0.4444337861209962,0.6,0.6,0.4666666666666666,0.6,0.5
feature_screen_with_shrinkage_lda,10,S10_personal_fold03,3,win0p5s_50ov__full_segment__EMG_ACC__ShrinkageLDA,win0p5s_50ov,0.5,630,315,full_segment,0.0,0.0,EMG_ACC,24,ShrinkageLDA,792,3309,235,2.3717218000019784,success,0.7702127659574468,0.7702127659574467,0.8057432844932844,0.7702127659574467,0.7484437774092947,0.8,0.8,0.7,0.8,0.7333333333333333
feature_screen_with_shrinkage_lda,10,S10_personal_fold04,4,win0p5s_50ov__full_segment__EMG_ACC__ShrinkageLDA,win0p5s_50ov,0.5,630,315,full_segment,0.0,0.0,EMG_ACC,24,ShrinkageLDA,792,3308,236,2.4307766999991145,success,0.7542372881355932,0.7573581560283688,0.7804761904761904,0.7573581560283688,0.7059231852218959,0.8,0.8,0.7,0.8,0.7333333333333333
feature_screen_with_shrinkage_lda,10,S10_personal_fold05,5,win0p5s_50ov__full_segment__EMG_ACC__ShrinkageLDA,win0p5s_50ov,0.5,630,315,full_segment,0.0,0.0,EMG_ACC,24,ShrinkageLDA,792,3308,235,2.679418200001237,success,0.5787234042553191,0.5787234042553191,0.6204847704847705,0.5787234042553191,0.59516038587303,0.6,0.6,0.6,0.6,0.6
feature_screen_with_shrinkage_lda,10,S10_personal_fold06,6,win0p5s_50ov__full_segment__EMG_ACC__ShrinkageLDA,win0p5s_50ov,0.5,630,315,full_segment,0.0,0.0,EMG_ACC,24,ShrinkageLDA,792,3309,235,2.6338829999986046,success,0.7063829787234043,0.7063829787234043,0.6508513708513709,0.7063829787234043,0.6547152803957897,0.8,0.8,0.7,0.8,0.7333333333333333
feature_screen_with_shrinkage_lda,10,S10_personal_fold07,7,win0p5s_50ov__full_segment__EMG_ACC__ShrinkageLDA,win0p5s_50ov,0.5,630,315,full_segment,0.0,0.0,EMG_ACC,24,ShrinkageLDA,792,1412,2132,1.4029074999998556,success,0.6665103189493433,0.583904584155712,0.6554952646522426,0.583904584155712,0.586867916935969,1.0,1.0,1.0,1.0,1.0
feature_screen_with_shrinkage_lda,10,S10_personal_fold08,8,win0p5s_50ov__full_segment__EMG_ACC__ShrinkageLDA,win0p5s_50ov,0.5,630,315,full_segment,0.0,0.0,EMG_ACC,24,ShrinkageLDA,792,1411,236,1.314585200001602,success,0.673728813559322,0.6736702127659575,0.6472846214148623,0.6736702127659575,0.6274277660324172,0.8,0.8,0.7,0.8,0.7333333333333333
feature_screen_with_shrinkage_lda,10,S10_personal_fold01,1,win0p5s_50ov__full_segment__EMG_IMU__ShrinkageLDA,win0p5s_50ov,0.5,630,315,full_segment,0.0,0.0,EMG_IMU,42,ShrinkageLDA,1386,3308,235,9.841084700001375,success,0.5319148936170213,0.5319148936170214,0.5267414812915966,0.5319148936170214,0.489056582673604,0.6,0.6,0.4,0.6,0.4666666666666666
feature_screen_with_shrinkage_lda,10,S10_personal_fold02,2,win0p5s_50ov__full_segment__EMG_IMU__ShrinkageLDA,win0p5s_50ov,0.5,630,315,full_segment,0.0,0.0,EMG_IMU,42,ShrinkageLDA,1386,3309,235,9.923424600001454,success,0.48936170212765956,0.48936170212765956,0.41668100975329897,0.48936170212765956,0.41347837347837346,0.6,0.6,0.4666666666666666,0.6,0.5
feature_screen_with_shrinkage_lda,10,S10_personal_fold03,3,win0p5s_50ov__full_segment__EMG_IMU__ShrinkageLDA,win0p5s_50ov,0.5,630,315,full_segment,0.0,0.0,EMG_IMU,42,ShrinkageLDA,1386,3309,235,9.827962900002603,success,0.7531914893617021,0.7531914893617021,0.7887862100976855,0.7531914893617021,0.7390732531392269,1.0,1.0,1.0,1.0,1.0
feature_screen_with_shrinkage_lda,10,S10_personal_fold04,4,win0p5s_50ov__full_segment__EMG_IMU__ShrinkageLDA,win0p5s_50ov,0.5,630,315,full_segment,0.0,0.0,EMG_IMU,42,ShrinkageLDA,1386,3308,236,10.0599867000019,success,0.809322033898305,0.8110815602836879,0.8559316770186335,0.8110815602836879,0.8080132103710538,0.8,0.8,0.7,0.8,0.7333333333333333
feature_screen_with_shrinkage_lda,10,S10_personal_fold05,5,win0p5s_50ov__full_segment__EMG_IMU__ShrinkageLDA,win0p5s_50ov,0.5,630,315,full_segment,0.0,0.0,EMG_IMU,42,ShrinkageLDA,1386,3308,235,10.080852300001425,success,0.6,0.6,0.6321567687421346,0.6,0.6113996899312439,0.6,0.6,0.6,0.6,0.6
feature_screen_with_shrinkage_lda,10,S10_personal_fold06,6,win0p5s_50ov__full_segment__EMG_IMU__ShrinkageLDA,win0p5s_50ov,0.5,630,315,full_segment,0.0,0.0,EMG_IMU,42,ShrinkageLDA,1386,3309,235,10.57616119999875,success,0.6723404255319149,0.672340425531915,0.6258406432748538,0.672340425531915,0.6270689523421381,0.8,0.8,0.7,0.8,0.7333333333333333
feature_screen_with_shrinkage_lda,10,S10_personal_fold07,7,win0p5s_50ov__full_segment__EMG_IMU__ShrinkageLDA,win0p5s_50ov,0.5,630,315,full_segment,0.0,0.0,EMG_IMU,42,ShrinkageLDA,1386,1412,2132,5.700811800001247,success,0.650093808630394,0.5634403413321443,0.6012941278897543,0.5634403413321443,0.5670043013219777,1.0,1.0,1.0,1.0,1.0
feature_screen_with_shrinkage_lda,10,S10_personal_fold08,8,win0p5s_50ov__full_segment__EMG_IMU__ShrinkageLDA,win0p5s_50ov,0.5,630,315,full_segment,0.0,0.0,EMG_IMU,42,ShrinkageLDA,1386,1411,236,5.71426319999955,success,0.711864406779661,0.7109042553191489,0.6398757062146893,0.7109042553191489,0.6467648061773563,0.8,0.8,0.7,0.8,0.7333333333333333
feature_screen_with_shrinkage_lda,10,S10_personal_fold01,1,win0p5s_50ov__trim10_each_end__EMG__ShrinkageLDA,win0p5s_50ov,0.5,630,315,trim10_each_end,0.1,0.1,EMG,6,ShrinkageLDA,198,2654,190,0.12740480000138632,success,0.43157894736842106,0.43157894736842106,0.4970659775007601,0.43157894736842106,0.4298265379351435,0.2,0.2,0.2,0.2,0.2
feature_screen_with_shrinkage_lda,10,S10_personal_fold02,2,win0p5s_50ov__trim10_each_end__EMG__ShrinkageLDA,win0p5s_50ov,0.5,630,315,trim10_each_end,0.1,0.1,EMG,6,ShrinkageLDA,198,2654,190,0.13594089999969583,success,0.5789473684210527,0.5789473684210525,0.4334969063366759,0.5789473684210525,0.47573696145124716,0.6,0.6,0.4666666666666666,0.6,0.5
feature_screen_with_shrinkage_lda,10,S10_personal_fold03,3,win0p5s_50ov__trim10_each_end__EMG__ShrinkageLDA,win0p5s_50ov,0.5,630,315,trim10_each_end,0.1,0.1,EMG,6,ShrinkageLDA,198,2654,190,0.12642970000160858,success,0.7315789473684211,0.7315789473684211,0.7383937829480367,0.7315789473684211,0.6896926027110515,0.8,0.8,0.7,0.8,0.7333333333333333
feature_screen_with_shrinkage_lda,10,S10_personal_fold04,4,win0p5s_50ov__trim10_each_end__EMG__ShrinkageLDA,win0p5s_50ov,0.5,630,315,trim10_each_end,0.1,0.1,EMG,6,ShrinkageLDA,198,2654,190,0.14337829999931273,success,0.7473684210526316,0.7473684210526316,0.7906876456876456,0.7473684210526316,0.7355424307692189,0.8,0.8,0.7,0.8,0.7333333333333333
feature_screen_with_shrinkage_lda,10,S10_personal_fold05,5,win0p5s_50ov__trim10_each_end__EMG__ShrinkageLDA,win0p5s_50ov,0.5,630,315,trim10_each_end,0.1,0.1,EMG,6,ShrinkageLDA,198,2654,190,0.13553899999897112,success,0.6526315789473685,0.6526315789473685,0.6386283011430824,0.6526315789473685,0.6386804554442385,0.8,0.8,0.7,0.8,0.7333333333333333
feature_screen_with_shrinkage_lda,10,S10_personal_fold06,6,win0p5s_50ov__trim10_each_end__EMG__ShrinkageLDA,win0p5s_50ov,0.5,630,315,trim10_each_end,0.1,0.1,EMG,6,ShrinkageLDA,198,2654,190,0.12916589999804273,success,0.7473684210526316,0.7473684210526316,0.8085353535353536,0.7473684210526316,0.7359150774061035,0.8,0.8,0.7,0.8,0.7333333333333333
feature_screen_with_shrinkage_lda,10,S10_personal_fold07,7,win0p5s_50ov__trim10_each_end__EMG__ShrinkageLDA,win0p5s_50ov,0.5,630,315,trim10_each_end,0.1,0.1,EMG,6,ShrinkageLDA,198,1140,1704,0.07981910000307835,success,0.715962441314554,0.6387452735858454,0.6816781289760715,0.6387452735858454,0.6345373411040605,0.8,0.8,0.7,0.8,0.7333333333333333
feature_screen_with_shrinkage_lda,10,S10_personal_fold08,8,win0p5s_50ov__trim10_each_end__EMG__ShrinkageLDA,win0p5s_50ov,0.5,630,315,trim10_each_end,0.1,0.1,EMG,6,ShrinkageLDA,198,1140,190,0.06530279999788036,success,0.9210526315789473,0.9210526315789472,0.935077519379845,0.9210526315789472,0.9200109696888822,1.0,1.0,1.0,1.0,1.0
feature_screen_with_shrinkage_lda,10,S10_personal_fold01,1,win0p5s_50ov__trim10_each_end__EMG_ACC__ShrinkageLDA,win0p5s_50ov,0.5,630,315,trim10_each_end,0.1,0.1,EMG_ACC,24,ShrinkageLDA,792,2654,190,2.0376610000021174,success,0.5,0.5,0.4955555555555556,0.5,0.4572228891556622,0.8,0.8,0.7,0.8,0.7333333333333333
feature_screen_with_shrinkage_lda,10,S10_personal_fold02,2,win0p5s_50ov__trim10_each_end__EMG_ACC__ShrinkageLDA,win0p5s_50ov,0.5,630,315,trim10_each_end,0.1,0.1,EMG_ACC,24,ShrinkageLDA,792,2654,190,2.0225909000000684,success,0.48947368421052634,0.4894736842105264,0.4815154994259472,0.4894736842105264,0.4297173601649023,0.6,0.6,0.4666666666666666,0.6,0.5
feature_screen_with_shrinkage_lda,10,S10_personal_fold03,3,win0p5s_50ov__trim10_each_end__EMG_ACC__ShrinkageLDA,win0p5s_50ov,0.5,630,315,trim10_each_end,0.1,0.1,EMG_ACC,24,ShrinkageLDA,792,2654,190,2.04260129999966,success,0.7842105263157895,0.7842105263157896,0.7851402923495947,0.7842105263157896,0.7600559049615653,0.8,0.8,0.7,0.8,0.7333333333333333
feature_screen_with_shrinkage_lda,10,S10_personal_fold04,4,win0p5s_50ov__trim10_each_end__EMG_ACC__ShrinkageLDA,win0p5s_50ov,0.5,630,315,trim10_each_end,0.1,0.1,EMG_ACC,24,ShrinkageLDA,792,2654,190,2.068203300001187,success,0.7631578947368421,0.763157894736842,0.7826956826956827,0.763157894736842,0.7198205659075224,0.8,0.8,0.7,0.8,0.7333333333333333
feature_screen_with_shrinkage_lda,10,S10_personal_fold05,5,win0p5s_50ov__trim10_each_end__EMG_ACC__ShrinkageLDA,win0p5s_50ov,0.5,630,315,trim10_each_end,0.1,0.1,EMG_ACC,24,ShrinkageLDA,792,2654,190,1.9278896000032546,success,0.5947368421052631,0.5947368421052632,0.6401622718052739,0.5947368421052632,0.6077320137855198,0.6,0.6,0.6,0.6,0.6
feature_screen_with_shrinkage_lda,10,S10_personal_fold06,6,win0p5s_50ov__trim10_each_end__EMG_ACC__ShrinkageLDA,win0p5s_50ov,0.5,630,315,trim10_each_end,0.1,0.1,EMG_ACC,24,ShrinkageLDA,792,2654,190,2.099211799999466,success,0.7368421052631579,0.736842105263158,0.6638840579710145,0.736842105263158,0.6805248660962396,0.8,0.8,0.7,0.8,0.7333333333333333
feature_screen_with_shrinkage_lda,10,S10_personal_fold07,7,win0p5s_50ov__trim10_each_end__EMG_ACC__ShrinkageLDA,win0p5s_50ov,0.5,630,315,trim10_each_end,0.1,0.1,EMG_ACC,24,ShrinkageLDA,792,1140,1704,1.27047390000007,success,0.6854460093896714,0.604064718924532,0.6840992384245694,0.604064718924532,0.6081614583562857,1.0,1.0,1.0,1.0,1.0
feature_screen_with_shrinkage_lda,10,S10_personal_fold08,8,win0p5s_50ov__trim10_each_end__EMG_ACC__ShrinkageLDA,win0p5s_50ov,0.5,630,315,trim10_each_end,0.1,0.1,EMG_ACC,24,ShrinkageLDA,792,1140,190,1.2016440000006696,success,0.7526315789473684,0.7526315789473685,0.6644007155635062,0.7526315789473685,0.6876237177792281,0.8,0.8,0.7,0.8,0.7333333333333333
feature_screen_with_shrinkage_lda,10,S10_personal_fold01,1,win0p5s_50ov__trim10_each_end__EMG_IMU__ShrinkageLDA,win0p5s_50ov,0.5,630,315,trim10_each_end,0.1,0.1,EMG_IMU,42,ShrinkageLDA,1386,2654,190,8.650480000000243,success,0.5263157894736842,0.5263157894736842,0.5185463659147869,0.5263157894736842,0.4821955419051608,0.8,0.8,0.7,0.8,0.7333333333333333
feature_screen_with_shrinkage_lda,10,S10_personal_fold02,2,win0p5s_50ov__trim10_each_end__EMG_IMU__ShrinkageLDA,win0p5s_50ov,0.5,630,315,trim10_each_end,0.1,0.1,EMG_IMU,42,ShrinkageLDA,1386,2654,190,8.828998900000443,success,0.5,0.5,0.41003463203463203,0.5,0.40902914472857405,0.6,0.6,0.4666666666666666,0.6,0.5
feature_screen_with_shrinkage_lda,10,S10_personal_fold03,3,win0p5s_50ov__trim10_each_end__EMG_IMU__ShrinkageLDA,win0p5s_50ov,0.5,630,315,trim10_each_end,0.1,0.1,EMG_IMU,42,ShrinkageLDA,1386,2654,190,8.430541699999594,success,0.8210526315789474,0.8210526315789473,0.8402685436996749,0.8210526315789473,0.8087061906102153,1.0,1.0,1.0,1.0,1.0
feature_screen_with_shrinkage_lda,10,S10_personal_fold04,4,win0p5s_50ov__trim10_each_end__EMG_IMU__ShrinkageLDA,win0p5s_50ov,0.5,630,315,trim10_each_end,0.1,0.1,EMG_IMU,42,ShrinkageLDA,1386,2654,190,8.296816399997624,success,0.8210526315789474,0.8210526315789475,0.871933621933622,0.8210526315789475,0.8107068607068607,0.8,0.8,0.7,0.8,0.7333333333333333
feature_screen_with_shrinkage_lda,10,S10_personal_fold05,5,win0p5s_50ov__trim10_each_end__EMG_IMU__ShrinkageLDA,win0p5s_50ov,0.5,630,315,trim10_each_end,0.1,0.1,EMG_IMU,42,ShrinkageLDA,1386,2654,190,8.428600800001732,success,0.6052631578947368,0.6052631578947368,0.6378430428502648,0.6052631578947368,0.6133879343432314,0.6,0.6,0.6,0.6,0.6
feature_screen_with_shrinkage_lda,10,S10_personal_fold06,6,win0p5s_50ov__trim10_each_end__EMG_IMU__ShrinkageLDA,win0p5s_50ov,0.5,630,315,trim10_each_end,0.1,0.1,EMG_IMU,42,ShrinkageLDA,1386,2654,190,8.423959199997626,success,0.7105263157894737,0.7105263157894738,0.6625858123569793,0.7105263157894738,0.663718118826478,0.8,0.8,0.7,0.8,0.7333333333333333
feature_screen_with_shrinkage_lda,10,S10_personal_fold07,7,win0p5s_50ov__trim10_each_end__EMG_IMU__ShrinkageLDA,win0p5s_50ov,0.5,630,315,trim10_each_end,0.1,0.1,EMG_IMU,42,ShrinkageLDA,1386,1140,1704,5.212057599997934,success,0.6830985915492958,0.60296813358653,0.6402685798763941,0.60296813358653,0.6080633786520723,1.0,1.0,1.0,1.0,1.0
feature_screen_with_shrinkage_lda,10,S10_personal_fold08,8,win0p5s_50ov__trim10_each_end__EMG_IMU__ShrinkageLDA,win0p5s_50ov,0.5,630,315,trim10_each_end,0.1,0.1,EMG_IMU,42,ShrinkageLDA,1386,1140,190,5.1858083000006445,success,0.7157894736842105,0.7157894736842105,0.6425339366515838,0.7157894736842105,0.6481462897212289,0.8,0.8,0.7,0.8,0.7333333333333333
feature_screen_with_shrinkage_lda,10,S10_personal_fold01,1,win0p5s_50ov__trim20_each_end__EMG__ShrinkageLDA,win0p5s_50ov,0.5,630,315,trim20_each_end,0.2,0.2,EMG,6,ShrinkageLDA,198,1978,140,0.1034432000014931,success,0.37142857142857144,0.3714285714285714,0.6610526315789473,0.3714285714285714,0.38270843788085174,0.2,0.2,0.2,0.2,0.2
feature_screen_with_shrinkage_lda,10,S10_personal_fold02,2,win0p5s_50ov__trim20_each_end__EMG__ShrinkageLDA,win0p5s_50ov,0.5,630,315,trim20_each_end,0.2,0.2,EMG,6,ShrinkageLDA,198,1978,140,0.110114800001611,success,0.5857142857142857,0.5857142857142857,0.43710443037974683,0.5857142857142857,0.4809345794392524,0.6,0.6,0.4666666666666666,0.6,0.5
feature_screen_with_shrinkage_lda,10,S10_personal_fold03,3,win0p5s_50ov__trim20_each_end__EMG__ShrinkageLDA,win0p5s_50ov,0.5,630,315,trim20_each_end,0.2,0.2,EMG,6,ShrinkageLDA,198,1978,140,0.10068110000065644,success,0.6928571428571428,0.6928571428571428,0.6693540692212729,0.6928571428571428,0.6444470957075601,0.8,0.8,0.7,0.8,0.7333333333333333
feature_screen_with_shrinkage_lda,10,S10_personal_fold04,4,win0p5s_50ov__trim20_each_end__EMG__ShrinkageLDA,win0p5s_50ov,0.5,630,315,trim20_each_end,0.2,0.2,EMG,6,ShrinkageLDA,198,1978,140,0.10144140000193147,success,0.7642857142857142,0.7642857142857143,0.8154411106135244,0.7642857142857143,0.7426307908135117,0.8,0.8,0.7,0.8,0.7333333333333333
feature_screen_with_shrinkage_lda,10,S10_personal_fold05,5,win0p5s_50ov__trim20_each_end__EMG__ShrinkageLDA,win0p5s_50ov,0.5,630,315,trim20_each_end,0.2,0.2,EMG,6,ShrinkageLDA,198,1978,140,0.11270660000081989,success,0.6714285714285714,0.6714285714285715,0.6324324324324324,0.6714285714285715,0.6458872224909961,0.8,0.8,0.7,0.8,0.7333333333333333
feature_screen_with_shrinkage_lda,10,S10_personal_fold06,6,win0p5s_50ov__trim20_each_end__EMG__ShrinkageLDA,win0p5s_50ov,0.5,630,315,trim20_each_end,0.2,0.2,EMG,6,ShrinkageLDA,198,1978,140,0.11909240000022692,success,0.7,0.7,0.7331695331695331,0.7,0.6708072599562771,0.8,0.8,0.7,0.8,0.7333333333333333
feature_screen_with_shrinkage_lda,10,S10_personal_fold07,7,win0p5s_50ov__trim20_each_end__EMG__ShrinkageLDA,win0p5s_50ov,0.5,630,315,trim20_each_end,0.2,0.2,EMG,6,ShrinkageLDA,198,840,1278,0.07305759999871952,success,0.6995305164319249,0.6222760691576371,0.7430243059118691,0.6222760691576371,0.6136236513878708,0.8,0.8,0.7,0.8,0.7333333333333333
feature_screen_with_shrinkage_lda,10,S10_personal_fold08,8,win0p5s_50ov__trim20_each_end__EMG__ShrinkageLDA,win0p5s_50ov,0.5,630,315,trim20_each_end,0.2,0.2,EMG,6,ShrinkageLDA,198,840,140,0.06857680000030086,success,0.9285714285714286,0.9285714285714285,0.9354455792631544,0.9285714285714285,0.9270603693934991,1.0,1.0,1.0,1.0,1.0
feature_screen_with_shrinkage_lda,10,S10_personal_fold01,1,win0p5s_50ov__trim20_each_end__EMG_ACC__ShrinkageLDA,win0p5s_50ov,0.5,630,315,trim20_each_end,0.2,0.2,EMG_ACC,24,ShrinkageLDA,792,1978,140,1.6690554000015254,success,0.4357142857142857,0.4357142857142858,0.45690809190809195,0.4357142857142858,0.4011854831425799,0.4,0.4,0.26666666666666666,0.4,0.3
feature_screen_with_shrinkage_lda,10,S10_personal_fold02,2,win0p5s_50ov__trim20_each_end__EMG_ACC__ShrinkageLDA,win0p5s_50ov,0.5,630,315,trim20_each_end,0.2,0.2,EMG_ACC,24,ShrinkageLDA,792,1978,140,1.6794178999989526,success,0.4857142857142857,0.48571428571428577,0.4912121212121212,0.48571428571428577,0.42202992975669346,0.6,0.6,0.4666666666666666,0.6,0.5
feature_screen_with_shrinkage_lda,10,S10_personal_fold03,3,win0p5s_50ov__trim20_each_end__EMG_ACC__ShrinkageLDA,win0p5s_50ov,0.5,630,315,trim20_each_end,0.2,0.2,EMG_ACC,24,ShrinkageLDA,792,1978,140,1.6378537000018696,success,0.7785714285714286,0.7785714285714286,0.7996137698497046,0.7785714285714286,0.7506602075023128,0.8,0.8,0.7,0.8,0.7333333333333333
feature_screen_with_shrinkage_lda,10,S10_personal_fold04,4,win0p5s_50ov__trim20_each_end__EMG_ACC__ShrinkageLDA,win0p5s_50ov,0.5,630,315,trim20_each_end,0.2,0.2,EMG_ACC,24,ShrinkageLDA,792,1978,140,1.683386500000779,success,0.7571428571428571,0.7571428571428571,0.6933333333333334,0.7571428571428571,0.7032727272727273,0.8,0.8,0.7,0.8,0.7333333333333333
feature_screen_with_shrinkage_lda,10,S10_personal_fold05,5,win0p5s_50ov__trim20_each_end__EMG_ACC__ShrinkageLDA,win0p5s_50ov,0.5,630,315,trim20_each_end,0.2,0.2,EMG_ACC,24,ShrinkageLDA,792,1978,140,1.6891887999991013,success,0.6714285714285714,0.6714285714285715,0.6498432601880878,0.6714285714285715,0.6562076909445331,0.8,0.8,0.7,0.8,0.7333333333333333
feature_screen_with_shrinkage_lda,10,S10_personal_fold06,6,win0p5s_50ov__trim20_each_end__EMG_ACC__ShrinkageLDA,win0p5s_50ov,0.5,630,315,trim20_each_end,0.2,0.2,EMG_ACC,24,ShrinkageLDA,792,1978,140,1.6492762999987463,success,0.7214285714285714,0.7214285714285713,0.6696969696969697,0.7214285714285713,0.6733320475731276,0.8,0.8,0.7,0.8,0.7333333333333333
feature_screen_with_shrinkage_lda,10,S10_personal_fold07,7,win0p5s_50ov__trim20_each_end__EMG_ACC__ShrinkageLDA,win0p5s_50ov,0.5,630,315,trim20_each_end,0.2,0.2,EMG_ACC,24,ShrinkageLDA,792,840,1278,1.0734546999992745,success,0.6956181533646323,0.6173403300890576,0.7312508399012569,0.6173403300890576,0.6139996168234573,0.6,0.6,0.4666666666666666,0.6,0.5
feature_screen_with_shrinkage_lda,10,S10_personal_fold08,8,win0p5s_50ov__trim20_each_end__EMG_ACC__ShrinkageLDA,win0p5s_50ov,0.5,630,315,trim20_each_end,0.2,0.2,EMG_ACC,24,ShrinkageLDA,792,840,140,1.0802897000030498,success,0.7714285714285715,0.7714285714285715,0.6616044333025466,0.7714285714285715,0.7005059704513257,0.8,0.8,0.7,0.8,0.7333333333333333
feature_screen_with_shrinkage_lda,10,S10_personal_fold01,1,win0p5s_50ov__trim20_each_end__EMG_IMU__ShrinkageLDA,win0p5s_50ov,0.5,630,315,trim20_each_end,0.2,0.2,EMG_IMU,42,ShrinkageLDA,1386,1978,140,7.311275300002308,success,0.42142857142857143,0.42142857142857143,0.46471738255419465,0.42142857142857143,0.3918642140249441,0.4,0.4,0.3,0.4,0.3333333333333333
feature_screen_with_shrinkage_lda,10,S10_personal_fold02,2,win0p5s_50ov__trim20_each_end__EMG_IMU__ShrinkageLDA,win0p5s_50ov,0.5,630,315,trim20_each_end,0.2,0.2,EMG_IMU,42,ShrinkageLDA,1386,1978,140,6.804627400000754,success,0.5,0.5,0.443391360412637,0.5,0.4251423803563979,0.6,0.6,0.4666666666666666,0.6,0.5
feature_screen_with_shrinkage_lda,10,S10_personal_fold03,3,win0p5s_50ov__trim20_each_end__EMG_IMU__ShrinkageLDA,win0p5s_50ov,0.5,630,315,trim20_each_end,0.2,0.2,EMG_IMU,42,ShrinkageLDA,1386,1978,140,6.891239999997197,success,0.7785714285714286,0.7785714285714287,0.7861715098557205,0.7785714285714287,0.7573872039909777,0.8,0.8,0.7,0.8,0.7333333333333333
feature_screen_with_shrinkage_lda,10,S10_personal_fold04,4,win0p5s_50ov__trim20_each_end__EMG_IMU__ShrinkageLDA,win0p5s_50ov,0.5,630,315,trim20_each_end,0.2,0.2,EMG_IMU,42,ShrinkageLDA,1386,1978,140,7.079326899998705,success,0.7857142857142857,0.7857142857142858,0.82,0.7857142857142858,0.7500891265597148,0.8,0.8,0.7,0.8,0.7333333333333333
feature_screen_with_shrinkage_lda,10,S10_personal_fold05,5,win0p5s_50ov__trim20_each_end__EMG_IMU__ShrinkageLDA,win0p5s_50ov,0.5,630,315,trim20_each_end,0.2,0.2,EMG_IMU,42,ShrinkageLDA,1386,1978,140,6.912654299998394,success,0.6857142857142857,0.6857142857142857,0.656547619047619,0.6857142857142857,0.664144198881041,0.8,0.8,0.7,0.8,0.7333333333333333
feature_screen_with_shrinkage_lda,10,S10_personal_fold06,6,win0p5s_50ov__trim20_each_end__EMG_IMU__ShrinkageLDA,win0p5s_50ov,0.5,630,315,trim20_each_end,0.2,0.2,EMG_IMU,42,ShrinkageLDA,1386,1978,140,6.7400438000004215,success,0.6928571428571428,0.6928571428571428,0.6446464646464646,0.6928571428571428,0.6445490533562823,0.8,0.8,0.7,0.8,0.7333333333333333
feature_screen_with_shrinkage_lda,10,S10_personal_fold07,7,win0p5s_50ov__trim20_each_end__EMG_IMU__ShrinkageLDA,win0p5s_50ov,0.5,630,315,trim20_each_end,0.2,0.2,EMG_IMU,42,ShrinkageLDA,1386,840,1278,4.612662200001068,success,0.6791862284820032,0.5963527909627853,0.6729383091747305,0.5963527909627853,0.6001050126535483,0.8,0.8,0.7,0.8,0.7333333333333333
feature_screen_with_shrinkage_lda,10,S10_personal_fold08,8,win0p5s_50ov__trim20_each_end__EMG_IMU__ShrinkageLDA,win0p5s_50ov,0.5,630,315,trim20_each_end,0.2,0.2,EMG_IMU,42,ShrinkageLDA,1386,840,140,4.5629002999994555,success,0.7428571428571429,0.7428571428571429,0.6148348348348348,0.7428571428571429,0.6672402892336761,0.8,0.8,0.7,0.8,0.7333333333333333
feature_screen_with_shrinkage_lda,10,S10_personal_fold01,1,win1p0s_50ov__full_segment__EMG__ShrinkageLDA,win1p0s_50ov,1.0,1260,630,full_segment,0.0,0.0,EMG,6,ShrinkageLDA,198,1642,115,0.1076610999989498,success,0.45217391304347826,0.4521739130434783,0.510883295194508,0.4521739130434783,0.44918313570487484,0.2,0.2,0.2,0.2,0.2
feature_screen_with_shrinkage_lda,10,S10_personal_fold02,2,win1p0s_50ov__full_segment__EMG__ShrinkageLDA,win1p0s_50ov,1.0,1260,630,full_segment,0.0,0.0,EMG,6,ShrinkageLDA,198,1643,115,0.0839525000010326,success,0.5826086956521739,0.5826086956521739,0.44264705882352945,0.5826086956521739,0.4798223053542202,0.6,0.6,0.4666666666666666,0.6,0.5
feature_screen_with_shrinkage_lda,10,S10_personal_fold03,3,win1p0s_50ov__full_segment__EMG__ShrinkageLDA,win1p0s_50ov,1.0,1260,630,full_segment,0.0,0.0,EMG,6,ShrinkageLDA,198,1643,115,0.08482500000172877,success,0.7043478260869566,0.7043478260869566,0.7379470415168355,0.7043478260869566,0.6655678964745743,0.8,0.8,0.7,0.8,0.7333333333333333
feature_screen_with_shrinkage_lda,10,S10_personal_fold04,4,win1p0s_50ov__full_segment__EMG__ShrinkageLDA,win1p0s_50ov,1.0,1260,630,full_segment,0.0,0.0,EMG,6,ShrinkageLDA,198,1642,116,0.08824860000095214,success,0.6637931034482759,0.6688405797101449,0.7008928571428571,0.6688405797101449,0.6316361956567386,0.8,0.8,0.7,0.8,0.7333333333333333
feature_screen_with_shrinkage_lda,10,S10_personal_fold05,5,win1p0s_50ov__full_segment__EMG__ShrinkageLDA,win1p0s_50ov,1.0,1260,630,full_segment,0.0,0.0,EMG,6,ShrinkageLDA,198,1642,115,0.10754649999944377,success,0.6347826086956522,0.6347826086956522,0.6175548589341693,0.6347826086956522,0.6191142191142192,0.8,0.8,0.7,0.8,0.7333333333333333
feature_screen_with_shrinkage_lda,10,S10_personal_fold06,6,win1p0s_50ov__full_segment__EMG__ShrinkageLDA,win1p0s_50ov,1.0,1260,630,full_segment,0.0,0.0,EMG,6,ShrinkageLDA,198,1643,115,0.09088730000075884,success,0.6782608695652174,0.6782608695652174,0.7667178175618073,0.6782608695652174,0.6716685742772699,0.8,0.8,0.7,0.8,0.7333333333333333
feature_screen_with_shrinkage_lda,10,S10_personal_fold07,7,win1p0s_50ov__full_segment__EMG__ShrinkageLDA,win1p0s_50ov,1.0,1260,630,full_segment,0.0,0.0,EMG,6,ShrinkageLDA,198,692,1066,0.05963949999932083,success,0.7326454033771107,0.66187577305056,0.708131827261751,0.66187577305056,0.6676745338842446,1.0,1.0,1.0,1.0,1.0
feature_screen_with_shrinkage_lda,10,S10_personal_fold08,8,win1p0s_50ov__full_segment__EMG__ShrinkageLDA,win1p0s_50ov,1.0,1260,630,full_segment,0.0,0.0,EMG,6,ShrinkageLDA,198,691,116,0.049883200001204386,success,0.896551724137931,0.8963768115942028,0.9112463768115943,0.8963768115942028,0.8945715277339559,1.0,1.0,1.0,1.0,1.0
feature_screen_with_shrinkage_lda,10,S10_personal_fold01,1,win1p0s_50ov__full_segment__EMG_ACC__ShrinkageLDA,win1p0s_50ov,1.0,1260,630,full_segment,0.0,0.0,EMG_ACC,24,ShrinkageLDA,792,1642,115,1.5321522999984154,success,0.5217391304347826,0.5217391304347826,0.49244055068836046,0.5217391304347826,0.47747363380166324,0.8,0.8,0.7,0.8,0.7333333333333333
feature_screen_with_shrinkage_lda,10,S10_personal_fold02,2,win1p0s_50ov__full_segment__EMG_ACC__ShrinkageLDA,win1p0s_50ov,1.0,1260,630,full_segment,0.0,0.0,EMG_ACC,24,ShrinkageLDA,792,1643,115,1.5731932000016968,success,0.48695652173913045,0.48695652173913045,0.35416666666666663,0.48695652173913045,0.39802576140604307,0.6,0.6,0.4666666666666666,0.6,0.5
feature_screen_with_shrinkage_lda,10,S10_personal_fold03,3,win1p0s_50ov__full_segment__EMG_ACC__ShrinkageLDA,win1p0s_50ov,1.0,1260,630,full_segment,0.0,0.0,EMG_ACC,24,ShrinkageLDA,792,1643,115,1.556434400001308,success,0.8173913043478261,0.8173913043478261,0.8520129870129869,0.8173913043478261,0.8043363060666667,1.0,1.0,1.0,1.0,1.0
feature_screen_with_shrinkage_lda,10,S10_personal_fold04,4,win1p0s_50ov__full_segment__EMG_ACC__ShrinkageLDA,win1p0s_50ov,1.0,1260,630,full_segment,0.0,0.0,EMG_ACC,24,ShrinkageLDA,792,1642,116,1.5822939999998198,success,0.75,0.7565217391304347,0.6784761904761905,0.7565217391304347,0.6979216825792168,0.8,0.8,0.7,0.8,0.7333333333333333
feature_screen_with_shrinkage_lda,10,S10_personal_fold05,5,win1p0s_50ov__full_segment__EMG_ACC__ShrinkageLDA,win1p0s_50ov,1.0,1260,630,full_segment,0.0,0.0,EMG_ACC,24,ShrinkageLDA,792,1642,115,1.5491082999978971,success,0.591304347826087,0.5913043478260869,0.6253968253968254,0.5913043478260869,0.6034724973708024,0.6,0.6,0.6,0.6,0.6
feature_screen_with_shrinkage_lda,10,S10_personal_fold06,6,win1p0s_50ov__full_segment__EMG_ACC__ShrinkageLDA,win1p0s_50ov,1.0,1260,630,full_segment,0.0,0.0,EMG_ACC,24,ShrinkageLDA,792,1643,115,1.4693891999995685,success,0.7043478260869566,0.7043478260869566,0.6677448337825697,0.7043478260869566,0.660298751312872,0.8,0.8,0.7,0.8,0.7333333333333333
feature_screen_with_shrinkage_lda,10,S10_personal_fold07,7,win1p0s_50ov__full_segment__EMG_ACC__ShrinkageLDA,win1p0s_50ov,1.0,1260,630,full_segment,0.0,0.0,EMG_ACC,24,ShrinkageLDA,792,692,1066,0.9818171999977494,success,0.6557223264540337,0.5690497297615552,0.6513747447426009,0.5690497297615552,0.5768699943791757,1.0,1.0,1.0,1.0,1.0
feature_screen_with_shrinkage_lda,10,S10_personal_fold08,8,win1p0s_50ov__full_segment__EMG_ACC__ShrinkageLDA,win1p0s_50ov,1.0,1260,630,full_segment,0.0,0.0,EMG_ACC,24,ShrinkageLDA,792,691,116,0.9499308000013116,success,0.7844827586206896,0.782608695652174,0.6695238095238095,0.782608695652174,0.7102253302253303,0.8,0.8,0.7,0.8,0.7333333333333333
feature_screen_with_shrinkage_lda,10,S10_personal_fold01,1,win1p0s_50ov__full_segment__EMG_IMU__ShrinkageLDA,win1p0s_50ov,1.0,1260,630,full_segment,0.0,0.0,EMG_IMU,42,ShrinkageLDA,1386,1642,115,7.007461500001227,success,0.5391304347826087,0.5391304347826088,0.5132248644138506,0.5391304347826088,0.4949649547597808,0.8,0.8,0.7,0.8,0.7333333333333333
feature_screen_with_shrinkage_lda,10,S10_personal_fold02,2,win1p0s_50ov__full_segment__EMG_IMU__ShrinkageLDA,win1p0s_50ov,1.0,1260,630,full_segment,0.0,0.0,EMG_IMU,42,ShrinkageLDA,1386,1643,115,7.662782499999594,success,0.4782608695652174,0.4782608695652174,0.3496212121212121,0.4782608695652174,0.3895216618571674,0.6,0.6,0.4,0.6,0.4666666666666666
feature_screen_with_shrinkage_lda,10,S10_personal_fold03,3,win1p0s_50ov__full_segment__EMG_IMU__ShrinkageLDA,win1p0s_50ov,1.0,1260,630,full_segment,0.0,0.0,EMG_IMU,42,ShrinkageLDA,1386,1643,115,6.328687799999898,success,0.8173913043478261,0.8173913043478261,0.8600492610837438,0.8173913043478261,0.8117785395572085,1.0,1.0,1.0,1.0,1.0
feature_screen_with_shrinkage_lda,10,S10_personal_fold04,4,win1p0s_50ov__full_segment__EMG_IMU__ShrinkageLDA,win1p0s_50ov,1.0,1260,630,full_segment,0.0,0.0,EMG_IMU,42,ShrinkageLDA,1386,1642,116,7.10612250000122,success,0.7931034482758621,0.7981884057971015,0.8882539682539683,0.7981884057971015,0.775751019320999,0.8,0.8,0.7,0.8,0.7333333333333333
feature_screen_with_shrinkage_lda,10,S10_personal_fold05,5,win1p0s_50ov__full_segment__EMG_IMU__ShrinkageLDA,win1p0s_50ov,1.0,1260,630,full_segment,0.0,0.0,EMG_IMU,42,ShrinkageLDA,1386,1642,115,7.110489899998356,success,0.6434782608695652,0.6434782608695653,0.6499651567944251,0.6434782608695653,0.6372222222222222,0.8,0.8,0.7,0.8,0.7333333333333333
feature_screen_with_shrinkage_lda,10,S10_personal_fold06,6,win1p0s_50ov__full_segment__EMG_IMU__ShrinkageLDA,win1p0s_50ov,1.0,1260,630,full_segment,0.0,0.0,EMG_IMU,42,ShrinkageLDA,1386,1643,115,6.130368699999963,success,0.6956521739130435,0.6956521739130435,0.7044817927170868,0.6956521739130435,0.6674068375498148,0.8,0.8,0.7,0.8,0.7333333333333333
feature_screen_with_shrinkage_lda,10,S10_personal_fold07,7,win1p0s_50ov__full_segment__EMG_IMU__ShrinkageLDA,win1p0s_50ov,1.0,1260,630,full_segment,0.0,0.0,EMG_IMU,42,ShrinkageLDA,1386,692,1066,4.3343227000004845,success,0.651031894934334,0.564269640531778,0.5975523554440697,0.564269640531778,0.5666136250230289,0.8,0.8,0.7,0.8,0.7333333333333333
feature_screen_with_shrinkage_lda,10,S10_personal_fold08,8,win1p0s_50ov__full_segment__EMG_IMU__ShrinkageLDA,win1p0s_50ov,1.0,1260,630,full_segment,0.0,0.0,EMG_IMU,42,ShrinkageLDA,1386,691,116,4.485135900002206,success,0.7672413793103449,0.7655797101449275,0.6543939393939394,0.7655797101449275,0.6934817664315828,0.8,0.8,0.7,0.8,0.7333333333333333
feature_screen_with_shrinkage_lda,10,S10_personal_fold01,1,win1p0s_50ov__trim10_each_end__EMG__ShrinkageLDA,win1p0s_50ov,1.0,1260,630,trim10_each_end,0.1,0.1,EMG,6,ShrinkageLDA,198,1327,95,0.0970006999996258,success,0.42105263157894735,0.42105263157894735,0.6074935400516795,0.42105263157894735,0.43409078563636766,0.4,0.4,0.3,0.4,0.3333333333333333
feature_screen_with_shrinkage_lda,10,S10_personal_fold02,2,win1p0s_50ov__trim10_each_end__EMG__ShrinkageLDA,win1p0s_50ov,1.0,1260,630,trim10_each_end,0.1,0.1,EMG,6,ShrinkageLDA,198,1327,95,0.08168920000025537,success,0.6,0.6,0.4500432900432901,0.6,0.49270270270270267,0.6,0.6,0.4666666666666666,0.6,0.5
feature_screen_with_shrinkage_lda,10,S10_personal_fold03,3,win1p0s_50ov__trim10_each_end__EMG__ShrinkageLDA,win1p0s_50ov,1.0,1260,630,trim10_each_end,0.1,0.1,EMG,6,ShrinkageLDA,198,1327,95,0.09476880000147503,success,0.7157894736842105,0.7157894736842104,0.7491297208538588,0.7157894736842104,0.6683111895784707,0.8,0.8,0.7,0.8,0.7333333333333333
feature_screen_with_shrinkage_lda,10,S10_personal_fold04,4,win1p0s_50ov__trim10_each_end__EMG__ShrinkageLDA,win1p0s_50ov,1.0,1260,630,trim10_each_end,0.1,0.1,EMG,6,ShrinkageLDA,198,1327,95,0.0885736000018369,success,0.7052631578947368,0.7052631578947368,0.7892036124794746,0.7052631578947368,0.6681727574750831,0.8,0.8,0.7,0.8,0.7333333333333333
feature_screen_with_shrinkage_lda,10,S10_personal_fold05,5,win1p0s_50ov__trim10_each_end__EMG__ShrinkageLDA,win1p0s_50ov,1.0,1260,630,trim10_each_end,0.1,0.1,EMG,6,ShrinkageLDA,198,1327,95,0.08600039999873843,success,0.7157894736842105,0.7157894736842106,0.678235294117647,0.7157894736842106,0.6845499302769003,0.8,0.8,0.7,0.8,0.7333333333333333
feature_screen_with_shrinkage_lda,10,S10_personal_fold06,6,win1p0s_50ov__trim10_each_end__EMG__ShrinkageLDA,win1p0s_50ov,1.0,1260,630,trim10_each_end,0.1,0.1,EMG,6,ShrinkageLDA,198,1327,95,0.09770750000097905,success,0.7684210526315789,0.768421052631579,0.8389473684210527,0.768421052631579,0.7500125512509414,0.8,0.8,0.7,0.8,0.7333333333333333
feature_screen_with_shrinkage_lda,10,S10_personal_fold07,7,win1p0s_50ov__trim10_each_end__EMG__ShrinkageLDA,win1p0s_50ov,1.0,1260,630,trim10_each_end,0.1,0.1,EMG,6,ShrinkageLDA,198,570,852,0.05163199999878998,success,0.7230046948356808,0.6457805028778092,0.7273684020308525,0.6457805028778092,0.6384916270211496,0.8,0.8,0.7,0.8,0.7333333333333333
feature_screen_with_shrinkage_lda,10,S10_personal_fold08,8,win1p0s_50ov__trim10_each_end__EMG__ShrinkageLDA,win1p0s_50ov,1.0,1260,630,trim10_each_end,0.1,0.1,EMG,6,ShrinkageLDA,198,570,95,0.043946199999481905,success,0.8947368421052632,0.894736842105263,0.9129625668449199,0.894736842105263,0.8929654987581817,1.0,1.0,1.0,1.0,1.0
feature_screen_with_shrinkage_lda,10,S10_personal_fold01,1,win1p0s_50ov__trim10_each_end__EMG_ACC__ShrinkageLDA,win1p0s_50ov,1.0,1260,630,trim10_each_end,0.1,0.1,EMG_ACC,24,ShrinkageLDA,792,1327,95,1.2929437999991933,success,0.5157894736842106,0.5157894736842105,0.4850336986160416,0.5157894736842105,0.478450045709808,0.6,0.6,0.4,0.6,0.4666666666666666
feature_screen_with_shrinkage_lda,10,S10_personal_fold02,2,win1p0s_50ov__trim10_each_end__EMG_ACC__ShrinkageLDA,win1p0s_50ov,1.0,1260,630,trim10_each_end,0.1,0.1,EMG_ACC,24,ShrinkageLDA,792,1327,95,1.3070569999981672,success,0.47368421052631576,0.47368421052631576,0.53272030651341,0.47368421052631576,0.39167792792792794,0.4,0.4,0.3,0.4,0.3333333333333333
feature_screen_with_shrinkage_lda,10,S10_personal_fold03,3,win1p0s_50ov__trim10_each_end__EMG_ACC__ShrinkageLDA,win1p0s_50ov,1.0,1260,630,trim10_each_end,0.1,0.1,EMG_ACC,24,ShrinkageLDA,792,1327,95,1.3109464000008302,success,0.8105263157894737,0.8105263157894737,0.8294891774891775,0.8105263157894737,0.788126916884716,1.0,1.0,1.0,1.0,1.0
feature_screen_with_shrinkage_lda,10,S10_personal_fold04,4,win1p0s_50ov__trim10_each_end__EMG_ACC__ShrinkageLDA,win1p0s_50ov,1.0,1260,630,trim10_each_end,0.1,0.1,EMG_ACC,24,ShrinkageLDA,792,1327,95,1.2309697999990021,success,0.7473684210526316,0.7473684210526316,0.6788888888888889,0.7473684210526316,0.6947065709777573,0.8,0.8,0.7,0.8,0.7333333333333333
feature_screen_with_shrinkage_lda,10,S10_personal_fold05,5,win1p0s_50ov__trim10_each_end__EMG_ACC__ShrinkageLDA,win1p0s_50ov,1.0,1260,630,trim10_each_end,0.1,0.1,EMG_ACC,24,ShrinkageLDA,792,1327,95,1.2429522999991605,success,0.6210526315789474,0.6210526315789473,0.6428571428571429,0.6210526315789473,0.6288416075650118,0.6,0.6,0.6,0.6,0.6
feature_screen_with_shrinkage_lda,10,S10_personal_fold06,6,win1p0s_50ov__trim10_each_end__EMG_ACC__ShrinkageLDA,win1p0s_50ov,1.0,1260,630,trim10_each_end,0.1,0.1,EMG_ACC,24,ShrinkageLDA,792,1327,95,1.2908867000005557,success,0.7368421052631579,0.7368421052631579,0.6682539682539682,0.7368421052631579,0.6804202797645421,0.8,0.8,0.7,0.8,0.7333333333333333
feature_screen_with_shrinkage_lda,10,S10_personal_fold07,7,win1p0s_50ov__trim10_each_end__EMG_ACC__ShrinkageLDA,win1p0s_50ov,1.0,1260,630,trim10_each_end,0.1,0.1,EMG_ACC,24,ShrinkageLDA,792,570,852,0.8679841000011947,success,0.6936619718309859,0.6118079982126161,0.712076275226442,0.6118079982126161,0.6198128464076244,0.8,0.8,0.7,0.8,0.7333333333333333
feature_screen_with_shrinkage_lda,10,S10_personal_fold08,8,win1p0s_50ov__trim10_each_end__EMG_ACC__ShrinkageLDA,win1p0s_50ov,1.0,1260,630,trim10_each_end,0.1,0.1,EMG_ACC,24,ShrinkageLDA,792,570,95,1.0011802000008174,success,0.8,0.8,0.6645806451612903,0.8,0.7195990675990676,0.8,0.8,0.7,0.8,0.7333333333333333
feature_screen_with_shrinkage_lda,10,S10_personal_fold01,1,win1p0s_50ov__trim10_each_end__EMG_IMU__ShrinkageLDA,win1p0s_50ov,1.0,1260,630,trim10_each_end,0.1,0.1,EMG_IMU,42,ShrinkageLDA,1386,1327,95,7.59720980000202,success,0.5368421052631579,0.5368421052631579,0.5188235294117647,0.5368421052631579,0.499788765171315,0.8,0.8,0.7,0.8,0.7333333333333333
feature_screen_with_shrinkage_lda,10,S10_personal_fold02,2,win1p0s_50ov__trim10_each_end__EMG_IMU__ShrinkageLDA,win1p0s_50ov,1.0,1260,630,trim10_each_end,0.1,0.1,EMG_IMU,42,ShrinkageLDA,1386,1327,95,6.721373699998367,success,0.5052631578947369,0.5052631578947369,0.4200766283524905,0.5052631578947369,0.41485974610974613,0.6,0.6,0.4,0.6,0.4666666666666666
feature_screen_with_shrinkage_lda,10,S10_personal_fold03,3,win1p0s_50ov__trim10_each_end__EMG_IMU__ShrinkageLDA,win1p0s_50ov,1.0,1260,630,trim10_each_end,0.1,0.1,EMG_IMU,42,ShrinkageLDA,1386,1327,95,6.457493300000351,success,0.8421052631578947,0.8421052631578949,0.8465887445887447,0.8421052631578949,0.8311680211680212,1.0,1.0,1.0,1.0,1.0
feature_screen_with_shrinkage_lda,10,S10_personal_fold04,4,win1p0s_50ov__trim10_each_end__EMG_IMU__ShrinkageLDA,win1p0s_50ov,1.0,1260,630,trim10_each_end,0.1,0.1,EMG_IMU,42,ShrinkageLDA,1386,1327,95,6.872605600001407,success,0.8105263157894737,0.8105263157894737,0.9027027027027028,0.8105263157894737,0.7791486291486291,0.8,0.8,0.7,0.8,0.7333333333333333
feature_screen_with_shrinkage_lda,10,S10_personal_fold05,5,win1p0s_50ov__trim10_each_end__EMG_IMU__ShrinkageLDA,win1p0s_50ov,1.0,1260,630,trim10_each_end,0.1,0.1,EMG_IMU,42,ShrinkageLDA,1386,1327,95,5.847005199997511,success,0.6210526315789474,0.6210526315789473,0.6354978354978356,0.6210526315789473,0.6185585003232063,0.6,0.6,0.6,0.6,0.6
feature_screen_with_shrinkage_lda,10,S10_personal_fold06,6,win1p0s_50ov__trim10_each_end__EMG_IMU__ShrinkageLDA,win1p0s_50ov,1.0,1260,630,trim10_each_end,0.1,0.1,EMG_IMU,42,ShrinkageLDA,1386,1327,95,5.76276979999966,success,0.7473684210526316,0.7473684210526316,0.6716302952503209,0.7473684210526316,0.6884711779448621,0.8,0.8,0.7,0.8,0.7333333333333333
feature_screen_with_shrinkage_lda,10,S10_personal_fold07,7,win1p0s_50ov__trim10_each_end__EMG_IMU__ShrinkageLDA,win1p0s_50ov,1.0,1260,630,trim10_each_end,0.1,0.1,EMG_IMU,42,ShrinkageLDA,1386,570,852,4.625465199998871,success,0.6889671361502347,0.6136209216363147,0.6501991963629508,0.6136209216363147,0.622187067697331,1.0,1.0,1.0,1.0,1.0
feature_screen_with_shrinkage_lda,10,S10_personal_fold08,8,win1p0s_50ov__trim10_each_end__EMG_IMU__ShrinkageLDA,win1p0s_50ov,1.0,1260,630,trim10_each_end,0.1,0.1,EMG_IMU,42,ShrinkageLDA,1386,570,95,4.446232399997825,success,0.7684210526315789,0.7684210526315789,0.6410991636798088,0.7684210526315789,0.6901903642773208,0.8,0.8,0.7,0.8,0.7333333333333333
feature_screen_with_shrinkage_lda,10,S10_personal_fold01,1,win1p0s_50ov__trim20_each_end__EMG__ShrinkageLDA,win1p0s_50ov,1.0,1260,630,trim20_each_end,0.2,0.2,EMG,6,ShrinkageLDA,198,988,70,0.08745470000212663,success,0.37142857142857144,0.37142857142857144,0.46904761904761905,0.37142857142857144,0.38394296085040186,0.2,0.2,0.2,0.2,0.2
feature_screen_with_shrinkage_lda,10,S10_personal_fold02,2,win1p0s_50ov__trim20_each_end__EMG__ShrinkageLDA,win1p0s_50ov,1.0,1260,630,trim20_each_end,0.2,0.2,EMG,6,ShrinkageLDA,198,988,70,0.06296510000174749,success,0.6,0.6,0.45495934959349593,0.6,0.4949216300940439,0.6,0.6,0.4666666666666666,0.6,0.5
feature_screen_with_shrinkage_lda,10,S10_personal_fold03,3,win1p0s_50ov__trim20_each_end__EMG__ShrinkageLDA,win1p0s_50ov,1.0,1260,630,trim20_each_end,0.2,0.2,EMG,6,ShrinkageLDA,198,988,70,0.06512940000175149,success,0.6714285714285714,0.6714285714285715,0.6598343685300206,0.6714285714285715,0.6306230600348248,0.8,0.8,0.7,0.8,0.7333333333333333
feature_screen_with_shrinkage_lda,10,S10_personal_fold04,4,win1p0s_50ov__trim20_each_end__EMG__ShrinkageLDA,win1p0s_50ov,1.0,1260,630,trim20_each_end,0.2,0.2,EMG,6,ShrinkageLDA,198,988,70,0.06237930000133929,success,0.7285714285714285,0.7285714285714285,0.7680392156862744,0.7285714285714285,0.7020705909903333,0.8,0.8,0.7,0.8,0.7333333333333333
feature_screen_with_shrinkage_lda,10,S10_personal_fold05,5,win1p0s_50ov__trim20_each_end__EMG__ShrinkageLDA,win1p0s_50ov,1.0,1260,630,trim20_each_end,0.2,0.2,EMG,6,ShrinkageLDA,198,988,70,0.07084759999997914,success,0.6857142857142857,0.6857142857142857,0.6533333333333333,0.6857142857142857,0.6656960408684547,0.8,0.8,0.7,0.8,0.7333333333333333
feature_screen_with_shrinkage_lda,10,S10_personal_fold06,6,win1p0s_50ov__trim20_each_end__EMG__ShrinkageLDA,win1p0s_50ov,1.0,1260,630,trim20_each_end,0.2,0.2,EMG,6,ShrinkageLDA,198,988,70,0.07374369999888586,success,0.7142857142857143,0.7142857142857142,0.7592592592592593,0.7142857142857142,0.693039911308204,0.8,0.8,0.7,0.8,0.7333333333333333
feature_screen_with_shrinkage_lda,10,S10_personal_fold07,7,win1p0s_50ov__trim20_each_end__EMG__ShrinkageLDA,win1p0s_50ov,1.0,1260,630,trim20_each_end,0.2,0.2,EMG,6,ShrinkageLDA,198,420,638,0.042371399998955894,success,0.7021943573667712,0.6251847401701226,0.7549176489965882,0.6251847401701226,0.6178272820395405,0.8,0.8,0.7,0.8,0.7333333333333333
feature_screen_with_shrinkage_lda,10,S10_personal_fold08,8,win1p0s_50ov__trim20_each_end__EMG__ShrinkageLDA,win1p0s_50ov,1.0,1260,630,trim20_each_end,0.2,0.2,EMG,6,ShrinkageLDA,198,420,70,0.0399840000027325,success,0.9714285714285714,0.9714285714285715,0.9733333333333334,0.9714285714285715,0.9708222811671089,1.0,1.0,1.0,1.0,1.0
feature_screen_with_shrinkage_lda,10,S10_personal_fold01,1,win1p0s_50ov__trim20_each_end__EMG_ACC__ShrinkageLDA,win1p0s_50ov,1.0,1260,630,trim20_each_end,0.2,0.2,EMG_ACC,24,ShrinkageLDA,792,988,70,1.0737048999981198,success,0.38571428571428573,0.3857142857142857,0.3911111111111111,0.3857142857142857,0.35511339323919555,0.4,0.4,0.3,0.4,0.3333333333333333
feature_screen_with_shrinkage_lda,10,S10_personal_fold02,2,win1p0s_50ov__trim20_each_end__EMG_ACC__ShrinkageLDA,win1p0s_50ov,1.0,1260,630,trim20_each_end,0.2,0.2,EMG_ACC,24,ShrinkageLDA,792,988,70,1.1605163999993238,success,0.5142857142857142,0.5142857142857142,0.4311827956989248,0.5142857142857142,0.43447953216374263,0.6,0.6,0.4666666666666666,0.6,0.5
feature_screen_with_shrinkage_lda,10,S10_personal_fold03,3,win1p0s_50ov__trim20_each_end__EMG_ACC__ShrinkageLDA,win1p0s_50ov,1.0,1260,630,trim20_each_end,0.2,0.2,EMG_ACC,24,ShrinkageLDA,792,988,70,1.1093976000011025,success,0.7285714285714285,0.7285714285714285,0.7442863019333608,0.7285714285714285,0.7018927246431491,0.8,0.8,0.7,0.8,0.7333333333333333
feature_screen_with_shrinkage_lda,10,S10_personal_fold04,4,win1p0s_50ov__trim20_each_end__EMG_ACC__ShrinkageLDA,win1p0s_50ov,1.0,1260,630,trim20_each_end,0.2,0.2,EMG_ACC,24,ShrinkageLDA,792,988,70,1.0903145000011136,success,0.7428571428571429,0.7428571428571429,0.6933333333333334,0.7428571428571429,0.693939393939394,0.8,0.8,0.7,0.8,0.7333333333333333
feature_screen_with_shrinkage_lda,10,S10_personal_fold05,5,win1p0s_50ov__trim20_each_end__EMG_ACC__ShrinkageLDA,win1p0s_50ov,1.0,1260,630,trim20_each_end,0.2,0.2,EMG_ACC,24,ShrinkageLDA,792,988,70,1.0977211999997962,success,0.7285714285714285,0.7285714285714285,0.6782608695652174,0.7285714285714285,0.6972972972972973,0.8,0.8,0.7,0.8,0.7333333333333333
feature_screen_with_shrinkage_lda,10,S10_personal_fold06,6,win1p0s_50ov__trim20_each_end__EMG_ACC__ShrinkageLDA,win1p0s_50ov,1.0,1260,630,trim20_each_end,0.2,0.2,EMG_ACC,24,ShrinkageLDA,792,988,70,1.163554300001124,success,0.7571428571428571,0.7571428571428571,0.6832183908045977,0.7571428571428571,0.7005439836233741,0.8,0.8,0.7,0.8,0.7333333333333333
feature_screen_with_shrinkage_lda,10,S10_personal_fold07,7,win1p0s_50ov__trim20_each_end__EMG_ACC__ShrinkageLDA,win1p0s_50ov,1.0,1260,630,trim20_each_end,0.2,0.2,EMG_ACC,24,ShrinkageLDA,792,420,638,0.8136341000026732,success,0.7100313479623824,0.6321532037221599,0.7275474753530509,0.6321532037221599,0.6368678828646109,0.8,0.8,0.7,0.8,0.7333333333333333
feature_screen_with_shrinkage_lda,10,S10_personal_fold08,8,win1p0s_50ov__trim20_each_end__EMG_ACC__ShrinkageLDA,win1p0s_50ov,1.0,1260,630,trim20_each_end,0.2,0.2,EMG_ACC,24,ShrinkageLDA,792,420,70,0.7977694000001065,success,0.7857142857142857,0.7857142857142858,0.6522169059011165,0.7857142857142858,0.7072448624172762,0.8,0.8,0.7,0.8,0.7333333333333333
feature_screen_with_shrinkage_lda,10,S10_personal_fold01,1,win1p0s_50ov__trim20_each_end__EMG_IMU__ShrinkageLDA,win1p0s_50ov,1.0,1260,630,trim20_each_end,0.2,0.2,EMG_IMU,42,ShrinkageLDA,1386,988,70,5.107170600000245,success,0.38571428571428573,0.38571428571428573,0.4275985663082437,0.38571428571428573,0.3408610495195861,0.4,0.4,0.3,0.4,0.3333333333333333
feature_screen_with_shrinkage_lda,10,S10_personal_fold02,2,win1p0s_50ov__trim20_each_end__EMG_IMU__ShrinkageLDA,win1p0s_50ov,1.0,1260,630,trim20_each_end,0.2,0.2,EMG_IMU,42,ShrinkageLDA,1386,988,70,4.887822000000597,success,0.5142857142857142,0.5142857142857143,0.372669220945083,0.5142857142857143,0.4142240062829966,0.6,0.6,0.4666666666666666,0.6,0.5
feature_screen_with_shrinkage_lda,10,S10_personal_fold03,3,win1p0s_50ov__trim20_each_end__EMG_IMU__ShrinkageLDA,win1p0s_50ov,1.0,1260,630,trim20_each_end,0.2,0.2,EMG_IMU,42,ShrinkageLDA,1386,988,70,4.7113171000019065,success,0.7285714285714285,0.7285714285714284,0.742948717948718,0.7285714285714284,0.6977777777777778,0.8,0.8,0.7,0.8,0.7333333333333333
feature_screen_with_shrinkage_lda,10,S10_personal_fold04,4,win1p0s_50ov__trim20_each_end__EMG_IMU__ShrinkageLDA,win1p0s_50ov,1.0,1260,630,trim20_each_end,0.2,0.2,EMG_IMU,42,ShrinkageLDA,1386,988,70,5.1580974999997125,success,0.7857142857142857,0.7857142857142858,0.7703703703703704,0.7857142857142858,0.7447301622337491,0.8,0.8,0.7,0.8,0.7333333333333333
feature_screen_with_shrinkage_lda,10,S10_personal_fold05,5,win1p0s_50ov__trim20_each_end__EMG_IMU__ShrinkageLDA,win1p0s_50ov,1.0,1260,630,trim20_each_end,0.2,0.2,EMG_IMU,42,ShrinkageLDA,1386,988,70,4.884799699997529,success,0.7142857142857143,0.7142857142857142,0.6785714285714286,0.7142857142857142,0.681969881969882,0.8,0.8,0.7,0.8,0.7333333333333333
feature_screen_with_shrinkage_lda,10,S10_personal_fold06,6,win1p0s_50ov__trim20_each_end__EMG_IMU__ShrinkageLDA,win1p0s_50ov,1.0,1260,630,trim20_each_end,0.2,0.2,EMG_IMU,42,ShrinkageLDA,1386,988,70,5.043516100002307,success,0.7714285714285715,0.7714285714285714,0.7734065934065933,0.7714285714285714,0.7438195488721805,0.8,0.8,0.7,0.8,0.7333333333333333
feature_screen_with_shrinkage_lda,10,S10_personal_fold07,7,win1p0s_50ov__trim20_each_end__EMG_IMU__ShrinkageLDA,win1p0s_50ov,1.0,1260,630,trim20_each_end,0.2,0.2,EMG_IMU,42,ShrinkageLDA,1386,420,638,3.6843775999986974,success,0.6755485893416928,0.5949808505485634,0.6567324076536614,0.5949808505485634,0.6028734941269864,1.0,1.0,1.0,1.0,1.0
feature_screen_with_shrinkage_lda,10,S10_personal_fold08,8,win1p0s_50ov__trim20_each_end__EMG_IMU__ShrinkageLDA,win1p0s_50ov,1.0,1260,630,trim20_each_end,0.2,0.2,EMG_IMU,42,ShrinkageLDA,1386,420,70,3.6075360999966506,success,0.7857142857142857,0.7857142857142858,0.641547987616099,0.7857142857142858,0.7029268012190213,0.8,0.8,0.7,0.8,0.7333333333333333
model_screen_on_best_feature_config,10,S10_personal_fold01,1,win1p0s_50ov__trim10_each_end__EMG_IMU__ShrinkageLDA,win1p0s_50ov,1.0,1260,630,trim10_each_end,0.1,0.1,EMG_IMU,42,ShrinkageLDA,1386,1327,95,5.6127712999987125,success,0.5368421052631579,0.5368421052631579,0.5188235294117647,0.5368421052631579,0.499788765171315,0.8,0.8,0.7,0.8,0.7333333333333333
model_screen_on_best_feature_config,10,S10_personal_fold01,1,win1p0s_50ov__trim10_each_end__EMG_IMU__LogisticRegression,win1p0s_50ov,1.0,1260,630,trim10_each_end,0.1,0.1,EMG_IMU,42,LogisticRegression,1386,1327,95,0.8146496000008483,success,0.47368421052631576,0.4736842105263158,0.491650853889943,0.4736842105263158,0.4493177598083259,0.6,0.6,0.5,0.6,0.5333333333333333
model_screen_on_best_feature_config,10,S10_personal_fold01,1,win1p0s_50ov__trim10_each_end__EMG_IMU__RBF-SVM,win1p0s_50ov,1.0,1260,630,trim10_each_end,0.1,0.1,EMG_IMU,42,RBF-SVM,1386,1327,95,9.655212599998777,success,0.43157894736842106,0.43157894736842106,0.4831095972750951,0.43157894736842106,0.40512820512820513,0.6,0.6,0.4666666666666666,0.6,0.5
model_screen_on_best_feature_config,10,S10_personal_fold01,1,win1p0s_50ov__trim10_each_end__EMG_IMU__RandomForest,win1p0s_50ov,1.0,1260,630,trim10_each_end,0.1,0.1,EMG_IMU,42,RandomForest,1386,1327,95,1.8343324000015855,success,0.4105263157894737,0.41052631578947374,0.429514963880289,0.41052631578947374,0.3893536453615898,0.4,0.4,0.16666666666666666,0.4,0.2333333333333333
model_screen_on_best_feature_config,10,S10_personal_fold02,2,win1p0s_50ov__trim20_each_end__EMG__ShrinkageLDA,win1p0s_50ov,1.0,1260,630,trim20_each_end,0.2,0.2,EMG,6,ShrinkageLDA,198,988,70,0.05999080000037793,success,0.6,0.6,0.45495934959349593,0.6,0.4949216300940439,0.6,0.6,0.4666666666666666,0.6,0.5
model_screen_on_best_feature_config,10,S10_personal_fold02,2,win1p0s_50ov__trim20_each_end__EMG__LogisticRegression,win1p0s_50ov,1.0,1260,630,trim20_each_end,0.2,0.2,EMG,6,LogisticRegression,198,988,70,0.1409760999995342,success,0.5428571428571428,0.5428571428571429,0.3534050179211469,0.5428571428571429,0.42388888888888887,0.6,0.6,0.4666666666666666,0.6,0.5
model_screen_on_best_feature_config,10,S10_personal_fold02,2,win1p0s_50ov__trim20_each_end__EMG__RBF-SVM,win1p0s_50ov,1.0,1260,630,trim20_each_end,0.2,0.2,EMG,6,RBF-SVM,198,988,70,0.48982559999785735,success,0.5714285714285714,0.5714285714285714,0.4336842105263158,0.5714285714285714,0.473209549071618,0.6,0.6,0.4666666666666666,0.6,0.5
model_screen_on_best_feature_config,10,S10_personal_fold02,2,win1p0s_50ov__trim20_each_end__EMG__RandomForest,win1p0s_50ov,1.0,1260,630,trim20_each_end,0.2,0.2,EMG,6,RandomForest,198,988,70,0.5656339999986812,success,0.5142857142857142,0.5142857142857142,0.44343891402714936,0.5142857142857142,0.4611111111111111,0.6,0.6,0.4666666666666666,0.6,0.5
model_screen_on_best_feature_config,10,S10_personal_fold03,3,win1p0s_50ov__trim10_each_end__EMG_IMU__ShrinkageLDA,win1p0s_50ov,1.0,1260,630,trim10_each_end,0.1,0.1,EMG_IMU,42,ShrinkageLDA,1386,1327,95,5.541363200001797,success,0.8421052631578947,0.8421052631578949,0.8465887445887447,0.8421052631578949,0.8311680211680212,1.0,1.0,1.0,1.0,1.0
model_screen_on_best_feature_config,10,S10_personal_fold03,3,win1p0s_50ov__trim10_each_end__EMG_IMU__LogisticRegression,win1p0s_50ov,1.0,1260,630,trim10_each_end,0.1,0.1,EMG_IMU,42,LogisticRegression,1386,1327,95,0.7430590000003576,success,0.5684210526315789,0.5684210526315789,0.7037037037037037,0.5684210526315789,0.5322004176483187,0.6,0.6,0.4666666666666666,0.6,0.5
model_screen_on_best_feature_config,10,S10_personal_fold03,3,win1p0s_50ov__trim10_each_end__EMG_IMU__RBF-SVM,win1p0s_50ov,1.0,1260,630,trim10_each_end,0.1,0.1,EMG_IMU,42,RBF-SVM,1386,1327,95,8.854756200002157,success,0.6947368421052632,0.6947368421052632,0.8029047619047619,0.6947368421052632,0.6513637146660403,0.8,0.8,0.7,0.8,0.7333333333333333
model_screen_on_best_feature_config,10,S10_personal_fold03,3,win1p0s_50ov__trim10_each_end__EMG_IMU__RandomForest,win1p0s_50ov,1.0,1260,630,trim10_each_end,0.1,0.1,EMG_IMU,42,RandomForest,1386,1327,95,1.924011099999916,success,0.7263157894736842,0.7263157894736842,0.744329519450801,0.7263157894736842,0.6955570745044428,0.8,0.8,0.7,0.8,0.7333333333333333
model_screen_on_best_feature_config,10,S10_personal_fold04,4,win0p5s_50ov__trim10_each_end__EMG_IMU__ShrinkageLDA,win0p5s_50ov,0.5,630,315,trim10_each_end,0.1,0.1,EMG_IMU,42,ShrinkageLDA,1386,2654,190,8.602282500000001,success,0.8210526315789474,0.8210526315789475,0.871933621933622,0.8210526315789475,0.8107068607068607,0.8,0.8,0.7,0.8,0.7333333333333333
model_screen_on_best_feature_config,10,S10_personal_fold04,4,win0p5s_50ov__trim10_each_end__EMG_IMU__LogisticRegression,win0p5s_50ov,0.5,630,315,trim10_each_end,0.1,0.1,EMG_IMU,42,LogisticRegression,1386,2654,190,2.3477688999992097,success,0.8157894736842105,0.8157894736842106,0.8358592417182289,0.8157894736842106,0.7976127568247787,1.0,1.0,1.0,1.0,1.0
model_screen_on_best_feature_config,10,S10_personal_fold04,4,win0p5s_50ov__trim10_each_end__EMG_IMU__RBF-SVM,win0p5s_50ov,0.5,630,315,trim10_each_end,0.1,0.1,EMG_IMU,42,RBF-SVM,1386,2654,190,32.050036399999954,success,0.8526315789473684,0.8526315789473685,0.8809568480300187,0.8526315789473685,0.8552986037140708,1.0,1.0,1.0,1.0,1.0
model_screen_on_best_feature_config,10,S10_personal_fold04,4,win0p5s_50ov__trim10_each_end__EMG_IMU__RandomForest,win0p5s_50ov,0.5,630,315,trim10_each_end,0.1,0.1,EMG_IMU,42,RandomForest,1386,2654,190,4.095903100002033,success,0.7947368421052632,0.7947368421052632,0.8176444164204263,0.7947368421052632,0.791937472221526,0.8,0.8,0.7,0.8,0.7333333333333333
model_screen_on_best_feature_config,10,S10_personal_fold05,5,win1p0s_50ov__trim20_each_end__EMG_ACC__ShrinkageLDA,win1p0s_50ov,1.0,1260,630,trim20_each_end,0.2,0.2,EMG_ACC,24,ShrinkageLDA,792,988,70,1.2471511000003375,success,0.7285714285714285,0.7285714285714285,0.6782608695652174,0.7285714285714285,0.6972972972972973,0.8,0.8,0.7,0.8,0.7333333333333333
model_screen_on_best_feature_config,10,S10_personal_fold05,5,win1p0s_50ov__trim20_each_end__EMG_ACC__LogisticRegression,win1p0s_50ov,1.0,1260,630,trim20_each_end,0.2,0.2,EMG_ACC,24,LogisticRegression,792,988,70,0.4158876000001328,success,0.7285714285714285,0.7285714285714286,0.6703296703296704,0.7285714285714286,0.6883068783068783,0.8,0.8,0.7,0.8,0.7333333333333333
model_screen_on_best_feature_config,10,S10_personal_fold05,5,win1p0s_50ov__trim20_each_end__EMG_ACC__RBF-SVM,win1p0s_50ov,1.0,1260,630,trim20_each_end,0.2,0.2,EMG_ACC,24,RBF-SVM,792,988,70,3.065226499998971,success,0.7857142857142857,0.7857142857142858,0.6866666666666668,0.7857142857142858,0.7190293742017879,0.8,0.8,0.7,0.8,0.7333333333333333
model_screen_on_best_feature_config,10,S10_personal_fold05,5,win1p0s_50ov__trim20_each_end__EMG_ACC__RandomForest,win1p0s_50ov,1.0,1260,630,trim20_each_end,0.2,0.2,EMG_ACC,24,RandomForest,792,988,70,0.9589971999994304,success,0.7714285714285715,0.7714285714285714,0.7589743589743589,0.7714285714285714,0.7361220043572985,0.8,0.8,0.7,0.8,0.7333333333333333
model_screen_on_best_feature_config,10,S10_personal_fold06,6,win1p0s_50ov__trim10_each_end__EMG__ShrinkageLDA,win1p0s_50ov,1.0,1260,630,trim10_each_end,0.1,0.1,EMG,6,ShrinkageLDA,198,1327,95,0.08917040000233101,success,0.7684210526315789,0.768421052631579,0.8389473684210527,0.768421052631579,0.7500125512509414,0.8,0.8,0.7,0.8,0.7333333333333333
model_screen_on_best_feature_config,10,S10_personal_fold06,6,win1p0s_50ov__trim10_each_end__EMG__LogisticRegression,win1p0s_50ov,1.0,1260,630,trim10_each_end,0.1,0.1,EMG,6,LogisticRegression,198,1327,95,0.30272749999858206,success,0.8105263157894737,0.8105263157894737,0.8431168831168832,0.8105263157894737,0.8116105073754116,1.0,1.0,1.0,1.0,1.0
model_screen_on_best_feature_config,10,S10_personal_fold06,6,win1p0s_50ov__trim10_each_end__EMG__RBF-SVM,win1p0s_50ov,1.0,1260,630,trim10_each_end,0.1,0.1,EMG,6,RBF-SVM,198,1327,95,0.9034664000027988,success,0.7473684210526316,0.7473684210526316,0.7937135328439676,0.7473684210526316,0.7349565467212527,0.8,0.8,0.7,0.8,0.7333333333333333
model_screen_on_best_feature_config,10,S10_personal_fold06,6,win1p0s_50ov__trim10_each_end__EMG__RandomForest,win1p0s_50ov,1.0,1260,630,trim10_each_end,0.1,0.1,EMG,6,RandomForest,198,1327,95,0.819458099998883,success,0.6421052631578947,0.6421052631578947,0.6117647058823529,0.6421052631578947,0.546294777139732,0.6,0.6,0.4,0.6,0.4666666666666666
model_screen_on_best_feature_config,10,S10_personal_fold07,7,win1p0s_50ov__full_segment__EMG__ShrinkageLDA,win1p0s_50ov,1.0,1260,630,full_segment,0.0,0.0,EMG,6,ShrinkageLDA,198,692,1066,0.057321100000990555,success,0.7326454033771107,0.66187577305056,0.708131827261751,0.66187577305056,0.6676745338842446,1.0,1.0,1.0,1.0,1.0
model_screen_on_best_feature_config,10,S10_personal_fold07,7,win1p0s_50ov__full_segment__EMG__LogisticRegression,win1p0s_50ov,1.0,1260,630,full_segment,0.0,0.0,EMG,6,LogisticRegression,198,692,1066,0.13830400000006193,success,0.6622889305816135,0.5836524001938532,0.6322466621315667,0.5836524001938532,0.592055340809313,1.0,1.0,1.0,1.0,1.0
model_screen_on_best_feature_config,10,S10_personal_fold07,7,win1p0s_50ov__full_segment__EMG__RBF-SVM,win1p0s_50ov,1.0,1260,630,full_segment,0.0,0.0,EMG,6,RBF-SVM,198,692,1066,0.5381521999988763,success,0.5075046904315197,0.4706950895858286,0.6206738661977382,0.4706950895858286,0.4683959411662362,0.6,0.6,0.4666666666666666,0.6,0.5
model_screen_on_best_feature_config,10,S10_personal_fold07,7,win1p0s_50ov__full_segment__EMG__RandomForest,win1p0s_50ov,1.0,1260,630,full_segment,0.0,0.0,EMG,6,RandomForest,198,692,1066,0.4237756000002264,success,0.7063789868667918,0.6373342010045815,0.6549346087413283,0.6373342010045815,0.6411969579825121,1.0,1.0,1.0,1.0,1.0
model_screen_on_best_feature_config,10,S10_personal_fold08,8,win1p0s_50ov__trim20_each_end__EMG__ShrinkageLDA,win1p0s_50ov,1.0,1260,630,trim20_each_end,0.2,0.2,EMG,6,ShrinkageLDA,198,420,70,0.06444999999803258,success,0.9714285714285714,0.9714285714285715,0.9733333333333334,0.9714285714285715,0.9708222811671089,1.0,1.0,1.0,1.0,1.0
model_screen_on_best_feature_config,10,S10_personal_fold08,8,win1p0s_50ov__trim20_each_end__EMG__LogisticRegression,win1p0s_50ov,1.0,1260,630,trim20_each_end,0.2,0.2,EMG,6,LogisticRegression,198,420,70,0.10924199999863049,success,0.8285714285714286,0.8285714285714285,0.8807017543859649,0.8285714285714285,0.8195520421607378,1.0,1.0,1.0,1.0,1.0
model_screen_on_best_feature_config,10,S10_personal_fold08,8,win1p0s_50ov__trim20_each_end__EMG__RBF-SVM,win1p0s_50ov,1.0,1260,630,trim20_each_end,0.2,0.2,EMG,6,RBF-SVM,198,420,70,0.15261710000049789,success,0.6285714285714286,0.6285714285714286,0.5724118993135011,0.6285714285714286,0.5244154891213715,0.6,0.6,0.4,0.6,0.4666666666666666
model_screen_on_best_feature_config,10,S10_personal_fold08,8,win1p0s_50ov__trim20_each_end__EMG__RandomForest,win1p0s_50ov,1.0,1260,630,trim20_each_end,0.2,0.2,EMG,6,RandomForest,198,420,70,0.2556229000001622,success,0.5857142857142857,0.5857142857142856,0.6653679653679654,0.5857142857142856,0.5442374051069703,0.6,0.6,0.4,0.6,0.4666666666666666
