fold_id,subject_id,fold_index,test_class_segment_index,validation_class_segment_index,split_rule,split,source_file,condition,recording_id,segment_id,class_segment_index,action_label,action_name,y,start_index,end_index,sample_count,sampling_rate,channel_count,label_column
S01_personal_fold01,1,1,0,1,"per class: test=i, validation=(i+1)%8, train=remaining 6 segment indices",test,data/limb/subject01/StaticP1/subject1_limb_EMG.mat,StaticP1,S01_StaticP1_seg0001,S01_StaticP1_seg0001,0,1,HandOpen,0,1,15120,15120,1260.0,42,43
S01_personal_fold01,1,1,0,1,"per class: test=i, validation=(i+1)%8, train=remaining 6 segment indices",validation,data/limb/subject01/StaticP2/subject1_limb_EMG.mat,StaticP2,S01_StaticP2_seg0001,S01_StaticP2_seg0001,1,1,HandOpen,0,1,15120,15120,1260.0,42,43
S01_personal_fold01,1,1,0,1,"per class: test=i, validation=(i+1)%8, train=remaining 6 segment indices",train,data/limb/subject01/StaticP3/subject1_limb_EMG.mat,StaticP3,S01_StaticP3_seg0001,S01_StaticP3_seg0001,2,1,HandOpen,0,1,15120,15120,1260.0,42,43
S01_personal_fold01,1,1,0,1,"per class: test=i, validation=(i+1)%8, train=remaining 6 segment indices",train,data/limb/subject01/StaticP4/subject1_limb_EMG.mat,StaticP4,S01_StaticP4_seg0001,S01_StaticP4_seg0001,3,1,HandOpen,0,1,15120,15120,1260.0,42,43
S01_personal_fold01,1,1,0,1,"per class: test=i, validation=(i+1)%8, train=remaining 6 segment indices",train,data/limb/subject01/StaticP9/subject1_limb_EMG.mat,StaticP9,S01_StaticP9_seg0001,S01_StaticP9_seg0001,4,1,HandOpen,0,1,15120,15120,1260.0,42,43
S01_personal_fold01,1,1,0,1,"per class: test=i, validation=(i+1)%8, train=remaining 6 segment indices",train,data/limb/subject01/StaticP10/subject1_limb_EMG.mat,StaticP10,S01_StaticP10_seg0001,S01_StaticP10_seg0001,5,1,HandOpen,0,1,15120,15120,1260.0,42,43
S01_personal_fold01,1,1,0,1,"per class: test=i, validation=(i+1)%8, train=remaining 6 segment indices",train,data/limb/subject01/StaticP14/subject1_limb_EMG.mat,StaticP14,S01_StaticP14_seg0001,S01_StaticP14_seg0001,6,1,HandOpen,0,1,15120,15120,1260.0,42,43
S01_personal_fold01,1,1,0,1,"per class: test=i, validation=(i+1)%8, train=remaining 6 segment indices",train,data/limb/subject01/Dynamic/subject1_limb_EMG.mat,Dynamic,S01_Dynamic_seg0001,S01_Dynamic_seg0001,7,1,HandOpen,0,1,122358,122358,1260.0,42,43
S01_personal_fold01,1,1,0,1,"per class: test=i, validation=(i+1)%8, train=remaining 6 segment indices",test,data/limb/subject01/StaticP1/subject1_limb_EMG.mat,StaticP1,S01_StaticP1_seg0002,S01_StaticP1_seg0002,0,2,Lateral,1,15121,30240,15120,1260.0,42,43
S01_personal_fold01,1,1,0,1,"per class: test=i, validation=(i+1)%8, train=remaining 6 segment indices",validation,data/limb/subject01/StaticP2/subject1_limb_EMG.mat,StaticP2,S01_StaticP2_seg0002,S01_StaticP2_seg0002,1,2,Lateral,1,15121,30240,15120,1260.0,42,43
S01_personal_fold01,1,1,0,1,"per class: test=i, validation=(i+1)%8, train=remaining 6 segment indices",train,data/limb/subject01/StaticP3/subject1_limb_EMG.mat,StaticP3,S01_StaticP3_seg0002,S01_StaticP3_seg0002,2,2,Lateral,1,15121,30240,15120,1260.0,42,43
S01_personal_fold01,1,1,0,1,"per class: test=i, validation=(i+1)%8, train=remaining 6 segment indices",train,data/limb/subject01/StaticP4/subject1_limb_EMG.mat,StaticP4,S01_StaticP4_seg0002,S01_StaticP4_seg0002,3,2,Lateral,1,15121,30240,15120,1260.0,42,43
S01_personal_fold01,1,1,0,1,"per class: test=i, validation=(i+1)%8, train=remaining 6 segment indices",train,data/limb/subject01/StaticP9/subject1_limb_EMG.mat,StaticP9,S01_StaticP9_seg0002,S01_StaticP9_seg0002,4,2,Lateral,1,15121,30240,15120,1260.0,42,43
S01_personal_fold01,1,1,0,1,"per class: test=i, validation=(i+1)%8, train=remaining 6 segment indices",train,data/limb/subject01/StaticP10/subject1_limb_EMG.mat,StaticP10,S01_StaticP10_seg0002,S01_StaticP10_seg0002,5,2,Lateral,1,15121,30240,15120,1260.0,42,43
S01_personal_fold01,1,1,0,1,"per class: test=i, validation=(i+1)%8, train=remaining 6 segment indices",train,data/limb/subject01/StaticP14/subject1_limb_EMG.mat,StaticP14,S01_StaticP14_seg0002,S01_StaticP14_seg0002,6,2,Lateral,1,15121,30240,15120,1260.0,42,43
S01_personal_fold01,1,1,0,1,"per class: test=i, validation=(i+1)%8, train=remaining 6 segment indices",train,data/limb/subject01/Dynamic/subject1_limb_EMG.mat,Dynamic,S01_Dynamic_seg0002,S01_Dynamic_seg0002,7,2,Lateral,1,122359,235072,112714,1260.0,42,43
S01_personal_fold01,1,1,0,1,"per class: test=i, validation=(i+1)%8, train=remaining 6 segment indices",test,data/limb/subject01/StaticP1/subject1_limb_EMG.mat,StaticP1,S01_StaticP1_seg0003,S01_StaticP1_seg0003,0,3,Pinch,2,30241,45360,15120,1260.0,42,43
S01_personal_fold01,1,1,0,1,"per class: test=i, validation=(i+1)%8, train=remaining 6 segment indices",validation,data/limb/subject01/StaticP2/subject1_limb_EMG.mat,StaticP2,S01_StaticP2_seg0003,S01_StaticP2_seg0003,1,3,Pinch,2,30241,45360,15120,1260.0,42,43
S01_personal_fold01,1,1,0,1,"per class: test=i, validation=(i+1)%8, train=remaining 6 segment indices",train,data/limb/subject01/StaticP3/subject1_limb_EMG.mat,StaticP3,S01_StaticP3_seg0003,S01_StaticP3_seg0003,2,3,Pinch,2,30241,45360,15120,1260.0,42,43
S01_personal_fold01,1,1,0,1,"per class: test=i, validation=(i+1)%8, train=remaining 6 segment indices",train,data/limb/subject01/StaticP4/subject1_limb_EMG.mat,StaticP4,S01_StaticP4_seg0003,S01_StaticP4_seg0003,3,3,Pinch,2,30241,45360,15120,1260.0,42,43
S01_personal_fold01,1,1,0,1,"per class: test=i, validation=(i+1)%8, train=remaining 6 segment indices",train,data/limb/subject01/StaticP9/subject1_limb_EMG.mat,StaticP9,S01_StaticP9_seg0003,S01_StaticP9_seg0003,4,3,Pinch,2,30241,45360,15120,1260.0,42,43
S01_personal_fold01,1,1,0,1,"per class: test=i, validation=(i+1)%8, train=remaining 6 segment indices",train,data/limb/subject01/StaticP10/subject1_limb_EMG.mat,StaticP10,S01_StaticP10_seg0003,S01_StaticP10_seg0003,5,3,Pinch,2,30241,45360,15120,1260.0,42,43
S01_personal_fold01,1,1,0,1,"per class: test=i, validation=(i+1)%8, train=remaining 6 segment indices",train,data/limb/subject01/StaticP14/subject1_limb_EMG.mat,StaticP14,S01_StaticP14_seg0003,S01_StaticP14_seg0003,6,3,Pinch,2,30241,45360,15120,1260.0,42,43
S01_personal_fold01,1,1,0,1,"per class: test=i, validation=(i+1)%8, train=remaining 6 segment indices",train,data/limb/subject01/Dynamic/subject1_limb_EMG.mat,Dynamic,S01_Dynamic_seg0003,S01_Dynamic_seg0003,7,3,Pinch,2,235073,345375,110303,1260.0,42,43
S01_personal_fold01,1,1,0,1,"per class: test=i, validation=(i+1)%8, train=remaining 6 segment indices",test,data/limb/subject01/StaticP1/subject1_limb_EMG.mat,StaticP1,S01_StaticP1_seg0004,S01_StaticP1_seg0004,0,4,Power,3,45361,60480,15120,1260.0,42,43
S01_personal_fold01,1,1,0,1,"per class: test=i, validation=(i+1)%8, train=remaining 6 segment indices",validation,data/limb/subject01/StaticP2/subject1_limb_EMG.mat,StaticP2,S01_StaticP2_seg0004,S01_StaticP2_seg0004,1,4,Power,3,45361,60480,15120,1260.0,42,43
S01_personal_fold01,1,1,0,1,"per class: test=i, validation=(i+1)%8, train=remaining 6 segment indices",train,data/limb/subject01/StaticP3/subject1_limb_EMG.mat,StaticP3,S01_StaticP3_seg0004,S01_StaticP3_seg0004,2,4,Power,3,45361,60480,15120,1260.0,42,43
S01_personal_fold01,1,1,0,1,"per class: test=i, validation=(i+1)%8, train=remaining 6 segment indices",train,data/limb/subject01/StaticP4/subject1_limb_EMG.mat,StaticP4,S01_StaticP4_seg0004,S01_StaticP4_seg0004,3,4,Power,3,45361,60480,15120,1260.0,42,43
S01_personal_fold01,1,1,0,1,"per class: test=i, validation=(i+1)%8, train=remaining 6 segment indices",train,data/limb/subject01/StaticP9/subject1_limb_EMG.mat,StaticP9,S01_StaticP9_seg0004,S01_StaticP9_seg0004,4,4,Power,3,45361,60480,15120,1260.0,42,43
S01_personal_fold01,1,1,0,1,"per class: test=i, validation=(i+1)%8, train=remaining 6 segment indices",train,data/limb/subject01/StaticP10/subject1_limb_EMG.mat,StaticP10,S01_StaticP10_seg0004,S01_StaticP10_seg0004,5,4,Power,3,45361,60480,15120,1260.0,42,43
S01_personal_fold01,1,1,0,1,"per class: test=i, validation=(i+1)%8, train=remaining 6 segment indices",train,data/limb/subject01/StaticP14/subject1_limb_EMG.mat,StaticP14,S01_StaticP14_seg0004,S01_StaticP14_seg0004,6,4,Power,3,45361,60480,15120,1260.0,42,43
S01_personal_fold01,1,1,0,1,"per class: test=i, validation=(i+1)%8, train=remaining 6 segment indices",train,data/limb/subject01/Dynamic/subject1_limb_EMG.mat,Dynamic,S01_Dynamic_seg0004,S01_Dynamic_seg0004,7,4,Power,3,345376,465303,119928,1260.0,42,43
S01_personal_fold01,1,1,0,1,"per class: test=i, validation=(i+1)%8, train=remaining 6 segment indices",test,data/limb/subject01/StaticP1/subject1_limb_EMG.mat,StaticP1,S01_StaticP1_seg0005,S01_StaticP1_seg0005,0,5,Rest,4,60481,75600,15120,1260.0,42,43
S01_personal_fold01,1,1,0,1,"per class: test=i, validation=(i+1)%8, train=remaining 6 segment indices",validation,data/limb/subject01/StaticP2/subject1_limb_EMG.mat,StaticP2,S01_StaticP2_seg0005,S01_StaticP2_seg0005,1,5,Rest,4,60481,75600,15120,1260.0,42,43
S01_personal_fold01,1,1,0,1,"per class: test=i, validation=(i+1)%8, train=remaining 6 segment indices",train,data/limb/subject01/StaticP3/subject1_limb_EMG.mat,StaticP3,S01_StaticP3_seg0005,S01_StaticP3_seg0005,2,5,Rest,4,60481,75600,15120,1260.0,42,43
S01_personal_fold01,1,1,0,1,"per class: test=i, validation=(i+1)%8, train=remaining 6 segment indices",train,data/limb/subject01/StaticP4/subject1_limb_EMG.mat,StaticP4,S01_StaticP4_seg0005,S01_StaticP4_seg0005,3,5,Rest,4,60481,75600,15120,1260.0,42,43
S01_personal_fold01,1,1,0,1,"per class: test=i, validation=(i+1)%8, train=remaining 6 segment indices",train,data/limb/subject01/StaticP9/subject1_limb_EMG.mat,StaticP9,S01_StaticP9_seg0005,S01_StaticP9_seg0005,4,5,Rest,4,60481,75600,15120,1260.0,42,43
S01_personal_fold01,1,1,0,1,"per class: test=i, validation=(i+1)%8, train=remaining 6 segment indices",train,data/limb/subject01/StaticP10/subject1_limb_EMG.mat,StaticP10,S01_StaticP10_seg0005,S01_StaticP10_seg0005,5,5,Rest,4,60481,75600,15120,1260.0,42,43
S01_personal_fold01,1,1,0,1,"per class: test=i, validation=(i+1)%8, train=remaining 6 segment indices",train,data/limb/subject01/StaticP14/subject1_limb_EMG.mat,StaticP14,S01_StaticP14_seg0005,S01_StaticP14_seg0005,6,5,Rest,4,60481,75600,15120,1260.0,42,43
S01_personal_fold01,1,1,0,1,"per class: test=i, validation=(i+1)%8, train=remaining 6 segment indices",train,data/limb/subject01/Dynamic/subject1_limb_EMG.mat,Dynamic,S01_Dynamic_seg0005,S01_Dynamic_seg0005,7,5,Rest,4,465304,575894,110591,1260.0,42,43
S01_personal_fold02,1,2,1,2,"per class: test=i, validation=(i+1)%8, train=remaining 6 segment indices",train,data/limb/subject01/StaticP1/subject1_limb_EMG.mat,StaticP1,S01_StaticP1_seg0001,S01_StaticP1_seg0001,0,1,HandOpen,0,1,15120,15120,1260.0,42,43
S01_personal_fold02,1,2,1,2,"per class: test=i, validation=(i+1)%8, train=remaining 6 segment indices",test,data/limb/subject01/StaticP2/subject1_limb_EMG.mat,StaticP2,S01_StaticP2_seg0001,S01_StaticP2_seg0001,1,1,HandOpen,0,1,15120,15120,1260.0,42,43
S01_personal_fold02,1,2,1,2,"per class: test=i, validation=(i+1)%8, train=remaining 6 segment indices",validation,data/limb/subject01/StaticP3/subject1_limb_EMG.mat,StaticP3,S01_StaticP3_seg0001,S01_StaticP3_seg0001,2,1,HandOpen,0,1,15120,15120,1260.0,42,43
S01_personal_fold02,1,2,1,2,"per class: test=i, validation=(i+1)%8, train=remaining 6 segment indices",train,data/limb/subject01/StaticP4/subject1_limb_EMG.mat,StaticP4,S01_StaticP4_seg0001,S01_StaticP4_seg0001,3,1,HandOpen,0,1,15120,15120,1260.0,42,43
S01_personal_fold02,1,2,1,2,"per class: test=i, validation=(i+1)%8, train=remaining 6 segment indices",train,data/limb/subject01/StaticP9/subject1_limb_EMG.mat,StaticP9,S01_StaticP9_seg0001,S01_StaticP9_seg0001,4,1,HandOpen,0,1,15120,15120,1260.0,42,43
S01_personal_fold02,1,2,1,2,"per class: test=i, validation=(i+1)%8, train=remaining 6 segment indices",train,data/limb/subject01/StaticP10/subject1_limb_EMG.mat,StaticP10,S01_StaticP10_seg0001,S01_StaticP10_seg0001,5,1,HandOpen,0,1,15120,15120,1260.0,42,43
S01_personal_fold02,1,2,1,2,"per class: test=i, validation=(i+1)%8, train=remaining 6 segment indices",train,data/limb/subject01/StaticP14/subject1_limb_EMG.mat,StaticP14,S01_StaticP14_seg0001,S01_StaticP14_seg0001,6,1,HandOpen,0,1,15120,15120,1260.0,42,43
S01_personal_fold02,1,2,1,2,"per class: test=i, validation=(i+1)%8, train=remaining 6 segment indices",train,data/limb/subject01/Dynamic/subject1_limb_EMG.mat,Dynamic,S01_Dynamic_seg0001,S01_Dynamic_seg0001,7,1,HandOpen,0,1,122358,122358,1260.0,42,43
S01_personal_fold02,1,2,1,2,"per class: test=i, validation=(i+1)%8, train=remaining 6 segment indices",train,data/limb/subject01/StaticP1/subject1_limb_EMG.mat,StaticP1,S01_StaticP1_seg0002,S01_StaticP1_seg0002,0,2,Lateral,1,15121,30240,15120,1260.0,42,43
S01_personal_fold02,1,2,1,2,"per class: test=i, validation=(i+1)%8, train=remaining 6 segment indices",test,data/limb/subject01/StaticP2/subject1_limb_EMG.mat,StaticP2,S01_StaticP2_seg0002,S01_StaticP2_seg0002,1,2,Lateral,1,15121,30240,15120,1260.0,42,43
S01_personal_fold02,1,2,1,2,"per class: test=i, validation=(i+1)%8, train=remaining 6 segment indices",validation,data/limb/subject01/StaticP3/subject1_limb_EMG.mat,StaticP3,S01_StaticP3_seg0002,S01_StaticP3_seg0002,2,2,Lateral,1,15121,30240,15120,1260.0,42,43
S01_personal_fold02,1,2,1,2,"per class: test=i, validation=(i+1)%8, train=remaining 6 segment indices",train,data/limb/subject01/StaticP4/subject1_limb_EMG.mat,StaticP4,S01_StaticP4_seg0002,S01_StaticP4_seg0002,3,2,Lateral,1,15121,30240,15120,1260.0,42,43
S01_personal_fold02,1,2,1,2,"per class: test=i, validation=(i+1)%8, train=remaining 6 segment indices",train,data/limb/subject01/StaticP9/subject1_limb_EMG.mat,StaticP9,S01_StaticP9_seg0002,S01_StaticP9_seg0002,4,2,Lateral,1,15121,30240,15120,1260.0,42,43
S01_personal_fold02,1,2,1,2,"per class: test=i, validation=(i+1)%8, train=remaining 6 segment indices",train,data/limb/subject01/StaticP10/subject1_limb_EMG.mat,StaticP10,S01_StaticP10_seg0002,S01_StaticP10_seg0002,5,2,Lateral,1,15121,30240,15120,1260.0,42,43
S01_personal_fold02,1,2,1,2,"per class: test=i, validation=(i+1)%8, train=remaining 6 segment indices",train,data/limb/subject01/StaticP14/subject1_limb_EMG.mat,StaticP14,S01_StaticP14_seg0002,S01_StaticP14_seg0002,6,2,Lateral,1,15121,30240,15120,1260.0,42,43
S01_personal_fold02,1,2,1,2,"per class: test=i, validation=(i+1)%8, train=remaining 6 segment indices",train,data/limb/subject01/Dynamic/subject1_limb_EMG.mat,Dynamic,S01_Dynamic_seg0002,S01_Dynamic_seg0002,7,2,Lateral,1,122359,235072,112714,1260.0,42,43
S01_personal_fold02,1,2,1,2,"per class: test=i, validation=(i+1)%8, train=remaining 6 segment indices",train,data/limb/subject01/StaticP1/subject1_limb_EMG.mat,StaticP1,S01_StaticP1_seg0003,S01_StaticP1_seg0003,0,3,Pinch,2,30241,45360,15120,1260.0,42,43
S01_personal_fold02,1,2,1,2,"per class: test=i, validation=(i+1)%8, train=remaining 6 segment indices",test,data/limb/subject01/StaticP2/subject1_limb_EMG.mat,StaticP2,S01_StaticP2_seg0003,S01_StaticP2_seg0003,1,3,Pinch,2,30241,45360,15120,1260.0,42,43
S01_personal_fold02,1,2,1,2,"per class: test=i, validation=(i+1)%8, train=remaining 6 segment indices",validation,data/limb/subject01/StaticP3/subject1_limb_EMG.mat,StaticP3,S01_StaticP3_seg0003,S01_StaticP3_seg0003,2,3,Pinch,2,30241,45360,15120,1260.0,42,43
S01_personal_fold02,1,2,1,2,"per class: test=i, validation=(i+1)%8, train=remaining 6 segment indices",train,data/limb/subject01/StaticP4/subject1_limb_EMG.mat,StaticP4,S01_StaticP4_seg0003,S01_StaticP4_seg0003,3,3,Pinch,2,30241,45360,15120,1260.0,42,43
S01_personal_fold02,1,2,1,2,"per class: test=i, validation=(i+1)%8, train=remaining 6 segment indices",train,data/limb/subject01/StaticP9/subject1_limb_EMG.mat,StaticP9,S01_StaticP9_seg0003,S01_StaticP9_seg0003,4,3,Pinch,2,30241,45360,15120,1260.0,42,43
S01_personal_fold02,1,2,1,2,"per class: test=i, validation=(i+1)%8, train=remaining 6 segment indices",train,data/limb/subject01/StaticP10/subject1_limb_EMG.mat,StaticP10,S01_StaticP10_seg0003,S01_StaticP10_seg0003,5,3,Pinch,2,30241,45360,15120,1260.0,42,43
S01_personal_fold02,1,2,1,2,"per class: test=i, validation=(i+1)%8, train=remaining 6 segment indices",train,data/limb/subject01/StaticP14/subject1_limb_EMG.mat,StaticP14,S01_StaticP14_seg0003,S01_StaticP14_seg0003,6,3,Pinch,2,30241,45360,15120,1260.0,42,43
S01_personal_fold02,1,2,1,2,"per class: test=i, validation=(i+1)%8, train=remaining 6 segment indices",train,data/limb/subject01/Dynamic/subject1_limb_EMG.mat,Dynamic,S01_Dynamic_seg0003,S01_Dynamic_seg0003,7,3,Pinch,2,235073,345375,110303,1260.0,42,43
S01_personal_fold02,1,2,1,2,"per class: test=i, validation=(i+1)%8, train=remaining 6 segment indices",train,data/limb/subject01/StaticP1/subject1_limb_EMG.mat,StaticP1,S01_StaticP1_seg0004,S01_StaticP1_seg0004,0,4,Power,3,45361,60480,15120,1260.0,42,43
S01_personal_fold02,1,2,1,2,"per class: test=i, validation=(i+1)%8, train=remaining 6 segment indices",test,data/limb/subject01/StaticP2/subject1_limb_EMG.mat,StaticP2,S01_StaticP2_seg0004,S01_StaticP2_seg0004,1,4,Power,3,45361,60480,15120,1260.0,42,43
S01_personal_fold02,1,2,1,2,"per class: test=i, validation=(i+1)%8, train=remaining 6 segment indices",validation,data/limb/subject01/StaticP3/subject1_limb_EMG.mat,StaticP3,S01_StaticP3_seg0004,S01_StaticP3_seg0004,2,4,Power,3,45361,60480,15120,1260.0,42,43
S01_personal_fold02,1,2,1,2,"per class: test=i, validation=(i+1)%8, train=remaining 6 segment indices",train,data/limb/subject01/StaticP4/subject1_limb_EMG.mat,StaticP4,S01_StaticP4_seg0004,S01_StaticP4_seg0004,3,4,Power,3,45361,60480,15120,1260.0,42,43
S01_personal_fold02,1,2,1,2,"per class: test=i, validation=(i+1)%8, train=remaining 6 segment indices",train,data/limb/subject01/StaticP9/subject1_limb_EMG.mat,StaticP9,S01_StaticP9_seg0004,S01_StaticP9_seg0004,4,4,Power,3,45361,60480,15120,1260.0,42,43
S01_personal_fold02,1,2,1,2,"per class: test=i, validation=(i+1)%8, train=remaining 6 segment indices",train,data/limb/subject01/StaticP10/subject1_limb_EMG.mat,StaticP10,S01_StaticP10_seg0004,S01_StaticP10_seg0004,5,4,Power,3,45361,60480,15120,1260.0,42,43
S01_personal_fold02,1,2,1,2,"per class: test=i, validation=(i+1)%8, train=remaining 6 segment indices",train,data/limb/subject01/StaticP14/subject1_limb_EMG.mat,StaticP14,S01_StaticP14_seg0004,S01_StaticP14_seg0004,6,4,Power,3,45361,60480,15120,1260.0,42,43
S01_personal_fold02,1,2,1,2,"per class: test=i, validation=(i+1)%8, train=remaining 6 segment indices",train,data/limb/subject01/Dynamic/subject1_limb_EMG.mat,Dynamic,S01_Dynamic_seg0004,S01_Dynamic_seg0004,7,4,Power,3,345376,465303,119928,1260.0,42,43
S01_personal_fold02,1,2,1,2,"per class: test=i, validation=(i+1)%8, train=remaining 6 segment indices",train,data/limb/subject01/StaticP1/subject1_limb_EMG.mat,StaticP1,S01_StaticP1_seg0005,S01_StaticP1_seg0005,0,5,Rest,4,60481,75600,15120,1260.0,42,43
S01_personal_fold02,1,2,1,2,"per class: test=i, validation=(i+1)%8, train=remaining 6 segment indices",test,data/limb/subject01/StaticP2/subject1_limb_EMG.mat,StaticP2,S01_StaticP2_seg0005,S01_StaticP2_seg0005,1,5,Rest,4,60481,75600,15120,1260.0,42,43
S01_personal_fold02,1,2,1,2,"per class: test=i, validation=(i+1)%8, train=remaining 6 segment indices",validation,data/limb/subject01/StaticP3/subject1_limb_EMG.mat,StaticP3,S01_StaticP3_seg0005,S01_StaticP3_seg0005,2,5,Rest,4,60481,75600,15120,1260.0,42,43
S01_personal_fold02,1,2,1,2,"per class: test=i, validation=(i+1)%8, train=remaining 6 segment indices",train,data/limb/subject01/StaticP4/subject1_limb_EMG.mat,StaticP4,S01_StaticP4_seg0005,S01_StaticP4_seg0005,3,5,Rest,4,60481,75600,15120,1260.0,42,43
S01_personal_fold02,1,2,1,2,"per class: test=i, validation=(i+1)%8, train=remaining 6 segment indices",train,data/limb/subject01/StaticP9/subject1_limb_EMG.mat,StaticP9,S01_StaticP9_seg0005,S01_StaticP9_seg0005,4,5,Rest,4,60481,75600,15120,1260.0,42,43
S01_personal_fold02,1,2,1,2,"per class: test=i, validation=(i+1)%8, train=remaining 6 segment indices",train,data/limb/subject01/StaticP10/subject1_limb_EMG.mat,StaticP10,S01_StaticP10_seg0005,S01_StaticP10_seg0005,5,5,Rest,4,60481,75600,15120,1260.0,42,43
S01_personal_fold02,1,2,1,2,"per class: test=i, validation=(i+1)%8, train=remaining 6 segment indices",train,data/limb/subject01/StaticP14/subject1_limb_EMG.mat,StaticP14,S01_StaticP14_seg0005,S01_StaticP14_seg0005,6,5,Rest,4,60481,75600,15120,1260.0,42,43
S01_personal_fold02,1,2,1,2,"per class: test=i, validation=(i+1)%8, train=remaining 6 segment indices",train,data/limb/subject01/Dynamic/subject1_limb_EMG.mat,Dynamic,S01_Dynamic_seg0005,S01_Dynamic_seg0005,7,5,Rest,4,465304,575894,110591,1260.0,42,43
S01_personal_fold03,1,3,2,3,"per class: test=i, validation=(i+1)%8, train=remaining 6 segment indices",train,data/limb/subject01/StaticP1/subject1_limb_EMG.mat,StaticP1,S01_StaticP1_seg0001,S01_StaticP1_seg0001,0,1,HandOpen,0,1,15120,15120,1260.0,42,43
S01_personal_fold03,1,3,2,3,"per class: test=i, validation=(i+1)%8, train=remaining 6 segment indices",train,data/limb/subject01/StaticP2/subject1_limb_EMG.mat,StaticP2,S01_StaticP2_seg0001,S01_StaticP2_seg0001,1,1,HandOpen,0,1,15120,15120,1260.0,42,43
S01_personal_fold03,1,3,2,3,"per class: test=i, validation=(i+1)%8, train=remaining 6 segment indices",test,data/limb/subject01/StaticP3/subject1_limb_EMG.mat,StaticP3,S01_StaticP3_seg0001,S01_StaticP3_seg0001,2,1,HandOpen,0,1,15120,15120,1260.0,42,43
S01_personal_fold03,1,3,2,3,"per class: test=i, validation=(i+1)%8, train=remaining 6 segment indices",validation,data/limb/subject01/StaticP4/subject1_limb_EMG.mat,StaticP4,S01_StaticP4_seg0001,S01_StaticP4_seg0001,3,1,HandOpen,0,1,15120,15120,1260.0,42,43
S01_personal_fold03,1,3,2,3,"per class: test=i, validation=(i+1)%8, train=remaining 6 segment indices",train,data/limb/subject01/StaticP9/subject1_limb_EMG.mat,StaticP9,S01_StaticP9_seg0001,S01_StaticP9_seg0001,4,1,HandOpen,0,1,15120,15120,1260.0,42,43
S01_personal_fold03,1,3,2,3,"per class: test=i, validation=(i+1)%8, train=remaining 6 segment indices",train,data/limb/subject01/StaticP10/subject1_limb_EMG.mat,StaticP10,S01_StaticP10_seg0001,S01_StaticP10_seg0001,5,1,HandOpen,0,1,15120,15120,1260.0,42,43
S01_personal_fold03,1,3,2,3,"per class: test=i, validation=(i+1)%8, train=remaining 6 segment indices",train,data/limb/subject01/StaticP14/subject1_limb_EMG.mat,StaticP14,S01_StaticP14_seg0001,S01_StaticP14_seg0001,6,1,HandOpen,0,1,15120,15120,1260.0,42,43
S01_personal_fold03,1,3,2,3,"per class: test=i, validation=(i+1)%8, train=remaining 6 segment indices",train,data/limb/subject01/Dynamic/subject1_limb_EMG.mat,Dynamic,S01_Dynamic_seg0001,S01_Dynamic_seg0001,7,1,HandOpen,0,1,122358,122358,1260.0,42,43
S01_personal_fold03,1,3,2,3,"per class: test=i, validation=(i+1)%8, train=remaining 6 segment indices",train,data/limb/subject01/StaticP1/subject1_limb_EMG.mat,StaticP1,S01_StaticP1_seg0002,S01_StaticP1_seg0002,0,2,Lateral,1,15121,30240,15120,1260.0,42,43
S01_personal_fold03,1,3,2,3,"per class: test=i, validation=(i+1)%8, train=remaining 6 segment indices",train,data/limb/subject01/StaticP2/subject1_limb_EMG.mat,StaticP2,S01_StaticP2_seg0002,S01_StaticP2_seg0002,1,2,Lateral,1,15121,30240,15120,1260.0,42,43
S01_personal_fold03,1,3,2,3,"per class: test=i, validation=(i+1)%8, train=remaining 6 segment indices",test,data/limb/subject01/StaticP3/subject1_limb_EMG.mat,StaticP3,S01_StaticP3_seg0002,S01_StaticP3_seg0002,2,2,Lateral,1,15121,30240,15120,1260.0,42,43
S01_personal_fold03,1,3,2,3,"per class: test=i, validation=(i+1)%8, train=remaining 6 segment indices",validation,data/limb/subject01/StaticP4/subject1_limb_EMG.mat,StaticP4,S01_StaticP4_seg0002,S01_StaticP4_seg0002,3,2,Lateral,1,15121,30240,15120,1260.0,42,43
S01_personal_fold03,1,3,2,3,"per class: test=i, validation=(i+1)%8, train=remaining 6 segment indices",train,data/limb/subject01/StaticP9/subject1_limb_EMG.mat,StaticP9,S01_StaticP9_seg0002,S01_StaticP9_seg0002,4,2,Lateral,1,15121,30240,15120,1260.0,42,43
S01_personal_fold03,1,3,2,3,"per class: test=i, validation=(i+1)%8, train=remaining 6 segment indices",train,data/limb/subject01/StaticP10/subject1_limb_EMG.mat,StaticP10,S01_StaticP10_seg0002,S01_StaticP10_seg0002,5,2,Lateral,1,15121,30240,15120,1260.0,42,43
S01_personal_fold03,1,3,2,3,"per class: test=i, validation=(i+1)%8, train=remaining 6 segment indices",train,data/limb/subject01/StaticP14/subject1_limb_EMG.mat,StaticP14,S01_StaticP14_seg0002,S01_StaticP14_seg0002,6,2,Lateral,1,15121,30240,15120,1260.0,42,43
S01_personal_fold03,1,3,2,3,"per class: test=i, validation=(i+1)%8, train=remaining 6 segment indices",train,data/limb/subject01/Dynamic/subject1_limb_EMG.mat,Dynamic,S01_Dynamic_seg0002,S01_Dynamic_seg0002,7,2,Lateral,1,122359,235072,112714,1260.0,42,43
S01_personal_fold03,1,3,2,3,"per class: test=i, validation=(i+1)%8, train=remaining 6 segment indices",train,data/limb/subject01/StaticP1/subject1_limb_EMG.mat,StaticP1,S01_StaticP1_seg0003,S01_StaticP1_seg0003,0,3,Pinch,2,30241,45360,15120,1260.0,42,43
S01_personal_fold03,1,3,2,3,"per class: test=i, validation=(i+1)%8, train=remaining 6 segment indices",train,data/limb/subject01/StaticP2/subject1_limb_EMG.mat,StaticP2,S01_StaticP2_seg0003,S01_StaticP2_seg0003,1,3,Pinch,2,30241,45360,15120,1260.0,42,43
S01_personal_fold03,1,3,2,3,"per class: test=i, validation=(i+1)%8, train=remaining 6 segment indices",test,data/limb/subject01/StaticP3/subject1_limb_EMG.mat,StaticP3,S01_StaticP3_seg0003,S01_StaticP3_seg0003,2,3,Pinch,2,30241,45360,15120,1260.0,42,43
S01_personal_fold03,1,3,2,3,"per class: test=i, validation=(i+1)%8, train=remaining 6 segment indices",validation,data/limb/subject01/StaticP4/subject1_limb_EMG.mat,StaticP4,S01_StaticP4_seg0003,S01_StaticP4_seg0003,3,3,Pinch,2,30241,45360,15120,1260.0,42,43
S01_personal_fold03,1,3,2,3,"per class: test=i, validation=(i+1)%8, train=remaining 6 segment indices",train,data/limb/subject01/StaticP9/subject1_limb_EMG.mat,StaticP9,S01_StaticP9_seg0003,S01_StaticP9_seg0003,4,3,Pinch,2,30241,45360,15120,1260.0,42,43
S01_personal_fold03,1,3,2,3,"per class: test=i, validation=(i+1)%8, train=remaining 6 segment indices",train,data/limb/subject01/StaticP10/subject1_limb_EMG.mat,StaticP10,S01_StaticP10_seg0003,S01_StaticP10_seg0003,5,3,Pinch,2,30241,45360,15120,1260.0,42,43
S01_personal_fold03,1,3,2,3,"per class: test=i, validation=(i+1)%8, train=remaining 6 segment indices",train,data/limb/subject01/StaticP14/subject1_limb_EMG.mat,StaticP14,S01_StaticP14_seg0003,S01_StaticP14_seg0003,6,3,Pinch,2,30241,45360,15120,1260.0,42,43
S01_personal_fold03,1,3,2,3,"per class: test=i, validation=(i+1)%8, train=remaining 6 segment indices",train,data/limb/subject01/Dynamic/subject1_limb_EMG.mat,Dynamic,S01_Dynamic_seg0003,S01_Dynamic_seg0003,7,3,Pinch,2,235073,345375,110303,1260.0,42,43
S01_personal_fold03,1,3,2,3,"per class: test=i, validation=(i+1)%8, train=remaining 6 segment indices",train,data/limb/subject01/StaticP1/subject1_limb_EMG.mat,StaticP1,S01_StaticP1_seg0004,S01_StaticP1_seg0004,0,4,Power,3,45361,60480,15120,1260.0,42,43
S01_personal_fold03,1,3,2,3,"per class: test=i, validation=(i+1)%8, train=remaining 6 segment indices",train,data/limb/subject01/StaticP2/subject1_limb_EMG.mat,StaticP2,S01_StaticP2_seg0004,S01_StaticP2_seg0004,1,4,Power,3,45361,60480,15120,1260.0,42,43
S01_personal_fold03,1,3,2,3,"per class: test=i, validation=(i+1)%8, train=remaining 6 segment indices",test,data/limb/subject01/StaticP3/subject1_limb_EMG.mat,StaticP3,S01_StaticP3_seg0004,S01_StaticP3_seg0004,2,4,Power,3,45361,60480,15120,1260.0,42,43
S01_personal_fold03,1,3,2,3,"per class: test=i, validation=(i+1)%8, train=remaining 6 segment indices",validation,data/limb/subject01/StaticP4/subject1_limb_EMG.mat,StaticP4,S01_StaticP4_seg0004,S01_StaticP4_seg0004,3,4,Power,3,45361,60480,15120,1260.0,42,43
S01_personal_fold03,1,3,2,3,"per class: test=i, validation=(i+1)%8, train=remaining 6 segment indices",train,data/limb/subject01/StaticP9/subject1_limb_EMG.mat,StaticP9,S01_StaticP9_seg0004,S01_StaticP9_seg0004,4,4,Power,3,45361,60480,15120,1260.0,42,43
S01_personal_fold03,1,3,2,3,"per class: test=i, validation=(i+1)%8, train=remaining 6 segment indices",train,data/limb/subject01/StaticP10/subject1_limb_EMG.mat,StaticP10,S01_StaticP10_seg0004,S01_StaticP10_seg0004,5,4,Power,3,45361,60480,15120,1260.0,42,43
S01_personal_fold03,1,3,2,3,"per class: test=i, validation=(i+1)%8, train=remaining 6 segment indices",train,data/limb/subject01/StaticP14/subject1_limb_EMG.mat,StaticP14,S01_StaticP14_seg0004,S01_StaticP14_seg0004,6,4,Power,3,45361,60480,15120,1260.0,42,43
S01_personal_fold03,1,3,2,3,"per class: test=i, validation=(i+1)%8, train=remaining 6 segment indices",train,data/limb/subject01/Dynamic/subject1_limb_EMG.mat,Dynamic,S01_Dynamic_seg0004,S01_Dynamic_seg0004,7,4,Power,3,345376,465303,119928,1260.0,42,43
S01_personal_fold03,1,3,2,3,"per class: test=i, validation=(i+1)%8, train=remaining 6 segment indices",train,data/limb/subject01/StaticP1/subject1_limb_EMG.mat,StaticP1,S01_StaticP1_seg0005,S01_StaticP1_seg0005,0,5,Rest,4,60481,75600,15120,1260.0,42,43
S01_personal_fold03,1,3,2,3,"per class: test=i, validation=(i+1)%8, train=remaining 6 segment indices",train,data/limb/subject01/StaticP2/subject1_limb_EMG.mat,StaticP2,S01_StaticP2_seg0005,S01_StaticP2_seg0005,1,5,Rest,4,60481,75600,15120,1260.0,42,43
S01_personal_fold03,1,3,2,3,"per class: test=i, validation=(i+1)%8, train=remaining 6 segment indices",test,data/limb/subject01/StaticP3/subject1_limb_EMG.mat,StaticP3,S01_StaticP3_seg0005,S01_StaticP3_seg0005,2,5,Rest,4,60481,75600,15120,1260.0,42,43
S01_personal_fold03,1,3,2,3,"per class: test=i, validation=(i+1)%8, train=remaining 6 segment indices",validation,data/limb/subject01/StaticP4/subject1_limb_EMG.mat,StaticP4,S01_StaticP4_seg0005,S01_StaticP4_seg0005,3,5,Rest,4,60481,75600,15120,1260.0,42,43
S01_personal_fold03,1,3,2,3,"per class: test=i, validation=(i+1)%8, train=remaining 6 segment indices",train,data/limb/subject01/StaticP9/subject1_limb_EMG.mat,StaticP9,S01_StaticP9_seg0005,S01_StaticP9_seg0005,4,5,Rest,4,60481,75600,15120,1260.0,42,43
S01_personal_fold03,1,3,2,3,"per class: test=i, validation=(i+1)%8, train=remaining 6 segment indices",train,data/limb/subject01/StaticP10/subject1_limb_EMG.mat,StaticP10,S01_StaticP10_seg0005,S01_StaticP10_seg0005,5,5,Rest,4,60481,75600,15120,1260.0,42,43
S01_personal_fold03,1,3,2,3,"per class: test=i, validation=(i+1)%8, train=remaining 6 segment indices",train,data/limb/subject01/StaticP14/subject1_limb_EMG.mat,StaticP14,S01_StaticP14_seg0005,S01_StaticP14_seg0005,6,5,Rest,4,60481,75600,15120,1260.0,42,43
S01_personal_fold03,1,3,2,3,"per class: test=i, validation=(i+1)%8, train=remaining 6 segment indices",train,data/limb/subject01/Dynamic/subject1_limb_EMG.mat,Dynamic,S01_Dynamic_seg0005,S01_Dynamic_seg0005,7,5,Rest,4,465304,575894,110591,1260.0,42,43
S01_personal_fold04,1,4,3,4,"per class: test=i, validation=(i+1)%8, train=remaining 6 segment indices",train,data/limb/subject01/StaticP1/subject1_limb_EMG.mat,StaticP1,S01_StaticP1_seg0001,S01_StaticP1_seg0001,0,1,HandOpen,0,1,15120,15120,1260.0,42,43
S01_personal_fold04,1,4,3,4,"per class: test=i, validation=(i+1)%8, train=remaining 6 segment indices",train,data/limb/subject01/StaticP2/subject1_limb_EMG.mat,StaticP2,S01_StaticP2_seg0001,S01_StaticP2_seg0001,1,1,HandOpen,0,1,15120,15120,1260.0,42,43
S01_personal_fold04,1,4,3,4,"per class: test=i, validation=(i+1)%8, train=remaining 6 segment indices",train,data/limb/subject01/StaticP3/subject1_limb_EMG.mat,StaticP3,S01_StaticP3_seg0001,S01_StaticP3_seg0001,2,1,HandOpen,0,1,15120,15120,1260.0,42,43
S01_personal_fold04,1,4,3,4,"per class: test=i, validation=(i+1)%8, train=remaining 6 segment indices",test,data/limb/subject01/StaticP4/subject1_limb_EMG.mat,StaticP4,S01_StaticP4_seg0001,S01_StaticP4_seg0001,3,1,HandOpen,0,1,15120,15120,1260.0,42,43
S01_personal_fold04,1,4,3,4,"per class: test=i, validation=(i+1)%8, train=remaining 6 segment indices",validation,data/limb/subject01/StaticP9/subject1_limb_EMG.mat,StaticP9,S01_StaticP9_seg0001,S01_StaticP9_seg0001,4,1,HandOpen,0,1,15120,15120,1260.0,42,43
S01_personal_fold04,1,4,3,4,"per class: test=i, validation=(i+1)%8, train=remaining 6 segment indices",train,data/limb/subject01/StaticP10/subject1_limb_EMG.mat,StaticP10,S01_StaticP10_seg0001,S01_StaticP10_seg0001,5,1,HandOpen,0,1,15120,15120,1260.0,42,43
S01_personal_fold04,1,4,3,4,"per class: test=i, validation=(i+1)%8, train=remaining 6 segment indices",train,data/limb/subject01/StaticP14/subject1_limb_EMG.mat,StaticP14,S01_StaticP14_seg0001,S01_StaticP14_seg0001,6,1,HandOpen,0,1,15120,15120,1260.0,42,43
S01_personal_fold04,1,4,3,4,"per class: test=i, validation=(i+1)%8, train=remaining 6 segment indices",train,data/limb/subject01/Dynamic/subject1_limb_EMG.mat,Dynamic,S01_Dynamic_seg0001,S01_Dynamic_seg0001,7,1,HandOpen,0,1,122358,122358,1260.0,42,43
S01_personal_fold04,1,4,3,4,"per class: test=i, validation=(i+1)%8, train=remaining 6 segment indices",train,data/limb/subject01/StaticP1/subject1_limb_EMG.mat,StaticP1,S01_StaticP1_seg0002,S01_StaticP1_seg0002,0,2,Lateral,1,15121,30240,15120,1260.0,42,43
S01_personal_fold04,1,4,3,4,"per class: test=i, validation=(i+1)%8, train=remaining 6 segment indices",train,data/limb/subject01/StaticP2/subject1_limb_EMG.mat,StaticP2,S01_StaticP2_seg0002,S01_StaticP2_seg0002,1,2,Lateral,1,15121,30240,15120,1260.0,42,43
S01_personal_fold04,1,4,3,4,"per class: test=i, validation=(i+1)%8, train=remaining 6 segment indices",train,data/limb/subject01/StaticP3/subject1_limb_EMG.mat,StaticP3,S01_StaticP3_seg0002,S01_StaticP3_seg0002,2,2,Lateral,1,15121,30240,15120,1260.0,42,43
S01_personal_fold04,1,4,3,4,"per class: test=i, validation=(i+1)%8, train=remaining 6 segment indices",test,data/limb/subject01/StaticP4/subject1_limb_EMG.mat,StaticP4,S01_StaticP4_seg0002,S01_StaticP4_seg0002,3,2,Lateral,1,15121,30240,15120,1260.0,42,43
S01_personal_fold04,1,4,3,4,"per class: test=i, validation=(i+1)%8, train=remaining 6 segment indices",validation,data/limb/subject01/StaticP9/subject1_limb_EMG.mat,StaticP9,S01_StaticP9_seg0002,S01_StaticP9_seg0002,4,2,Lateral,1,15121,30240,15120,1260.0,42,43
S01_personal_fold04,1,4,3,4,"per class: test=i, validation=(i+1)%8, train=remaining 6 segment indices",train,data/limb/subject01/StaticP10/subject1_limb_EMG.mat,StaticP10,S01_StaticP10_seg0002,S01_StaticP10_seg0002,5,2,Lateral,1,15121,30240,15120,1260.0,42,43
S01_personal_fold04,1,4,3,4,"per class: test=i, validation=(i+1)%8, train=remaining 6 segment indices",train,data/limb/subject01/StaticP14/subject1_limb_EMG.mat,StaticP14,S01_StaticP14_seg0002,S01_StaticP14_seg0002,6,2,Lateral,1,15121,30240,15120,1260.0,42,43
S01_personal_fold04,1,4,3,4,"per class: test=i, validation=(i+1)%8, train=remaining 6 segment indices",train,data/limb/subject01/Dynamic/subject1_limb_EMG.mat,Dynamic,S01_Dynamic_seg0002,S01_Dynamic_seg0002,7,2,Lateral,1,122359,235072,112714,1260.0,42,43
S01_personal_fold04,1,4,3,4,"per class: test=i, validation=(i+1)%8, train=remaining 6 segment indices",train,data/limb/subject01/StaticP1/subject1_limb_EMG.mat,StaticP1,S01_StaticP1_seg0003,S01_StaticP1_seg0003,0,3,Pinch,2,30241,45360,15120,1260.0,42,43
S01_personal_fold04,1,4,3,4,"per class: test=i, validation=(i+1)%8, train=remaining 6 segment indices",train,data/limb/subject01/StaticP2/subject1_limb_EMG.mat,StaticP2,S01_StaticP2_seg0003,S01_StaticP2_seg0003,1,3,Pinch,2,30241,45360,15120,1260.0,42,43
S01_personal_fold04,1,4,3,4,"per class: test=i, validation=(i+1)%8, train=remaining 6 segment indices",train,data/limb/subject01/StaticP3/subject1_limb_EMG.mat,StaticP3,S01_StaticP3_seg0003,S01_StaticP3_seg0003,2,3,Pinch,2,30241,45360,15120,1260.0,42,43
S01_personal_fold04,1,4,3,4,"per class: test=i, validation=(i+1)%8, train=remaining 6 segment indices",test,data/limb/subject01/StaticP4/subject1_limb_EMG.mat,StaticP4,S01_StaticP4_seg0003,S01_StaticP4_seg0003,3,3,Pinch,2,30241,45360,15120,1260.0,42,43
S01_personal_fold04,1,4,3,4,"per class: test=i, validation=(i+1)%8, train=remaining 6 segment indices",validation,data/limb/subject01/StaticP9/subject1_limb_EMG.mat,StaticP9,S01_StaticP9_seg0003,S01_StaticP9_seg0003,4,3,Pinch,2,30241,45360,15120,1260.0,42,43
S01_personal_fold04,1,4,3,4,"per class: test=i, validation=(i+1)%8, train=remaining 6 segment indices",train,data/limb/subject01/StaticP10/subject1_limb_EMG.mat,StaticP10,S01_StaticP10_seg0003,S01_StaticP10_seg0003,5,3,Pinch,2,30241,45360,15120,1260.0,42,43
S01_personal_fold04,1,4,3,4,"per class: test=i, validation=(i+1)%8, train=remaining 6 segment indices",train,data/limb/subject01/StaticP14/subject1_limb_EMG.mat,StaticP14,S01_StaticP14_seg0003,S01_StaticP14_seg0003,6,3,Pinch,2,30241,45360,15120,1260.0,42,43
S01_personal_fold04,1,4,3,4,"per class: test=i, validation=(i+1)%8, train=remaining 6 segment indices",train,data/limb/subject01/Dynamic/subject1_limb_EMG.mat,Dynamic,S01_Dynamic_seg0003,S01_Dynamic_seg0003,7,3,Pinch,2,235073,345375,110303,1260.0,42,43
S01_personal_fold04,1,4,3,4,"per class: test=i, validation=(i+1)%8, train=remaining 6 segment indices",train,data/limb/subject01/StaticP1/subject1_limb_EMG.mat,StaticP1,S01_StaticP1_seg0004,S01_StaticP1_seg0004,0,4,Power,3,45361,60480,15120,1260.0,42,43
S01_personal_fold04,1,4,3,4,"per class: test=i, validation=(i+1)%8, train=remaining 6 segment indices",train,data/limb/subject01/StaticP2/subject1_limb_EMG.mat,StaticP2,S01_StaticP2_seg0004,S01_StaticP2_seg0004,1,4,Power,3,45361,60480,15120,1260.0,42,43
S01_personal_fold04,1,4,3,4,"per class: test=i, validation=(i+1)%8, train=remaining 6 segment indices",train,data/limb/subject01/StaticP3/subject1_limb_EMG.mat,StaticP3,S01_StaticP3_seg0004,S01_StaticP3_seg0004,2,4,Power,3,45361,60480,15120,1260.0,42,43
S01_personal_fold04,1,4,3,4,"per class: test=i, validation=(i+1)%8, train=remaining 6 segment indices",test,data/limb/subject01/StaticP4/subject1_limb_EMG.mat,StaticP4,S01_StaticP4_seg0004,S01_StaticP4_seg0004,3,4,Power,3,45361,60480,15120,1260.0,42,43
S01_personal_fold04,1,4,3,4,"per class: test=i, validation=(i+1)%8, train=remaining 6 segment indices",validation,data/limb/subject01/StaticP9/subject1_limb_EMG.mat,StaticP9,S01_StaticP9_seg0004,S01_StaticP9_seg0004,4,4,Power,3,45361,60480,15120,1260.0,42,43
S01_personal_fold04,1,4,3,4,"per class: test=i, validation=(i+1)%8, train=remaining 6 segment indices",train,data/limb/subject01/StaticP10/subject1_limb_EMG.mat,StaticP10,S01_StaticP10_seg0004,S01_StaticP10_seg0004,5,4,Power,3,45361,60480,15120,1260.0,42,43
S01_personal_fold04,1,4,3,4,"per class: test=i, validation=(i+1)%8, train=remaining 6 segment indices",train,data/limb/subject01/StaticP14/subject1_limb_EMG.mat,StaticP14,S01_StaticP14_seg0004,S01_StaticP14_seg0004,6,4,Power,3,45361,60480,15120,1260.0,42,43
S01_personal_fold04,1,4,3,4,"per class: test=i, validation=(i+1)%8, train=remaining 6 segment indices",train,data/limb/subject01/Dynamic/subject1_limb_EMG.mat,Dynamic,S01_Dynamic_seg0004,S01_Dynamic_seg0004,7,4,Power,3,345376,465303,119928,1260.0,42,43
S01_personal_fold04,1,4,3,4,"per class: test=i, validation=(i+1)%8, train=remaining 6 segment indices",train,data/limb/subject01/StaticP1/subject1_limb_EMG.mat,StaticP1,S01_StaticP1_seg0005,S01_StaticP1_seg0005,0,5,Rest,4,60481,75600,15120,1260.0,42,43
S01_personal_fold04,1,4,3,4,"per class: test=i, validation=(i+1)%8, train=remaining 6 segment indices",train,data/limb/subject01/StaticP2/subject1_limb_EMG.mat,StaticP2,S01_StaticP2_seg0005,S01_StaticP2_seg0005,1,5,Rest,4,60481,75600,15120,1260.0,42,43
S01_personal_fold04,1,4,3,4,"per class: test=i, validation=(i+1)%8, train=remaining 6 segment indices",train,data/limb/subject01/StaticP3/subject1_limb_EMG.mat,StaticP3,S01_StaticP3_seg0005,S01_StaticP3_seg0005,2,5,Rest,4,60481,75600,15120,1260.0,42,43
S01_personal_fold04,1,4,3,4,"per class: test=i, validation=(i+1)%8, train=remaining 6 segment indices",test,data/limb/subject01/StaticP4/subject1_limb_EMG.mat,StaticP4,S01_StaticP4_seg0005,S01_StaticP4_seg0005,3,5,Rest,4,60481,75600,15120,1260.0,42,43
S01_personal_fold04,1,4,3,4,"per class: test=i, validation=(i+1)%8, train=remaining 6 segment indices",validation,data/limb/subject01/StaticP9/subject1_limb_EMG.mat,StaticP9,S01_StaticP9_seg0005,S01_StaticP9_seg0005,4,5,Rest,4,60481,75600,15120,1260.0,42,43
S01_personal_fold04,1,4,3,4,"per class: test=i, validation=(i+1)%8, train=remaining 6 segment indices",train,data/limb/subject01/StaticP10/subject1_limb_EMG.mat,StaticP10,S01_StaticP10_seg0005,S01_StaticP10_seg0005,5,5,Rest,4,60481,75600,15120,1260.0,42,43
S01_personal_fold04,1,4,3,4,"per class: test=i, validation=(i+1)%8, train=remaining 6 segment indices",train,data/limb/subject01/StaticP14/subject1_limb_EMG.mat,StaticP14,S01_StaticP14_seg0005,S01_StaticP14_seg0005,6,5,Rest,4,60481,75600,15120,1260.0,42,43
S01_personal_fold04,1,4,3,4,"per class: test=i, validation=(i+1)%8, train=remaining 6 segment indices",train,data/limb/subject01/Dynamic/subject1_limb_EMG.mat,Dynamic,S01_Dynamic_seg0005,S01_Dynamic_seg0005,7,5,Rest,4,465304,575894,110591,1260.0,42,43
S01_personal_fold05,1,5,4,5,"per class: test=i, validation=(i+1)%8, train=remaining 6 segment indices",train,data/limb/subject01/StaticP1/subject1_limb_EMG.mat,StaticP1,S01_StaticP1_seg0001,S01_StaticP1_seg0001,0,1,HandOpen,0,1,15120,15120,1260.0,42,43
S01_personal_fold05,1,5,4,5,"per class: test=i, validation=(i+1)%8, train=remaining 6 segment indices",train,data/limb/subject01/StaticP2/subject1_limb_EMG.mat,StaticP2,S01_StaticP2_seg0001,S01_StaticP2_seg0001,1,1,HandOpen,0,1,15120,15120,1260.0,42,43
S01_personal_fold05,1,5,4,5,"per class: test=i, validation=(i+1)%8, train=remaining 6 segment indices",train,data/limb/subject01/StaticP3/subject1_limb_EMG.mat,StaticP3,S01_StaticP3_seg0001,S01_StaticP3_seg0001,2,1,HandOpen,0,1,15120,15120,1260.0,42,43
S01_personal_fold05,1,5,4,5,"per class: test=i, validation=(i+1)%8, train=remaining 6 segment indices",train,data/limb/subject01/StaticP4/subject1_limb_EMG.mat,StaticP4,S01_StaticP4_seg0001,S01_StaticP4_seg0001,3,1,HandOpen,0,1,15120,15120,1260.0,42,43
S01_personal_fold05,1,5,4,5,"per class: test=i, validation=(i+1)%8, train=remaining 6 segment indices",test,data/limb/subject01/StaticP9/subject1_limb_EMG.mat,StaticP9,S01_StaticP9_seg0001,S01_StaticP9_seg0001,4,1,HandOpen,0,1,15120,15120,1260.0,42,43
S01_personal_fold05,1,5,4,5,"per class: test=i, validation=(i+1)%8, train=remaining 6 segment indices",validation,data/limb/subject01/StaticP10/subject1_limb_EMG.mat,StaticP10,S01_StaticP10_seg0001,S01_StaticP10_seg0001,5,1,HandOpen,0,1,15120,15120,1260.0,42,43
S01_personal_fold05,1,5,4,5,"per class: test=i, validation=(i+1)%8, train=remaining 6 segment indices",train,data/limb/subject01/StaticP14/subject1_limb_EMG.mat,StaticP14,S01_StaticP14_seg0001,S01_StaticP14_seg0001,6,1,HandOpen,0,1,15120,15120,1260.0,42,43
S01_personal_fold05,1,5,4,5,"per class: test=i, validation=(i+1)%8, train=remaining 6 segment indices",train,data/limb/subject01/Dynamic/subject1_limb_EMG.mat,Dynamic,S01_Dynamic_seg0001,S01_Dynamic_seg0001,7,1,HandOpen,0,1,122358,122358,1260.0,42,43
S01_personal_fold05,1,5,4,5,"per class: test=i, validation=(i+1)%8, train=remaining 6 segment indices",train,data/limb/subject01/StaticP1/subject1_limb_EMG.mat,StaticP1,S01_StaticP1_seg0002,S01_StaticP1_seg0002,0,2,Lateral,1,15121,30240,15120,1260.0,42,43
S01_personal_fold05,1,5,4,5,"per class: test=i, validation=(i+1)%8, train=remaining 6 segment indices",train,data/limb/subject01/StaticP2/subject1_limb_EMG.mat,StaticP2,S01_StaticP2_seg0002,S01_StaticP2_seg0002,1,2,Lateral,1,15121,30240,15120,1260.0,42,43
S01_personal_fold05,1,5,4,5,"per class: test=i, validation=(i+1)%8, train=remaining 6 segment indices",train,data/limb/subject01/StaticP3/subject1_limb_EMG.mat,StaticP3,S01_StaticP3_seg0002,S01_StaticP3_seg0002,2,2,Lateral,1,15121,30240,15120,1260.0,42,43
S01_personal_fold05,1,5,4,5,"per class: test=i, validation=(i+1)%8, train=remaining 6 segment indices",train,data/limb/subject01/StaticP4/subject1_limb_EMG.mat,StaticP4,S01_StaticP4_seg0002,S01_StaticP4_seg0002,3,2,Lateral,1,15121,30240,15120,1260.0,42,43
S01_personal_fold05,1,5,4,5,"per class: test=i, validation=(i+1)%8, train=remaining 6 segment indices",test,data/limb/subject01/StaticP9/subject1_limb_EMG.mat,StaticP9,S01_StaticP9_seg0002,S01_StaticP9_seg0002,4,2,Lateral,1,15121,30240,15120,1260.0,42,43
S01_personal_fold05,1,5,4,5,"per class: test=i, validation=(i+1)%8, train=remaining 6 segment indices",validation,data/limb/subject01/StaticP10/subject1_limb_EMG.mat,StaticP10,S01_StaticP10_seg0002,S01_StaticP10_seg0002,5,2,Lateral,1,15121,30240,15120,1260.0,42,43
S01_personal_fold05,1,5,4,5,"per class: test=i, validation=(i+1)%8, train=remaining 6 segment indices",train,data/limb/subject01/StaticP14/subject1_limb_EMG.mat,StaticP14,S01_StaticP14_seg0002,S01_StaticP14_seg0002,6,2,Lateral,1,15121,30240,15120,1260.0,42,43
S01_personal_fold05,1,5,4,5,"per class: test=i, validation=(i+1)%8, train=remaining 6 segment indices",train,data/limb/subject01/Dynamic/subject1_limb_EMG.mat,Dynamic,S01_Dynamic_seg0002,S01_Dynamic_seg0002,7,2,Lateral,1,122359,235072,112714,1260.0,42,43
S01_personal_fold05,1,5,4,5,"per class: test=i, validation=(i+1)%8, train=remaining 6 segment indices",train,data/limb/subject01/StaticP1/subject1_limb_EMG.mat,StaticP1,S01_StaticP1_seg0003,S01_StaticP1_seg0003,0,3,Pinch,2,30241,45360,15120,1260.0,42,43
S01_personal_fold05,1,5,4,5,"per class: test=i, validation=(i+1)%8, train=remaining 6 segment indices",train,data/limb/subject01/StaticP2/subject1_limb_EMG.mat,StaticP2,S01_StaticP2_seg0003,S01_StaticP2_seg0003,1,3,Pinch,2,30241,45360,15120,1260.0,42,43
S01_personal_fold05,1,5,4,5,"per class: test=i, validation=(i+1)%8, train=remaining 6 segment indices",train,data/limb/subject01/StaticP3/subject1_limb_EMG.mat,StaticP3,S01_StaticP3_seg0003,S01_StaticP3_seg0003,2,3,Pinch,2,30241,45360,15120,1260.0,42,43
S01_personal_fold05,1,5,4,5,"per class: test=i, validation=(i+1)%8, train=remaining 6 segment indices",train,data/limb/subject01/StaticP4/subject1_limb_EMG.mat,StaticP4,S01_StaticP4_seg0003,S01_StaticP4_seg0003,3,3,Pinch,2,30241,45360,15120,1260.0,42,43
S01_personal_fold05,1,5,4,5,"per class: test=i, validation=(i+1)%8, train=remaining 6 segment indices",test,data/limb/subject01/StaticP9/subject1_limb_EMG.mat,StaticP9,S01_StaticP9_seg0003,S01_StaticP9_seg0003,4,3,Pinch,2,30241,45360,15120,1260.0,42,43
S01_personal_fold05,1,5,4,5,"per class: test=i, validation=(i+1)%8, train=remaining 6 segment indices",validation,data/limb/subject01/StaticP10/subject1_limb_EMG.mat,StaticP10,S01_StaticP10_seg0003,S01_StaticP10_seg0003,5,3,Pinch,2,30241,45360,15120,1260.0,42,43
S01_personal_fold05,1,5,4,5,"per class: test=i, validation=(i+1)%8, train=remaining 6 segment indices",train,data/limb/subject01/StaticP14/subject1_limb_EMG.mat,StaticP14,S01_StaticP14_seg0003,S01_StaticP14_seg0003,6,3,Pinch,2,30241,45360,15120,1260.0,42,43
S01_personal_fold05,1,5,4,5,"per class: test=i, validation=(i+1)%8, train=remaining 6 segment indices",train,data/limb/subject01/Dynamic/subject1_limb_EMG.mat,Dynamic,S01_Dynamic_seg0003,S01_Dynamic_seg0003,7,3,Pinch,2,235073,345375,110303,1260.0,42,43
S01_personal_fold05,1,5,4,5,"per class: test=i, validation=(i+1)%8, train=remaining 6 segment indices",train,data/limb/subject01/StaticP1/subject1_limb_EMG.mat,StaticP1,S01_StaticP1_seg0004,S01_StaticP1_seg0004,0,4,Power,3,45361,60480,15120,1260.0,42,43
S01_personal_fold05,1,5,4,5,"per class: test=i, validation=(i+1)%8, train=remaining 6 segment indices",train,data/limb/subject01/StaticP2/subject1_limb_EMG.mat,StaticP2,S01_StaticP2_seg0004,S01_StaticP2_seg0004,1,4,Power,3,45361,60480,15120,1260.0,42,43
S01_personal_fold05,1,5,4,5,"per class: test=i, validation=(i+1)%8, train=remaining 6 segment indices",train,data/limb/subject01/StaticP3/subject1_limb_EMG.mat,StaticP3,S01_StaticP3_seg0004,S01_StaticP3_seg0004,2,4,Power,3,45361,60480,15120,1260.0,42,43
S01_personal_fold05,1,5,4,5,"per class: test=i, validation=(i+1)%8, train=remaining 6 segment indices",train,data/limb/subject01/StaticP4/subject1_limb_EMG.mat,StaticP4,S01_StaticP4_seg0004,S01_StaticP4_seg0004,3,4,Power,3,45361,60480,15120,1260.0,42,43
S01_personal_fold05,1,5,4,5,"per class: test=i, validation=(i+1)%8, train=remaining 6 segment indices",test,data/limb/subject01/StaticP9/subject1_limb_EMG.mat,StaticP9,S01_StaticP9_seg0004,S01_StaticP9_seg0004,4,4,Power,3,45361,60480,15120,1260.0,42,43
S01_personal_fold05,1,5,4,5,"per class: test=i, validation=(i+1)%8, train=remaining 6 segment indices",validation,data/limb/subject01/StaticP10/subject1_limb_EMG.mat,StaticP10,S01_StaticP10_seg0004,S01_StaticP10_seg0004,5,4,Power,3,45361,60480,15120,1260.0,42,43
S01_personal_fold05,1,5,4,5,"per class: test=i, validation=(i+1)%8, train=remaining 6 segment indices",train,data/limb/subject01/StaticP14/subject1_limb_EMG.mat,StaticP14,S01_StaticP14_seg0004,S01_StaticP14_seg0004,6,4,Power,3,45361,60480,15120,1260.0,42,43
S01_personal_fold05,1,5,4,5,"per class: test=i, validation=(i+1)%8, train=remaining 6 segment indices",train,data/limb/subject01/Dynamic/subject1_limb_EMG.mat,Dynamic,S01_Dynamic_seg0004,S01_Dynamic_seg0004,7,4,Power,3,345376,465303,119928,1260.0,42,43
S01_personal_fold05,1,5,4,5,"per class: test=i, validation=(i+1)%8, train=remaining 6 segment indices",train,data/limb/subject01/StaticP1/subject1_limb_EMG.mat,StaticP1,S01_StaticP1_seg0005,S01_StaticP1_seg0005,0,5,Rest,4,60481,75600,15120,1260.0,42,43
S01_personal_fold05,1,5,4,5,"per class: test=i, validation=(i+1)%8, train=remaining 6 segment indices",train,data/limb/subject01/StaticP2/subject1_limb_EMG.mat,StaticP2,S01_StaticP2_seg0005,S01_StaticP2_seg0005,1,5,Rest,4,60481,75600,15120,1260.0,42,43
S01_personal_fold05,1,5,4,5,"per class: test=i, validation=(i+1)%8, train=remaining 6 segment indices",train,data/limb/subject01/StaticP3/subject1_limb_EMG.mat,StaticP3,S01_StaticP3_seg0005,S01_StaticP3_seg0005,2,5,Rest,4,60481,75600,15120,1260.0,42,43
S01_personal_fold05,1,5,4,5,"per class: test=i, validation=(i+1)%8, train=remaining 6 segment indices",train,data/limb/subject01/StaticP4/subject1_limb_EMG.mat,StaticP4,S01_StaticP4_seg0005,S01_StaticP4_seg0005,3,5,Rest,4,60481,75600,15120,1260.0,42,43
S01_personal_fold05,1,5,4,5,"per class: test=i, validation=(i+1)%8, train=remaining 6 segment indices",test,data/limb/subject01/StaticP9/subject1_limb_EMG.mat,StaticP9,S01_StaticP9_seg0005,S01_StaticP9_seg0005,4,5,Rest,4,60481,75600,15120,1260.0,42,43
S01_personal_fold05,1,5,4,5,"per class: test=i, validation=(i+1)%8, train=remaining 6 segment indices",validation,data/limb/subject01/StaticP10/subject1_limb_EMG.mat,StaticP10,S01_StaticP10_seg0005,S01_StaticP10_seg0005,5,5,Rest,4,60481,75600,15120,1260.0,42,43
S01_personal_fold05,1,5,4,5,"per class: test=i, validation=(i+1)%8, train=remaining 6 segment indices",train,data/limb/subject01/StaticP14/subject1_limb_EMG.mat,StaticP14,S01_StaticP14_seg0005,S01_StaticP14_seg0005,6,5,Rest,4,60481,75600,15120,1260.0,42,43
S01_personal_fold05,1,5,4,5,"per class: test=i, validation=(i+1)%8, train=remaining 6 segment indices",train,data/limb/subject01/Dynamic/subject1_limb_EMG.mat,Dynamic,S01_Dynamic_seg0005,S01_Dynamic_seg0005,7,5,Rest,4,465304,575894,110591,1260.0,42,43
S01_personal_fold06,1,6,5,6,"per class: test=i, validation=(i+1)%8, train=remaining 6 segment indices",train,data/limb/subject01/StaticP1/subject1_limb_EMG.mat,StaticP1,S01_StaticP1_seg0001,S01_StaticP1_seg0001,0,1,HandOpen,0,1,15120,15120,1260.0,42,43
S01_personal_fold06,1,6,5,6,"per class: test=i, validation=(i+1)%8, train=remaining 6 segment indices",train,data/limb/subject01/StaticP2/subject1_limb_EMG.mat,StaticP2,S01_StaticP2_seg0001,S01_StaticP2_seg0001,1,1,HandOpen,0,1,15120,15120,1260.0,42,43
S01_personal_fold06,1,6,5,6,"per class: test=i, validation=(i+1)%8, train=remaining 6 segment indices",train,data/limb/subject01/StaticP3/subject1_limb_EMG.mat,StaticP3,S01_StaticP3_seg0001,S01_StaticP3_seg0001,2,1,HandOpen,0,1,15120,15120,1260.0,42,43
S01_personal_fold06,1,6,5,6,"per class: test=i, validation=(i+1)%8, train=remaining 6 segment indices",train,data/limb/subject01/StaticP4/subject1_limb_EMG.mat,StaticP4,S01_StaticP4_seg0001,S01_StaticP4_seg0001,3,1,HandOpen,0,1,15120,15120,1260.0,42,43
S01_personal_fold06,1,6,5,6,"per class: test=i, validation=(i+1)%8, train=remaining 6 segment indices",train,data/limb/subject01/StaticP9/subject1_limb_EMG.mat,StaticP9,S01_StaticP9_seg0001,S01_StaticP9_seg0001,4,1,HandOpen,0,1,15120,15120,1260.0,42,43
S01_personal_fold06,1,6,5,6,"per class: test=i, validation=(i+1)%8, train=remaining 6 segment indices",test,data/limb/subject01/StaticP10/subject1_limb_EMG.mat,StaticP10,S01_StaticP10_seg0001,S01_StaticP10_seg0001,5,1,HandOpen,0,1,15120,15120,1260.0,42,43
S01_personal_fold06,1,6,5,6,"per class: test=i, validation=(i+1)%8, train=remaining 6 segment indices",validation,data/limb/subject01/StaticP14/subject1_limb_EMG.mat,StaticP14,S01_StaticP14_seg0001,S01_StaticP14_seg0001,6,1,HandOpen,0,1,15120,15120,1260.0,42,43
S01_personal_fold06,1,6,5,6,"per class: test=i, validation=(i+1)%8, train=remaining 6 segment indices",train,data/limb/subject01/Dynamic/subject1_limb_EMG.mat,Dynamic,S01_Dynamic_seg0001,S01_Dynamic_seg0001,7,1,HandOpen,0,1,122358,122358,1260.0,42,43
S01_personal_fold06,1,6,5,6,"per class: test=i, validation=(i+1)%8, train=remaining 6 segment indices",train,data/limb/subject01/StaticP1/subject1_limb_EMG.mat,StaticP1,S01_StaticP1_seg0002,S01_StaticP1_seg0002,0,2,Lateral,1,15121,30240,15120,1260.0,42,43
S01_personal_fold06,1,6,5,6,"per class: test=i, validation=(i+1)%8, train=remaining 6 segment indices",train,data/limb/subject01/StaticP2/subject1_limb_EMG.mat,StaticP2,S01_StaticP2_seg0002,S01_StaticP2_seg0002,1,2,Lateral,1,15121,30240,15120,1260.0,42,43
S01_personal_fold06,1,6,5,6,"per class: test=i, validation=(i+1)%8, train=remaining 6 segment indices",train,data/limb/subject01/StaticP3/subject1_limb_EMG.mat,StaticP3,S01_StaticP3_seg0002,S01_StaticP3_seg0002,2,2,Lateral,1,15121,30240,15120,1260.0,42,43
S01_personal_fold06,1,6,5,6,"per class: test=i, validation=(i+1)%8, train=remaining 6 segment indices",train,data/limb/subject01/StaticP4/subject1_limb_EMG.mat,StaticP4,S01_StaticP4_seg0002,S01_StaticP4_seg0002,3,2,Lateral,1,15121,30240,15120,1260.0,42,43
S01_personal_fold06,1,6,5,6,"per class: test=i, validation=(i+1)%8, train=remaining 6 segment indices",train,data/limb/subject01/StaticP9/subject1_limb_EMG.mat,StaticP9,S01_StaticP9_seg0002,S01_StaticP9_seg0002,4,2,Lateral,1,15121,30240,15120,1260.0,42,43
S01_personal_fold06,1,6,5,6,"per class: test=i, validation=(i+1)%8, train=remaining 6 segment indices",test,data/limb/subject01/StaticP10/subject1_limb_EMG.mat,StaticP10,S01_StaticP10_seg0002,S01_StaticP10_seg0002,5,2,Lateral,1,15121,30240,15120,1260.0,42,43
S01_personal_fold06,1,6,5,6,"per class: test=i, validation=(i+1)%8, train=remaining 6 segment indices",validation,data/limb/subject01/StaticP14/subject1_limb_EMG.mat,StaticP14,S01_StaticP14_seg0002,S01_StaticP14_seg0002,6,2,Lateral,1,15121,30240,15120,1260.0,42,43
S01_personal_fold06,1,6,5,6,"per class: test=i, validation=(i+1)%8, train=remaining 6 segment indices",train,data/limb/subject01/Dynamic/subject1_limb_EMG.mat,Dynamic,S01_Dynamic_seg0002,S01_Dynamic_seg0002,7,2,Lateral,1,122359,235072,112714,1260.0,42,43
S01_personal_fold06,1,6,5,6,"per class: test=i, validation=(i+1)%8, train=remaining 6 segment indices",train,data/limb/subject01/StaticP1/subject1_limb_EMG.mat,StaticP1,S01_StaticP1_seg0003,S01_StaticP1_seg0003,0,3,Pinch,2,30241,45360,15120,1260.0,42,43
S01_personal_fold06,1,6,5,6,"per class: test=i, validation=(i+1)%8, train=remaining 6 segment indices",train,data/limb/subject01/StaticP2/subject1_limb_EMG.mat,StaticP2,S01_StaticP2_seg0003,S01_StaticP2_seg0003,1,3,Pinch,2,30241,45360,15120,1260.0,42,43
S01_personal_fold06,1,6,5,6,"per class: test=i, validation=(i+1)%8, train=remaining 6 segment indices",train,data/limb/subject01/StaticP3/subject1_limb_EMG.mat,StaticP3,S01_StaticP3_seg0003,S01_StaticP3_seg0003,2,3,Pinch,2,30241,45360,15120,1260.0,42,43
S01_personal_fold06,1,6,5,6,"per class: test=i, validation=(i+1)%8, train=remaining 6 segment indices",train,data/limb/subject01/StaticP4/subject1_limb_EMG.mat,StaticP4,S01_StaticP4_seg0003,S01_StaticP4_seg0003,3,3,Pinch,2,30241,45360,15120,1260.0,42,43
S01_personal_fold06,1,6,5,6,"per class: test=i, validation=(i+1)%8, train=remaining 6 segment indices",train,data/limb/subject01/StaticP9/subject1_limb_EMG.mat,StaticP9,S01_StaticP9_seg0003,S01_StaticP9_seg0003,4,3,Pinch,2,30241,45360,15120,1260.0,42,43
S01_personal_fold06,1,6,5,6,"per class: test=i, validation=(i+1)%8, train=remaining 6 segment indices",test,data/limb/subject01/StaticP10/subject1_limb_EMG.mat,StaticP10,S01_StaticP10_seg0003,S01_StaticP10_seg0003,5,3,Pinch,2,30241,45360,15120,1260.0,42,43
S01_personal_fold06,1,6,5,6,"per class: test=i, validation=(i+1)%8, train=remaining 6 segment indices",validation,data/limb/subject01/StaticP14/subject1_limb_EMG.mat,StaticP14,S01_StaticP14_seg0003,S01_StaticP14_seg0003,6,3,Pinch,2,30241,45360,15120,1260.0,42,43
S01_personal_fold06,1,6,5,6,"per class: test=i, validation=(i+1)%8, train=remaining 6 segment indices",train,data/limb/subject01/Dynamic/subject1_limb_EMG.mat,Dynamic,S01_Dynamic_seg0003,S01_Dynamic_seg0003,7,3,Pinch,2,235073,345375,110303,1260.0,42,43
S01_personal_fold06,1,6,5,6,"per class: test=i, validation=(i+1)%8, train=remaining 6 segment indices",train,data/limb/subject01/StaticP1/subject1_limb_EMG.mat,StaticP1,S01_StaticP1_seg0004,S01_StaticP1_seg0004,0,4,Power,3,45361,60480,15120,1260.0,42,43
S01_personal_fold06,1,6,5,6,"per class: test=i, validation=(i+1)%8, train=remaining 6 segment indices",train,data/limb/subject01/StaticP2/subject1_limb_EMG.mat,StaticP2,S01_StaticP2_seg0004,S01_StaticP2_seg0004,1,4,Power,3,45361,60480,15120,1260.0,42,43
S01_personal_fold06,1,6,5,6,"per class: test=i, validation=(i+1)%8, train=remaining 6 segment indices",train,data/limb/subject01/StaticP3/subject1_limb_EMG.mat,StaticP3,S01_StaticP3_seg0004,S01_StaticP3_seg0004,2,4,Power,3,45361,60480,15120,1260.0,42,43
S01_personal_fold06,1,6,5,6,"per class: test=i, validation=(i+1)%8, train=remaining 6 segment indices",train,data/limb/subject01/StaticP4/subject1_limb_EMG.mat,StaticP4,S01_StaticP4_seg0004,S01_StaticP4_seg0004,3,4,Power,3,45361,60480,15120,1260.0,42,43
S01_personal_fold06,1,6,5,6,"per class: test=i, validation=(i+1)%8, train=remaining 6 segment indices",train,data/limb/subject01/StaticP9/subject1_limb_EMG.mat,StaticP9,S01_StaticP9_seg0004,S01_StaticP9_seg0004,4,4,Power,3,45361,60480,15120,1260.0,42,43
S01_personal_fold06,1,6,5,6,"per class: test=i, validation=(i+1)%8, train=remaining 6 segment indices",test,data/limb/subject01/StaticP10/subject1_limb_EMG.mat,StaticP10,S01_StaticP10_seg0004,S01_StaticP10_seg0004,5,4,Power,3,45361,60480,15120,1260.0,42,43
S01_personal_fold06,1,6,5,6,"per class: test=i, validation=(i+1)%8, train=remaining 6 segment indices",validation,data/limb/subject01/StaticP14/subject1_limb_EMG.mat,StaticP14,S01_StaticP14_seg0004,S01_StaticP14_seg0004,6,4,Power,3,45361,60480,15120,1260.0,42,43
S01_personal_fold06,1,6,5,6,"per class: test=i, validation=(i+1)%8, train=remaining 6 segment indices",train,data/limb/subject01/Dynamic/subject1_limb_EMG.mat,Dynamic,S01_Dynamic_seg0004,S01_Dynamic_seg0004,7,4,Power,3,345376,465303,119928,1260.0,42,43
S01_personal_fold06,1,6,5,6,"per class: test=i, validation=(i+1)%8, train=remaining 6 segment indices",train,data/limb/subject01/StaticP1/subject1_limb_EMG.mat,StaticP1,S01_StaticP1_seg0005,S01_StaticP1_seg0005,0,5,Rest,4,60481,75600,15120,1260.0,42,43
S01_personal_fold06,1,6,5,6,"per class: test=i, validation=(i+1)%8, train=remaining 6 segment indices",train,data/limb/subject01/StaticP2/subject1_limb_EMG.mat,StaticP2,S01_StaticP2_seg0005,S01_StaticP2_seg0005,1,5,Rest,4,60481,75600,15120,1260.0,42,43
S01_personal_fold06,1,6,5,6,"per class: test=i, validation=(i+1)%8, train=remaining 6 segment indices",train,data/limb/subject01/StaticP3/subject1_limb_EMG.mat,StaticP3,S01_StaticP3_seg0005,S01_StaticP3_seg0005,2,5,Rest,4,60481,75600,15120,1260.0,42,43
S01_personal_fold06,1,6,5,6,"per class: test=i, validation=(i+1)%8, train=remaining 6 segment indices",train,data/limb/subject01/StaticP4/subject1_limb_EMG.mat,StaticP4,S01_StaticP4_seg0005,S01_StaticP4_seg0005,3,5,Rest,4,60481,75600,15120,1260.0,42,43
S01_personal_fold06,1,6,5,6,"per class: test=i, validation=(i+1)%8, train=remaining 6 segment indices",train,data/limb/subject01/StaticP9/subject1_limb_EMG.mat,StaticP9,S01_StaticP9_seg0005,S01_StaticP9_seg0005,4,5,Rest,4,60481,75600,15120,1260.0,42,43
S01_personal_fold06,1,6,5,6,"per class: test=i, validation=(i+1)%8, train=remaining 6 segment indices",test,data/limb/subject01/StaticP10/subject1_limb_EMG.mat,StaticP10,S01_StaticP10_seg0005,S01_StaticP10_seg0005,5,5,Rest,4,60481,75600,15120,1260.0,42,43
S01_personal_fold06,1,6,5,6,"per class: test=i, validation=(i+1)%8, train=remaining 6 segment indices",validation,data/limb/subject01/StaticP14/subject1_limb_EMG.mat,StaticP14,S01_StaticP14_seg0005,S01_StaticP14_seg0005,6,5,Rest,4,60481,75600,15120,1260.0,42,43
S01_personal_fold06,1,6,5,6,"per class: test=i, validation=(i+1)%8, train=remaining 6 segment indices",train,data/limb/subject01/Dynamic/subject1_limb_EMG.mat,Dynamic,S01_Dynamic_seg0005,S01_Dynamic_seg0005,7,5,Rest,4,465304,575894,110591,1260.0,42,43
S01_personal_fold07,1,7,6,7,"per class: test=i, validation=(i+1)%8, train=remaining 6 segment indices",train,data/limb/subject01/StaticP1/subject1_limb_EMG.mat,StaticP1,S01_StaticP1_seg0001,S01_StaticP1_seg0001,0,1,HandOpen,0,1,15120,15120,1260.0,42,43
S01_personal_fold07,1,7,6,7,"per class: test=i, validation=(i+1)%8, train=remaining 6 segment indices",train,data/limb/subject01/StaticP2/subject1_limb_EMG.mat,StaticP2,S01_StaticP2_seg0001,S01_StaticP2_seg0001,1,1,HandOpen,0,1,15120,15120,1260.0,42,43
S01_personal_fold07,1,7,6,7,"per class: test=i, validation=(i+1)%8, train=remaining 6 segment indices",train,data/limb/subject01/StaticP3/subject1_limb_EMG.mat,StaticP3,S01_StaticP3_seg0001,S01_StaticP3_seg0001,2,1,HandOpen,0,1,15120,15120,1260.0,42,43
S01_personal_fold07,1,7,6,7,"per class: test=i, validation=(i+1)%8, train=remaining 6 segment indices",train,data/limb/subject01/StaticP4/subject1_limb_EMG.mat,StaticP4,S01_StaticP4_seg0001,S01_StaticP4_seg0001,3,1,HandOpen,0,1,15120,15120,1260.0,42,43
S01_personal_fold07,1,7,6,7,"per class: test=i, validation=(i+1)%8, train=remaining 6 segment indices",train,data/limb/subject01/StaticP9/subject1_limb_EMG.mat,StaticP9,S01_StaticP9_seg0001,S01_StaticP9_seg0001,4,1,HandOpen,0,1,15120,15120,1260.0,42,43
S01_personal_fold07,1,7,6,7,"per class: test=i, validation=(i+1)%8, train=remaining 6 segment indices",train,data/limb/subject01/StaticP10/subject1_limb_EMG.mat,StaticP10,S01_StaticP10_seg0001,S01_StaticP10_seg0001,5,1,HandOpen,0,1,15120,15120,1260.0,42,43
S01_personal_fold07,1,7,6,7,"per class: test=i, validation=(i+1)%8, train=remaining 6 segment indices",test,data/limb/subject01/StaticP14/subject1_limb_EMG.mat,StaticP14,S01_StaticP14_seg0001,S01_StaticP14_seg0001,6,1,HandOpen,0,1,15120,15120,1260.0,42,43
S01_personal_fold07,1,7,6,7,"per class: test=i, validation=(i+1)%8, train=remaining 6 segment indices",validation,data/limb/subject01/Dynamic/subject1_limb_EMG.mat,Dynamic,S01_Dynamic_seg0001,S01_Dynamic_seg0001,7,1,HandOpen,0,1,122358,122358,1260.0,42,43
S01_personal_fold07,1,7,6,7,"per class: test=i, validation=(i+1)%8, train=remaining 6 segment indices",train,data/limb/subject01/StaticP1/subject1_limb_EMG.mat,StaticP1,S01_StaticP1_seg0002,S01_StaticP1_seg0002,0,2,Lateral,1,15121,30240,15120,1260.0,42,43
S01_personal_fold07,1,7,6,7,"per class: test=i, validation=(i+1)%8, train=remaining 6 segment indices",train,data/limb/subject01/StaticP2/subject1_limb_EMG.mat,StaticP2,S01_StaticP2_seg0002,S01_StaticP2_seg0002,1,2,Lateral,1,15121,30240,15120,1260.0,42,43
S01_personal_fold07,1,7,6,7,"per class: test=i, validation=(i+1)%8, train=remaining 6 segment indices",train,data/limb/subject01/StaticP3/subject1_limb_EMG.mat,StaticP3,S01_StaticP3_seg0002,S01_StaticP3_seg0002,2,2,Lateral,1,15121,30240,15120,1260.0,42,43
S01_personal_fold07,1,7,6,7,"per class: test=i, validation=(i+1)%8, train=remaining 6 segment indices",train,data/limb/subject01/StaticP4/subject1_limb_EMG.mat,StaticP4,S01_StaticP4_seg0002,S01_StaticP4_seg0002,3,2,Lateral,1,15121,30240,15120,1260.0,42,43
S01_personal_fold07,1,7,6,7,"per class: test=i, validation=(i+1)%8, train=remaining 6 segment indices",train,data/limb/subject01/StaticP9/subject1_limb_EMG.mat,StaticP9,S01_StaticP9_seg0002,S01_StaticP9_seg0002,4,2,Lateral,1,15121,30240,15120,1260.0,42,43
S01_personal_fold07,1,7,6,7,"per class: test=i, validation=(i+1)%8, train=remaining 6 segment indices",train,data/limb/subject01/StaticP10/subject1_limb_EMG.mat,StaticP10,S01_StaticP10_seg0002,S01_StaticP10_seg0002,5,2,Lateral,1,15121,30240,15120,1260.0,42,43
S01_personal_fold07,1,7,6,7,"per class: test=i, validation=(i+1)%8, train=remaining 6 segment indices",test,data/limb/subject01/StaticP14/subject1_limb_EMG.mat,StaticP14,S01_StaticP14_seg0002,S01_StaticP14_seg0002,6,2,Lateral,1,15121,30240,15120,1260.0,42,43
S01_personal_fold07,1,7,6,7,"per class: test=i, validation=(i+1)%8, train=remaining 6 segment indices",validation,data/limb/subject01/Dynamic/subject1_limb_EMG.mat,Dynamic,S01_Dynamic_seg0002,S01_Dynamic_seg0002,7,2,Lateral,1,122359,235072,112714,1260.0,42,43
S01_personal_fold07,1,7,6,7,"per class: test=i, validation=(i+1)%8, train=remaining 6 segment indices",train,data/limb/subject01/StaticP1/subject1_limb_EMG.mat,StaticP1,S01_StaticP1_seg0003,S01_StaticP1_seg0003,0,3,Pinch,2,30241,45360,15120,1260.0,42,43
S01_personal_fold07,1,7,6,7,"per class: test=i, validation=(i+1)%8, train=remaining 6 segment indices",train,data/limb/subject01/StaticP2/subject1_limb_EMG.mat,StaticP2,S01_StaticP2_seg0003,S01_StaticP2_seg0003,1,3,Pinch,2,30241,45360,15120,1260.0,42,43
S01_personal_fold07,1,7,6,7,"per class: test=i, validation=(i+1)%8, train=remaining 6 segment indices",train,data/limb/subject01/StaticP3/subject1_limb_EMG.mat,StaticP3,S01_StaticP3_seg0003,S01_StaticP3_seg0003,2,3,Pinch,2,30241,45360,15120,1260.0,42,43
S01_personal_fold07,1,7,6,7,"per class: test=i, validation=(i+1)%8, train=remaining 6 segment indices",train,data/limb/subject01/StaticP4/subject1_limb_EMG.mat,StaticP4,S01_StaticP4_seg0003,S01_StaticP4_seg0003,3,3,Pinch,2,30241,45360,15120,1260.0,42,43
S01_personal_fold07,1,7,6,7,"per class: test=i, validation=(i+1)%8, train=remaining 6 segment indices",train,data/limb/subject01/StaticP9/subject1_limb_EMG.mat,StaticP9,S01_StaticP9_seg0003,S01_StaticP9_seg0003,4,3,Pinch,2,30241,45360,15120,1260.0,42,43
S01_personal_fold07,1,7,6,7,"per class: test=i, validation=(i+1)%8, train=remaining 6 segment indices",train,data/limb/subject01/StaticP10/subject1_limb_EMG.mat,StaticP10,S01_StaticP10_seg0003,S01_StaticP10_seg0003,5,3,Pinch,2,30241,45360,15120,1260.0,42,43
S01_personal_fold07,1,7,6,7,"per class: test=i, validation=(i+1)%8, train=remaining 6 segment indices",test,data/limb/subject01/StaticP14/subject1_limb_EMG.mat,StaticP14,S01_StaticP14_seg0003,S01_StaticP14_seg0003,6,3,Pinch,2,30241,45360,15120,1260.0,42,43
S01_personal_fold07,1,7,6,7,"per class: test=i, validation=(i+1)%8, train=remaining 6 segment indices",validation,data/limb/subject01/Dynamic/subject1_limb_EMG.mat,Dynamic,S01_Dynamic_seg0003,S01_Dynamic_seg0003,7,3,Pinch,2,235073,345375,110303,1260.0,42,43
S01_personal_fold07,1,7,6,7,"per class: test=i, validation=(i+1)%8, train=remaining 6 segment indices",train,data/limb/subject01/StaticP1/subject1_limb_EMG.mat,StaticP1,S01_StaticP1_seg0004,S01_StaticP1_seg0004,0,4,Power,3,45361,60480,15120,1260.0,42,43
S01_personal_fold07,1,7,6,7,"per class: test=i, validation=(i+1)%8, train=remaining 6 segment indices",train,data/limb/subject01/StaticP2/subject1_limb_EMG.mat,StaticP2,S01_StaticP2_seg0004,S01_StaticP2_seg0004,1,4,Power,3,45361,60480,15120,1260.0,42,43
S01_personal_fold07,1,7,6,7,"per class: test=i, validation=(i+1)%8, train=remaining 6 segment indices",train,data/limb/subject01/StaticP3/subject1_limb_EMG.mat,StaticP3,S01_StaticP3_seg0004,S01_StaticP3_seg0004,2,4,Power,3,45361,60480,15120,1260.0,42,43
S01_personal_fold07,1,7,6,7,"per class: test=i, validation=(i+1)%8, train=remaining 6 segment indices",train,data/limb/subject01/StaticP4/subject1_limb_EMG.mat,StaticP4,S01_StaticP4_seg0004,S01_StaticP4_seg0004,3,4,Power,3,45361,60480,15120,1260.0,42,43
S01_personal_fold07,1,7,6,7,"per class: test=i, validation=(i+1)%8, train=remaining 6 segment indices",train,data/limb/subject01/StaticP9/subject1_limb_EMG.mat,StaticP9,S01_StaticP9_seg0004,S01_StaticP9_seg0004,4,4,Power,3,45361,60480,15120,1260.0,42,43
S01_personal_fold07,1,7,6,7,"per class: test=i, validation=(i+1)%8, train=remaining 6 segment indices",train,data/limb/subject01/StaticP10/subject1_limb_EMG.mat,StaticP10,S01_StaticP10_seg0004,S01_StaticP10_seg0004,5,4,Power,3,45361,60480,15120,1260.0,42,43
S01_personal_fold07,1,7,6,7,"per class: test=i, validation=(i+1)%8, train=remaining 6 segment indices",test,data/limb/subject01/StaticP14/subject1_limb_EMG.mat,StaticP14,S01_StaticP14_seg0004,S01_StaticP14_seg0004,6,4,Power,3,45361,60480,15120,1260.0,42,43
S01_personal_fold07,1,7,6,7,"per class: test=i, validation=(i+1)%8, train=remaining 6 segment indices",validation,data/limb/subject01/Dynamic/subject1_limb_EMG.mat,Dynamic,S01_Dynamic_seg0004,S01_Dynamic_seg0004,7,4,Power,3,345376,465303,119928,1260.0,42,43
S01_personal_fold07,1,7,6,7,"per class: test=i, validation=(i+1)%8, train=remaining 6 segment indices",train,data/limb/subject01/StaticP1/subject1_limb_EMG.mat,StaticP1,S01_StaticP1_seg0005,S01_StaticP1_seg0005,0,5,Rest,4,60481,75600,15120,1260.0,42,43
S01_personal_fold07,1,7,6,7,"per class: test=i, validation=(i+1)%8, train=remaining 6 segment indices",train,data/limb/subject01/StaticP2/subject1_limb_EMG.mat,StaticP2,S01_StaticP2_seg0005,S01_StaticP2_seg0005,1,5,Rest,4,60481,75600,15120,1260.0,42,43
S01_personal_fold07,1,7,6,7,"per class: test=i, validation=(i+1)%8, train=remaining 6 segment indices",train,data/limb/subject01/StaticP3/subject1_limb_EMG.mat,StaticP3,S01_StaticP3_seg0005,S01_StaticP3_seg0005,2,5,Rest,4,60481,75600,15120,1260.0,42,43
S01_personal_fold07,1,7,6,7,"per class: test=i, validation=(i+1)%8, train=remaining 6 segment indices",train,data/limb/subject01/StaticP4/subject1_limb_EMG.mat,StaticP4,S01_StaticP4_seg0005,S01_StaticP4_seg0005,3,5,Rest,4,60481,75600,15120,1260.0,42,43
S01_personal_fold07,1,7,6,7,"per class: test=i, validation=(i+1)%8, train=remaining 6 segment indices",train,data/limb/subject01/StaticP9/subject1_limb_EMG.mat,StaticP9,S01_StaticP9_seg0005,S01_StaticP9_seg0005,4,5,Rest,4,60481,75600,15120,1260.0,42,43
S01_personal_fold07,1,7,6,7,"per class: test=i, validation=(i+1)%8, train=remaining 6 segment indices",train,data/limb/subject01/StaticP10/subject1_limb_EMG.mat,StaticP10,S01_StaticP10_seg0005,S01_StaticP10_seg0005,5,5,Rest,4,60481,75600,15120,1260.0,42,43
S01_personal_fold07,1,7,6,7,"per class: test=i, validation=(i+1)%8, train=remaining 6 segment indices",test,data/limb/subject01/StaticP14/subject1_limb_EMG.mat,StaticP14,S01_StaticP14_seg0005,S01_StaticP14_seg0005,6,5,Rest,4,60481,75600,15120,1260.0,42,43
S01_personal_fold07,1,7,6,7,"per class: test=i, validation=(i+1)%8, train=remaining 6 segment indices",validation,data/limb/subject01/Dynamic/subject1_limb_EMG.mat,Dynamic,S01_Dynamic_seg0005,S01_Dynamic_seg0005,7,5,Rest,4,465304,575894,110591,1260.0,42,43
S01_personal_fold08,1,8,7,0,"per class: test=i, validation=(i+1)%8, train=remaining 6 segment indices",validation,data/limb/subject01/StaticP1/subject1_limb_EMG.mat,StaticP1,S01_StaticP1_seg0001,S01_StaticP1_seg0001,0,1,HandOpen,0,1,15120,15120,1260.0,42,43
S01_personal_fold08,1,8,7,0,"per class: test=i, validation=(i+1)%8, train=remaining 6 segment indices",train,data/limb/subject01/StaticP2/subject1_limb_EMG.mat,StaticP2,S01_StaticP2_seg0001,S01_StaticP2_seg0001,1,1,HandOpen,0,1,15120,15120,1260.0,42,43
S01_personal_fold08,1,8,7,0,"per class: test=i, validation=(i+1)%8, train=remaining 6 segment indices",train,data/limb/subject01/StaticP3/subject1_limb_EMG.mat,StaticP3,S01_StaticP3_seg0001,S01_StaticP3_seg0001,2,1,HandOpen,0,1,15120,15120,1260.0,42,43
S01_personal_fold08,1,8,7,0,"per class: test=i, validation=(i+1)%8, train=remaining 6 segment indices",train,data/limb/subject01/StaticP4/subject1_limb_EMG.mat,StaticP4,S01_StaticP4_seg0001,S01_StaticP4_seg0001,3,1,HandOpen,0,1,15120,15120,1260.0,42,43
S01_personal_fold08,1,8,7,0,"per class: test=i, validation=(i+1)%8, train=remaining 6 segment indices",train,data/limb/subject01/StaticP9/subject1_limb_EMG.mat,StaticP9,S01_StaticP9_seg0001,S01_StaticP9_seg0001,4,1,HandOpen,0,1,15120,15120,1260.0,42,43
S01_personal_fold08,1,8,7,0,"per class: test=i, validation=(i+1)%8, train=remaining 6 segment indices",train,data/limb/subject01/StaticP10/subject1_limb_EMG.mat,StaticP10,S01_StaticP10_seg0001,S01_StaticP10_seg0001,5,1,HandOpen,0,1,15120,15120,1260.0,42,43
S01_personal_fold08,1,8,7,0,"per class: test=i, validation=(i+1)%8, train=remaining 6 segment indices",train,data/limb/subject01/StaticP14/subject1_limb_EMG.mat,StaticP14,S01_StaticP14_seg0001,S01_StaticP14_seg0001,6,1,HandOpen,0,1,15120,15120,1260.0,42,43
S01_personal_fold08,1,8,7,0,"per class: test=i, validation=(i+1)%8, train=remaining 6 segment indices",test,data/limb/subject01/Dynamic/subject1_limb_EMG.mat,Dynamic,S01_Dynamic_seg0001,S01_Dynamic_seg0001,7,1,HandOpen,0,1,122358,122358,1260.0,42,43
S01_personal_fold08,1,8,7,0,"per class: test=i, validation=(i+1)%8, train=remaining 6 segment indices",validation,data/limb/subject01/StaticP1/subject1_limb_EMG.mat,StaticP1,S01_StaticP1_seg0002,S01_StaticP1_seg0002,0,2,Lateral,1,15121,30240,15120,1260.0,42,43
S01_personal_fold08,1,8,7,0,"per class: test=i, validation=(i+1)%8, train=remaining 6 segment indices",train,data/limb/subject01/StaticP2/subject1_limb_EMG.mat,StaticP2,S01_StaticP2_seg0002,S01_StaticP2_seg0002,1,2,Lateral,1,15121,30240,15120,1260.0,42,43
S01_personal_fold08,1,8,7,0,"per class: test=i, validation=(i+1)%8, train=remaining 6 segment indices",train,data/limb/subject01/StaticP3/subject1_limb_EMG.mat,StaticP3,S01_StaticP3_seg0002,S01_StaticP3_seg0002,2,2,Lateral,1,15121,30240,15120,1260.0,42,43
S01_personal_fold08,1,8,7,0,"per class: test=i, validation=(i+1)%8, train=remaining 6 segment indices",train,data/limb/subject01/StaticP4/subject1_limb_EMG.mat,StaticP4,S01_StaticP4_seg0002,S01_StaticP4_seg0002,3,2,Lateral,1,15121,30240,15120,1260.0,42,43
S01_personal_fold08,1,8,7,0,"per class: test=i, validation=(i+1)%8, train=remaining 6 segment indices",train,data/limb/subject01/StaticP9/subject1_limb_EMG.mat,StaticP9,S01_StaticP9_seg0002,S01_StaticP9_seg0002,4,2,Lateral,1,15121,30240,15120,1260.0,42,43
S01_personal_fold08,1,8,7,0,"per class: test=i, validation=(i+1)%8, train=remaining 6 segment indices",train,data/limb/subject01/StaticP10/subject1_limb_EMG.mat,StaticP10,S01_StaticP10_seg0002,S01_StaticP10_seg0002,5,2,Lateral,1,15121,30240,15120,1260.0,42,43
S01_personal_fold08,1,8,7,0,"per class: test=i, validation=(i+1)%8, train=remaining 6 segment indices",train,data/limb/subject01/StaticP14/subject1_limb_EMG.mat,StaticP14,S01_StaticP14_seg0002,S01_StaticP14_seg0002,6,2,Lateral,1,15121,30240,15120,1260.0,42,43
S01_personal_fold08,1,8,7,0,"per class: test=i, validation=(i+1)%8, train=remaining 6 segment indices",test,data/limb/subject01/Dynamic/subject1_limb_EMG.mat,Dynamic,S01_Dynamic_seg0002,S01_Dynamic_seg0002,7,2,Lateral,1,122359,235072,112714,1260.0,42,43
S01_personal_fold08,1,8,7,0,"per class: test=i, validation=(i+1)%8, train=remaining 6 segment indices",validation,data/limb/subject01/StaticP1/subject1_limb_EMG.mat,StaticP1,S01_StaticP1_seg0003,S01_StaticP1_seg0003,0,3,Pinch,2,30241,45360,15120,1260.0,42,43
S01_personal_fold08,1,8,7,0,"per class: test=i, validation=(i+1)%8, train=remaining 6 segment indices",train,data/limb/subject01/StaticP2/subject1_limb_EMG.mat,StaticP2,S01_StaticP2_seg0003,S01_StaticP2_seg0003,1,3,Pinch,2,30241,45360,15120,1260.0,42,43
S01_personal_fold08,1,8,7,0,"per class: test=i, validation=(i+1)%8, train=remaining 6 segment indices",train,data/limb/subject01/StaticP3/subject1_limb_EMG.mat,StaticP3,S01_StaticP3_seg0003,S01_StaticP3_seg0003,2,3,Pinch,2,30241,45360,15120,1260.0,42,43
S01_personal_fold08,1,8,7,0,"per class: test=i, validation=(i+1)%8, train=remaining 6 segment indices",train,data/limb/subject01/StaticP4/subject1_limb_EMG.mat,StaticP4,S01_StaticP4_seg0003,S01_StaticP4_seg0003,3,3,Pinch,2,30241,45360,15120,1260.0,42,43
S01_personal_fold08,1,8,7,0,"per class: test=i, validation=(i+1)%8, train=remaining 6 segment indices",train,data/limb/subject01/StaticP9/subject1_limb_EMG.mat,StaticP9,S01_StaticP9_seg0003,S01_StaticP9_seg0003,4,3,Pinch,2,30241,45360,15120,1260.0,42,43
S01_personal_fold08,1,8,7,0,"per class: test=i, validation=(i+1)%8, train=remaining 6 segment indices",train,data/limb/subject01/StaticP10/subject1_limb_EMG.mat,StaticP10,S01_StaticP10_seg0003,S01_StaticP10_seg0003,5,3,Pinch,2,30241,45360,15120,1260.0,42,43
S01_personal_fold08,1,8,7,0,"per class: test=i, validation=(i+1)%8, train=remaining 6 segment indices",train,data/limb/subject01/StaticP14/subject1_limb_EMG.mat,StaticP14,S01_StaticP14_seg0003,S01_StaticP14_seg0003,6,3,Pinch,2,30241,45360,15120,1260.0,42,43
S01_personal_fold08,1,8,7,0,"per class: test=i, validation=(i+1)%8, train=remaining 6 segment indices",test,data/limb/subject01/Dynamic/subject1_limb_EMG.mat,Dynamic,S01_Dynamic_seg0003,S01_Dynamic_seg0003,7,3,Pinch,2,235073,345375,110303,1260.0,42,43
S01_personal_fold08,1,8,7,0,"per class: test=i, validation=(i+1)%8, train=remaining 6 segment indices",validation,data/limb/subject01/StaticP1/subject1_limb_EMG.mat,StaticP1,S01_StaticP1_seg0004,S01_StaticP1_seg0004,0,4,Power,3,45361,60480,15120,1260.0,42,43
S01_personal_fold08,1,8,7,0,"per class: test=i, validation=(i+1)%8, train=remaining 6 segment indices",train,data/limb/subject01/StaticP2/subject1_limb_EMG.mat,StaticP2,S01_StaticP2_seg0004,S01_StaticP2_seg0004,1,4,Power,3,45361,60480,15120,1260.0,42,43
S01_personal_fold08,1,8,7,0,"per class: test=i, validation=(i+1)%8, train=remaining 6 segment indices",train,data/limb/subject01/StaticP3/subject1_limb_EMG.mat,StaticP3,S01_StaticP3_seg0004,S01_StaticP3_seg0004,2,4,Power,3,45361,60480,15120,1260.0,42,43
S01_personal_fold08,1,8,7,0,"per class: test=i, validation=(i+1)%8, train=remaining 6 segment indices",train,data/limb/subject01/StaticP4/subject1_limb_EMG.mat,StaticP4,S01_StaticP4_seg0004,S01_StaticP4_seg0004,3,4,Power,3,45361,60480,15120,1260.0,42,43
S01_personal_fold08,1,8,7,0,"per class: test=i, validation=(i+1)%8, train=remaining 6 segment indices",train,data/limb/subject01/StaticP9/subject1_limb_EMG.mat,StaticP9,S01_StaticP9_seg0004,S01_StaticP9_seg0004,4,4,Power,3,45361,60480,15120,1260.0,42,43
S01_personal_fold08,1,8,7,0,"per class: test=i, validation=(i+1)%8, train=remaining 6 segment indices",train,data/limb/subject01/StaticP10/subject1_limb_EMG.mat,StaticP10,S01_StaticP10_seg0004,S01_StaticP10_seg0004,5,4,Power,3,45361,60480,15120,1260.0,42,43
S01_personal_fold08,1,8,7,0,"per class: test=i, validation=(i+1)%8, train=remaining 6 segment indices",train,data/limb/subject01/StaticP14/subject1_limb_EMG.mat,StaticP14,S01_StaticP14_seg0004,S01_StaticP14_seg0004,6,4,Power,3,45361,60480,15120,1260.0,42,43
S01_personal_fold08,1,8,7,0,"per class: test=i, validation=(i+1)%8, train=remaining 6 segment indices",test,data/limb/subject01/Dynamic/subject1_limb_EMG.mat,Dynamic,S01_Dynamic_seg0004,S01_Dynamic_seg0004,7,4,Power,3,345376,465303,119928,1260.0,42,43
S01_personal_fold08,1,8,7,0,"per class: test=i, validation=(i+1)%8, train=remaining 6 segment indices",validation,data/limb/subject01/StaticP1/subject1_limb_EMG.mat,StaticP1,S01_StaticP1_seg0005,S01_StaticP1_seg0005,0,5,Rest,4,60481,75600,15120,1260.0,42,43
S01_personal_fold08,1,8,7,0,"per class: test=i, validation=(i+1)%8, train=remaining 6 segment indices",train,data/limb/subject01/StaticP2/subject1_limb_EMG.mat,StaticP2,S01_StaticP2_seg0005,S01_StaticP2_seg0005,1,5,Rest,4,60481,75600,15120,1260.0,42,43
S01_personal_fold08,1,8,7,0,"per class: test=i, validation=(i+1)%8, train=remaining 6 segment indices",train,data/limb/subject01/StaticP3/subject1_limb_EMG.mat,StaticP3,S01_StaticP3_seg0005,S01_StaticP3_seg0005,2,5,Rest,4,60481,75600,15120,1260.0,42,43
S01_personal_fold08,1,8,7,0,"per class: test=i, validation=(i+1)%8, train=remaining 6 segment indices",train,data/limb/subject01/StaticP4/subject1_limb_EMG.mat,StaticP4,S01_StaticP4_seg0005,S01_StaticP4_seg0005,3,5,Rest,4,60481,75600,15120,1260.0,42,43
S01_personal_fold08,1,8,7,0,"per class: test=i, validation=(i+1)%8, train=remaining 6 segment indices",train,data/limb/subject01/StaticP9/subject1_limb_EMG.mat,StaticP9,S01_StaticP9_seg0005,S01_StaticP9_seg0005,4,5,Rest,4,60481,75600,15120,1260.0,42,43
S01_personal_fold08,1,8,7,0,"per class: test=i, validation=(i+1)%8, train=remaining 6 segment indices",train,data/limb/subject01/StaticP10/subject1_limb_EMG.mat,StaticP10,S01_StaticP10_seg0005,S01_StaticP10_seg0005,5,5,Rest,4,60481,75600,15120,1260.0,42,43
S01_personal_fold08,1,8,7,0,"per class: test=i, validation=(i+1)%8, train=remaining 6 segment indices",train,data/limb/subject01/StaticP14/subject1_limb_EMG.mat,StaticP14,S01_StaticP14_seg0005,S01_StaticP14_seg0005,6,5,Rest,4,60481,75600,15120,1260.0,42,43
S01_personal_fold08,1,8,7,0,"per class: test=i, validation=(i+1)%8, train=remaining 6 segment indices",test,data/limb/subject01/Dynamic/subject1_limb_EMG.mat,Dynamic,S01_Dynamic_seg0005,S01_Dynamic_seg0005,7,5,Rest,4,465304,575894,110591,1260.0,42,43
S02_personal_fold01,2,1,0,1,"per class: test=i, validation=(i+1)%8, train=remaining 6 segment indices",test,data/limb/subject02/StaticP1/subject2_limb_EMG.mat,StaticP1,S02_StaticP1_seg0001,S02_StaticP1_seg0001,0,1,HandOpen,0,1,15120,15120,1260.0,42,43
S02_personal_fold01,2,1,0,1,"per class: test=i, validation=(i+1)%8, train=remaining 6 segment indices",validation,data/limb/subject02/StaticP2/subject2_limb_EMG.mat,StaticP2,S02_StaticP2_seg0001,S02_StaticP2_seg0001,1,1,HandOpen,0,1,15120,15120,1260.0,42,43
S02_personal_fold01,2,1,0,1,"per class: test=i, validation=(i+1)%8, train=remaining 6 segment indices",train,data/limb/subject02/StaticP3/subject2_limb_EMG.mat,StaticP3,S02_StaticP3_seg0001,S02_StaticP3_seg0001,2,1,HandOpen,0,1,15120,15120,1260.0,42,43
S02_personal_fold01,2,1,0,1,"per class: test=i, validation=(i+1)%8, train=remaining 6 segment indices",train,data/limb/subject02/StaticP4/subject2_limb_EMG.mat,StaticP4,S02_StaticP4_seg0001,S02_StaticP4_seg0001,3,1,HandOpen,0,1,15120,15120,1260.0,42,43
S02_personal_fold01,2,1,0,1,"per class: test=i, validation=(i+1)%8, train=remaining 6 segment indices",train,data/limb/subject02/StaticP9/subject2_limb_EMG.mat,StaticP9,S02_StaticP9_seg0001,S02_StaticP9_seg0001,4,1,HandOpen,0,1,15120,15120,1260.0,42,43
S02_personal_fold01,2,1,0,1,"per class: test=i, validation=(i+1)%8, train=remaining 6 segment indices",train,data/limb/subject02/StaticP10/subject2_limb_EMG.mat,StaticP10,S02_StaticP10_seg0001,S02_StaticP10_seg0001,5,1,HandOpen,0,1,15120,15120,1260.0,42,43
S02_personal_fold01,2,1,0,1,"per class: test=i, validation=(i+1)%8, train=remaining 6 segment indices",train,data/limb/subject02/StaticP14/subject2_limb_EMG.mat,StaticP14,S02_StaticP14_seg0001,S02_StaticP14_seg0001,6,1,HandOpen,0,1,15120,15120,1260.0,42,43
S02_personal_fold01,2,1,0,1,"per class: test=i, validation=(i+1)%8, train=remaining 6 segment indices",train,data/limb/subject02/Dynamic/subject2_limb_EMG.mat,Dynamic,S02_Dynamic_seg0001,S02_Dynamic_seg0001,7,1,HandOpen,0,1,124549,124549,1260.0,42,43
S02_personal_fold01,2,1,0,1,"per class: test=i, validation=(i+1)%8, train=remaining 6 segment indices",test,data/limb/subject02/StaticP1/subject2_limb_EMG.mat,StaticP1,S02_StaticP1_seg0002,S02_StaticP1_seg0002,0,2,Lateral,1,15121,30240,15120,1260.0,42,43
S02_personal_fold01,2,1,0,1,"per class: test=i, validation=(i+1)%8, train=remaining 6 segment indices",validation,data/limb/subject02/StaticP2/subject2_limb_EMG.mat,StaticP2,S02_StaticP2_seg0002,S02_StaticP2_seg0002,1,2,Lateral,1,15121,30240,15120,1260.0,42,43
S02_personal_fold01,2,1,0,1,"per class: test=i, validation=(i+1)%8, train=remaining 6 segment indices",train,data/limb/subject02/StaticP3/subject2_limb_EMG.mat,StaticP3,S02_StaticP3_seg0002,S02_StaticP3_seg0002,2,2,Lateral,1,15121,30240,15120,1260.0,42,43
S02_personal_fold01,2,1,0,1,"per class: test=i, validation=(i+1)%8, train=remaining 6 segment indices",train,data/limb/subject02/StaticP4/subject2_limb_EMG.mat,StaticP4,S02_StaticP4_seg0002,S02_StaticP4_seg0002,3,2,Lateral,1,15121,30240,15120,1260.0,42,43
S02_personal_fold01,2,1,0,1,"per class: test=i, validation=(i+1)%8, train=remaining 6 segment indices",train,data/limb/subject02/StaticP9/subject2_limb_EMG.mat,StaticP9,S02_StaticP9_seg0002,S02_StaticP9_seg0002,4,2,Lateral,1,15121,30240,15120,1260.0,42,43
S02_personal_fold01,2,1,0,1,"per class: test=i, validation=(i+1)%8, train=remaining 6 segment indices",train,data/limb/subject02/StaticP10/subject2_limb_EMG.mat,StaticP10,S02_StaticP10_seg0002,S02_StaticP10_seg0002,5,2,Lateral,1,15121,30240,15120,1260.0,42,43
S02_personal_fold01,2,1,0,1,"per class: test=i, validation=(i+1)%8, train=remaining 6 segment indices",train,data/limb/subject02/StaticP14/subject2_limb_EMG.mat,StaticP14,S02_StaticP14_seg0002,S02_StaticP14_seg0002,6,2,Lateral,1,15121,30240,15120,1260.0,42,43
S02_personal_fold01,2,1,0,1,"per class: test=i, validation=(i+1)%8, train=remaining 6 segment indices",train,data/limb/subject02/Dynamic/subject2_limb_EMG.mat,Dynamic,S02_Dynamic_seg0002,S02_Dynamic_seg0002,7,2,Lateral,1,124550,256255,131706,1260.0,42,43
S02_personal_fold01,2,1,0,1,"per class: test=i, validation=(i+1)%8, train=remaining 6 segment indices",test,data/limb/subject02/StaticP1/subject2_limb_EMG.mat,StaticP1,S02_StaticP1_seg0003,S02_StaticP1_seg0003,0,3,Pinch,2,30241,45360,15120,1260.0,42,43
S02_personal_fold01,2,1,0,1,"per class: test=i, validation=(i+1)%8, train=remaining 6 segment indices",validation,data/limb/subject02/StaticP2/subject2_limb_EMG.mat,StaticP2,S02_StaticP2_seg0003,S02_StaticP2_seg0003,1,3,Pinch,2,30241,45360,15120,1260.0,42,43
S02_personal_fold01,2,1,0,1,"per class: test=i, validation=(i+1)%8, train=remaining 6 segment indices",train,data/limb/subject02/StaticP3/subject2_limb_EMG.mat,StaticP3,S02_StaticP3_seg0003,S02_StaticP3_seg0003,2,3,Pinch,2,30241,45360,15120,1260.0,42,43
S02_personal_fold01,2,1,0,1,"per class: test=i, validation=(i+1)%8, train=remaining 6 segment indices",train,data/limb/subject02/StaticP4/subject2_limb_EMG.mat,StaticP4,S02_StaticP4_seg0003,S02_StaticP4_seg0003,3,3,Pinch,2,30241,45360,15120,1260.0,42,43
S02_personal_fold01,2,1,0,1,"per class: test=i, validation=(i+1)%8, train=remaining 6 segment indices",train,data/limb/subject02/StaticP9/subject2_limb_EMG.mat,StaticP9,S02_StaticP9_seg0003,S02_StaticP9_seg0003,4,3,Pinch,2,30241,45360,15120,1260.0,42,43
S02_personal_fold01,2,1,0,1,"per class: test=i, validation=(i+1)%8, train=remaining 6 segment indices",train,data/limb/subject02/StaticP10/subject2_limb_EMG.mat,StaticP10,S02_StaticP10_seg0003,S02_StaticP10_seg0003,5,3,Pinch,2,30241,45360,15120,1260.0,42,43
S02_personal_fold01,2,1,0,1,"per class: test=i, validation=(i+1)%8, train=remaining 6 segment indices",train,data/limb/subject02/StaticP14/subject2_limb_EMG.mat,StaticP14,S02_StaticP14_seg0003,S02_StaticP14_seg0003,6,3,Pinch,2,30241,45360,15120,1260.0,42,43
S02_personal_fold01,2,1,0,1,"per class: test=i, validation=(i+1)%8, train=remaining 6 segment indices",train,data/limb/subject02/Dynamic/subject2_limb_EMG.mat,Dynamic,S02_Dynamic_seg0003,S02_Dynamic_seg0003,7,3,Pinch,2,256256,347877,91622,1260.0,42,43
S02_personal_fold01,2,1,0,1,"per class: test=i, validation=(i+1)%8, train=remaining 6 segment indices",test,data/limb/subject02/StaticP1/subject2_limb_EMG.mat,StaticP1,S02_StaticP1_seg0004,S02_StaticP1_seg0004,0,4,Power,3,45361,60480,15120,1260.0,42,43
S02_personal_fold01,2,1,0,1,"per class: test=i, validation=(i+1)%8, train=remaining 6 segment indices",validation,data/limb/subject02/StaticP2/subject2_limb_EMG.mat,StaticP2,S02_StaticP2_seg0004,S02_StaticP2_seg0004,1,4,Power,3,45361,60480,15120,1260.0,42,43
S02_personal_fold01,2,1,0,1,"per class: test=i, validation=(i+1)%8, train=remaining 6 segment indices",train,data/limb/subject02/StaticP3/subject2_limb_EMG.mat,StaticP3,S02_StaticP3_seg0004,S02_StaticP3_seg0004,2,4,Power,3,45361,60480,15120,1260.0,42,43
S02_personal_fold01,2,1,0,1,"per class: test=i, validation=(i+1)%8, train=remaining 6 segment indices",train,data/limb/subject02/StaticP4/subject2_limb_EMG.mat,StaticP4,S02_StaticP4_seg0004,S02_StaticP4_seg0004,3,4,Power,3,45361,60480,15120,1260.0,42,43
S02_personal_fold01,2,1,0,1,"per class: test=i, validation=(i+1)%8, train=remaining 6 segment indices",train,data/limb/subject02/StaticP9/subject2_limb_EMG.mat,StaticP9,S02_StaticP9_seg0004,S02_StaticP9_seg0004,4,4,Power,3,45361,60480,15120,1260.0,42,43
S02_personal_fold01,2,1,0,1,"per class: test=i, validation=(i+1)%8, train=remaining 6 segment indices",train,data/limb/subject02/StaticP10/subject2_limb_EMG.mat,StaticP10,S02_StaticP10_seg0004,S02_StaticP10_seg0004,5,4,Power,3,45361,60480,15120,1260.0,42,43
S02_personal_fold01,2,1,0,1,"per class: test=i, validation=(i+1)%8, train=remaining 6 segment indices",train,data/limb/subject02/StaticP14/subject2_limb_EMG.mat,StaticP14,S02_StaticP14_seg0004,S02_StaticP14_seg0004,6,4,Power,3,45361,60480,15120,1260.0,42,43
S02_personal_fold01,2,1,0,1,"per class: test=i, validation=(i+1)%8, train=remaining 6 segment indices",train,data/limb/subject02/Dynamic/subject2_limb_EMG.mat,Dynamic,S02_Dynamic_seg0004,S02_Dynamic_seg0004,7,4,Power,3,347878,456699,108822,1260.0,42,43
S02_personal_fold01,2,1,0,1,"per class: test=i, validation=(i+1)%8, train=remaining 6 segment indices",test,data/limb/subject02/StaticP1/subject2_limb_EMG.mat,StaticP1,S02_StaticP1_seg0005,S02_StaticP1_seg0005,0,5,Rest,4,60481,75600,15120,1260.0,42,43
S02_personal_fold01,2,1,0,1,"per class: test=i, validation=(i+1)%8, train=remaining 6 segment indices",validation,data/limb/subject02/StaticP2/subject2_limb_EMG.mat,StaticP2,S02_StaticP2_seg0005,S02_StaticP2_seg0005,1,5,Rest,4,60481,75600,15120,1260.0,42,43
S02_personal_fold01,2,1,0,1,"per class: test=i, validation=(i+1)%8, train=remaining 6 segment indices",train,data/limb/subject02/StaticP3/subject2_limb_EMG.mat,StaticP3,S02_StaticP3_seg0005,S02_StaticP3_seg0005,2,5,Rest,4,60481,75600,15120,1260.0,42,43
S02_personal_fold01,2,1,0,1,"per class: test=i, validation=(i+1)%8, train=remaining 6 segment indices",train,data/limb/subject02/StaticP4/subject2_limb_EMG.mat,StaticP4,S02_StaticP4_seg0005,S02_StaticP4_seg0005,3,5,Rest,4,60481,75600,15120,1260.0,42,43
S02_personal_fold01,2,1,0,1,"per class: test=i, validation=(i+1)%8, train=remaining 6 segment indices",train,data/limb/subject02/StaticP9/subject2_limb_EMG.mat,StaticP9,S02_StaticP9_seg0005,S02_StaticP9_seg0005,4,5,Rest,4,60481,75600,15120,1260.0,42,43
S02_personal_fold01,2,1,0,1,"per class: test=i, validation=(i+1)%8, train=remaining 6 segment indices",train,data/limb/subject02/StaticP10/subject2_limb_EMG.mat,StaticP10,S02_StaticP10_seg0005,S02_StaticP10_seg0005,5,5,Rest,4,60481,75600,15120,1260.0,42,43
S02_personal_fold01,2,1,0,1,"per class: test=i, validation=(i+1)%8, train=remaining 6 segment indices",train,data/limb/subject02/StaticP14/subject2_limb_EMG.mat,StaticP14,S02_StaticP14_seg0005,S02_StaticP14_seg0005,6,5,Rest,4,60481,75600,15120,1260.0,42,43
S02_personal_fold01,2,1,0,1,"per class: test=i, validation=(i+1)%8, train=remaining 6 segment indices",train,data/limb/subject02/Dynamic/subject2_limb_EMG.mat,Dynamic,S02_Dynamic_seg0005,S02_Dynamic_seg0005,7,5,Rest,4,456700,664634,207935,1260.0,42,43
S02_personal_fold02,2,2,1,2,"per class: test=i, validation=(i+1)%8, train=remaining 6 segment indices",train,data/limb/subject02/StaticP1/subject2_limb_EMG.mat,StaticP1,S02_StaticP1_seg0001,S02_StaticP1_seg0001,0,1,HandOpen,0,1,15120,15120,1260.0,42,43
S02_personal_fold02,2,2,1,2,"per class: test=i, validation=(i+1)%8, train=remaining 6 segment indices",test,data/limb/subject02/StaticP2/subject2_limb_EMG.mat,StaticP2,S02_StaticP2_seg0001,S02_StaticP2_seg0001,1,1,HandOpen,0,1,15120,15120,1260.0,42,43
S02_personal_fold02,2,2,1,2,"per class: test=i, validation=(i+1)%8, train=remaining 6 segment indices",validation,data/limb/subject02/StaticP3/subject2_limb_EMG.mat,StaticP3,S02_StaticP3_seg0001,S02_StaticP3_seg0001,2,1,HandOpen,0,1,15120,15120,1260.0,42,43
S02_personal_fold02,2,2,1,2,"per class: test=i, validation=(i+1)%8, train=remaining 6 segment indices",train,data/limb/subject02/StaticP4/subject2_limb_EMG.mat,StaticP4,S02_StaticP4_seg0001,S02_StaticP4_seg0001,3,1,HandOpen,0,1,15120,15120,1260.0,42,43
S02_personal_fold02,2,2,1,2,"per class: test=i, validation=(i+1)%8, train=remaining 6 segment indices",train,data/limb/subject02/StaticP9/subject2_limb_EMG.mat,StaticP9,S02_StaticP9_seg0001,S02_StaticP9_seg0001,4,1,HandOpen,0,1,15120,15120,1260.0,42,43
S02_personal_fold02,2,2,1,2,"per class: test=i, validation=(i+1)%8, train=remaining 6 segment indices",train,data/limb/subject02/StaticP10/subject2_limb_EMG.mat,StaticP10,S02_StaticP10_seg0001,S02_StaticP10_seg0001,5,1,HandOpen,0,1,15120,15120,1260.0,42,43
S02_personal_fold02,2,2,1,2,"per class: test=i, validation=(i+1)%8, train=remaining 6 segment indices",train,data/limb/subject02/StaticP14/subject2_limb_EMG.mat,StaticP14,S02_StaticP14_seg0001,S02_StaticP14_seg0001,6,1,HandOpen,0,1,15120,15120,1260.0,42,43
S02_personal_fold02,2,2,1,2,"per class: test=i, validation=(i+1)%8, train=remaining 6 segment indices",train,data/limb/subject02/Dynamic/subject2_limb_EMG.mat,Dynamic,S02_Dynamic_seg0001,S02_Dynamic_seg0001,7,1,HandOpen,0,1,124549,124549,1260.0,42,43
S02_personal_fold02,2,2,1,2,"per class: test=i, validation=(i+1)%8, train=remaining 6 segment indices",train,data/limb/subject02/StaticP1/subject2_limb_EMG.mat,StaticP1,S02_StaticP1_seg0002,S02_StaticP1_seg0002,0,2,Lateral,1,15121,30240,15120,1260.0,42,43
S02_personal_fold02,2,2,1,2,"per class: test=i, validation=(i+1)%8, train=remaining 6 segment indices",test,data/limb/subject02/StaticP2/subject2_limb_EMG.mat,StaticP2,S02_StaticP2_seg0002,S02_StaticP2_seg0002,1,2,Lateral,1,15121,30240,15120,1260.0,42,43
S02_personal_fold02,2,2,1,2,"per class: test=i, validation=(i+1)%8, train=remaining 6 segment indices",validation,data/limb/subject02/StaticP3/subject2_limb_EMG.mat,StaticP3,S02_StaticP3_seg0002,S02_StaticP3_seg0002,2,2,Lateral,1,15121,30240,15120,1260.0,42,43
S02_personal_fold02,2,2,1,2,"per class: test=i, validation=(i+1)%8, train=remaining 6 segment indices",train,data/limb/subject02/StaticP4/subject2_limb_EMG.mat,StaticP4,S02_StaticP4_seg0002,S02_StaticP4_seg0002,3,2,Lateral,1,15121,30240,15120,1260.0,42,43
S02_personal_fold02,2,2,1,2,"per class: test=i, validation=(i+1)%8, train=remaining 6 segment indices",train,data/limb/subject02/StaticP9/subject2_limb_EMG.mat,StaticP9,S02_StaticP9_seg0002,S02_StaticP9_seg0002,4,2,Lateral,1,15121,30240,15120,1260.0,42,43
S02_personal_fold02,2,2,1,2,"per class: test=i, validation=(i+1)%8, train=remaining 6 segment indices",train,data/limb/subject02/StaticP10/subject2_limb_EMG.mat,StaticP10,S02_StaticP10_seg0002,S02_StaticP10_seg0002,5,2,Lateral,1,15121,30240,15120,1260.0,42,43
S02_personal_fold02,2,2,1,2,"per class: test=i, validation=(i+1)%8, train=remaining 6 segment indices",train,data/limb/subject02/StaticP14/subject2_limb_EMG.mat,StaticP14,S02_StaticP14_seg0002,S02_StaticP14_seg0002,6,2,Lateral,1,15121,30240,15120,1260.0,42,43
S02_personal_fold02,2,2,1,2,"per class: test=i, validation=(i+1)%8, train=remaining 6 segment indices",train,data/limb/subject02/Dynamic/subject2_limb_EMG.mat,Dynamic,S02_Dynamic_seg0002,S02_Dynamic_seg0002,7,2,Lateral,1,124550,256255,131706,1260.0,42,43
S02_personal_fold02,2,2,1,2,"per class: test=i, validation=(i+1)%8, train=remaining 6 segment indices",train,data/limb/subject02/StaticP1/subject2_limb_EMG.mat,StaticP1,S02_StaticP1_seg0003,S02_StaticP1_seg0003,0,3,Pinch,2,30241,45360,15120,1260.0,42,43
S02_personal_fold02,2,2,1,2,"per class: test=i, validation=(i+1)%8, train=remaining 6 segment indices",test,data/limb/subject02/StaticP2/subject2_limb_EMG.mat,StaticP2,S02_StaticP2_seg0003,S02_StaticP2_seg0003,1,3,Pinch,2,30241,45360,15120,1260.0,42,43
S02_personal_fold02,2,2,1,2,"per class: test=i, validation=(i+1)%8, train=remaining 6 segment indices",validation,data/limb/subject02/StaticP3/subject2_limb_EMG.mat,StaticP3,S02_StaticP3_seg0003,S02_StaticP3_seg0003,2,3,Pinch,2,30241,45360,15120,1260.0,42,43
S02_personal_fold02,2,2,1,2,"per class: test=i, validation=(i+1)%8, train=remaining 6 segment indices",train,data/limb/subject02/StaticP4/subject2_limb_EMG.mat,StaticP4,S02_StaticP4_seg0003,S02_StaticP4_seg0003,3,3,Pinch,2,30241,45360,15120,1260.0,42,43
S02_personal_fold02,2,2,1,2,"per class: test=i, validation=(i+1)%8, train=remaining 6 segment indices",train,data/limb/subject02/StaticP9/subject2_limb_EMG.mat,StaticP9,S02_StaticP9_seg0003,S02_StaticP9_seg0003,4,3,Pinch,2,30241,45360,15120,1260.0,42,43
S02_personal_fold02,2,2,1,2,"per class: test=i, validation=(i+1)%8, train=remaining 6 segment indices",train,data/limb/subject02/StaticP10/subject2_limb_EMG.mat,StaticP10,S02_StaticP10_seg0003,S02_StaticP10_seg0003,5,3,Pinch,2,30241,45360,15120,1260.0,42,43
S02_personal_fold02,2,2,1,2,"per class: test=i, validation=(i+1)%8, train=remaining 6 segment indices",train,data/limb/subject02/StaticP14/subject2_limb_EMG.mat,StaticP14,S02_StaticP14_seg0003,S02_StaticP14_seg0003,6,3,Pinch,2,30241,45360,15120,1260.0,42,43
S02_personal_fold02,2,2,1,2,"per class: test=i, validation=(i+1)%8, train=remaining 6 segment indices",train,data/limb/subject02/Dynamic/subject2_limb_EMG.mat,Dynamic,S02_Dynamic_seg0003,S02_Dynamic_seg0003,7,3,Pinch,2,256256,347877,91622,1260.0,42,43
S02_personal_fold02,2,2,1,2,"per class: test=i, validation=(i+1)%8, train=remaining 6 segment indices",train,data/limb/subject02/StaticP1/subject2_limb_EMG.mat,StaticP1,S02_StaticP1_seg0004,S02_StaticP1_seg0004,0,4,Power,3,45361,60480,15120,1260.0,42,43
S02_personal_fold02,2,2,1,2,"per class: test=i, validation=(i+1)%8, train=remaining 6 segment indices",test,data/limb/subject02/StaticP2/subject2_limb_EMG.mat,StaticP2,S02_StaticP2_seg0004,S02_StaticP2_seg0004,1,4,Power,3,45361,60480,15120,1260.0,42,43
S02_personal_fold02,2,2,1,2,"per class: test=i, validation=(i+1)%8, train=remaining 6 segment indices",validation,data/limb/subject02/StaticP3/subject2_limb_EMG.mat,StaticP3,S02_StaticP3_seg0004,S02_StaticP3_seg0004,2,4,Power,3,45361,60480,15120,1260.0,42,43
S02_personal_fold02,2,2,1,2,"per class: test=i, validation=(i+1)%8, train=remaining 6 segment indices",train,data/limb/subject02/StaticP4/subject2_limb_EMG.mat,StaticP4,S02_StaticP4_seg0004,S02_StaticP4_seg0004,3,4,Power,3,45361,60480,15120,1260.0,42,43
S02_personal_fold02,2,2,1,2,"per class: test=i, validation=(i+1)%8, train=remaining 6 segment indices",train,data/limb/subject02/StaticP9/subject2_limb_EMG.mat,StaticP9,S02_StaticP9_seg0004,S02_StaticP9_seg0004,4,4,Power,3,45361,60480,15120,1260.0,42,43
S02_personal_fold02,2,2,1,2,"per class: test=i, validation=(i+1)%8, train=remaining 6 segment indices",train,data/limb/subject02/StaticP10/subject2_limb_EMG.mat,StaticP10,S02_StaticP10_seg0004,S02_StaticP10_seg0004,5,4,Power,3,45361,60480,15120,1260.0,42,43
S02_personal_fold02,2,2,1,2,"per class: test=i, validation=(i+1)%8, train=remaining 6 segment indices",train,data/limb/subject02/StaticP14/subject2_limb_EMG.mat,StaticP14,S02_StaticP14_seg0004,S02_StaticP14_seg0004,6,4,Power,3,45361,60480,15120,1260.0,42,43
S02_personal_fold02,2,2,1,2,"per class: test=i, validation=(i+1)%8, train=remaining 6 segment indices",train,data/limb/subject02/Dynamic/subject2_limb_EMG.mat,Dynamic,S02_Dynamic_seg0004,S02_Dynamic_seg0004,7,4,Power,3,347878,456699,108822,1260.0,42,43
S02_personal_fold02,2,2,1,2,"per class: test=i, validation=(i+1)%8, train=remaining 6 segment indices",train,data/limb/subject02/StaticP1/subject2_limb_EMG.mat,StaticP1,S02_StaticP1_seg0005,S02_StaticP1_seg0005,0,5,Rest,4,60481,75600,15120,1260.0,42,43
S02_personal_fold02,2,2,1,2,"per class: test=i, validation=(i+1)%8, train=remaining 6 segment indices",test,data/limb/subject02/StaticP2/subject2_limb_EMG.mat,StaticP2,S02_StaticP2_seg0005,S02_StaticP2_seg0005,1,5,Rest,4,60481,75600,15120,1260.0,42,43
S02_personal_fold02,2,2,1,2,"per class: test=i, validation=(i+1)%8, train=remaining 6 segment indices",validation,data/limb/subject02/StaticP3/subject2_limb_EMG.mat,StaticP3,S02_StaticP3_seg0005,S02_StaticP3_seg0005,2,5,Rest,4,60481,75600,15120,1260.0,42,43
S02_personal_fold02,2,2,1,2,"per class: test=i, validation=(i+1)%8, train=remaining 6 segment indices",train,data/limb/subject02/StaticP4/subject2_limb_EMG.mat,StaticP4,S02_StaticP4_seg0005,S02_StaticP4_seg0005,3,5,Rest,4,60481,75600,15120,1260.0,42,43
S02_personal_fold02,2,2,1,2,"per class: test=i, validation=(i+1)%8, train=remaining 6 segment indices",train,data/limb/subject02/StaticP9/subject2_limb_EMG.mat,StaticP9,S02_StaticP9_seg0005,S02_StaticP9_seg0005,4,5,Rest,4,60481,75600,15120,1260.0,42,43
S02_personal_fold02,2,2,1,2,"per class: test=i, validation=(i+1)%8, train=remaining 6 segment indices",train,data/limb/subject02/StaticP10/subject2_limb_EMG.mat,StaticP10,S02_StaticP10_seg0005,S02_StaticP10_seg0005,5,5,Rest,4,60481,75600,15120,1260.0,42,43
S02_personal_fold02,2,2,1,2,"per class: test=i, validation=(i+1)%8, train=remaining 6 segment indices",train,data/limb/subject02/StaticP14/subject2_limb_EMG.mat,StaticP14,S02_StaticP14_seg0005,S02_StaticP14_seg0005,6,5,Rest,4,60481,75600,15120,1260.0,42,43
S02_personal_fold02,2,2,1,2,"per class: test=i, validation=(i+1)%8, train=remaining 6 segment indices",train,data/limb/subject02/Dynamic/subject2_limb_EMG.mat,Dynamic,S02_Dynamic_seg0005,S02_Dynamic_seg0005,7,5,Rest,4,456700,664634,207935,1260.0,42,43
S02_personal_fold03,2,3,2,3,"per class: test=i, validation=(i+1)%8, train=remaining 6 segment indices",train,data/limb/subject02/StaticP1/subject2_limb_EMG.mat,StaticP1,S02_StaticP1_seg0001,S02_StaticP1_seg0001,0,1,HandOpen,0,1,15120,15120,1260.0,42,43
S02_personal_fold03,2,3,2,3,"per class: test=i, validation=(i+1)%8, train=remaining 6 segment indices",train,data/limb/subject02/StaticP2/subject2_limb_EMG.mat,StaticP2,S02_StaticP2_seg0001,S02_StaticP2_seg0001,1,1,HandOpen,0,1,15120,15120,1260.0,42,43
S02_personal_fold03,2,3,2,3,"per class: test=i, validation=(i+1)%8, train=remaining 6 segment indices",test,data/limb/subject02/StaticP3/subject2_limb_EMG.mat,StaticP3,S02_StaticP3_seg0001,S02_StaticP3_seg0001,2,1,HandOpen,0,1,15120,15120,1260.0,42,43
S02_personal_fold03,2,3,2,3,"per class: test=i, validation=(i+1)%8, train=remaining 6 segment indices",validation,data/limb/subject02/StaticP4/subject2_limb_EMG.mat,StaticP4,S02_StaticP4_seg0001,S02_StaticP4_seg0001,3,1,HandOpen,0,1,15120,15120,1260.0,42,43
S02_personal_fold03,2,3,2,3,"per class: test=i, validation=(i+1)%8, train=remaining 6 segment indices",train,data/limb/subject02/StaticP9/subject2_limb_EMG.mat,StaticP9,S02_StaticP9_seg0001,S02_StaticP9_seg0001,4,1,HandOpen,0,1,15120,15120,1260.0,42,43
S02_personal_fold03,2,3,2,3,"per class: test=i, validation=(i+1)%8, train=remaining 6 segment indices",train,data/limb/subject02/StaticP10/subject2_limb_EMG.mat,StaticP10,S02_StaticP10_seg0001,S02_StaticP10_seg0001,5,1,HandOpen,0,1,15120,15120,1260.0,42,43
S02_personal_fold03,2,3,2,3,"per class: test=i, validation=(i+1)%8, train=remaining 6 segment indices",train,data/limb/subject02/StaticP14/subject2_limb_EMG.mat,StaticP14,S02_StaticP14_seg0001,S02_StaticP14_seg0001,6,1,HandOpen,0,1,15120,15120,1260.0,42,43
S02_personal_fold03,2,3,2,3,"per class: test=i, validation=(i+1)%8, train=remaining 6 segment indices",train,data/limb/subject02/Dynamic/subject2_limb_EMG.mat,Dynamic,S02_Dynamic_seg0001,S02_Dynamic_seg0001,7,1,HandOpen,0,1,124549,124549,1260.0,42,43
S02_personal_fold03,2,3,2,3,"per class: test=i, validation=(i+1)%8, train=remaining 6 segment indices",train,data/limb/subject02/StaticP1/subject2_limb_EMG.mat,StaticP1,S02_StaticP1_seg0002,S02_StaticP1_seg0002,0,2,Lateral,1,15121,30240,15120,1260.0,42,43
S02_personal_fold03,2,3,2,3,"per class: test=i, validation=(i+1)%8, train=remaining 6 segment indices",train,data/limb/subject02/StaticP2/subject2_limb_EMG.mat,StaticP2,S02_StaticP2_seg0002,S02_StaticP2_seg0002,1,2,Lateral,1,15121,30240,15120,1260.0,42,43
S02_personal_fold03,2,3,2,3,"per class: test=i, validation=(i+1)%8, train=remaining 6 segment indices",test,data/limb/subject02/StaticP3/subject2_limb_EMG.mat,StaticP3,S02_StaticP3_seg0002,S02_StaticP3_seg0002,2,2,Lateral,1,15121,30240,15120,1260.0,42,43
S02_personal_fold03,2,3,2,3,"per class: test=i, validation=(i+1)%8, train=remaining 6 segment indices",validation,data/limb/subject02/StaticP4/subject2_limb_EMG.mat,StaticP4,S02_StaticP4_seg0002,S02_StaticP4_seg0002,3,2,Lateral,1,15121,30240,15120,1260.0,42,43
S02_personal_fold03,2,3,2,3,"per class: test=i, validation=(i+1)%8, train=remaining 6 segment indices",train,data/limb/subject02/StaticP9/subject2_limb_EMG.mat,StaticP9,S02_StaticP9_seg0002,S02_StaticP9_seg0002,4,2,Lateral,1,15121,30240,15120,1260.0,42,43
S02_personal_fold03,2,3,2,3,"per class: test=i, validation=(i+1)%8, train=remaining 6 segment indices",train,data/limb/subject02/StaticP10/subject2_limb_EMG.mat,StaticP10,S02_StaticP10_seg0002,S02_StaticP10_seg0002,5,2,Lateral,1,15121,30240,15120,1260.0,42,43
S02_personal_fold03,2,3,2,3,"per class: test=i, validation=(i+1)%8, train=remaining 6 segment indices",train,data/limb/subject02/StaticP14/subject2_limb_EMG.mat,StaticP14,S02_StaticP14_seg0002,S02_StaticP14_seg0002,6,2,Lateral,1,15121,30240,15120,1260.0,42,43
S02_personal_fold03,2,3,2,3,"per class: test=i, validation=(i+1)%8, train=remaining 6 segment indices",train,data/limb/subject02/Dynamic/subject2_limb_EMG.mat,Dynamic,S02_Dynamic_seg0002,S02_Dynamic_seg0002,7,2,Lateral,1,124550,256255,131706,1260.0,42,43
S02_personal_fold03,2,3,2,3,"per class: test=i, validation=(i+1)%8, train=remaining 6 segment indices",train,data/limb/subject02/StaticP1/subject2_limb_EMG.mat,StaticP1,S02_StaticP1_seg0003,S02_StaticP1_seg0003,0,3,Pinch,2,30241,45360,15120,1260.0,42,43
S02_personal_fold03,2,3,2,3,"per class: test=i, validation=(i+1)%8, train=remaining 6 segment indices",train,data/limb/subject02/StaticP2/subject2_limb_EMG.mat,StaticP2,S02_StaticP2_seg0003,S02_StaticP2_seg0003,1,3,Pinch,2,30241,45360,15120,1260.0,42,43
S02_personal_fold03,2,3,2,3,"per class: test=i, validation=(i+1)%8, train=remaining 6 segment indices",test,data/limb/subject02/StaticP3/subject2_limb_EMG.mat,StaticP3,S02_StaticP3_seg0003,S02_StaticP3_seg0003,2,3,Pinch,2,30241,45360,15120,1260.0,42,43
S02_personal_fold03,2,3,2,3,"per class: test=i, validation=(i+1)%8, train=remaining 6 segment indices",validation,data/limb/subject02/StaticP4/subject2_limb_EMG.mat,StaticP4,S02_StaticP4_seg0003,S02_StaticP4_seg0003,3,3,Pinch,2,30241,45360,15120,1260.0,42,43
S02_personal_fold03,2,3,2,3,"per class: test=i, validation=(i+1)%8, train=remaining 6 segment indices",train,data/limb/subject02/StaticP9/subject2_limb_EMG.mat,StaticP9,S02_StaticP9_seg0003,S02_StaticP9_seg0003,4,3,Pinch,2,30241,45360,15120,1260.0,42,43
S02_personal_fold03,2,3,2,3,"per class: test=i, validation=(i+1)%8, train=remaining 6 segment indices",train,data/limb/subject02/StaticP10/subject2_limb_EMG.mat,StaticP10,S02_StaticP10_seg0003,S02_StaticP10_seg0003,5,3,Pinch,2,30241,45360,15120,1260.0,42,43
S02_personal_fold03,2,3,2,3,"per class: test=i, validation=(i+1)%8, train=remaining 6 segment indices",train,data/limb/subject02/StaticP14/subject2_limb_EMG.mat,StaticP14,S02_StaticP14_seg0003,S02_StaticP14_seg0003,6,3,Pinch,2,30241,45360,15120,1260.0,42,43
S02_personal_fold03,2,3,2,3,"per class: test=i, validation=(i+1)%8, train=remaining 6 segment indices",train,data/limb/subject02/Dynamic/subject2_limb_EMG.mat,Dynamic,S02_Dynamic_seg0003,S02_Dynamic_seg0003,7,3,Pinch,2,256256,347877,91622,1260.0,42,43
S02_personal_fold03,2,3,2,3,"per class: test=i, validation=(i+1)%8, train=remaining 6 segment indices",train,data/limb/subject02/StaticP1/subject2_limb_EMG.mat,StaticP1,S02_StaticP1_seg0004,S02_StaticP1_seg0004,0,4,Power,3,45361,60480,15120,1260.0,42,43
S02_personal_fold03,2,3,2,3,"per class: test=i, validation=(i+1)%8, train=remaining 6 segment indices",train,data/limb/subject02/StaticP2/subject2_limb_EMG.mat,StaticP2,S02_StaticP2_seg0004,S02_StaticP2_seg0004,1,4,Power,3,45361,60480,15120,1260.0,42,43
S02_personal_fold03,2,3,2,3,"per class: test=i, validation=(i+1)%8, train=remaining 6 segment indices",test,data/limb/subject02/StaticP3/subject2_limb_EMG.mat,StaticP3,S02_StaticP3_seg0004,S02_StaticP3_seg0004,2,4,Power,3,45361,60480,15120,1260.0,42,43
S02_personal_fold03,2,3,2,3,"per class: test=i, validation=(i+1)%8, train=remaining 6 segment indices",validation,data/limb/subject02/StaticP4/subject2_limb_EMG.mat,StaticP4,S02_StaticP4_seg0004,S02_StaticP4_seg0004,3,4,Power,3,45361,60480,15120,1260.0,42,43
S02_personal_fold03,2,3,2,3,"per class: test=i, validation=(i+1)%8, train=remaining 6 segment indices",train,data/limb/subject02/StaticP9/subject2_limb_EMG.mat,StaticP9,S02_StaticP9_seg0004,S02_StaticP9_seg0004,4,4,Power,3,45361,60480,15120,1260.0,42,43
S02_personal_fold03,2,3,2,3,"per class: test=i, validation=(i+1)%8, train=remaining 6 segment indices",train,data/limb/subject02/StaticP10/subject2_limb_EMG.mat,StaticP10,S02_StaticP10_seg0004,S02_StaticP10_seg0004,5,4,Power,3,45361,60480,15120,1260.0,42,43
S02_personal_fold03,2,3,2,3,"per class: test=i, validation=(i+1)%8, train=remaining 6 segment indices",train,data/limb/subject02/StaticP14/subject2_limb_EMG.mat,StaticP14,S02_StaticP14_seg0004,S02_StaticP14_seg0004,6,4,Power,3,45361,60480,15120,1260.0,42,43
S02_personal_fold03,2,3,2,3,"per class: test=i, validation=(i+1)%8, train=remaining 6 segment indices",train,data/limb/subject02/Dynamic/subject2_limb_EMG.mat,Dynamic,S02_Dynamic_seg0004,S02_Dynamic_seg0004,7,4,Power,3,347878,456699,108822,1260.0,42,43
S02_personal_fold03,2,3,2,3,"per class: test=i, validation=(i+1)%8, train=remaining 6 segment indices",train,data/limb/subject02/StaticP1/subject2_limb_EMG.mat,StaticP1,S02_StaticP1_seg0005,S02_StaticP1_seg0005,0,5,Rest,4,60481,75600,15120,1260.0,42,43
S02_personal_fold03,2,3,2,3,"per class: test=i, validation=(i+1)%8, train=remaining 6 segment indices",train,data/limb/subject02/StaticP2/subject2_limb_EMG.mat,StaticP2,S02_StaticP2_seg0005,S02_StaticP2_seg0005,1,5,Rest,4,60481,75600,15120,1260.0,42,43
S02_personal_fold03,2,3,2,3,"per class: test=i, validation=(i+1)%8, train=remaining 6 segment indices",test,data/limb/subject02/StaticP3/subject2_limb_EMG.mat,StaticP3,S02_StaticP3_seg0005,S02_StaticP3_seg0005,2,5,Rest,4,60481,75600,15120,1260.0,42,43
S02_personal_fold03,2,3,2,3,"per class: test=i, validation=(i+1)%8, train=remaining 6 segment indices",validation,data/limb/subject02/StaticP4/subject2_limb_EMG.mat,StaticP4,S02_StaticP4_seg0005,S02_StaticP4_seg0005,3,5,Rest,4,60481,75600,15120,1260.0,42,43
S02_personal_fold03,2,3,2,3,"per class: test=i, validation=(i+1)%8, train=remaining 6 segment indices",train,data/limb/subject02/StaticP9/subject2_limb_EMG.mat,StaticP9,S02_StaticP9_seg0005,S02_StaticP9_seg0005,4,5,Rest,4,60481,75600,15120,1260.0,42,43
S02_personal_fold03,2,3,2,3,"per class: test=i, validation=(i+1)%8, train=remaining 6 segment indices",train,data/limb/subject02/StaticP10/subject2_limb_EMG.mat,StaticP10,S02_StaticP10_seg0005,S02_StaticP10_seg0005,5,5,Rest,4,60481,75600,15120,1260.0,42,43
S02_personal_fold03,2,3,2,3,"per class: test=i, validation=(i+1)%8, train=remaining 6 segment indices",train,data/limb/subject02/StaticP14/subject2_limb_EMG.mat,StaticP14,S02_StaticP14_seg0005,S02_StaticP14_seg0005,6,5,Rest,4,60481,75600,15120,1260.0,42,43
S02_personal_fold03,2,3,2,3,"per class: test=i, validation=(i+1)%8, train=remaining 6 segment indices",train,data/limb/subject02/Dynamic/subject2_limb_EMG.mat,Dynamic,S02_Dynamic_seg0005,S02_Dynamic_seg0005,7,5,Rest,4,456700,664634,207935,1260.0,42,43
S02_personal_fold04,2,4,3,4,"per class: test=i, validation=(i+1)%8, train=remaining 6 segment indices",train,data/limb/subject02/StaticP1/subject2_limb_EMG.mat,StaticP1,S02_StaticP1_seg0001,S02_StaticP1_seg0001,0,1,HandOpen,0,1,15120,15120,1260.0,42,43
S02_personal_fold04,2,4,3,4,"per class: test=i, validation=(i+1)%8, train=remaining 6 segment indices",train,data/limb/subject02/StaticP2/subject2_limb_EMG.mat,StaticP2,S02_StaticP2_seg0001,S02_StaticP2_seg0001,1,1,HandOpen,0,1,15120,15120,1260.0,42,43
S02_personal_fold04,2,4,3,4,"per class: test=i, validation=(i+1)%8, train=remaining 6 segment indices",train,data/limb/subject02/StaticP3/subject2_limb_EMG.mat,StaticP3,S02_StaticP3_seg0001,S02_StaticP3_seg0001,2,1,HandOpen,0,1,15120,15120,1260.0,42,43
S02_personal_fold04,2,4,3,4,"per class: test=i, validation=(i+1)%8, train=remaining 6 segment indices",test,data/limb/subject02/StaticP4/subject2_limb_EMG.mat,StaticP4,S02_StaticP4_seg0001,S02_StaticP4_seg0001,3,1,HandOpen,0,1,15120,15120,1260.0,42,43
S02_personal_fold04,2,4,3,4,"per class: test=i, validation=(i+1)%8, train=remaining 6 segment indices",validation,data/limb/subject02/StaticP9/subject2_limb_EMG.mat,StaticP9,S02_StaticP9_seg0001,S02_StaticP9_seg0001,4,1,HandOpen,0,1,15120,15120,1260.0,42,43
S02_personal_fold04,2,4,3,4,"per class: test=i, validation=(i+1)%8, train=remaining 6 segment indices",train,data/limb/subject02/StaticP10/subject2_limb_EMG.mat,StaticP10,S02_StaticP10_seg0001,S02_StaticP10_seg0001,5,1,HandOpen,0,1,15120,15120,1260.0,42,43
S02_personal_fold04,2,4,3,4,"per class: test=i, validation=(i+1)%8, train=remaining 6 segment indices",train,data/limb/subject02/StaticP14/subject2_limb_EMG.mat,StaticP14,S02_StaticP14_seg0001,S02_StaticP14_seg0001,6,1,HandOpen,0,1,15120,15120,1260.0,42,43
S02_personal_fold04,2,4,3,4,"per class: test=i, validation=(i+1)%8, train=remaining 6 segment indices",train,data/limb/subject02/Dynamic/subject2_limb_EMG.mat,Dynamic,S02_Dynamic_seg0001,S02_Dynamic_seg0001,7,1,HandOpen,0,1,124549,124549,1260.0,42,43
S02_personal_fold04,2,4,3,4,"per class: test=i, validation=(i+1)%8, train=remaining 6 segment indices",train,data/limb/subject02/StaticP1/subject2_limb_EMG.mat,StaticP1,S02_StaticP1_seg0002,S02_StaticP1_seg0002,0,2,Lateral,1,15121,30240,15120,1260.0,42,43
S02_personal_fold04,2,4,3,4,"per class: test=i, validation=(i+1)%8, train=remaining 6 segment indices",train,data/limb/subject02/StaticP2/subject2_limb_EMG.mat,StaticP2,S02_StaticP2_seg0002,S02_StaticP2_seg0002,1,2,Lateral,1,15121,30240,15120,1260.0,42,43
S02_personal_fold04,2,4,3,4,"per class: test=i, validation=(i+1)%8, train=remaining 6 segment indices",train,data/limb/subject02/StaticP3/subject2_limb_EMG.mat,StaticP3,S02_StaticP3_seg0002,S02_StaticP3_seg0002,2,2,Lateral,1,15121,30240,15120,1260.0,42,43
S02_personal_fold04,2,4,3,4,"per class: test=i, validation=(i+1)%8, train=remaining 6 segment indices",test,data/limb/subject02/StaticP4/subject2_limb_EMG.mat,StaticP4,S02_StaticP4_seg0002,S02_StaticP4_seg0002,3,2,Lateral,1,15121,30240,15120,1260.0,42,43
S02_personal_fold04,2,4,3,4,"per class: test=i, validation=(i+1)%8, train=remaining 6 segment indices",validation,data/limb/subject02/StaticP9/subject2_limb_EMG.mat,StaticP9,S02_StaticP9_seg0002,S02_StaticP9_seg0002,4,2,Lateral,1,15121,30240,15120,1260.0,42,43
S02_personal_fold04,2,4,3,4,"per class: test=i, validation=(i+1)%8, train=remaining 6 segment indices",train,data/limb/subject02/StaticP10/subject2_limb_EMG.mat,StaticP10,S02_StaticP10_seg0002,S02_StaticP10_seg0002,5,2,Lateral,1,15121,30240,15120,1260.0,42,43
S02_personal_fold04,2,4,3,4,"per class: test=i, validation=(i+1)%8, train=remaining 6 segment indices",train,data/limb/subject02/StaticP14/subject2_limb_EMG.mat,StaticP14,S02_StaticP14_seg0002,S02_StaticP14_seg0002,6,2,Lateral,1,15121,30240,15120,1260.0,42,43
S02_personal_fold04,2,4,3,4,"per class: test=i, validation=(i+1)%8, train=remaining 6 segment indices",train,data/limb/subject02/Dynamic/subject2_limb_EMG.mat,Dynamic,S02_Dynamic_seg0002,S02_Dynamic_seg0002,7,2,Lateral,1,124550,256255,131706,1260.0,42,43
S02_personal_fold04,2,4,3,4,"per class: test=i, validation=(i+1)%8, train=remaining 6 segment indices",train,data/limb/subject02/StaticP1/subject2_limb_EMG.mat,StaticP1,S02_StaticP1_seg0003,S02_StaticP1_seg0003,0,3,Pinch,2,30241,45360,15120,1260.0,42,43
S02_personal_fold04,2,4,3,4,"per class: test=i, validation=(i+1)%8, train=remaining 6 segment indices",train,data/limb/subject02/StaticP2/subject2_limb_EMG.mat,StaticP2,S02_StaticP2_seg0003,S02_StaticP2_seg0003,1,3,Pinch,2,30241,45360,15120,1260.0,42,43
S02_personal_fold04,2,4,3,4,"per class: test=i, validation=(i+1)%8, train=remaining 6 segment indices",train,data/limb/subject02/StaticP3/subject2_limb_EMG.mat,StaticP3,S02_StaticP3_seg0003,S02_StaticP3_seg0003,2,3,Pinch,2,30241,45360,15120,1260.0,42,43
S02_personal_fold04,2,4,3,4,"per class: test=i, validation=(i+1)%8, train=remaining 6 segment indices",test,data/limb/subject02/StaticP4/subject2_limb_EMG.mat,StaticP4,S02_StaticP4_seg0003,S02_StaticP4_seg0003,3,3,Pinch,2,30241,45360,15120,1260.0,42,43
S02_personal_fold04,2,4,3,4,"per class: test=i, validation=(i+1)%8, train=remaining 6 segment indices",validation,data/limb/subject02/StaticP9/subject2_limb_EMG.mat,StaticP9,S02_StaticP9_seg0003,S02_StaticP9_seg0003,4,3,Pinch,2,30241,45360,15120,1260.0,42,43
S02_personal_fold04,2,4,3,4,"per class: test=i, validation=(i+1)%8, train=remaining 6 segment indices",train,data/limb/subject02/StaticP10/subject2_limb_EMG.mat,StaticP10,S02_StaticP10_seg0003,S02_StaticP10_seg0003,5,3,Pinch,2,30241,45360,15120,1260.0,42,43
S02_personal_fold04,2,4,3,4,"per class: test=i, validation=(i+1)%8, train=remaining 6 segment indices",train,data/limb/subject02/StaticP14/subject2_limb_EMG.mat,StaticP14,S02_StaticP14_seg0003,S02_StaticP14_seg0003,6,3,Pinch,2,30241,45360,15120,1260.0,42,43
S02_personal_fold04,2,4,3,4,"per class: test=i, validation=(i+1)%8, train=remaining 6 segment indices",train,data/limb/subject02/Dynamic/subject2_limb_EMG.mat,Dynamic,S02_Dynamic_seg0003,S02_Dynamic_seg0003,7,3,Pinch,2,256256,347877,91622,1260.0,42,43
S02_personal_fold04,2,4,3,4,"per class: test=i, validation=(i+1)%8, train=remaining 6 segment indices",train,data/limb/subject02/StaticP1/subject2_limb_EMG.mat,StaticP1,S02_StaticP1_seg0004,S02_StaticP1_seg0004,0,4,Power,3,45361,60480,15120,1260.0,42,43
S02_personal_fold04,2,4,3,4,"per class: test=i, validation=(i+1)%8, train=remaining 6 segment indices",train,data/limb/subject02/StaticP2/subject2_limb_EMG.mat,StaticP2,S02_StaticP2_seg0004,S02_StaticP2_seg0004,1,4,Power,3,45361,60480,15120,1260.0,42,43
S02_personal_fold04,2,4,3,4,"per class: test=i, validation=(i+1)%8, train=remaining 6 segment indices",train,data/limb/subject02/StaticP3/subject2_limb_EMG.mat,StaticP3,S02_StaticP3_seg0004,S02_StaticP3_seg0004,2,4,Power,3,45361,60480,15120,1260.0,42,43
S02_personal_fold04,2,4,3,4,"per class: test=i, validation=(i+1)%8, train=remaining 6 segment indices",test,data/limb/subject02/StaticP4/subject2_limb_EMG.mat,StaticP4,S02_StaticP4_seg0004,S02_StaticP4_seg0004,3,4,Power,3,45361,60480,15120,1260.0,42,43
S02_personal_fold04,2,4,3,4,"per class: test=i, validation=(i+1)%8, train=remaining 6 segment indices",validation,data/limb/subject02/StaticP9/subject2_limb_EMG.mat,StaticP9,S02_StaticP9_seg0004,S02_StaticP9_seg0004,4,4,Power,3,45361,60480,15120,1260.0,42,43
S02_personal_fold04,2,4,3,4,"per class: test=i, validation=(i+1)%8, train=remaining 6 segment indices",train,data/limb/subject02/StaticP10/subject2_limb_EMG.mat,StaticP10,S02_StaticP10_seg0004,S02_StaticP10_seg0004,5,4,Power,3,45361,60480,15120,1260.0,42,43
S02_personal_fold04,2,4,3,4,"per class: test=i, validation=(i+1)%8, train=remaining 6 segment indices",train,data/limb/subject02/StaticP14/subject2_limb_EMG.mat,StaticP14,S02_StaticP14_seg0004,S02_StaticP14_seg0004,6,4,Power,3,45361,60480,15120,1260.0,42,43
S02_personal_fold04,2,4,3,4,"per class: test=i, validation=(i+1)%8, train=remaining 6 segment indices",train,data/limb/subject02/Dynamic/subject2_limb_EMG.mat,Dynamic,S02_Dynamic_seg0004,S02_Dynamic_seg0004,7,4,Power,3,347878,456699,108822,1260.0,42,43
S02_personal_fold04,2,4,3,4,"per class: test=i, validation=(i+1)%8, train=remaining 6 segment indices",train,data/limb/subject02/StaticP1/subject2_limb_EMG.mat,StaticP1,S02_StaticP1_seg0005,S02_StaticP1_seg0005,0,5,Rest,4,60481,75600,15120,1260.0,42,43
S02_personal_fold04,2,4,3,4,"per class: test=i, validation=(i+1)%8, train=remaining 6 segment indices",train,data/limb/subject02/StaticP2/subject2_limb_EMG.mat,StaticP2,S02_StaticP2_seg0005,S02_StaticP2_seg0005,1,5,Rest,4,60481,75600,15120,1260.0,42,43
S02_personal_fold04,2,4,3,4,"per class: test=i, validation=(i+1)%8, train=remaining 6 segment indices",train,data/limb/subject02/StaticP3/subject2_limb_EMG.mat,StaticP3,S02_StaticP3_seg0005,S02_StaticP3_seg0005,2,5,Rest,4,60481,75600,15120,1260.0,42,43
S02_personal_fold04,2,4,3,4,"per class: test=i, validation=(i+1)%8, train=remaining 6 segment indices",test,data/limb/subject02/StaticP4/subject2_limb_EMG.mat,StaticP4,S02_StaticP4_seg0005,S02_StaticP4_seg0005,3,5,Rest,4,60481,75600,15120,1260.0,42,43
S02_personal_fold04,2,4,3,4,"per class: test=i, validation=(i+1)%8, train=remaining 6 segment indices",validation,data/limb/subject02/StaticP9/subject2_limb_EMG.mat,StaticP9,S02_StaticP9_seg0005,S02_StaticP9_seg0005,4,5,Rest,4,60481,75600,15120,1260.0,42,43
S02_personal_fold04,2,4,3,4,"per class: test=i, validation=(i+1)%8, train=remaining 6 segment indices",train,data/limb/subject02/StaticP10/subject2_limb_EMG.mat,StaticP10,S02_StaticP10_seg0005,S02_StaticP10_seg0005,5,5,Rest,4,60481,75600,15120,1260.0,42,43
S02_personal_fold04,2,4,3,4,"per class: test=i, validation=(i+1)%8, train=remaining 6 segment indices",train,data/limb/subject02/StaticP14/subject2_limb_EMG.mat,StaticP14,S02_StaticP14_seg0005,S02_StaticP14_seg0005,6,5,Rest,4,60481,75600,15120,1260.0,42,43
S02_personal_fold04,2,4,3,4,"per class: test=i, validation=(i+1)%8, train=remaining 6 segment indices",train,data/limb/subject02/Dynamic/subject2_limb_EMG.mat,Dynamic,S02_Dynamic_seg0005,S02_Dynamic_seg0005,7,5,Rest,4,456700,664634,207935,1260.0,42,43
S02_personal_fold05,2,5,4,5,"per class: test=i, validation=(i+1)%8, train=remaining 6 segment indices",train,data/limb/subject02/StaticP1/subject2_limb_EMG.mat,StaticP1,S02_StaticP1_seg0001,S02_StaticP1_seg0001,0,1,HandOpen,0,1,15120,15120,1260.0,42,43
S02_personal_fold05,2,5,4,5,"per class: test=i, validation=(i+1)%8, train=remaining 6 segment indices",train,data/limb/subject02/StaticP2/subject2_limb_EMG.mat,StaticP2,S02_StaticP2_seg0001,S02_StaticP2_seg0001,1,1,HandOpen,0,1,15120,15120,1260.0,42,43
S02_personal_fold05,2,5,4,5,"per class: test=i, validation=(i+1)%8, train=remaining 6 segment indices",train,data/limb/subject02/StaticP3/subject2_limb_EMG.mat,StaticP3,S02_StaticP3_seg0001,S02_StaticP3_seg0001,2,1,HandOpen,0,1,15120,15120,1260.0,42,43
S02_personal_fold05,2,5,4,5,"per class: test=i, validation=(i+1)%8, train=remaining 6 segment indices",train,data/limb/subject02/StaticP4/subject2_limb_EMG.mat,StaticP4,S02_StaticP4_seg0001,S02_StaticP4_seg0001,3,1,HandOpen,0,1,15120,15120,1260.0,42,43
S02_personal_fold05,2,5,4,5,"per class: test=i, validation=(i+1)%8, train=remaining 6 segment indices",test,data/limb/subject02/StaticP9/subject2_limb_EMG.mat,StaticP9,S02_StaticP9_seg0001,S02_StaticP9_seg0001,4,1,HandOpen,0,1,15120,15120,1260.0,42,43
S02_personal_fold05,2,5,4,5,"per class: test=i, validation=(i+1)%8, train=remaining 6 segment indices",validation,data/limb/subject02/StaticP10/subject2_limb_EMG.mat,StaticP10,S02_StaticP10_seg0001,S02_StaticP10_seg0001,5,1,HandOpen,0,1,15120,15120,1260.0,42,43
S02_personal_fold05,2,5,4,5,"per class: test=i, validation=(i+1)%8, train=remaining 6 segment indices",train,data/limb/subject02/StaticP14/subject2_limb_EMG.mat,StaticP14,S02_StaticP14_seg0001,S02_StaticP14_seg0001,6,1,HandOpen,0,1,15120,15120,1260.0,42,43
S02_personal_fold05,2,5,4,5,"per class: test=i, validation=(i+1)%8, train=remaining 6 segment indices",train,data/limb/subject02/Dynamic/subject2_limb_EMG.mat,Dynamic,S02_Dynamic_seg0001,S02_Dynamic_seg0001,7,1,HandOpen,0,1,124549,124549,1260.0,42,43
S02_personal_fold05,2,5,4,5,"per class: test=i, validation=(i+1)%8, train=remaining 6 segment indices",train,data/limb/subject02/StaticP1/subject2_limb_EMG.mat,StaticP1,S02_StaticP1_seg0002,S02_StaticP1_seg0002,0,2,Lateral,1,15121,30240,15120,1260.0,42,43
S02_personal_fold05,2,5,4,5,"per class: test=i, validation=(i+1)%8, train=remaining 6 segment indices",train,data/limb/subject02/StaticP2/subject2_limb_EMG.mat,StaticP2,S02_StaticP2_seg0002,S02_StaticP2_seg0002,1,2,Lateral,1,15121,30240,15120,1260.0,42,43
S02_personal_fold05,2,5,4,5,"per class: test=i, validation=(i+1)%8, train=remaining 6 segment indices",train,data/limb/subject02/StaticP3/subject2_limb_EMG.mat,StaticP3,S02_StaticP3_seg0002,S02_StaticP3_seg0002,2,2,Lateral,1,15121,30240,15120,1260.0,42,43
S02_personal_fold05,2,5,4,5,"per class: test=i, validation=(i+1)%8, train=remaining 6 segment indices",train,data/limb/subject02/StaticP4/subject2_limb_EMG.mat,StaticP4,S02_StaticP4_seg0002,S02_StaticP4_seg0002,3,2,Lateral,1,15121,30240,15120,1260.0,42,43
S02_personal_fold05,2,5,4,5,"per class: test=i, validation=(i+1)%8, train=remaining 6 segment indices",test,data/limb/subject02/StaticP9/subject2_limb_EMG.mat,StaticP9,S02_StaticP9_seg0002,S02_StaticP9_seg0002,4,2,Lateral,1,15121,30240,15120,1260.0,42,43
S02_personal_fold05,2,5,4,5,"per class: test=i, validation=(i+1)%8, train=remaining 6 segment indices",validation,data/limb/subject02/StaticP10/subject2_limb_EMG.mat,StaticP10,S02_StaticP10_seg0002,S02_StaticP10_seg0002,5,2,Lateral,1,15121,30240,15120,1260.0,42,43
S02_personal_fold05,2,5,4,5,"per class: test=i, validation=(i+1)%8, train=remaining 6 segment indices",train,data/limb/subject02/StaticP14/subject2_limb_EMG.mat,StaticP14,S02_StaticP14_seg0002,S02_StaticP14_seg0002,6,2,Lateral,1,15121,30240,15120,1260.0,42,43
S02_personal_fold05,2,5,4,5,"per class: test=i, validation=(i+1)%8, train=remaining 6 segment indices",train,data/limb/subject02/Dynamic/subject2_limb_EMG.mat,Dynamic,S02_Dynamic_seg0002,S02_Dynamic_seg0002,7,2,Lateral,1,124550,256255,131706,1260.0,42,43
S02_personal_fold05,2,5,4,5,"per class: test=i, validation=(i+1)%8, train=remaining 6 segment indices",train,data/limb/subject02/StaticP1/subject2_limb_EMG.mat,StaticP1,S02_StaticP1_seg0003,S02_StaticP1_seg0003,0,3,Pinch,2,30241,45360,15120,1260.0,42,43
S02_personal_fold05,2,5,4,5,"per class: test=i, validation=(i+1)%8, train=remaining 6 segment indices",train,data/limb/subject02/StaticP2/subject2_limb_EMG.mat,StaticP2,S02_StaticP2_seg0003,S02_StaticP2_seg0003,1,3,Pinch,2,30241,45360,15120,1260.0,42,43
S02_personal_fold05,2,5,4,5,"per class: test=i, validation=(i+1)%8, train=remaining 6 segment indices",train,data/limb/subject02/StaticP3/subject2_limb_EMG.mat,StaticP3,S02_StaticP3_seg0003,S02_StaticP3_seg0003,2,3,Pinch,2,30241,45360,15120,1260.0,42,43
S02_personal_fold05,2,5,4,5,"per class: test=i, validation=(i+1)%8, train=remaining 6 segment indices",train,data/limb/subject02/StaticP4/subject2_limb_EMG.mat,StaticP4,S02_StaticP4_seg0003,S02_StaticP4_seg0003,3,3,Pinch,2,30241,45360,15120,1260.0,42,43
S02_personal_fold05,2,5,4,5,"per class: test=i, validation=(i+1)%8, train=remaining 6 segment indices",test,data/limb/subject02/StaticP9/subject2_limb_EMG.mat,StaticP9,S02_StaticP9_seg0003,S02_StaticP9_seg0003,4,3,Pinch,2,30241,45360,15120,1260.0,42,43
S02_personal_fold05,2,5,4,5,"per class: test=i, validation=(i+1)%8, train=remaining 6 segment indices",validation,data/limb/subject02/StaticP10/subject2_limb_EMG.mat,StaticP10,S02_StaticP10_seg0003,S02_StaticP10_seg0003,5,3,Pinch,2,30241,45360,15120,1260.0,42,43
S02_personal_fold05,2,5,4,5,"per class: test=i, validation=(i+1)%8, train=remaining 6 segment indices",train,data/limb/subject02/StaticP14/subject2_limb_EMG.mat,StaticP14,S02_StaticP14_seg0003,S02_StaticP14_seg0003,6,3,Pinch,2,30241,45360,15120,1260.0,42,43
S02_personal_fold05,2,5,4,5,"per class: test=i, validation=(i+1)%8, train=remaining 6 segment indices",train,data/limb/subject02/Dynamic/subject2_limb_EMG.mat,Dynamic,S02_Dynamic_seg0003,S02_Dynamic_seg0003,7,3,Pinch,2,256256,347877,91622,1260.0,42,43
S02_personal_fold05,2,5,4,5,"per class: test=i, validation=(i+1)%8, train=remaining 6 segment indices",train,data/limb/subject02/StaticP1/subject2_limb_EMG.mat,StaticP1,S02_StaticP1_seg0004,S02_StaticP1_seg0004,0,4,Power,3,45361,60480,15120,1260.0,42,43
S02_personal_fold05,2,5,4,5,"per class: test=i, validation=(i+1)%8, train=remaining 6 segment indices",train,data/limb/subject02/StaticP2/subject2_limb_EMG.mat,StaticP2,S02_StaticP2_seg0004,S02_StaticP2_seg0004,1,4,Power,3,45361,60480,15120,1260.0,42,43
S02_personal_fold05,2,5,4,5,"per class: test=i, validation=(i+1)%8, train=remaining 6 segment indices",train,data/limb/subject02/StaticP3/subject2_limb_EMG.mat,StaticP3,S02_StaticP3_seg0004,S02_StaticP3_seg0004,2,4,Power,3,45361,60480,15120,1260.0,42,43
S02_personal_fold05,2,5,4,5,"per class: test=i, validation=(i+1)%8, train=remaining 6 segment indices",train,data/limb/subject02/StaticP4/subject2_limb_EMG.mat,StaticP4,S02_StaticP4_seg0004,S02_StaticP4_seg0004,3,4,Power,3,45361,60480,15120,1260.0,42,43
S02_personal_fold05,2,5,4,5,"per class: test=i, validation=(i+1)%8, train=remaining 6 segment indices",test,data/limb/subject02/StaticP9/subject2_limb_EMG.mat,StaticP9,S02_StaticP9_seg0004,S02_StaticP9_seg0004,4,4,Power,3,45361,60480,15120,1260.0,42,43
S02_personal_fold05,2,5,4,5,"per class: test=i, validation=(i+1)%8, train=remaining 6 segment indices",validation,data/limb/subject02/StaticP10/subject2_limb_EMG.mat,StaticP10,S02_StaticP10_seg0004,S02_StaticP10_seg0004,5,4,Power,3,45361,60480,15120,1260.0,42,43
S02_personal_fold05,2,5,4,5,"per class: test=i, validation=(i+1)%8, train=remaining 6 segment indices",train,data/limb/subject02/StaticP14/subject2_limb_EMG.mat,StaticP14,S02_StaticP14_seg0004,S02_StaticP14_seg0004,6,4,Power,3,45361,60480,15120,1260.0,42,43
S02_personal_fold05,2,5,4,5,"per class: test=i, validation=(i+1)%8, train=remaining 6 segment indices",train,data/limb/subject02/Dynamic/subject2_limb_EMG.mat,Dynamic,S02_Dynamic_seg0004,S02_Dynamic_seg0004,7,4,Power,3,347878,456699,108822,1260.0,42,43
S02_personal_fold05,2,5,4,5,"per class: test=i, validation=(i+1)%8, train=remaining 6 segment indices",train,data/limb/subject02/StaticP1/subject2_limb_EMG.mat,StaticP1,S02_StaticP1_seg0005,S02_StaticP1_seg0005,0,5,Rest,4,60481,75600,15120,1260.0,42,43
S02_personal_fold05,2,5,4,5,"per class: test=i, validation=(i+1)%8, train=remaining 6 segment indices",train,data/limb/subject02/StaticP2/subject2_limb_EMG.mat,StaticP2,S02_StaticP2_seg0005,S02_StaticP2_seg0005,1,5,Rest,4,60481,75600,15120,1260.0,42,43
S02_personal_fold05,2,5,4,5,"per class: test=i, validation=(i+1)%8, train=remaining 6 segment indices",train,data/limb/subject02/StaticP3/subject2_limb_EMG.mat,StaticP3,S02_StaticP3_seg0005,S02_StaticP3_seg0005,2,5,Rest,4,60481,75600,15120,1260.0,42,43
S02_personal_fold05,2,5,4,5,"per class: test=i, validation=(i+1)%8, train=remaining 6 segment indices",train,data/limb/subject02/StaticP4/subject2_limb_EMG.mat,StaticP4,S02_StaticP4_seg0005,S02_StaticP4_seg0005,3,5,Rest,4,60481,75600,15120,1260.0,42,43
S02_personal_fold05,2,5,4,5,"per class: test=i, validation=(i+1)%8, train=remaining 6 segment indices",test,data/limb/subject02/StaticP9/subject2_limb_EMG.mat,StaticP9,S02_StaticP9_seg0005,S02_StaticP9_seg0005,4,5,Rest,4,60481,75600,15120,1260.0,42,43
S02_personal_fold05,2,5,4,5,"per class: test=i, validation=(i+1)%8, train=remaining 6 segment indices",validation,data/limb/subject02/StaticP10/subject2_limb_EMG.mat,StaticP10,S02_StaticP10_seg0005,S02_StaticP10_seg0005,5,5,Rest,4,60481,75600,15120,1260.0,42,43
S02_personal_fold05,2,5,4,5,"per class: test=i, validation=(i+1)%8, train=remaining 6 segment indices",train,data/limb/subject02/StaticP14/subject2_limb_EMG.mat,StaticP14,S02_StaticP14_seg0005,S02_StaticP14_seg0005,6,5,Rest,4,60481,75600,15120,1260.0,42,43
S02_personal_fold05,2,5,4,5,"per class: test=i, validation=(i+1)%8, train=remaining 6 segment indices",train,data/limb/subject02/Dynamic/subject2_limb_EMG.mat,Dynamic,S02_Dynamic_seg0005,S02_Dynamic_seg0005,7,5,Rest,4,456700,664634,207935,1260.0,42,43
S02_personal_fold06,2,6,5,6,"per class: test=i, validation=(i+1)%8, train=remaining 6 segment indices",train,data/limb/subject02/StaticP1/subject2_limb_EMG.mat,StaticP1,S02_StaticP1_seg0001,S02_StaticP1_seg0001,0,1,HandOpen,0,1,15120,15120,1260.0,42,43
S02_personal_fold06,2,6,5,6,"per class: test=i, validation=(i+1)%8, train=remaining 6 segment indices",train,data/limb/subject02/StaticP2/subject2_limb_EMG.mat,StaticP2,S02_StaticP2_seg0001,S02_StaticP2_seg0001,1,1,HandOpen,0,1,15120,15120,1260.0,42,43
S02_personal_fold06,2,6,5,6,"per class: test=i, validation=(i+1)%8, train=remaining 6 segment indices",train,data/limb/subject02/StaticP3/subject2_limb_EMG.mat,StaticP3,S02_StaticP3_seg0001,S02_StaticP3_seg0001,2,1,HandOpen,0,1,15120,15120,1260.0,42,43
S02_personal_fold06,2,6,5,6,"per class: test=i, validation=(i+1)%8, train=remaining 6 segment indices",train,data/limb/subject02/StaticP4/subject2_limb_EMG.mat,StaticP4,S02_StaticP4_seg0001,S02_StaticP4_seg0001,3,1,HandOpen,0,1,15120,15120,1260.0,42,43
S02_personal_fold06,2,6,5,6,"per class: test=i, validation=(i+1)%8, train=remaining 6 segment indices",train,data/limb/subject02/StaticP9/subject2_limb_EMG.mat,StaticP9,S02_StaticP9_seg0001,S02_StaticP9_seg0001,4,1,HandOpen,0,1,15120,15120,1260.0,42,43
S02_personal_fold06,2,6,5,6,"per class: test=i, validation=(i+1)%8, train=remaining 6 segment indices",test,data/limb/subject02/StaticP10/subject2_limb_EMG.mat,StaticP10,S02_StaticP10_seg0001,S02_StaticP10_seg0001,5,1,HandOpen,0,1,15120,15120,1260.0,42,43
S02_personal_fold06,2,6,5,6,"per class: test=i, validation=(i+1)%8, train=remaining 6 segment indices",validation,data/limb/subject02/StaticP14/subject2_limb_EMG.mat,StaticP14,S02_StaticP14_seg0001,S02_StaticP14_seg0001,6,1,HandOpen,0,1,15120,15120,1260.0,42,43
S02_personal_fold06,2,6,5,6,"per class: test=i, validation=(i+1)%8, train=remaining 6 segment indices",train,data/limb/subject02/Dynamic/subject2_limb_EMG.mat,Dynamic,S02_Dynamic_seg0001,S02_Dynamic_seg0001,7,1,HandOpen,0,1,124549,124549,1260.0,42,43
S02_personal_fold06,2,6,5,6,"per class: test=i, validation=(i+1)%8, train=remaining 6 segment indices",train,data/limb/subject02/StaticP1/subject2_limb_EMG.mat,StaticP1,S02_StaticP1_seg0002,S02_StaticP1_seg0002,0,2,Lateral,1,15121,30240,15120,1260.0,42,43
S02_personal_fold06,2,6,5,6,"per class: test=i, validation=(i+1)%8, train=remaining 6 segment indices",train,data/limb/subject02/StaticP2/subject2_limb_EMG.mat,StaticP2,S02_StaticP2_seg0002,S02_StaticP2_seg0002,1,2,Lateral,1,15121,30240,15120,1260.0,42,43
S02_personal_fold06,2,6,5,6,"per class: test=i, validation=(i+1)%8, train=remaining 6 segment indices",train,data/limb/subject02/StaticP3/subject2_limb_EMG.mat,StaticP3,S02_StaticP3_seg0002,S02_StaticP3_seg0002,2,2,Lateral,1,15121,30240,15120,1260.0,42,43
S02_personal_fold06,2,6,5,6,"per class: test=i, validation=(i+1)%8, train=remaining 6 segment indices",train,data/limb/subject02/StaticP4/subject2_limb_EMG.mat,StaticP4,S02_StaticP4_seg0002,S02_StaticP4_seg0002,3,2,Lateral,1,15121,30240,15120,1260.0,42,43
S02_personal_fold06,2,6,5,6,"per class: test=i, validation=(i+1)%8, train=remaining 6 segment indices",train,data/limb/subject02/StaticP9/subject2_limb_EMG.mat,StaticP9,S02_StaticP9_seg0002,S02_StaticP9_seg0002,4,2,Lateral,1,15121,30240,15120,1260.0,42,43
S02_personal_fold06,2,6,5,6,"per class: test=i, validation=(i+1)%8, train=remaining 6 segment indices",test,data/limb/subject02/StaticP10/subject2_limb_EMG.mat,StaticP10,S02_StaticP10_seg0002,S02_StaticP10_seg0002,5,2,Lateral,1,15121,30240,15120,1260.0,42,43
S02_personal_fold06,2,6,5,6,"per class: test=i, validation=(i+1)%8, train=remaining 6 segment indices",validation,data/limb/subject02/StaticP14/subject2_limb_EMG.mat,StaticP14,S02_StaticP14_seg0002,S02_StaticP14_seg0002,6,2,Lateral,1,15121,30240,15120,1260.0,42,43
S02_personal_fold06,2,6,5,6,"per class: test=i, validation=(i+1)%8, train=remaining 6 segment indices",train,data/limb/subject02/Dynamic/subject2_limb_EMG.mat,Dynamic,S02_Dynamic_seg0002,S02_Dynamic_seg0002,7,2,Lateral,1,124550,256255,131706,1260.0,42,43
S02_personal_fold06,2,6,5,6,"per class: test=i, validation=(i+1)%8, train=remaining 6 segment indices",train,data/limb/subject02/StaticP1/subject2_limb_EMG.mat,StaticP1,S02_StaticP1_seg0003,S02_StaticP1_seg0003,0,3,Pinch,2,30241,45360,15120,1260.0,42,43
S02_personal_fold06,2,6,5,6,"per class: test=i, validation=(i+1)%8, train=remaining 6 segment indices",train,data/limb/subject02/StaticP2/subject2_limb_EMG.mat,StaticP2,S02_StaticP2_seg0003,S02_StaticP2_seg0003,1,3,Pinch,2,30241,45360,15120,1260.0,42,43
S02_personal_fold06,2,6,5,6,"per class: test=i, validation=(i+1)%8, train=remaining 6 segment indices",train,data/limb/subject02/StaticP3/subject2_limb_EMG.mat,StaticP3,S02_StaticP3_seg0003,S02_StaticP3_seg0003,2,3,Pinch,2,30241,45360,15120,1260.0,42,43
S02_personal_fold06,2,6,5,6,"per class: test=i, validation=(i+1)%8, train=remaining 6 segment indices",train,data/limb/subject02/StaticP4/subject2_limb_EMG.mat,StaticP4,S02_StaticP4_seg0003,S02_StaticP4_seg0003,3,3,Pinch,2,30241,45360,15120,1260.0,42,43
S02_personal_fold06,2,6,5,6,"per class: test=i, validation=(i+1)%8, train=remaining 6 segment indices",train,data/limb/subject02/StaticP9/subject2_limb_EMG.mat,StaticP9,S02_StaticP9_seg0003,S02_StaticP9_seg0003,4,3,Pinch,2,30241,45360,15120,1260.0,42,43
S02_personal_fold06,2,6,5,6,"per class: test=i, validation=(i+1)%8, train=remaining 6 segment indices",test,data/limb/subject02/StaticP10/subject2_limb_EMG.mat,StaticP10,S02_StaticP10_seg0003,S02_StaticP10_seg0003,5,3,Pinch,2,30241,45360,15120,1260.0,42,43
S02_personal_fold06,2,6,5,6,"per class: test=i, validation=(i+1)%8, train=remaining 6 segment indices",validation,data/limb/subject02/StaticP14/subject2_limb_EMG.mat,StaticP14,S02_StaticP14_seg0003,S02_StaticP14_seg0003,6,3,Pinch,2,30241,45360,15120,1260.0,42,43
S02_personal_fold06,2,6,5,6,"per class: test=i, validation=(i+1)%8, train=remaining 6 segment indices",train,data/limb/subject02/Dynamic/subject2_limb_EMG.mat,Dynamic,S02_Dynamic_seg0003,S02_Dynamic_seg0003,7,3,Pinch,2,256256,347877,91622,1260.0,42,43
S02_personal_fold06,2,6,5,6,"per class: test=i, validation=(i+1)%8, train=remaining 6 segment indices",train,data/limb/subject02/StaticP1/subject2_limb_EMG.mat,StaticP1,S02_StaticP1_seg0004,S02_StaticP1_seg0004,0,4,Power,3,45361,60480,15120,1260.0,42,43
S02_personal_fold06,2,6,5,6,"per class: test=i, validation=(i+1)%8, train=remaining 6 segment indices",train,data/limb/subject02/StaticP2/subject2_limb_EMG.mat,StaticP2,S02_StaticP2_seg0004,S02_StaticP2_seg0004,1,4,Power,3,45361,60480,15120,1260.0,42,43
S02_personal_fold06,2,6,5,6,"per class: test=i, validation=(i+1)%8, train=remaining 6 segment indices",train,data/limb/subject02/StaticP3/subject2_limb_EMG.mat,StaticP3,S02_StaticP3_seg0004,S02_StaticP3_seg0004,2,4,Power,3,45361,60480,15120,1260.0,42,43
S02_personal_fold06,2,6,5,6,"per class: test=i, validation=(i+1)%8, train=remaining 6 segment indices",train,data/limb/subject02/StaticP4/subject2_limb_EMG.mat,StaticP4,S02_StaticP4_seg0004,S02_StaticP4_seg0004,3,4,Power,3,45361,60480,15120,1260.0,42,43
S02_personal_fold06,2,6,5,6,"per class: test=i, validation=(i+1)%8, train=remaining 6 segment indices",train,data/limb/subject02/StaticP9/subject2_limb_EMG.mat,StaticP9,S02_StaticP9_seg0004,S02_StaticP9_seg0004,4,4,Power,3,45361,60480,15120,1260.0,42,43
S02_personal_fold06,2,6,5,6,"per class: test=i, validation=(i+1)%8, train=remaining 6 segment indices",test,data/limb/subject02/StaticP10/subject2_limb_EMG.mat,StaticP10,S02_StaticP10_seg0004,S02_StaticP10_seg0004,5,4,Power,3,45361,60480,15120,1260.0,42,43
S02_personal_fold06,2,6,5,6,"per class: test=i, validation=(i+1)%8, train=remaining 6 segment indices",validation,data/limb/subject02/StaticP14/subject2_limb_EMG.mat,StaticP14,S02_StaticP14_seg0004,S02_StaticP14_seg0004,6,4,Power,3,45361,60480,15120,1260.0,42,43
S02_personal_fold06,2,6,5,6,"per class: test=i, validation=(i+1)%8, train=remaining 6 segment indices",train,data/limb/subject02/Dynamic/subject2_limb_EMG.mat,Dynamic,S02_Dynamic_seg0004,S02_Dynamic_seg0004,7,4,Power,3,347878,456699,108822,1260.0,42,43
S02_personal_fold06,2,6,5,6,"per class: test=i, validation=(i+1)%8, train=remaining 6 segment indices",train,data/limb/subject02/StaticP1/subject2_limb_EMG.mat,StaticP1,S02_StaticP1_seg0005,S02_StaticP1_seg0005,0,5,Rest,4,60481,75600,15120,1260.0,42,43
S02_personal_fold06,2,6,5,6,"per class: test=i, validation=(i+1)%8, train=remaining 6 segment indices",train,data/limb/subject02/StaticP2/subject2_limb_EMG.mat,StaticP2,S02_StaticP2_seg0005,S02_StaticP2_seg0005,1,5,Rest,4,60481,75600,15120,1260.0,42,43
S02_personal_fold06,2,6,5,6,"per class: test=i, validation=(i+1)%8, train=remaining 6 segment indices",train,data/limb/subject02/StaticP3/subject2_limb_EMG.mat,StaticP3,S02_StaticP3_seg0005,S02_StaticP3_seg0005,2,5,Rest,4,60481,75600,15120,1260.0,42,43
S02_personal_fold06,2,6,5,6,"per class: test=i, validation=(i+1)%8, train=remaining 6 segment indices",train,data/limb/subject02/StaticP4/subject2_limb_EMG.mat,StaticP4,S02_StaticP4_seg0005,S02_StaticP4_seg0005,3,5,Rest,4,60481,75600,15120,1260.0,42,43
S02_personal_fold06,2,6,5,6,"per class: test=i, validation=(i+1)%8, train=remaining 6 segment indices",train,data/limb/subject02/StaticP9/subject2_limb_EMG.mat,StaticP9,S02_StaticP9_seg0005,S02_StaticP9_seg0005,4,5,Rest,4,60481,75600,15120,1260.0,42,43
S02_personal_fold06,2,6,5,6,"per class: test=i, validation=(i+1)%8, train=remaining 6 segment indices",test,data/limb/subject02/StaticP10/subject2_limb_EMG.mat,StaticP10,S02_StaticP10_seg0005,S02_StaticP10_seg0005,5,5,Rest,4,60481,75600,15120,1260.0,42,43
S02_personal_fold06,2,6,5,6,"per class: test=i, validation=(i+1)%8, train=remaining 6 segment indices",validation,data/limb/subject02/StaticP14/subject2_limb_EMG.mat,StaticP14,S02_StaticP14_seg0005,S02_StaticP14_seg0005,6,5,Rest,4,60481,75600,15120,1260.0,42,43
S02_personal_fold06,2,6,5,6,"per class: test=i, validation=(i+1)%8, train=remaining 6 segment indices",train,data/limb/subject02/Dynamic/subject2_limb_EMG.mat,Dynamic,S02_Dynamic_seg0005,S02_Dynamic_seg0005,7,5,Rest,4,456700,664634,207935,1260.0,42,43
S02_personal_fold07,2,7,6,7,"per class: test=i, validation=(i+1)%8, train=remaining 6 segment indices",train,data/limb/subject02/StaticP1/subject2_limb_EMG.mat,StaticP1,S02_StaticP1_seg0001,S02_StaticP1_seg0001,0,1,HandOpen,0,1,15120,15120,1260.0,42,43
S02_personal_fold07,2,7,6,7,"per class: test=i, validation=(i+1)%8, train=remaining 6 segment indices",train,data/limb/subject02/StaticP2/subject2_limb_EMG.mat,StaticP2,S02_StaticP2_seg0001,S02_StaticP2_seg0001,1,1,HandOpen,0,1,15120,15120,1260.0,42,43
S02_personal_fold07,2,7,6,7,"per class: test=i, validation=(i+1)%8, train=remaining 6 segment indices",train,data/limb/subject02/StaticP3/subject2_limb_EMG.mat,StaticP3,S02_StaticP3_seg0001,S02_StaticP3_seg0001,2,1,HandOpen,0,1,15120,15120,1260.0,42,43
S02_personal_fold07,2,7,6,7,"per class: test=i, validation=(i+1)%8, train=remaining 6 segment indices",train,data/limb/subject02/StaticP4/subject2_limb_EMG.mat,StaticP4,S02_StaticP4_seg0001,S02_StaticP4_seg0001,3,1,HandOpen,0,1,15120,15120,1260.0,42,43
S02_personal_fold07,2,7,6,7,"per class: test=i, validation=(i+1)%8, train=remaining 6 segment indices",train,data/limb/subject02/StaticP9/subject2_limb_EMG.mat,StaticP9,S02_StaticP9_seg0001,S02_StaticP9_seg0001,4,1,HandOpen,0,1,15120,15120,1260.0,42,43
S02_personal_fold07,2,7,6,7,"per class: test=i, validation=(i+1)%8, train=remaining 6 segment indices",train,data/limb/subject02/StaticP10/subject2_limb_EMG.mat,StaticP10,S02_StaticP10_seg0001,S02_StaticP10_seg0001,5,1,HandOpen,0,1,15120,15120,1260.0,42,43
S02_personal_fold07,2,7,6,7,"per class: test=i, validation=(i+1)%8, train=remaining 6 segment indices",test,data/limb/subject02/StaticP14/subject2_limb_EMG.mat,StaticP14,S02_StaticP14_seg0001,S02_StaticP14_seg0001,6,1,HandOpen,0,1,15120,15120,1260.0,42,43
S02_personal_fold07,2,7,6,7,"per class: test=i, validation=(i+1)%8, train=remaining 6 segment indices",validation,data/limb/subject02/Dynamic/subject2_limb_EMG.mat,Dynamic,S02_Dynamic_seg0001,S02_Dynamic_seg0001,7,1,HandOpen,0,1,124549,124549,1260.0,42,43
S02_personal_fold07,2,7,6,7,"per class: test=i, validation=(i+1)%8, train=remaining 6 segment indices",train,data/limb/subject02/StaticP1/subject2_limb_EMG.mat,StaticP1,S02_StaticP1_seg0002,S02_StaticP1_seg0002,0,2,Lateral,1,15121,30240,15120,1260.0,42,43
S02_personal_fold07,2,7,6,7,"per class: test=i, validation=(i+1)%8, train=remaining 6 segment indices",train,data/limb/subject02/StaticP2/subject2_limb_EMG.mat,StaticP2,S02_StaticP2_seg0002,S02_StaticP2_seg0002,1,2,Lateral,1,15121,30240,15120,1260.0,42,43
S02_personal_fold07,2,7,6,7,"per class: test=i, validation=(i+1)%8, train=remaining 6 segment indices",train,data/limb/subject02/StaticP3/subject2_limb_EMG.mat,StaticP3,S02_StaticP3_seg0002,S02_StaticP3_seg0002,2,2,Lateral,1,15121,30240,15120,1260.0,42,43
S02_personal_fold07,2,7,6,7,"per class: test=i, validation=(i+1)%8, train=remaining 6 segment indices",train,data/limb/subject02/StaticP4/subject2_limb_EMG.mat,StaticP4,S02_StaticP4_seg0002,S02_StaticP4_seg0002,3,2,Lateral,1,15121,30240,15120,1260.0,42,43
S02_personal_fold07,2,7,6,7,"per class: test=i, validation=(i+1)%8, train=remaining 6 segment indices",train,data/limb/subject02/StaticP9/subject2_limb_EMG.mat,StaticP9,S02_StaticP9_seg0002,S02_StaticP9_seg0002,4,2,Lateral,1,15121,30240,15120,1260.0,42,43
S02_personal_fold07,2,7,6,7,"per class: test=i, validation=(i+1)%8, train=remaining 6 segment indices",train,data/limb/subject02/StaticP10/subject2_limb_EMG.mat,StaticP10,S02_StaticP10_seg0002,S02_StaticP10_seg0002,5,2,Lateral,1,15121,30240,15120,1260.0,42,43
S02_personal_fold07,2,7,6,7,"per class: test=i, validation=(i+1)%8, train=remaining 6 segment indices",test,data/limb/subject02/StaticP14/subject2_limb_EMG.mat,StaticP14,S02_StaticP14_seg0002,S02_StaticP14_seg0002,6,2,Lateral,1,15121,30240,15120,1260.0,42,43
S02_personal_fold07,2,7,6,7,"per class: test=i, validation=(i+1)%8, train=remaining 6 segment indices",validation,data/limb/subject02/Dynamic/subject2_limb_EMG.mat,Dynamic,S02_Dynamic_seg0002,S02_Dynamic_seg0002,7,2,Lateral,1,124550,256255,131706,1260.0,42,43
S02_personal_fold07,2,7,6,7,"per class: test=i, validation=(i+1)%8, train=remaining 6 segment indices",train,data/limb/subject02/StaticP1/subject2_limb_EMG.mat,StaticP1,S02_StaticP1_seg0003,S02_StaticP1_seg0003,0,3,Pinch,2,30241,45360,15120,1260.0,42,43
S02_personal_fold07,2,7,6,7,"per class: test=i, validation=(i+1)%8, train=remaining 6 segment indices",train,data/limb/subject02/StaticP2/subject2_limb_EMG.mat,StaticP2,S02_StaticP2_seg0003,S02_StaticP2_seg0003,1,3,Pinch,2,30241,45360,15120,1260.0,42,43
S02_personal_fold07,2,7,6,7,"per class: test=i, validation=(i+1)%8, train=remaining 6 segment indices",train,data/limb/subject02/StaticP3/subject2_limb_EMG.mat,StaticP3,S02_StaticP3_seg0003,S02_StaticP3_seg0003,2,3,Pinch,2,30241,45360,15120,1260.0,42,43
S02_personal_fold07,2,7,6,7,"per class: test=i, validation=(i+1)%8, train=remaining 6 segment indices",train,data/limb/subject02/StaticP4/subject2_limb_EMG.mat,StaticP4,S02_StaticP4_seg0003,S02_StaticP4_seg0003,3,3,Pinch,2,30241,45360,15120,1260.0,42,43
S02_personal_fold07,2,7,6,7,"per class: test=i, validation=(i+1)%8, train=remaining 6 segment indices",train,data/limb/subject02/StaticP9/subject2_limb_EMG.mat,StaticP9,S02_StaticP9_seg0003,S02_StaticP9_seg0003,4,3,Pinch,2,30241,45360,15120,1260.0,42,43
S02_personal_fold07,2,7,6,7,"per class: test=i, validation=(i+1)%8, train=remaining 6 segment indices",train,data/limb/subject02/StaticP10/subject2_limb_EMG.mat,StaticP10,S02_StaticP10_seg0003,S02_StaticP10_seg0003,5,3,Pinch,2,30241,45360,15120,1260.0,42,43
S02_personal_fold07,2,7,6,7,"per class: test=i, validation=(i+1)%8, train=remaining 6 segment indices",test,data/limb/subject02/StaticP14/subject2_limb_EMG.mat,StaticP14,S02_StaticP14_seg0003,S02_StaticP14_seg0003,6,3,Pinch,2,30241,45360,15120,1260.0,42,43
S02_personal_fold07,2,7,6,7,"per class: test=i, validation=(i+1)%8, train=remaining 6 segment indices",validation,data/limb/subject02/Dynamic/subject2_limb_EMG.mat,Dynamic,S02_Dynamic_seg0003,S02_Dynamic_seg0003,7,3,Pinch,2,256256,347877,91622,1260.0,42,43
S02_personal_fold07,2,7,6,7,"per class: test=i, validation=(i+1)%8, train=remaining 6 segment indices",train,data/limb/subject02/StaticP1/subject2_limb_EMG.mat,StaticP1,S02_StaticP1_seg0004,S02_StaticP1_seg0004,0,4,Power,3,45361,60480,15120,1260.0,42,43
S02_personal_fold07,2,7,6,7,"per class: test=i, validation=(i+1)%8, train=remaining 6 segment indices",train,data/limb/subject02/StaticP2/subject2_limb_EMG.mat,StaticP2,S02_StaticP2_seg0004,S02_StaticP2_seg0004,1,4,Power,3,45361,60480,15120,1260.0,42,43
S02_personal_fold07,2,7,6,7,"per class: test=i, validation=(i+1)%8, train=remaining 6 segment indices",train,data/limb/subject02/StaticP3/subject2_limb_EMG.mat,StaticP3,S02_StaticP3_seg0004,S02_StaticP3_seg0004,2,4,Power,3,45361,60480,15120,1260.0,42,43
S02_personal_fold07,2,7,6,7,"per class: test=i, validation=(i+1)%8, train=remaining 6 segment indices",train,data/limb/subject02/StaticP4/subject2_limb_EMG.mat,StaticP4,S02_StaticP4_seg0004,S02_StaticP4_seg0004,3,4,Power,3,45361,60480,15120,1260.0,42,43
S02_personal_fold07,2,7,6,7,"per class: test=i, validation=(i+1)%8, train=remaining 6 segment indices",train,data/limb/subject02/StaticP9/subject2_limb_EMG.mat,StaticP9,S02_StaticP9_seg0004,S02_StaticP9_seg0004,4,4,Power,3,45361,60480,15120,1260.0,42,43
S02_personal_fold07,2,7,6,7,"per class: test=i, validation=(i+1)%8, train=remaining 6 segment indices",train,data/limb/subject02/StaticP10/subject2_limb_EMG.mat,StaticP10,S02_StaticP10_seg0004,S02_StaticP10_seg0004,5,4,Power,3,45361,60480,15120,1260.0,42,43
S02_personal_fold07,2,7,6,7,"per class: test=i, validation=(i+1)%8, train=remaining 6 segment indices",test,data/limb/subject02/StaticP14/subject2_limb_EMG.mat,StaticP14,S02_StaticP14_seg0004,S02_StaticP14_seg0004,6,4,Power,3,45361,60480,15120,1260.0,42,43
S02_personal_fold07,2,7,6,7,"per class: test=i, validation=(i+1)%8, train=remaining 6 segment indices",validation,data/limb/subject02/Dynamic/subject2_limb_EMG.mat,Dynamic,S02_Dynamic_seg0004,S02_Dynamic_seg0004,7,4,Power,3,347878,456699,108822,1260.0,42,43
S02_personal_fold07,2,7,6,7,"per class: test=i, validation=(i+1)%8, train=remaining 6 segment indices",train,data/limb/subject02/StaticP1/subject2_limb_EMG.mat,StaticP1,S02_StaticP1_seg0005,S02_StaticP1_seg0005,0,5,Rest,4,60481,75600,15120,1260.0,42,43
S02_personal_fold07,2,7,6,7,"per class: test=i, validation=(i+1)%8, train=remaining 6 segment indices",train,data/limb/subject02/StaticP2/subject2_limb_EMG.mat,StaticP2,S02_StaticP2_seg0005,S02_StaticP2_seg0005,1,5,Rest,4,60481,75600,15120,1260.0,42,43
S02_personal_fold07,2,7,6,7,"per class: test=i, validation=(i+1)%8, train=remaining 6 segment indices",train,data/limb/subject02/StaticP3/subject2_limb_EMG.mat,StaticP3,S02_StaticP3_seg0005,S02_StaticP3_seg0005,2,5,Rest,4,60481,75600,15120,1260.0,42,43
S02_personal_fold07,2,7,6,7,"per class: test=i, validation=(i+1)%8, train=remaining 6 segment indices",train,data/limb/subject02/StaticP4/subject2_limb_EMG.mat,StaticP4,S02_StaticP4_seg0005,S02_StaticP4_seg0005,3,5,Rest,4,60481,75600,15120,1260.0,42,43
S02_personal_fold07,2,7,6,7,"per class: test=i, validation=(i+1)%8, train=remaining 6 segment indices",train,data/limb/subject02/StaticP9/subject2_limb_EMG.mat,StaticP9,S02_StaticP9_seg0005,S02_StaticP9_seg0005,4,5,Rest,4,60481,75600,15120,1260.0,42,43
S02_personal_fold07,2,7,6,7,"per class: test=i, validation=(i+1)%8, train=remaining 6 segment indices",train,data/limb/subject02/StaticP10/subject2_limb_EMG.mat,StaticP10,S02_StaticP10_seg0005,S02_StaticP10_seg0005,5,5,Rest,4,60481,75600,15120,1260.0,42,43
S02_personal_fold07,2,7,6,7,"per class: test=i, validation=(i+1)%8, train=remaining 6 segment indices",test,data/limb/subject02/StaticP14/subject2_limb_EMG.mat,StaticP14,S02_StaticP14_seg0005,S02_StaticP14_seg0005,6,5,Rest,4,60481,75600,15120,1260.0,42,43
S02_personal_fold07,2,7,6,7,"per class: test=i, validation=(i+1)%8, train=remaining 6 segment indices",validation,data/limb/subject02/Dynamic/subject2_limb_EMG.mat,Dynamic,S02_Dynamic_seg0005,S02_Dynamic_seg0005,7,5,Rest,4,456700,664634,207935,1260.0,42,43
S02_personal_fold08,2,8,7,0,"per class: test=i, validation=(i+1)%8, train=remaining 6 segment indices",validation,data/limb/subject02/StaticP1/subject2_limb_EMG.mat,StaticP1,S02_StaticP1_seg0001,S02_StaticP1_seg0001,0,1,HandOpen,0,1,15120,15120,1260.0,42,43
S02_personal_fold08,2,8,7,0,"per class: test=i, validation=(i+1)%8, train=remaining 6 segment indices",train,data/limb/subject02/StaticP2/subject2_limb_EMG.mat,StaticP2,S02_StaticP2_seg0001,S02_StaticP2_seg0001,1,1,HandOpen,0,1,15120,15120,1260.0,42,43
S02_personal_fold08,2,8,7,0,"per class: test=i, validation=(i+1)%8, train=remaining 6 segment indices",train,data/limb/subject02/StaticP3/subject2_limb_EMG.mat,StaticP3,S02_StaticP3_seg0001,S02_StaticP3_seg0001,2,1,HandOpen,0,1,15120,15120,1260.0,42,43
S02_personal_fold08,2,8,7,0,"per class: test=i, validation=(i+1)%8, train=remaining 6 segment indices",train,data/limb/subject02/StaticP4/subject2_limb_EMG.mat,StaticP4,S02_StaticP4_seg0001,S02_StaticP4_seg0001,3,1,HandOpen,0,1,15120,15120,1260.0,42,43
S02_personal_fold08,2,8,7,0,"per class: test=i, validation=(i+1)%8, train=remaining 6 segment indices",train,data/limb/subject02/StaticP9/subject2_limb_EMG.mat,StaticP9,S02_StaticP9_seg0001,S02_StaticP9_seg0001,4,1,HandOpen,0,1,15120,15120,1260.0,42,43
S02_personal_fold08,2,8,7,0,"per class: test=i, validation=(i+1)%8, train=remaining 6 segment indices",train,data/limb/subject02/StaticP10/subject2_limb_EMG.mat,StaticP10,S02_StaticP10_seg0001,S02_StaticP10_seg0001,5,1,HandOpen,0,1,15120,15120,1260.0,42,43
S02_personal_fold08,2,8,7,0,"per class: test=i, validation=(i+1)%8, train=remaining 6 segment indices",train,data/limb/subject02/StaticP14/subject2_limb_EMG.mat,StaticP14,S02_StaticP14_seg0001,S02_StaticP14_seg0001,6,1,HandOpen,0,1,15120,15120,1260.0,42,43
S02_personal_fold08,2,8,7,0,"per class: test=i, validation=(i+1)%8, train=remaining 6 segment indices",test,data/limb/subject02/Dynamic/subject2_limb_EMG.mat,Dynamic,S02_Dynamic_seg0001,S02_Dynamic_seg0001,7,1,HandOpen,0,1,124549,124549,1260.0,42,43
S02_personal_fold08,2,8,7,0,"per class: test=i, validation=(i+1)%8, train=remaining 6 segment indices",validation,data/limb/subject02/StaticP1/subject2_limb_EMG.mat,StaticP1,S02_StaticP1_seg0002,S02_StaticP1_seg0002,0,2,Lateral,1,15121,30240,15120,1260.0,42,43
S02_personal_fold08,2,8,7,0,"per class: test=i, validation=(i+1)%8, train=remaining 6 segment indices",train,data/limb/subject02/StaticP2/subject2_limb_EMG.mat,StaticP2,S02_StaticP2_seg0002,S02_StaticP2_seg0002,1,2,Lateral,1,15121,30240,15120,1260.0,42,43
S02_personal_fold08,2,8,7,0,"per class: test=i, validation=(i+1)%8, train=remaining 6 segment indices",train,data/limb/subject02/StaticP3/subject2_limb_EMG.mat,StaticP3,S02_StaticP3_seg0002,S02_StaticP3_seg0002,2,2,Lateral,1,15121,30240,15120,1260.0,42,43
S02_personal_fold08,2,8,7,0,"per class: test=i, validation=(i+1)%8, train=remaining 6 segment indices",train,data/limb/subject02/StaticP4/subject2_limb_EMG.mat,StaticP4,S02_StaticP4_seg0002,S02_StaticP4_seg0002,3,2,Lateral,1,15121,30240,15120,1260.0,42,43
S02_personal_fold08,2,8,7,0,"per class: test=i, validation=(i+1)%8, train=remaining 6 segment indices",train,data/limb/subject02/StaticP9/subject2_limb_EMG.mat,StaticP9,S02_StaticP9_seg0002,S02_StaticP9_seg0002,4,2,Lateral,1,15121,30240,15120,1260.0,42,43
S02_personal_fold08,2,8,7,0,"per class: test=i, validation=(i+1)%8, train=remaining 6 segment indices",train,data/limb/subject02/StaticP10/subject2_limb_EMG.mat,StaticP10,S02_StaticP10_seg0002,S02_StaticP10_seg0002,5,2,Lateral,1,15121,30240,15120,1260.0,42,43
S02_personal_fold08,2,8,7,0,"per class: test=i, validation=(i+1)%8, train=remaining 6 segment indices",train,data/limb/subject02/StaticP14/subject2_limb_EMG.mat,StaticP14,S02_StaticP14_seg0002,S02_StaticP14_seg0002,6,2,Lateral,1,15121,30240,15120,1260.0,42,43
S02_personal_fold08,2,8,7,0,"per class: test=i, validation=(i+1)%8, train=remaining 6 segment indices",test,data/limb/subject02/Dynamic/subject2_limb_EMG.mat,Dynamic,S02_Dynamic_seg0002,S02_Dynamic_seg0002,7,2,Lateral,1,124550,256255,131706,1260.0,42,43
S02_personal_fold08,2,8,7,0,"per class: test=i, validation=(i+1)%8, train=remaining 6 segment indices",validation,data/limb/subject02/StaticP1/subject2_limb_EMG.mat,StaticP1,S02_StaticP1_seg0003,S02_StaticP1_seg0003,0,3,Pinch,2,30241,45360,15120,1260.0,42,43
S02_personal_fold08,2,8,7,0,"per class: test=i, validation=(i+1)%8, train=remaining 6 segment indices",train,data/limb/subject02/StaticP2/subject2_limb_EMG.mat,StaticP2,S02_StaticP2_seg0003,S02_StaticP2_seg0003,1,3,Pinch,2,30241,45360,15120,1260.0,42,43
S02_personal_fold08,2,8,7,0,"per class: test=i, validation=(i+1)%8, train=remaining 6 segment indices",train,data/limb/subject02/StaticP3/subject2_limb_EMG.mat,StaticP3,S02_StaticP3_seg0003,S02_StaticP3_seg0003,2,3,Pinch,2,30241,45360,15120,1260.0,42,43
S02_personal_fold08,2,8,7,0,"per class: test=i, validation=(i+1)%8, train=remaining 6 segment indices",train,data/limb/subject02/StaticP4/subject2_limb_EMG.mat,StaticP4,S02_StaticP4_seg0003,S02_StaticP4_seg0003,3,3,Pinch,2,30241,45360,15120,1260.0,42,43
S02_personal_fold08,2,8,7,0,"per class: test=i, validation=(i+1)%8, train=remaining 6 segment indices",train,data/limb/subject02/StaticP9/subject2_limb_EMG.mat,StaticP9,S02_StaticP9_seg0003,S02_StaticP9_seg0003,4,3,Pinch,2,30241,45360,15120,1260.0,42,43
S02_personal_fold08,2,8,7,0,"per class: test=i, validation=(i+1)%8, train=remaining 6 segment indices",train,data/limb/subject02/StaticP10/subject2_limb_EMG.mat,StaticP10,S02_StaticP10_seg0003,S02_StaticP10_seg0003,5,3,Pinch,2,30241,45360,15120,1260.0,42,43
S02_personal_fold08,2,8,7,0,"per class: test=i, validation=(i+1)%8, train=remaining 6 segment indices",train,data/limb/subject02/StaticP14/subject2_limb_EMG.mat,StaticP14,S02_StaticP14_seg0003,S02_StaticP14_seg0003,6,3,Pinch,2,30241,45360,15120,1260.0,42,43
S02_personal_fold08,2,8,7,0,"per class: test=i, validation=(i+1)%8, train=remaining 6 segment indices",test,data/limb/subject02/Dynamic/subject2_limb_EMG.mat,Dynamic,S02_Dynamic_seg0003,S02_Dynamic_seg0003,7,3,Pinch,2,256256,347877,91622,1260.0,42,43
S02_personal_fold08,2,8,7,0,"per class: test=i, validation=(i+1)%8, train=remaining 6 segment indices",validation,data/limb/subject02/StaticP1/subject2_limb_EMG.mat,StaticP1,S02_StaticP1_seg0004,S02_StaticP1_seg0004,0,4,Power,3,45361,60480,15120,1260.0,42,43
S02_personal_fold08,2,8,7,0,"per class: test=i, validation=(i+1)%8, train=remaining 6 segment indices",train,data/limb/subject02/StaticP2/subject2_limb_EMG.mat,StaticP2,S02_StaticP2_seg0004,S02_StaticP2_seg0004,1,4,Power,3,45361,60480,15120,1260.0,42,43
S02_personal_fold08,2,8,7,0,"per class: test=i, validation=(i+1)%8, train=remaining 6 segment indices",train,data/limb/subject02/StaticP3/subject2_limb_EMG.mat,StaticP3,S02_StaticP3_seg0004,S02_StaticP3_seg0004,2,4,Power,3,45361,60480,15120,1260.0,42,43
S02_personal_fold08,2,8,7,0,"per class: test=i, validation=(i+1)%8, train=remaining 6 segment indices",train,data/limb/subject02/StaticP4/subject2_limb_EMG.mat,StaticP4,S02_StaticP4_seg0004,S02_StaticP4_seg0004,3,4,Power,3,45361,60480,15120,1260.0,42,43
S02_personal_fold08,2,8,7,0,"per class: test=i, validation=(i+1)%8, train=remaining 6 segment indices",train,data/limb/subject02/StaticP9/subject2_limb_EMG.mat,StaticP9,S02_StaticP9_seg0004,S02_StaticP9_seg0004,4,4,Power,3,45361,60480,15120,1260.0,42,43
S02_personal_fold08,2,8,7,0,"per class: test=i, validation=(i+1)%8, train=remaining 6 segment indices",train,data/limb/subject02/StaticP10/subject2_limb_EMG.mat,StaticP10,S02_StaticP10_seg0004,S02_StaticP10_seg0004,5,4,Power,3,45361,60480,15120,1260.0,42,43
S02_personal_fold08,2,8,7,0,"per class: test=i, validation=(i+1)%8, train=remaining 6 segment indices",train,data/limb/subject02/StaticP14/subject2_limb_EMG.mat,StaticP14,S02_StaticP14_seg0004,S02_StaticP14_seg0004,6,4,Power,3,45361,60480,15120,1260.0,42,43
S02_personal_fold08,2,8,7,0,"per class: test=i, validation=(i+1)%8, train=remaining 6 segment indices",test,data/limb/subject02/Dynamic/subject2_limb_EMG.mat,Dynamic,S02_Dynamic_seg0004,S02_Dynamic_seg0004,7,4,Power,3,347878,456699,108822,1260.0,42,43
S02_personal_fold08,2,8,7,0,"per class: test=i, validation=(i+1)%8, train=remaining 6 segment indices",validation,data/limb/subject02/StaticP1/subject2_limb_EMG.mat,StaticP1,S02_StaticP1_seg0005,S02_StaticP1_seg0005,0,5,Rest,4,60481,75600,15120,1260.0,42,43
S02_personal_fold08,2,8,7,0,"per class: test=i, validation=(i+1)%8, train=remaining 6 segment indices",train,data/limb/subject02/StaticP2/subject2_limb_EMG.mat,StaticP2,S02_StaticP2_seg0005,S02_StaticP2_seg0005,1,5,Rest,4,60481,75600,15120,1260.0,42,43
S02_personal_fold08,2,8,7,0,"per class: test=i, validation=(i+1)%8, train=remaining 6 segment indices",train,data/limb/subject02/StaticP3/subject2_limb_EMG.mat,StaticP3,S02_StaticP3_seg0005,S02_StaticP3_seg0005,2,5,Rest,4,60481,75600,15120,1260.0,42,43
S02_personal_fold08,2,8,7,0,"per class: test=i, validation=(i+1)%8, train=remaining 6 segment indices",train,data/limb/subject02/StaticP4/subject2_limb_EMG.mat,StaticP4,S02_StaticP4_seg0005,S02_StaticP4_seg0005,3,5,Rest,4,60481,75600,15120,1260.0,42,43
S02_personal_fold08,2,8,7,0,"per class: test=i, validation=(i+1)%8, train=remaining 6 segment indices",train,data/limb/subject02/StaticP9/subject2_limb_EMG.mat,StaticP9,S02_StaticP9_seg0005,S02_StaticP9_seg0005,4,5,Rest,4,60481,75600,15120,1260.0,42,43
S02_personal_fold08,2,8,7,0,"per class: test=i, validation=(i+1)%8, train=remaining 6 segment indices",train,data/limb/subject02/StaticP10/subject2_limb_EMG.mat,StaticP10,S02_StaticP10_seg0005,S02_StaticP10_seg0005,5,5,Rest,4,60481,75600,15120,1260.0,42,43
S02_personal_fold08,2,8,7,0,"per class: test=i, validation=(i+1)%8, train=remaining 6 segment indices",train,data/limb/subject02/StaticP14/subject2_limb_EMG.mat,StaticP14,S02_StaticP14_seg0005,S02_StaticP14_seg0005,6,5,Rest,4,60481,75600,15120,1260.0,42,43
S02_personal_fold08,2,8,7,0,"per class: test=i, validation=(i+1)%8, train=remaining 6 segment indices",test,data/limb/subject02/Dynamic/subject2_limb_EMG.mat,Dynamic,S02_Dynamic_seg0005,S02_Dynamic_seg0005,7,5,Rest,4,456700,664634,207935,1260.0,42,43
S03_personal_fold01,3,1,0,1,"per class: test=i, validation=(i+1)%8, train=remaining 6 segment indices",test,data/limb/subject03/StaticP1/subject3_limb_EMG.mat,StaticP1,S03_StaticP1_seg0001,S03_StaticP1_seg0001,0,1,HandOpen,0,1,15120,15120,1260.0,42,43
S03_personal_fold01,3,1,0,1,"per class: test=i, validation=(i+1)%8, train=remaining 6 segment indices",validation,data/limb/subject03/StaticP2/subject3_limb_EMG.mat,StaticP2,S03_StaticP2_seg0001,S03_StaticP2_seg0001,1,1,HandOpen,0,1,15120,15120,1260.0,42,43
S03_personal_fold01,3,1,0,1,"per class: test=i, validation=(i+1)%8, train=remaining 6 segment indices",train,data/limb/subject03/StaticP3/subject3_limb_EMG.mat,StaticP3,S03_StaticP3_seg0001,S03_StaticP3_seg0001,2,1,HandOpen,0,1,15120,15120,1260.0,42,43
S03_personal_fold01,3,1,0,1,"per class: test=i, validation=(i+1)%8, train=remaining 6 segment indices",train,data/limb/subject03/StaticP4/subject3_limb_EMG.mat,StaticP4,S03_StaticP4_seg0001,S03_StaticP4_seg0001,3,1,HandOpen,0,1,15120,15120,1260.0,42,43
S03_personal_fold01,3,1,0,1,"per class: test=i, validation=(i+1)%8, train=remaining 6 segment indices",train,data/limb/subject03/StaticP9/subject3_limb_EMG.mat,StaticP9,S03_StaticP9_seg0001,S03_StaticP9_seg0001,4,1,HandOpen,0,1,15120,15120,1260.0,42,43
S03_personal_fold01,3,1,0,1,"per class: test=i, validation=(i+1)%8, train=remaining 6 segment indices",train,data/limb/subject03/StaticP10/subject3_limb_EMG.mat,StaticP10,S03_StaticP10_seg0001,S03_StaticP10_seg0001,5,1,HandOpen,0,1,15120,15120,1260.0,42,43
S03_personal_fold01,3,1,0,1,"per class: test=i, validation=(i+1)%8, train=remaining 6 segment indices",train,data/limb/subject03/StaticP14/subject3_limb_EMG.mat,StaticP14,S03_StaticP14_seg0001,S03_StaticP14_seg0001,6,1,HandOpen,0,1,15120,15120,1260.0,42,43
S03_personal_fold01,3,1,0,1,"per class: test=i, validation=(i+1)%8, train=remaining 6 segment indices",train,data/limb/subject03/Dynamic/subject3_limb_EMG.mat,Dynamic,S03_Dynamic_seg0001,S03_Dynamic_seg0001,7,1,HandOpen,0,1,113479,113479,1260.0,42,43
S03_personal_fold01,3,1,0,1,"per class: test=i, validation=(i+1)%8, train=remaining 6 segment indices",test,data/limb/subject03/StaticP1/subject3_limb_EMG.mat,StaticP1,S03_StaticP1_seg0002,S03_StaticP1_seg0002,0,2,Lateral,1,15121,30240,15120,1260.0,42,43
S03_personal_fold01,3,1,0,1,"per class: test=i, validation=(i+1)%8, train=remaining 6 segment indices",validation,data/limb/subject03/StaticP2/subject3_limb_EMG.mat,StaticP2,S03_StaticP2_seg0002,S03_StaticP2_seg0002,1,2,Lateral,1,15121,30240,15120,1260.0,42,43
S03_personal_fold01,3,1,0,1,"per class: test=i, validation=(i+1)%8, train=remaining 6 segment indices",train,data/limb/subject03/StaticP3/subject3_limb_EMG.mat,StaticP3,S03_StaticP3_seg0002,S03_StaticP3_seg0002,2,2,Lateral,1,15121,30240,15120,1260.0,42,43
S03_personal_fold01,3,1,0,1,"per class: test=i, validation=(i+1)%8, train=remaining 6 segment indices",train,data/limb/subject03/StaticP4/subject3_limb_EMG.mat,StaticP4,S03_StaticP4_seg0002,S03_StaticP4_seg0002,3,2,Lateral,1,15121,30240,15120,1260.0,42,43
S03_personal_fold01,3,1,0,1,"per class: test=i, validation=(i+1)%8, train=remaining 6 segment indices",train,data/limb/subject03/StaticP9/subject3_limb_EMG.mat,StaticP9,S03_StaticP9_seg0002,S03_StaticP9_seg0002,4,2,Lateral,1,15121,30240,15120,1260.0,42,43
S03_personal_fold01,3,1,0,1,"per class: test=i, validation=(i+1)%8, train=remaining 6 segment indices",train,data/limb/subject03/StaticP10/subject3_limb_EMG.mat,StaticP10,S03_StaticP10_seg0002,S03_StaticP10_seg0002,5,2,Lateral,1,15121,30240,15120,1260.0,42,43
S03_personal_fold01,3,1,0,1,"per class: test=i, validation=(i+1)%8, train=remaining 6 segment indices",train,data/limb/subject03/StaticP14/subject3_limb_EMG.mat,StaticP14,S03_StaticP14_seg0002,S03_StaticP14_seg0002,6,2,Lateral,1,15121,30240,15120,1260.0,42,43
S03_personal_fold01,3,1,0,1,"per class: test=i, validation=(i+1)%8, train=remaining 6 segment indices",train,data/limb/subject03/Dynamic/subject3_limb_EMG.mat,Dynamic,S03_Dynamic_seg0002,S03_Dynamic_seg0002,7,2,Lateral,1,113480,259672,146193,1260.0,42,43
S03_personal_fold01,3,1,0,1,"per class: test=i, validation=(i+1)%8, train=remaining 6 segment indices",test,data/limb/subject03/StaticP1/subject3_limb_EMG.mat,StaticP1,S03_StaticP1_seg0003,S03_StaticP1_seg0003,0,3,Pinch,2,30241,45360,15120,1260.0,42,43
S03_personal_fold01,3,1,0,1,"per class: test=i, validation=(i+1)%8, train=remaining 6 segment indices",validation,data/limb/subject03/StaticP2/subject3_limb_EMG.mat,StaticP2,S03_StaticP2_seg0003,S03_StaticP2_seg0003,1,3,Pinch,2,30241,45360,15120,1260.0,42,43
S03_personal_fold01,3,1,0,1,"per class: test=i, validation=(i+1)%8, train=remaining 6 segment indices",train,data/limb/subject03/StaticP3/subject3_limb_EMG.mat,StaticP3,S03_StaticP3_seg0003,S03_StaticP3_seg0003,2,3,Pinch,2,30241,45360,15120,1260.0,42,43
S03_personal_fold01,3,1,0,1,"per class: test=i, validation=(i+1)%8, train=remaining 6 segment indices",train,data/limb/subject03/StaticP4/subject3_limb_EMG.mat,StaticP4,S03_StaticP4_seg0003,S03_StaticP4_seg0003,3,3,Pinch,2,30241,45360,15120,1260.0,42,43
S03_personal_fold01,3,1,0,1,"per class: test=i, validation=(i+1)%8, train=remaining 6 segment indices",train,data/limb/subject03/StaticP9/subject3_limb_EMG.mat,StaticP9,S03_StaticP9_seg0003,S03_StaticP9_seg0003,4,3,Pinch,2,30241,45360,15120,1260.0,42,43
S03_personal_fold01,3,1,0,1,"per class: test=i, validation=(i+1)%8, train=remaining 6 segment indices",train,data/limb/subject03/StaticP10/subject3_limb_EMG.mat,StaticP10,S03_StaticP10_seg0003,S03_StaticP10_seg0003,5,3,Pinch,2,30241,45360,15120,1260.0,42,43
S03_personal_fold01,3,1,0,1,"per class: test=i, validation=(i+1)%8, train=remaining 6 segment indices",train,data/limb/subject03/StaticP14/subject3_limb_EMG.mat,StaticP14,S03_StaticP14_seg0003,S03_StaticP14_seg0003,6,3,Pinch,2,30241,45360,15120,1260.0,42,43
S03_personal_fold01,3,1,0,1,"per class: test=i, validation=(i+1)%8, train=remaining 6 segment indices",train,data/limb/subject03/Dynamic/subject3_limb_EMG.mat,Dynamic,S03_Dynamic_seg0003,S03_Dynamic_seg0003,7,3,Pinch,2,259673,359860,100188,1260.0,42,43
S03_personal_fold01,3,1,0,1,"per class: test=i, validation=(i+1)%8, train=remaining 6 segment indices",test,data/limb/subject03/StaticP1/subject3_limb_EMG.mat,StaticP1,S03_StaticP1_seg0004,S03_StaticP1_seg0004,0,4,Power,3,45361,60480,15120,1260.0,42,43
S03_personal_fold01,3,1,0,1,"per class: test=i, validation=(i+1)%8, train=remaining 6 segment indices",validation,data/limb/subject03/StaticP2/subject3_limb_EMG.mat,StaticP2,S03_StaticP2_seg0004,S03_StaticP2_seg0004,1,4,Power,3,45361,60480,15120,1260.0,42,43
S03_personal_fold01,3,1,0,1,"per class: test=i, validation=(i+1)%8, train=remaining 6 segment indices",train,data/limb/subject03/StaticP3/subject3_limb_EMG.mat,StaticP3,S03_StaticP3_seg0004,S03_StaticP3_seg0004,2,4,Power,3,45361,60480,15120,1260.0,42,43
S03_personal_fold01,3,1,0,1,"per class: test=i, validation=(i+1)%8, train=remaining 6 segment indices",train,data/limb/subject03/StaticP4/subject3_limb_EMG.mat,StaticP4,S03_StaticP4_seg0004,S03_StaticP4_seg0004,3,4,Power,3,45361,60480,15120,1260.0,42,43
S03_personal_fold01,3,1,0,1,"per class: test=i, validation=(i+1)%8, train=remaining 6 segment indices",train,data/limb/subject03/StaticP9/subject3_limb_EMG.mat,StaticP9,S03_StaticP9_seg0004,S03_StaticP9_seg0004,4,4,Power,3,45361,60480,15120,1260.0,42,43
S03_personal_fold01,3,1,0,1,"per class: test=i, validation=(i+1)%8, train=remaining 6 segment indices",train,data/limb/subject03/StaticP10/subject3_limb_EMG.mat,StaticP10,S03_StaticP10_seg0004,S03_StaticP10_seg0004,5,4,Power,3,45361,60480,15120,1260.0,42,43
S03_personal_fold01,3,1,0,1,"per class: test=i, validation=(i+1)%8, train=remaining 6 segment indices",train,data/limb/subject03/StaticP14/subject3_limb_EMG.mat,StaticP14,S03_StaticP14_seg0004,S03_StaticP14_seg0004,6,4,Power,3,45361,60480,15120,1260.0,42,43
S03_personal_fold01,3,1,0,1,"per class: test=i, validation=(i+1)%8, train=remaining 6 segment indices",train,data/limb/subject03/Dynamic/subject3_limb_EMG.mat,Dynamic,S03_Dynamic_seg0004,S03_Dynamic_seg0004,7,4,Power,3,359861,464772,104912,1260.0,42,43
S03_personal_fold01,3,1,0,1,"per class: test=i, validation=(i+1)%8, train=remaining 6 segment indices",test,data/limb/subject03/StaticP1/subject3_limb_EMG.mat,StaticP1,S03_StaticP1_seg0005,S03_StaticP1_seg0005,0,5,Rest,4,60481,75600,15120,1260.0,42,43
S03_personal_fold01,3,1,0,1,"per class: test=i, validation=(i+1)%8, train=remaining 6 segment indices",validation,data/limb/subject03/StaticP2/subject3_limb_EMG.mat,StaticP2,S03_StaticP2_seg0005,S03_StaticP2_seg0005,1,5,Rest,4,60481,75600,15120,1260.0,42,43
S03_personal_fold01,3,1,0,1,"per class: test=i, validation=(i+1)%8, train=remaining 6 segment indices",train,data/limb/subject03/StaticP3/subject3_limb_EMG.mat,StaticP3,S03_StaticP3_seg0005,S03_StaticP3_seg0005,2,5,Rest,4,60481,75600,15120,1260.0,42,43
S03_personal_fold01,3,1,0,1,"per class: test=i, validation=(i+1)%8, train=remaining 6 segment indices",train,data/limb/subject03/StaticP4/subject3_limb_EMG.mat,StaticP4,S03_StaticP4_seg0005,S03_StaticP4_seg0005,3,5,Rest,4,60481,75600,15120,1260.0,42,43
S03_personal_fold01,3,1,0,1,"per class: test=i, validation=(i+1)%8, train=remaining 6 segment indices",train,data/limb/subject03/StaticP9/subject3_limb_EMG.mat,StaticP9,S03_StaticP9_seg0005,S03_StaticP9_seg0005,4,5,Rest,4,60481,75600,15120,1260.0,42,43
S03_personal_fold01,3,1,0,1,"per class: test=i, validation=(i+1)%8, train=remaining 6 segment indices",train,data/limb/subject03/StaticP10/subject3_limb_EMG.mat,StaticP10,S03_StaticP10_seg0005,S03_StaticP10_seg0005,5,5,Rest,4,60481,75600,15120,1260.0,42,43
S03_personal_fold01,3,1,0,1,"per class: test=i, validation=(i+1)%8, train=remaining 6 segment indices",train,data/limb/subject03/StaticP14/subject3_limb_EMG.mat,StaticP14,S03_StaticP14_seg0005,S03_StaticP14_seg0005,6,5,Rest,4,60481,75600,15120,1260.0,42,43
S03_personal_fold01,3,1,0,1,"per class: test=i, validation=(i+1)%8, train=remaining 6 segment indices",train,data/limb/subject03/Dynamic/subject3_limb_EMG.mat,Dynamic,S03_Dynamic_seg0005,S03_Dynamic_seg0005,7,5,Rest,4,464773,538725,73953,1260.0,42,43
S03_personal_fold02,3,2,1,2,"per class: test=i, validation=(i+1)%8, train=remaining 6 segment indices",train,data/limb/subject03/StaticP1/subject3_limb_EMG.mat,StaticP1,S03_StaticP1_seg0001,S03_StaticP1_seg0001,0,1,HandOpen,0,1,15120,15120,1260.0,42,43
S03_personal_fold02,3,2,1,2,"per class: test=i, validation=(i+1)%8, train=remaining 6 segment indices",test,data/limb/subject03/StaticP2/subject3_limb_EMG.mat,StaticP2,S03_StaticP2_seg0001,S03_StaticP2_seg0001,1,1,HandOpen,0,1,15120,15120,1260.0,42,43
S03_personal_fold02,3,2,1,2,"per class: test=i, validation=(i+1)%8, train=remaining 6 segment indices",validation,data/limb/subject03/StaticP3/subject3_limb_EMG.mat,StaticP3,S03_StaticP3_seg0001,S03_StaticP3_seg0001,2,1,HandOpen,0,1,15120,15120,1260.0,42,43
S03_personal_fold02,3,2,1,2,"per class: test=i, validation=(i+1)%8, train=remaining 6 segment indices",train,data/limb/subject03/StaticP4/subject3_limb_EMG.mat,StaticP4,S03_StaticP4_seg0001,S03_StaticP4_seg0001,3,1,HandOpen,0,1,15120,15120,1260.0,42,43
S03_personal_fold02,3,2,1,2,"per class: test=i, validation=(i+1)%8, train=remaining 6 segment indices",train,data/limb/subject03/StaticP9/subject3_limb_EMG.mat,StaticP9,S03_StaticP9_seg0001,S03_StaticP9_seg0001,4,1,HandOpen,0,1,15120,15120,1260.0,42,43
S03_personal_fold02,3,2,1,2,"per class: test=i, validation=(i+1)%8, train=remaining 6 segment indices",train,data/limb/subject03/StaticP10/subject3_limb_EMG.mat,StaticP10,S03_StaticP10_seg0001,S03_StaticP10_seg0001,5,1,HandOpen,0,1,15120,15120,1260.0,42,43
S03_personal_fold02,3,2,1,2,"per class: test=i, validation=(i+1)%8, train=remaining 6 segment indices",train,data/limb/subject03/StaticP14/subject3_limb_EMG.mat,StaticP14,S03_StaticP14_seg0001,S03_StaticP14_seg0001,6,1,HandOpen,0,1,15120,15120,1260.0,42,43
S03_personal_fold02,3,2,1,2,"per class: test=i, validation=(i+1)%8, train=remaining 6 segment indices",train,data/limb/subject03/Dynamic/subject3_limb_EMG.mat,Dynamic,S03_Dynamic_seg0001,S03_Dynamic_seg0001,7,1,HandOpen,0,1,113479,113479,1260.0,42,43
S03_personal_fold02,3,2,1,2,"per class: test=i, validation=(i+1)%8, train=remaining 6 segment indices",train,data/limb/subject03/StaticP1/subject3_limb_EMG.mat,StaticP1,S03_StaticP1_seg0002,S03_StaticP1_seg0002,0,2,Lateral,1,15121,30240,15120,1260.0,42,43
S03_personal_fold02,3,2,1,2,"per class: test=i, validation=(i+1)%8, train=remaining 6 segment indices",test,data/limb/subject03/StaticP2/subject3_limb_EMG.mat,StaticP2,S03_StaticP2_seg0002,S03_StaticP2_seg0002,1,2,Lateral,1,15121,30240,15120,1260.0,42,43
S03_personal_fold02,3,2,1,2,"per class: test=i, validation=(i+1)%8, train=remaining 6 segment indices",validation,data/limb/subject03/StaticP3/subject3_limb_EMG.mat,StaticP3,S03_StaticP3_seg0002,S03_StaticP3_seg0002,2,2,Lateral,1,15121,30240,15120,1260.0,42,43
S03_personal_fold02,3,2,1,2,"per class: test=i, validation=(i+1)%8, train=remaining 6 segment indices",train,data/limb/subject03/StaticP4/subject3_limb_EMG.mat,StaticP4,S03_StaticP4_seg0002,S03_StaticP4_seg0002,3,2,Lateral,1,15121,30240,15120,1260.0,42,43
S03_personal_fold02,3,2,1,2,"per class: test=i, validation=(i+1)%8, train=remaining 6 segment indices",train,data/limb/subject03/StaticP9/subject3_limb_EMG.mat,StaticP9,S03_StaticP9_seg0002,S03_StaticP9_seg0002,4,2,Lateral,1,15121,30240,15120,1260.0,42,43
S03_personal_fold02,3,2,1,2,"per class: test=i, validation=(i+1)%8, train=remaining 6 segment indices",train,data/limb/subject03/StaticP10/subject3_limb_EMG.mat,StaticP10,S03_StaticP10_seg0002,S03_StaticP10_seg0002,5,2,Lateral,1,15121,30240,15120,1260.0,42,43
S03_personal_fold02,3,2,1,2,"per class: test=i, validation=(i+1)%8, train=remaining 6 segment indices",train,data/limb/subject03/StaticP14/subject3_limb_EMG.mat,StaticP14,S03_StaticP14_seg0002,S03_StaticP14_seg0002,6,2,Lateral,1,15121,30240,15120,1260.0,42,43
S03_personal_fold02,3,2,1,2,"per class: test=i, validation=(i+1)%8, train=remaining 6 segment indices",train,data/limb/subject03/Dynamic/subject3_limb_EMG.mat,Dynamic,S03_Dynamic_seg0002,S03_Dynamic_seg0002,7,2,Lateral,1,113480,259672,146193,1260.0,42,43
S03_personal_fold02,3,2,1,2,"per class: test=i, validation=(i+1)%8, train=remaining 6 segment indices",train,data/limb/subject03/StaticP1/subject3_limb_EMG.mat,StaticP1,S03_StaticP1_seg0003,S03_StaticP1_seg0003,0,3,Pinch,2,30241,45360,15120,1260.0,42,43
S03_personal_fold02,3,2,1,2,"per class: test=i, validation=(i+1)%8, train=remaining 6 segment indices",test,data/limb/subject03/StaticP2/subject3_limb_EMG.mat,StaticP2,S03_StaticP2_seg0003,S03_StaticP2_seg0003,1,3,Pinch,2,30241,45360,15120,1260.0,42,43
S03_personal_fold02,3,2,1,2,"per class: test=i, validation=(i+1)%8, train=remaining 6 segment indices",validation,data/limb/subject03/StaticP3/subject3_limb_EMG.mat,StaticP3,S03_StaticP3_seg0003,S03_StaticP3_seg0003,2,3,Pinch,2,30241,45360,15120,1260.0,42,43
S03_personal_fold02,3,2,1,2,"per class: test=i, validation=(i+1)%8, train=remaining 6 segment indices",train,data/limb/subject03/StaticP4/subject3_limb_EMG.mat,StaticP4,S03_StaticP4_seg0003,S03_StaticP4_seg0003,3,3,Pinch,2,30241,45360,15120,1260.0,42,43
S03_personal_fold02,3,2,1,2,"per class: test=i, validation=(i+1)%8, train=remaining 6 segment indices",train,data/limb/subject03/StaticP9/subject3_limb_EMG.mat,StaticP9,S03_StaticP9_seg0003,S03_StaticP9_seg0003,4,3,Pinch,2,30241,45360,15120,1260.0,42,43
S03_personal_fold02,3,2,1,2,"per class: test=i, validation=(i+1)%8, train=remaining 6 segment indices",train,data/limb/subject03/StaticP10/subject3_limb_EMG.mat,StaticP10,S03_StaticP10_seg0003,S03_StaticP10_seg0003,5,3,Pinch,2,30241,45360,15120,1260.0,42,43
S03_personal_fold02,3,2,1,2,"per class: test=i, validation=(i+1)%8, train=remaining 6 segment indices",train,data/limb/subject03/StaticP14/subject3_limb_EMG.mat,StaticP14,S03_StaticP14_seg0003,S03_StaticP14_seg0003,6,3,Pinch,2,30241,45360,15120,1260.0,42,43
S03_personal_fold02,3,2,1,2,"per class: test=i, validation=(i+1)%8, train=remaining 6 segment indices",train,data/limb/subject03/Dynamic/subject3_limb_EMG.mat,Dynamic,S03_Dynamic_seg0003,S03_Dynamic_seg0003,7,3,Pinch,2,259673,359860,100188,1260.0,42,43
S03_personal_fold02,3,2,1,2,"per class: test=i, validation=(i+1)%8, train=remaining 6 segment indices",train,data/limb/subject03/StaticP1/subject3_limb_EMG.mat,StaticP1,S03_StaticP1_seg0004,S03_StaticP1_seg0004,0,4,Power,3,45361,60480,15120,1260.0,42,43
S03_personal_fold02,3,2,1,2,"per class: test=i, validation=(i+1)%8, train=remaining 6 segment indices",test,data/limb/subject03/StaticP2/subject3_limb_EMG.mat,StaticP2,S03_StaticP2_seg0004,S03_StaticP2_seg0004,1,4,Power,3,45361,60480,15120,1260.0,42,43
S03_personal_fold02,3,2,1,2,"per class: test=i, validation=(i+1)%8, train=remaining 6 segment indices",validation,data/limb/subject03/StaticP3/subject3_limb_EMG.mat,StaticP3,S03_StaticP3_seg0004,S03_StaticP3_seg0004,2,4,Power,3,45361,60480,15120,1260.0,42,43
S03_personal_fold02,3,2,1,2,"per class: test=i, validation=(i+1)%8, train=remaining 6 segment indices",train,data/limb/subject03/StaticP4/subject3_limb_EMG.mat,StaticP4,S03_StaticP4_seg0004,S03_StaticP4_seg0004,3,4,Power,3,45361,60480,15120,1260.0,42,43
S03_personal_fold02,3,2,1,2,"per class: test=i, validation=(i+1)%8, train=remaining 6 segment indices",train,data/limb/subject03/StaticP9/subject3_limb_EMG.mat,StaticP9,S03_StaticP9_seg0004,S03_StaticP9_seg0004,4,4,Power,3,45361,60480,15120,1260.0,42,43
S03_personal_fold02,3,2,1,2,"per class: test=i, validation=(i+1)%8, train=remaining 6 segment indices",train,data/limb/subject03/StaticP10/subject3_limb_EMG.mat,StaticP10,S03_StaticP10_seg0004,S03_StaticP10_seg0004,5,4,Power,3,45361,60480,15120,1260.0,42,43
S03_personal_fold02,3,2,1,2,"per class: test=i, validation=(i+1)%8, train=remaining 6 segment indices",train,data/limb/subject03/StaticP14/subject3_limb_EMG.mat,StaticP14,S03_StaticP14_seg0004,S03_StaticP14_seg0004,6,4,Power,3,45361,60480,15120,1260.0,42,43
S03_personal_fold02,3,2,1,2,"per class: test=i, validation=(i+1)%8, train=remaining 6 segment indices",train,data/limb/subject03/Dynamic/subject3_limb_EMG.mat,Dynamic,S03_Dynamic_seg0004,S03_Dynamic_seg0004,7,4,Power,3,359861,464772,104912,1260.0,42,43
S03_personal_fold02,3,2,1,2,"per class: test=i, validation=(i+1)%8, train=remaining 6 segment indices",train,data/limb/subject03/StaticP1/subject3_limb_EMG.mat,StaticP1,S03_StaticP1_seg0005,S03_StaticP1_seg0005,0,5,Rest,4,60481,75600,15120,1260.0,42,43
S03_personal_fold02,3,2,1,2,"per class: test=i, validation=(i+1)%8, train=remaining 6 segment indices",test,data/limb/subject03/StaticP2/subject3_limb_EMG.mat,StaticP2,S03_StaticP2_seg0005,S03_StaticP2_seg0005,1,5,Rest,4,60481,75600,15120,1260.0,42,43
S03_personal_fold02,3,2,1,2,"per class: test=i, validation=(i+1)%8, train=remaining 6 segment indices",validation,data/limb/subject03/StaticP3/subject3_limb_EMG.mat,StaticP3,S03_StaticP3_seg0005,S03_StaticP3_seg0005,2,5,Rest,4,60481,75600,15120,1260.0,42,43
S03_personal_fold02,3,2,1,2,"per class: test=i, validation=(i+1)%8, train=remaining 6 segment indices",train,data/limb/subject03/StaticP4/subject3_limb_EMG.mat,StaticP4,S03_StaticP4_seg0005,S03_StaticP4_seg0005,3,5,Rest,4,60481,75600,15120,1260.0,42,43
S03_personal_fold02,3,2,1,2,"per class: test=i, validation=(i+1)%8, train=remaining 6 segment indices",train,data/limb/subject03/StaticP9/subject3_limb_EMG.mat,StaticP9,S03_StaticP9_seg0005,S03_StaticP9_seg0005,4,5,Rest,4,60481,75600,15120,1260.0,42,43
S03_personal_fold02,3,2,1,2,"per class: test=i, validation=(i+1)%8, train=remaining 6 segment indices",train,data/limb/subject03/StaticP10/subject3_limb_EMG.mat,StaticP10,S03_StaticP10_seg0005,S03_StaticP10_seg0005,5,5,Rest,4,60481,75600,15120,1260.0,42,43
S03_personal_fold02,3,2,1,2,"per class: test=i, validation=(i+1)%8, train=remaining 6 segment indices",train,data/limb/subject03/StaticP14/subject3_limb_EMG.mat,StaticP14,S03_StaticP14_seg0005,S03_StaticP14_seg0005,6,5,Rest,4,60481,75600,15120,1260.0,42,43
S03_personal_fold02,3,2,1,2,"per class: test=i, validation=(i+1)%8, train=remaining 6 segment indices",train,data/limb/subject03/Dynamic/subject3_limb_EMG.mat,Dynamic,S03_Dynamic_seg0005,S03_Dynamic_seg0005,7,5,Rest,4,464773,538725,73953,1260.0,42,43
S03_personal_fold03,3,3,2,3,"per class: test=i, validation=(i+1)%8, train=remaining 6 segment indices",train,data/limb/subject03/StaticP1/subject3_limb_EMG.mat,StaticP1,S03_StaticP1_seg0001,S03_StaticP1_seg0001,0,1,HandOpen,0,1,15120,15120,1260.0,42,43
S03_personal_fold03,3,3,2,3,"per class: test=i, validation=(i+1)%8, train=remaining 6 segment indices",train,data/limb/subject03/StaticP2/subject3_limb_EMG.mat,StaticP2,S03_StaticP2_seg0001,S03_StaticP2_seg0001,1,1,HandOpen,0,1,15120,15120,1260.0,42,43
S03_personal_fold03,3,3,2,3,"per class: test=i, validation=(i+1)%8, train=remaining 6 segment indices",test,data/limb/subject03/StaticP3/subject3_limb_EMG.mat,StaticP3,S03_StaticP3_seg0001,S03_StaticP3_seg0001,2,1,HandOpen,0,1,15120,15120,1260.0,42,43
S03_personal_fold03,3,3,2,3,"per class: test=i, validation=(i+1)%8, train=remaining 6 segment indices",validation,data/limb/subject03/StaticP4/subject3_limb_EMG.mat,StaticP4,S03_StaticP4_seg0001,S03_StaticP4_seg0001,3,1,HandOpen,0,1,15120,15120,1260.0,42,43
S03_personal_fold03,3,3,2,3,"per class: test=i, validation=(i+1)%8, train=remaining 6 segment indices",train,data/limb/subject03/StaticP9/subject3_limb_EMG.mat,StaticP9,S03_StaticP9_seg0001,S03_StaticP9_seg0001,4,1,HandOpen,0,1,15120,15120,1260.0,42,43
S03_personal_fold03,3,3,2,3,"per class: test=i, validation=(i+1)%8, train=remaining 6 segment indices",train,data/limb/subject03/StaticP10/subject3_limb_EMG.mat,StaticP10,S03_StaticP10_seg0001,S03_StaticP10_seg0001,5,1,HandOpen,0,1,15120,15120,1260.0,42,43
S03_personal_fold03,3,3,2,3,"per class: test=i, validation=(i+1)%8, train=remaining 6 segment indices",train,data/limb/subject03/StaticP14/subject3_limb_EMG.mat,StaticP14,S03_StaticP14_seg0001,S03_StaticP14_seg0001,6,1,HandOpen,0,1,15120,15120,1260.0,42,43
S03_personal_fold03,3,3,2,3,"per class: test=i, validation=(i+1)%8, train=remaining 6 segment indices",train,data/limb/subject03/Dynamic/subject3_limb_EMG.mat,Dynamic,S03_Dynamic_seg0001,S03_Dynamic_seg0001,7,1,HandOpen,0,1,113479,113479,1260.0,42,43
S03_personal_fold03,3,3,2,3,"per class: test=i, validation=(i+1)%8, train=remaining 6 segment indices",train,data/limb/subject03/StaticP1/subject3_limb_EMG.mat,StaticP1,S03_StaticP1_seg0002,S03_StaticP1_seg0002,0,2,Lateral,1,15121,30240,15120,1260.0,42,43
S03_personal_fold03,3,3,2,3,"per class: test=i, validation=(i+1)%8, train=remaining 6 segment indices",train,data/limb/subject03/StaticP2/subject3_limb_EMG.mat,StaticP2,S03_StaticP2_seg0002,S03_StaticP2_seg0002,1,2,Lateral,1,15121,30240,15120,1260.0,42,43
S03_personal_fold03,3,3,2,3,"per class: test=i, validation=(i+1)%8, train=remaining 6 segment indices",test,data/limb/subject03/StaticP3/subject3_limb_EMG.mat,StaticP3,S03_StaticP3_seg0002,S03_StaticP3_seg0002,2,2,Lateral,1,15121,30240,15120,1260.0,42,43
S03_personal_fold03,3,3,2,3,"per class: test=i, validation=(i+1)%8, train=remaining 6 segment indices",validation,data/limb/subject03/StaticP4/subject3_limb_EMG.mat,StaticP4,S03_StaticP4_seg0002,S03_StaticP4_seg0002,3,2,Lateral,1,15121,30240,15120,1260.0,42,43
S03_personal_fold03,3,3,2,3,"per class: test=i, validation=(i+1)%8, train=remaining 6 segment indices",train,data/limb/subject03/StaticP9/subject3_limb_EMG.mat,StaticP9,S03_StaticP9_seg0002,S03_StaticP9_seg0002,4,2,Lateral,1,15121,30240,15120,1260.0,42,43
S03_personal_fold03,3,3,2,3,"per class: test=i, validation=(i+1)%8, train=remaining 6 segment indices",train,data/limb/subject03/StaticP10/subject3_limb_EMG.mat,StaticP10,S03_StaticP10_seg0002,S03_StaticP10_seg0002,5,2,Lateral,1,15121,30240,15120,1260.0,42,43
S03_personal_fold03,3,3,2,3,"per class: test=i, validation=(i+1)%8, train=remaining 6 segment indices",train,data/limb/subject03/StaticP14/subject3_limb_EMG.mat,StaticP14,S03_StaticP14_seg0002,S03_StaticP14_seg0002,6,2,Lateral,1,15121,30240,15120,1260.0,42,43
S03_personal_fold03,3,3,2,3,"per class: test=i, validation=(i+1)%8, train=remaining 6 segment indices",train,data/limb/subject03/Dynamic/subject3_limb_EMG.mat,Dynamic,S03_Dynamic_seg0002,S03_Dynamic_seg0002,7,2,Lateral,1,113480,259672,146193,1260.0,42,43
S03_personal_fold03,3,3,2,3,"per class: test=i, validation=(i+1)%8, train=remaining 6 segment indices",train,data/limb/subject03/StaticP1/subject3_limb_EMG.mat,StaticP1,S03_StaticP1_seg0003,S03_StaticP1_seg0003,0,3,Pinch,2,30241,45360,15120,1260.0,42,43
S03_personal_fold03,3,3,2,3,"per class: test=i, validation=(i+1)%8, train=remaining 6 segment indices",train,data/limb/subject03/StaticP2/subject3_limb_EMG.mat,StaticP2,S03_StaticP2_seg0003,S03_StaticP2_seg0003,1,3,Pinch,2,30241,45360,15120,1260.0,42,43
S03_personal_fold03,3,3,2,3,"per class: test=i, validation=(i+1)%8, train=remaining 6 segment indices",test,data/limb/subject03/StaticP3/subject3_limb_EMG.mat,StaticP3,S03_StaticP3_seg0003,S03_StaticP3_seg0003,2,3,Pinch,2,30241,45360,15120,1260.0,42,43
S03_personal_fold03,3,3,2,3,"per class: test=i, validation=(i+1)%8, train=remaining 6 segment indices",validation,data/limb/subject03/StaticP4/subject3_limb_EMG.mat,StaticP4,S03_StaticP4_seg0003,S03_StaticP4_seg0003,3,3,Pinch,2,30241,45360,15120,1260.0,42,43
S03_personal_fold03,3,3,2,3,"per class: test=i, validation=(i+1)%8, train=remaining 6 segment indices",train,data/limb/subject03/StaticP9/subject3_limb_EMG.mat,StaticP9,S03_StaticP9_seg0003,S03_StaticP9_seg0003,4,3,Pinch,2,30241,45360,15120,1260.0,42,43
S03_personal_fold03,3,3,2,3,"per class: test=i, validation=(i+1)%8, train=remaining 6 segment indices",train,data/limb/subject03/StaticP10/subject3_limb_EMG.mat,StaticP10,S03_StaticP10_seg0003,S03_StaticP10_seg0003,5,3,Pinch,2,30241,45360,15120,1260.0,42,43
S03_personal_fold03,3,3,2,3,"per class: test=i, validation=(i+1)%8, train=remaining 6 segment indices",train,data/limb/subject03/StaticP14/subject3_limb_EMG.mat,StaticP14,S03_StaticP14_seg0003,S03_StaticP14_seg0003,6,3,Pinch,2,30241,45360,15120,1260.0,42,43
S03_personal_fold03,3,3,2,3,"per class: test=i, validation=(i+1)%8, train=remaining 6 segment indices",train,data/limb/subject03/Dynamic/subject3_limb_EMG.mat,Dynamic,S03_Dynamic_seg0003,S03_Dynamic_seg0003,7,3,Pinch,2,259673,359860,100188,1260.0,42,43
S03_personal_fold03,3,3,2,3,"per class: test=i, validation=(i+1)%8, train=remaining 6 segment indices",train,data/limb/subject03/StaticP1/subject3_limb_EMG.mat,StaticP1,S03_StaticP1_seg0004,S03_StaticP1_seg0004,0,4,Power,3,45361,60480,15120,1260.0,42,43
S03_personal_fold03,3,3,2,3,"per class: test=i, validation=(i+1)%8, train=remaining 6 segment indices",train,data/limb/subject03/StaticP2/subject3_limb_EMG.mat,StaticP2,S03_StaticP2_seg0004,S03_StaticP2_seg0004,1,4,Power,3,45361,60480,15120,1260.0,42,43
S03_personal_fold03,3,3,2,3,"per class: test=i, validation=(i+1)%8, train=remaining 6 segment indices",test,data/limb/subject03/StaticP3/subject3_limb_EMG.mat,StaticP3,S03_StaticP3_seg0004,S03_StaticP3_seg0004,2,4,Power,3,45361,60480,15120,1260.0,42,43
S03_personal_fold03,3,3,2,3,"per class: test=i, validation=(i+1)%8, train=remaining 6 segment indices",validation,data/limb/subject03/StaticP4/subject3_limb_EMG.mat,StaticP4,S03_StaticP4_seg0004,S03_StaticP4_seg0004,3,4,Power,3,45361,60480,15120,1260.0,42,43
S03_personal_fold03,3,3,2,3,"per class: test=i, validation=(i+1)%8, train=remaining 6 segment indices",train,data/limb/subject03/StaticP9/subject3_limb_EMG.mat,StaticP9,S03_StaticP9_seg0004,S03_StaticP9_seg0004,4,4,Power,3,45361,60480,15120,1260.0,42,43
S03_personal_fold03,3,3,2,3,"per class: test=i, validation=(i+1)%8, train=remaining 6 segment indices",train,data/limb/subject03/StaticP10/subject3_limb_EMG.mat,StaticP10,S03_StaticP10_seg0004,S03_StaticP10_seg0004,5,4,Power,3,45361,60480,15120,1260.0,42,43
S03_personal_fold03,3,3,2,3,"per class: test=i, validation=(i+1)%8, train=remaining 6 segment indices",train,data/limb/subject03/StaticP14/subject3_limb_EMG.mat,StaticP14,S03_StaticP14_seg0004,S03_StaticP14_seg0004,6,4,Power,3,45361,60480,15120,1260.0,42,43
S03_personal_fold03,3,3,2,3,"per class: test=i, validation=(i+1)%8, train=remaining 6 segment indices",train,data/limb/subject03/Dynamic/subject3_limb_EMG.mat,Dynamic,S03_Dynamic_seg0004,S03_Dynamic_seg0004,7,4,Power,3,359861,464772,104912,1260.0,42,43
S03_personal_fold03,3,3,2,3,"per class: test=i, validation=(i+1)%8, train=remaining 6 segment indices",train,data/limb/subject03/StaticP1/subject3_limb_EMG.mat,StaticP1,S03_StaticP1_seg0005,S03_StaticP1_seg0005,0,5,Rest,4,60481,75600,15120,1260.0,42,43
S03_personal_fold03,3,3,2,3,"per class: test=i, validation=(i+1)%8, train=remaining 6 segment indices",train,data/limb/subject03/StaticP2/subject3_limb_EMG.mat,StaticP2,S03_StaticP2_seg0005,S03_StaticP2_seg0005,1,5,Rest,4,60481,75600,15120,1260.0,42,43
S03_personal_fold03,3,3,2,3,"per class: test=i, validation=(i+1)%8, train=remaining 6 segment indices",test,data/limb/subject03/StaticP3/subject3_limb_EMG.mat,StaticP3,S03_StaticP3_seg0005,S03_StaticP3_seg0005,2,5,Rest,4,60481,75600,15120,1260.0,42,43
S03_personal_fold03,3,3,2,3,"per class: test=i, validation=(i+1)%8, train=remaining 6 segment indices",validation,data/limb/subject03/StaticP4/subject3_limb_EMG.mat,StaticP4,S03_StaticP4_seg0005,S03_StaticP4_seg0005,3,5,Rest,4,60481,75600,15120,1260.0,42,43
S03_personal_fold03,3,3,2,3,"per class: test=i, validation=(i+1)%8, train=remaining 6 segment indices",train,data/limb/subject03/StaticP9/subject3_limb_EMG.mat,StaticP9,S03_StaticP9_seg0005,S03_StaticP9_seg0005,4,5,Rest,4,60481,75600,15120,1260.0,42,43
S03_personal_fold03,3,3,2,3,"per class: test=i, validation=(i+1)%8, train=remaining 6 segment indices",train,data/limb/subject03/StaticP10/subject3_limb_EMG.mat,StaticP10,S03_StaticP10_seg0005,S03_StaticP10_seg0005,5,5,Rest,4,60481,75600,15120,1260.0,42,43
S03_personal_fold03,3,3,2,3,"per class: test=i, validation=(i+1)%8, train=remaining 6 segment indices",train,data/limb/subject03/StaticP14/subject3_limb_EMG.mat,StaticP14,S03_StaticP14_seg0005,S03_StaticP14_seg0005,6,5,Rest,4,60481,75600,15120,1260.0,42,43
S03_personal_fold03,3,3,2,3,"per class: test=i, validation=(i+1)%8, train=remaining 6 segment indices",train,data/limb/subject03/Dynamic/subject3_limb_EMG.mat,Dynamic,S03_Dynamic_seg0005,S03_Dynamic_seg0005,7,5,Rest,4,464773,538725,73953,1260.0,42,43
S03_personal_fold04,3,4,3,4,"per class: test=i, validation=(i+1)%8, train=remaining 6 segment indices",train,data/limb/subject03/StaticP1/subject3_limb_EMG.mat,StaticP1,S03_StaticP1_seg0001,S03_StaticP1_seg0001,0,1,HandOpen,0,1,15120,15120,1260.0,42,43
S03_personal_fold04,3,4,3,4,"per class: test=i, validation=(i+1)%8, train=remaining 6 segment indices",train,data/limb/subject03/StaticP2/subject3_limb_EMG.mat,StaticP2,S03_StaticP2_seg0001,S03_StaticP2_seg0001,1,1,HandOpen,0,1,15120,15120,1260.0,42,43
S03_personal_fold04,3,4,3,4,"per class: test=i, validation=(i+1)%8, train=remaining 6 segment indices",train,data/limb/subject03/StaticP3/subject3_limb_EMG.mat,StaticP3,S03_StaticP3_seg0001,S03_StaticP3_seg0001,2,1,HandOpen,0,1,15120,15120,1260.0,42,43
S03_personal_fold04,3,4,3,4,"per class: test=i, validation=(i+1)%8, train=remaining 6 segment indices",test,data/limb/subject03/StaticP4/subject3_limb_EMG.mat,StaticP4,S03_StaticP4_seg0001,S03_StaticP4_seg0001,3,1,HandOpen,0,1,15120,15120,1260.0,42,43
S03_personal_fold04,3,4,3,4,"per class: test=i, validation=(i+1)%8, train=remaining 6 segment indices",validation,data/limb/subject03/StaticP9/subject3_limb_EMG.mat,StaticP9,S03_StaticP9_seg0001,S03_StaticP9_seg0001,4,1,HandOpen,0,1,15120,15120,1260.0,42,43
S03_personal_fold04,3,4,3,4,"per class: test=i, validation=(i+1)%8, train=remaining 6 segment indices",train,data/limb/subject03/StaticP10/subject3_limb_EMG.mat,StaticP10,S03_StaticP10_seg0001,S03_StaticP10_seg0001,5,1,HandOpen,0,1,15120,15120,1260.0,42,43
S03_personal_fold04,3,4,3,4,"per class: test=i, validation=(i+1)%8, train=remaining 6 segment indices",train,data/limb/subject03/StaticP14/subject3_limb_EMG.mat,StaticP14,S03_StaticP14_seg0001,S03_StaticP14_seg0001,6,1,HandOpen,0,1,15120,15120,1260.0,42,43
S03_personal_fold04,3,4,3,4,"per class: test=i, validation=(i+1)%8, train=remaining 6 segment indices",train,data/limb/subject03/Dynamic/subject3_limb_EMG.mat,Dynamic,S03_Dynamic_seg0001,S03_Dynamic_seg0001,7,1,HandOpen,0,1,113479,113479,1260.0,42,43
S03_personal_fold04,3,4,3,4,"per class: test=i, validation=(i+1)%8, train=remaining 6 segment indices",train,data/limb/subject03/StaticP1/subject3_limb_EMG.mat,StaticP1,S03_StaticP1_seg0002,S03_StaticP1_seg0002,0,2,Lateral,1,15121,30240,15120,1260.0,42,43
S03_personal_fold04,3,4,3,4,"per class: test=i, validation=(i+1)%8, train=remaining 6 segment indices",train,data/limb/subject03/StaticP2/subject3_limb_EMG.mat,StaticP2,S03_StaticP2_seg0002,S03_StaticP2_seg0002,1,2,Lateral,1,15121,30240,15120,1260.0,42,43
S03_personal_fold04,3,4,3,4,"per class: test=i, validation=(i+1)%8, train=remaining 6 segment indices",train,data/limb/subject03/StaticP3/subject3_limb_EMG.mat,StaticP3,S03_StaticP3_seg0002,S03_StaticP3_seg0002,2,2,Lateral,1,15121,30240,15120,1260.0,42,43
S03_personal_fold04,3,4,3,4,"per class: test=i, validation=(i+1)%8, train=remaining 6 segment indices",test,data/limb/subject03/StaticP4/subject3_limb_EMG.mat,StaticP4,S03_StaticP4_seg0002,S03_StaticP4_seg0002,3,2,Lateral,1,15121,30240,15120,1260.0,42,43
S03_personal_fold04,3,4,3,4,"per class: test=i, validation=(i+1)%8, train=remaining 6 segment indices",validation,data/limb/subject03/StaticP9/subject3_limb_EMG.mat,StaticP9,S03_StaticP9_seg0002,S03_StaticP9_seg0002,4,2,Lateral,1,15121,30240,15120,1260.0,42,43
S03_personal_fold04,3,4,3,4,"per class: test=i, validation=(i+1)%8, train=remaining 6 segment indices",train,data/limb/subject03/StaticP10/subject3_limb_EMG.mat,StaticP10,S03_StaticP10_seg0002,S03_StaticP10_seg0002,5,2,Lateral,1,15121,30240,15120,1260.0,42,43
S03_personal_fold04,3,4,3,4,"per class: test=i, validation=(i+1)%8, train=remaining 6 segment indices",train,data/limb/subject03/StaticP14/subject3_limb_EMG.mat,StaticP14,S03_StaticP14_seg0002,S03_StaticP14_seg0002,6,2,Lateral,1,15121,30240,15120,1260.0,42,43
S03_personal_fold04,3,4,3,4,"per class: test=i, validation=(i+1)%8, train=remaining 6 segment indices",train,data/limb/subject03/Dynamic/subject3_limb_EMG.mat,Dynamic,S03_Dynamic_seg0002,S03_Dynamic_seg0002,7,2,Lateral,1,113480,259672,146193,1260.0,42,43
S03_personal_fold04,3,4,3,4,"per class: test=i, validation=(i+1)%8, train=remaining 6 segment indices",train,data/limb/subject03/StaticP1/subject3_limb_EMG.mat,StaticP1,S03_StaticP1_seg0003,S03_StaticP1_seg0003,0,3,Pinch,2,30241,45360,15120,1260.0,42,43
S03_personal_fold04,3,4,3,4,"per class: test=i, validation=(i+1)%8, train=remaining 6 segment indices",train,data/limb/subject03/StaticP2/subject3_limb_EMG.mat,StaticP2,S03_StaticP2_seg0003,S03_StaticP2_seg0003,1,3,Pinch,2,30241,45360,15120,1260.0,42,43
S03_personal_fold04,3,4,3,4,"per class: test=i, validation=(i+1)%8, train=remaining 6 segment indices",train,data/limb/subject03/StaticP3/subject3_limb_EMG.mat,StaticP3,S03_StaticP3_seg0003,S03_StaticP3_seg0003,2,3,Pinch,2,30241,45360,15120,1260.0,42,43
S03_personal_fold04,3,4,3,4,"per class: test=i, validation=(i+1)%8, train=remaining 6 segment indices",test,data/limb/subject03/StaticP4/subject3_limb_EMG.mat,StaticP4,S03_StaticP4_seg0003,S03_StaticP4_seg0003,3,3,Pinch,2,30241,45360,15120,1260.0,42,43
S03_personal_fold04,3,4,3,4,"per class: test=i, validation=(i+1)%8, train=remaining 6 segment indices",validation,data/limb/subject03/StaticP9/subject3_limb_EMG.mat,StaticP9,S03_StaticP9_seg0003,S03_StaticP9_seg0003,4,3,Pinch,2,30241,45360,15120,1260.0,42,43
S03_personal_fold04,3,4,3,4,"per class: test=i, validation=(i+1)%8, train=remaining 6 segment indices",train,data/limb/subject03/StaticP10/subject3_limb_EMG.mat,StaticP10,S03_StaticP10_seg0003,S03_StaticP10_seg0003,5,3,Pinch,2,30241,45360,15120,1260.0,42,43
S03_personal_fold04,3,4,3,4,"per class: test=i, validation=(i+1)%8, train=remaining 6 segment indices",train,data/limb/subject03/StaticP14/subject3_limb_EMG.mat,StaticP14,S03_StaticP14_seg0003,S03_StaticP14_seg0003,6,3,Pinch,2,30241,45360,15120,1260.0,42,43
S03_personal_fold04,3,4,3,4,"per class: test=i, validation=(i+1)%8, train=remaining 6 segment indices",train,data/limb/subject03/Dynamic/subject3_limb_EMG.mat,Dynamic,S03_Dynamic_seg0003,S03_Dynamic_seg0003,7,3,Pinch,2,259673,359860,100188,1260.0,42,43
S03_personal_fold04,3,4,3,4,"per class: test=i, validation=(i+1)%8, train=remaining 6 segment indices",train,data/limb/subject03/StaticP1/subject3_limb_EMG.mat,StaticP1,S03_StaticP1_seg0004,S03_StaticP1_seg0004,0,4,Power,3,45361,60480,15120,1260.0,42,43
S03_personal_fold04,3,4,3,4,"per class: test=i, validation=(i+1)%8, train=remaining 6 segment indices",train,data/limb/subject03/StaticP2/subject3_limb_EMG.mat,StaticP2,S03_StaticP2_seg0004,S03_StaticP2_seg0004,1,4,Power,3,45361,60480,15120,1260.0,42,43
S03_personal_fold04,3,4,3,4,"per class: test=i, validation=(i+1)%8, train=remaining 6 segment indices",train,data/limb/subject03/StaticP3/subject3_limb_EMG.mat,StaticP3,S03_StaticP3_seg0004,S03_StaticP3_seg0004,2,4,Power,3,45361,60480,15120,1260.0,42,43
S03_personal_fold04,3,4,3,4,"per class: test=i, validation=(i+1)%8, train=remaining 6 segment indices",test,data/limb/subject03/StaticP4/subject3_limb_EMG.mat,StaticP4,S03_StaticP4_seg0004,S03_StaticP4_seg0004,3,4,Power,3,45361,60480,15120,1260.0,42,43
S03_personal_fold04,3,4,3,4,"per class: test=i, validation=(i+1)%8, train=remaining 6 segment indices",validation,data/limb/subject03/StaticP9/subject3_limb_EMG.mat,StaticP9,S03_StaticP9_seg0004,S03_StaticP9_seg0004,4,4,Power,3,45361,60480,15120,1260.0,42,43
S03_personal_fold04,3,4,3,4,"per class: test=i, validation=(i+1)%8, train=remaining 6 segment indices",train,data/limb/subject03/StaticP10/subject3_limb_EMG.mat,StaticP10,S03_StaticP10_seg0004,S03_StaticP10_seg0004,5,4,Power,3,45361,60480,15120,1260.0,42,43
S03_personal_fold04,3,4,3,4,"per class: test=i, validation=(i+1)%8, train=remaining 6 segment indices",train,data/limb/subject03/StaticP14/subject3_limb_EMG.mat,StaticP14,S03_StaticP14_seg0004,S03_StaticP14_seg0004,6,4,Power,3,45361,60480,15120,1260.0,42,43
S03_personal_fold04,3,4,3,4,"per class: test=i, validation=(i+1)%8, train=remaining 6 segment indices",train,data/limb/subject03/Dynamic/subject3_limb_EMG.mat,Dynamic,S03_Dynamic_seg0004,S03_Dynamic_seg0004,7,4,Power,3,359861,464772,104912,1260.0,42,43
S03_personal_fold04,3,4,3,4,"per class: test=i, validation=(i+1)%8, train=remaining 6 segment indices",train,data/limb/subject03/StaticP1/subject3_limb_EMG.mat,StaticP1,S03_StaticP1_seg0005,S03_StaticP1_seg0005,0,5,Rest,4,60481,75600,15120,1260.0,42,43
S03_personal_fold04,3,4,3,4,"per class: test=i, validation=(i+1)%8, train=remaining 6 segment indices",train,data/limb/subject03/StaticP2/subject3_limb_EMG.mat,StaticP2,S03_StaticP2_seg0005,S03_StaticP2_seg0005,1,5,Rest,4,60481,75600,15120,1260.0,42,43
S03_personal_fold04,3,4,3,4,"per class: test=i, validation=(i+1)%8, train=remaining 6 segment indices",train,data/limb/subject03/StaticP3/subject3_limb_EMG.mat,StaticP3,S03_StaticP3_seg0005,S03_StaticP3_seg0005,2,5,Rest,4,60481,75600,15120,1260.0,42,43
S03_personal_fold04,3,4,3,4,"per class: test=i, validation=(i+1)%8, train=remaining 6 segment indices",test,data/limb/subject03/StaticP4/subject3_limb_EMG.mat,StaticP4,S03_StaticP4_seg0005,S03_StaticP4_seg0005,3,5,Rest,4,60481,75600,15120,1260.0,42,43
S03_personal_fold04,3,4,3,4,"per class: test=i, validation=(i+1)%8, train=remaining 6 segment indices",validation,data/limb/subject03/StaticP9/subject3_limb_EMG.mat,StaticP9,S03_StaticP9_seg0005,S03_StaticP9_seg0005,4,5,Rest,4,60481,75600,15120,1260.0,42,43
S03_personal_fold04,3,4,3,4,"per class: test=i, validation=(i+1)%8, train=remaining 6 segment indices",train,data/limb/subject03/StaticP10/subject3_limb_EMG.mat,StaticP10,S03_StaticP10_seg0005,S03_StaticP10_seg0005,5,5,Rest,4,60481,75600,15120,1260.0,42,43
S03_personal_fold04,3,4,3,4,"per class: test=i, validation=(i+1)%8, train=remaining 6 segment indices",train,data/limb/subject03/StaticP14/subject3_limb_EMG.mat,StaticP14,S03_StaticP14_seg0005,S03_StaticP14_seg0005,6,5,Rest,4,60481,75600,15120,1260.0,42,43
S03_personal_fold04,3,4,3,4,"per class: test=i, validation=(i+1)%8, train=remaining 6 segment indices",train,data/limb/subject03/Dynamic/subject3_limb_EMG.mat,Dynamic,S03_Dynamic_seg0005,S03_Dynamic_seg0005,7,5,Rest,4,464773,538725,73953,1260.0,42,43
S03_personal_fold05,3,5,4,5,"per class: test=i, validation=(i+1)%8, train=remaining 6 segment indices",train,data/limb/subject03/StaticP1/subject3_limb_EMG.mat,StaticP1,S03_StaticP1_seg0001,S03_StaticP1_seg0001,0,1,HandOpen,0,1,15120,15120,1260.0,42,43
S03_personal_fold05,3,5,4,5,"per class: test=i, validation=(i+1)%8, train=remaining 6 segment indices",train,data/limb/subject03/StaticP2/subject3_limb_EMG.mat,StaticP2,S03_StaticP2_seg0001,S03_StaticP2_seg0001,1,1,HandOpen,0,1,15120,15120,1260.0,42,43
S03_personal_fold05,3,5,4,5,"per class: test=i, validation=(i+1)%8, train=remaining 6 segment indices",train,data/limb/subject03/StaticP3/subject3_limb_EMG.mat,StaticP3,S03_StaticP3_seg0001,S03_StaticP3_seg0001,2,1,HandOpen,0,1,15120,15120,1260.0,42,43
S03_personal_fold05,3,5,4,5,"per class: test=i, validation=(i+1)%8, train=remaining 6 segment indices",train,data/limb/subject03/StaticP4/subject3_limb_EMG.mat,StaticP4,S03_StaticP4_seg0001,S03_StaticP4_seg0001,3,1,HandOpen,0,1,15120,15120,1260.0,42,43
S03_personal_fold05,3,5,4,5,"per class: test=i, validation=(i+1)%8, train=remaining 6 segment indices",test,data/limb/subject03/StaticP9/subject3_limb_EMG.mat,StaticP9,S03_StaticP9_seg0001,S03_StaticP9_seg0001,4,1,HandOpen,0,1,15120,15120,1260.0,42,43
S03_personal_fold05,3,5,4,5,"per class: test=i, validation=(i+1)%8, train=remaining 6 segment indices",validation,data/limb/subject03/StaticP10/subject3_limb_EMG.mat,StaticP10,S03_StaticP10_seg0001,S03_StaticP10_seg0001,5,1,HandOpen,0,1,15120,15120,1260.0,42,43
S03_personal_fold05,3,5,4,5,"per class: test=i, validation=(i+1)%8, train=remaining 6 segment indices",train,data/limb/subject03/StaticP14/subject3_limb_EMG.mat,StaticP14,S03_StaticP14_seg0001,S03_StaticP14_seg0001,6,1,HandOpen,0,1,15120,15120,1260.0,42,43
S03_personal_fold05,3,5,4,5,"per class: test=i, validation=(i+1)%8, train=remaining 6 segment indices",train,data/limb/subject03/Dynamic/subject3_limb_EMG.mat,Dynamic,S03_Dynamic_seg0001,S03_Dynamic_seg0001,7,1,HandOpen,0,1,113479,113479,1260.0,42,43
S03_personal_fold05,3,5,4,5,"per class: test=i, validation=(i+1)%8, train=remaining 6 segment indices",train,data/limb/subject03/StaticP1/subject3_limb_EMG.mat,StaticP1,S03_StaticP1_seg0002,S03_StaticP1_seg0002,0,2,Lateral,1,15121,30240,15120,1260.0,42,43
S03_personal_fold05,3,5,4,5,"per class: test=i, validation=(i+1)%8, train=remaining 6 segment indices",train,data/limb/subject03/StaticP2/subject3_limb_EMG.mat,StaticP2,S03_StaticP2_seg0002,S03_StaticP2_seg0002,1,2,Lateral,1,15121,30240,15120,1260.0,42,43
S03_personal_fold05,3,5,4,5,"per class: test=i, validation=(i+1)%8, train=remaining 6 segment indices",train,data/limb/subject03/StaticP3/subject3_limb_EMG.mat,StaticP3,S03_StaticP3_seg0002,S03_StaticP3_seg0002,2,2,Lateral,1,15121,30240,15120,1260.0,42,43
S03_personal_fold05,3,5,4,5,"per class: test=i, validation=(i+1)%8, train=remaining 6 segment indices",train,data/limb/subject03/StaticP4/subject3_limb_EMG.mat,StaticP4,S03_StaticP4_seg0002,S03_StaticP4_seg0002,3,2,Lateral,1,15121,30240,15120,1260.0,42,43
S03_personal_fold05,3,5,4,5,"per class: test=i, validation=(i+1)%8, train=remaining 6 segment indices",test,data/limb/subject03/StaticP9/subject3_limb_EMG.mat,StaticP9,S03_StaticP9_seg0002,S03_StaticP9_seg0002,4,2,Lateral,1,15121,30240,15120,1260.0,42,43
S03_personal_fold05,3,5,4,5,"per class: test=i, validation=(i+1)%8, train=remaining 6 segment indices",validation,data/limb/subject03/StaticP10/subject3_limb_EMG.mat,StaticP10,S03_StaticP10_seg0002,S03_StaticP10_seg0002,5,2,Lateral,1,15121,30240,15120,1260.0,42,43
S03_personal_fold05,3,5,4,5,"per class: test=i, validation=(i+1)%8, train=remaining 6 segment indices",train,data/limb/subject03/StaticP14/subject3_limb_EMG.mat,StaticP14,S03_StaticP14_seg0002,S03_StaticP14_seg0002,6,2,Lateral,1,15121,30240,15120,1260.0,42,43
S03_personal_fold05,3,5,4,5,"per class: test=i, validation=(i+1)%8, train=remaining 6 segment indices",train,data/limb/subject03/Dynamic/subject3_limb_EMG.mat,Dynamic,S03_Dynamic_seg0002,S03_Dynamic_seg0002,7,2,Lateral,1,113480,259672,146193,1260.0,42,43
S03_personal_fold05,3,5,4,5,"per class: test=i, validation=(i+1)%8, train=remaining 6 segment indices",train,data/limb/subject03/StaticP1/subject3_limb_EMG.mat,StaticP1,S03_StaticP1_seg0003,S03_StaticP1_seg0003,0,3,Pinch,2,30241,45360,15120,1260.0,42,43
S03_personal_fold05,3,5,4,5,"per class: test=i, validation=(i+1)%8, train=remaining 6 segment indices",train,data/limb/subject03/StaticP2/subject3_limb_EMG.mat,StaticP2,S03_StaticP2_seg0003,S03_StaticP2_seg0003,1,3,Pinch,2,30241,45360,15120,1260.0,42,43
S03_personal_fold05,3,5,4,5,"per class: test=i, validation=(i+1)%8, train=remaining 6 segment indices",train,data/limb/subject03/StaticP3/subject3_limb_EMG.mat,StaticP3,S03_StaticP3_seg0003,S03_StaticP3_seg0003,2,3,Pinch,2,30241,45360,15120,1260.0,42,43
S03_personal_fold05,3,5,4,5,"per class: test=i, validation=(i+1)%8, train=remaining 6 segment indices",train,data/limb/subject03/StaticP4/subject3_limb_EMG.mat,StaticP4,S03_StaticP4_seg0003,S03_StaticP4_seg0003,3,3,Pinch,2,30241,45360,15120,1260.0,42,43
S03_personal_fold05,3,5,4,5,"per class: test=i, validation=(i+1)%8, train=remaining 6 segment indices",test,data/limb/subject03/StaticP9/subject3_limb_EMG.mat,StaticP9,S03_StaticP9_seg0003,S03_StaticP9_seg0003,4,3,Pinch,2,30241,45360,15120,1260.0,42,43
S03_personal_fold05,3,5,4,5,"per class: test=i, validation=(i+1)%8, train=remaining 6 segment indices",validation,data/limb/subject03/StaticP10/subject3_limb_EMG.mat,StaticP10,S03_StaticP10_seg0003,S03_StaticP10_seg0003,5,3,Pinch,2,30241,45360,15120,1260.0,42,43
S03_personal_fold05,3,5,4,5,"per class: test=i, validation=(i+1)%8, train=remaining 6 segment indices",train,data/limb/subject03/StaticP14/subject3_limb_EMG.mat,StaticP14,S03_StaticP14_seg0003,S03_StaticP14_seg0003,6,3,Pinch,2,30241,45360,15120,1260.0,42,43
S03_personal_fold05,3,5,4,5,"per class: test=i, validation=(i+1)%8, train=remaining 6 segment indices",train,data/limb/subject03/Dynamic/subject3_limb_EMG.mat,Dynamic,S03_Dynamic_seg0003,S03_Dynamic_seg0003,7,3,Pinch,2,259673,359860,100188,1260.0,42,43
S03_personal_fold05,3,5,4,5,"per class: test=i, validation=(i+1)%8, train=remaining 6 segment indices",train,data/limb/subject03/StaticP1/subject3_limb_EMG.mat,StaticP1,S03_StaticP1_seg0004,S03_StaticP1_seg0004,0,4,Power,3,45361,60480,15120,1260.0,42,43
S03_personal_fold05,3,5,4,5,"per class: test=i, validation=(i+1)%8, train=remaining 6 segment indices",train,data/limb/subject03/StaticP2/subject3_limb_EMG.mat,StaticP2,S03_StaticP2_seg0004,S03_StaticP2_seg0004,1,4,Power,3,45361,60480,15120,1260.0,42,43
S03_personal_fold05,3,5,4,5,"per class: test=i, validation=(i+1)%8, train=remaining 6 segment indices",train,data/limb/subject03/StaticP3/subject3_limb_EMG.mat,StaticP3,S03_StaticP3_seg0004,S03_StaticP3_seg0004,2,4,Power,3,45361,60480,15120,1260.0,42,43
S03_personal_fold05,3,5,4,5,"per class: test=i, validation=(i+1)%8, train=remaining 6 segment indices",train,data/limb/subject03/StaticP4/subject3_limb_EMG.mat,StaticP4,S03_StaticP4_seg0004,S03_StaticP4_seg0004,3,4,Power,3,45361,60480,15120,1260.0,42,43
S03_personal_fold05,3,5,4,5,"per class: test=i, validation=(i+1)%8, train=remaining 6 segment indices",test,data/limb/subject03/StaticP9/subject3_limb_EMG.mat,StaticP9,S03_StaticP9_seg0004,S03_StaticP9_seg0004,4,4,Power,3,45361,60480,15120,1260.0,42,43
S03_personal_fold05,3,5,4,5,"per class: test=i, validation=(i+1)%8, train=remaining 6 segment indices",validation,data/limb/subject03/StaticP10/subject3_limb_EMG.mat,StaticP10,S03_StaticP10_seg0004,S03_StaticP10_seg0004,5,4,Power,3,45361,60480,15120,1260.0,42,43
S03_personal_fold05,3,5,4,5,"per class: test=i, validation=(i+1)%8, train=remaining 6 segment indices",train,data/limb/subject03/StaticP14/subject3_limb_EMG.mat,StaticP14,S03_StaticP14_seg0004,S03_StaticP14_seg0004,6,4,Power,3,45361,60480,15120,1260.0,42,43
S03_personal_fold05,3,5,4,5,"per class: test=i, validation=(i+1)%8, train=remaining 6 segment indices",train,data/limb/subject03/Dynamic/subject3_limb_EMG.mat,Dynamic,S03_Dynamic_seg0004,S03_Dynamic_seg0004,7,4,Power,3,359861,464772,104912,1260.0,42,43
S03_personal_fold05,3,5,4,5,"per class: test=i, validation=(i+1)%8, train=remaining 6 segment indices",train,data/limb/subject03/StaticP1/subject3_limb_EMG.mat,StaticP1,S03_StaticP1_seg0005,S03_StaticP1_seg0005,0,5,Rest,4,60481,75600,15120,1260.0,42,43
S03_personal_fold05,3,5,4,5,"per class: test=i, validation=(i+1)%8, train=remaining 6 segment indices",train,data/limb/subject03/StaticP2/subject3_limb_EMG.mat,StaticP2,S03_StaticP2_seg0005,S03_StaticP2_seg0005,1,5,Rest,4,60481,75600,15120,1260.0,42,43
S03_personal_fold05,3,5,4,5,"per class: test=i, validation=(i+1)%8, train=remaining 6 segment indices",train,data/limb/subject03/StaticP3/subject3_limb_EMG.mat,StaticP3,S03_StaticP3_seg0005,S03_StaticP3_seg0005,2,5,Rest,4,60481,75600,15120,1260.0,42,43
S03_personal_fold05,3,5,4,5,"per class: test=i, validation=(i+1)%8, train=remaining 6 segment indices",train,data/limb/subject03/StaticP4/subject3_limb_EMG.mat,StaticP4,S03_StaticP4_seg0005,S03_StaticP4_seg0005,3,5,Rest,4,60481,75600,15120,1260.0,42,43
S03_personal_fold05,3,5,4,5,"per class: test=i, validation=(i+1)%8, train=remaining 6 segment indices",test,data/limb/subject03/StaticP9/subject3_limb_EMG.mat,StaticP9,S03_StaticP9_seg0005,S03_StaticP9_seg0005,4,5,Rest,4,60481,75600,15120,1260.0,42,43
S03_personal_fold05,3,5,4,5,"per class: test=i, validation=(i+1)%8, train=remaining 6 segment indices",validation,data/limb/subject03/StaticP10/subject3_limb_EMG.mat,StaticP10,S03_StaticP10_seg0005,S03_StaticP10_seg0005,5,5,Rest,4,60481,75600,15120,1260.0,42,43
S03_personal_fold05,3,5,4,5,"per class: test=i, validation=(i+1)%8, train=remaining 6 segment indices",train,data/limb/subject03/StaticP14/subject3_limb_EMG.mat,StaticP14,S03_StaticP14_seg0005,S03_StaticP14_seg0005,6,5,Rest,4,60481,75600,15120,1260.0,42,43
S03_personal_fold05,3,5,4,5,"per class: test=i, validation=(i+1)%8, train=remaining 6 segment indices",train,data/limb/subject03/Dynamic/subject3_limb_EMG.mat,Dynamic,S03_Dynamic_seg0005,S03_Dynamic_seg0005,7,5,Rest,4,464773,538725,73953,1260.0,42,43
S03_personal_fold06,3,6,5,6,"per class: test=i, validation=(i+1)%8, train=remaining 6 segment indices",train,data/limb/subject03/StaticP1/subject3_limb_EMG.mat,StaticP1,S03_StaticP1_seg0001,S03_StaticP1_seg0001,0,1,HandOpen,0,1,15120,15120,1260.0,42,43
S03_personal_fold06,3,6,5,6,"per class: test=i, validation=(i+1)%8, train=remaining 6 segment indices",train,data/limb/subject03/StaticP2/subject3_limb_EMG.mat,StaticP2,S03_StaticP2_seg0001,S03_StaticP2_seg0001,1,1,HandOpen,0,1,15120,15120,1260.0,42,43
S03_personal_fold06,3,6,5,6,"per class: test=i, validation=(i+1)%8, train=remaining 6 segment indices",train,data/limb/subject03/StaticP3/subject3_limb_EMG.mat,StaticP3,S03_StaticP3_seg0001,S03_StaticP3_seg0001,2,1,HandOpen,0,1,15120,15120,1260.0,42,43
S03_personal_fold06,3,6,5,6,"per class: test=i, validation=(i+1)%8, train=remaining 6 segment indices",train,data/limb/subject03/StaticP4/subject3_limb_EMG.mat,StaticP4,S03_StaticP4_seg0001,S03_StaticP4_seg0001,3,1,HandOpen,0,1,15120,15120,1260.0,42,43
S03_personal_fold06,3,6,5,6,"per class: test=i, validation=(i+1)%8, train=remaining 6 segment indices",train,data/limb/subject03/StaticP9/subject3_limb_EMG.mat,StaticP9,S03_StaticP9_seg0001,S03_StaticP9_seg0001,4,1,HandOpen,0,1,15120,15120,1260.0,42,43
S03_personal_fold06,3,6,5,6,"per class: test=i, validation=(i+1)%8, train=remaining 6 segment indices",test,data/limb/subject03/StaticP10/subject3_limb_EMG.mat,StaticP10,S03_StaticP10_seg0001,S03_StaticP10_seg0001,5,1,HandOpen,0,1,15120,15120,1260.0,42,43
S03_personal_fold06,3,6,5,6,"per class: test=i, validation=(i+1)%8, train=remaining 6 segment indices",validation,data/limb/subject03/StaticP14/subject3_limb_EMG.mat,StaticP14,S03_StaticP14_seg0001,S03_StaticP14_seg0001,6,1,HandOpen,0,1,15120,15120,1260.0,42,43
S03_personal_fold06,3,6,5,6,"per class: test=i, validation=(i+1)%8, train=remaining 6 segment indices",train,data/limb/subject03/Dynamic/subject3_limb_EMG.mat,Dynamic,S03_Dynamic_seg0001,S03_Dynamic_seg0001,7,1,HandOpen,0,1,113479,113479,1260.0,42,43
S03_personal_fold06,3,6,5,6,"per class: test=i, validation=(i+1)%8, train=remaining 6 segment indices",train,data/limb/subject03/StaticP1/subject3_limb_EMG.mat,StaticP1,S03_StaticP1_seg0002,S03_StaticP1_seg0002,0,2,Lateral,1,15121,30240,15120,1260.0,42,43
S03_personal_fold06,3,6,5,6,"per class: test=i, validation=(i+1)%8, train=remaining 6 segment indices",train,data/limb/subject03/StaticP2/subject3_limb_EMG.mat,StaticP2,S03_StaticP2_seg0002,S03_StaticP2_seg0002,1,2,Lateral,1,15121,30240,15120,1260.0,42,43
S03_personal_fold06,3,6,5,6,"per class: test=i, validation=(i+1)%8, train=remaining 6 segment indices",train,data/limb/subject03/StaticP3/subject3_limb_EMG.mat,StaticP3,S03_StaticP3_seg0002,S03_StaticP3_seg0002,2,2,Lateral,1,15121,30240,15120,1260.0,42,43
S03_personal_fold06,3,6,5,6,"per class: test=i, validation=(i+1)%8, train=remaining 6 segment indices",train,data/limb/subject03/StaticP4/subject3_limb_EMG.mat,StaticP4,S03_StaticP4_seg0002,S03_StaticP4_seg0002,3,2,Lateral,1,15121,30240,15120,1260.0,42,43
S03_personal_fold06,3,6,5,6,"per class: test=i, validation=(i+1)%8, train=remaining 6 segment indices",train,data/limb/subject03/StaticP9/subject3_limb_EMG.mat,StaticP9,S03_StaticP9_seg0002,S03_StaticP9_seg0002,4,2,Lateral,1,15121,30240,15120,1260.0,42,43
S03_personal_fold06,3,6,5,6,"per class: test=i, validation=(i+1)%8, train=remaining 6 segment indices",test,data/limb/subject03/StaticP10/subject3_limb_EMG.mat,StaticP10,S03_StaticP10_seg0002,S03_StaticP10_seg0002,5,2,Lateral,1,15121,30240,15120,1260.0,42,43
S03_personal_fold06,3,6,5,6,"per class: test=i, validation=(i+1)%8, train=remaining 6 segment indices",validation,data/limb/subject03/StaticP14/subject3_limb_EMG.mat,StaticP14,S03_StaticP14_seg0002,S03_StaticP14_seg0002,6,2,Lateral,1,15121,30240,15120,1260.0,42,43
S03_personal_fold06,3,6,5,6,"per class: test=i, validation=(i+1)%8, train=remaining 6 segment indices",train,data/limb/subject03/Dynamic/subject3_limb_EMG.mat,Dynamic,S03_Dynamic_seg0002,S03_Dynamic_seg0002,7,2,Lateral,1,113480,259672,146193,1260.0,42,43
S03_personal_fold06,3,6,5,6,"per class: test=i, validation=(i+1)%8, train=remaining 6 segment indices",train,data/limb/subject03/StaticP1/subject3_limb_EMG.mat,StaticP1,S03_StaticP1_seg0003,S03_StaticP1_seg0003,0,3,Pinch,2,30241,45360,15120,1260.0,42,43
S03_personal_fold06,3,6,5,6,"per class: test=i, validation=(i+1)%8, train=remaining 6 segment indices",train,data/limb/subject03/StaticP2/subject3_limb_EMG.mat,StaticP2,S03_StaticP2_seg0003,S03_StaticP2_seg0003,1,3,Pinch,2,30241,45360,15120,1260.0,42,43
S03_personal_fold06,3,6,5,6,"per class: test=i, validation=(i+1)%8, train=remaining 6 segment indices",train,data/limb/subject03/StaticP3/subject3_limb_EMG.mat,StaticP3,S03_StaticP3_seg0003,S03_StaticP3_seg0003,2,3,Pinch,2,30241,45360,15120,1260.0,42,43
S03_personal_fold06,3,6,5,6,"per class: test=i, validation=(i+1)%8, train=remaining 6 segment indices",train,data/limb/subject03/StaticP4/subject3_limb_EMG.mat,StaticP4,S03_StaticP4_seg0003,S03_StaticP4_seg0003,3,3,Pinch,2,30241,45360,15120,1260.0,42,43
S03_personal_fold06,3,6,5,6,"per class: test=i, validation=(i+1)%8, train=remaining 6 segment indices",train,data/limb/subject03/StaticP9/subject3_limb_EMG.mat,StaticP9,S03_StaticP9_seg0003,S03_StaticP9_seg0003,4,3,Pinch,2,30241,45360,15120,1260.0,42,43
S03_personal_fold06,3,6,5,6,"per class: test=i, validation=(i+1)%8, train=remaining 6 segment indices",test,data/limb/subject03/StaticP10/subject3_limb_EMG.mat,StaticP10,S03_StaticP10_seg0003,S03_StaticP10_seg0003,5,3,Pinch,2,30241,45360,15120,1260.0,42,43
S03_personal_fold06,3,6,5,6,"per class: test=i, validation=(i+1)%8, train=remaining 6 segment indices",validation,data/limb/subject03/StaticP14/subject3_limb_EMG.mat,StaticP14,S03_StaticP14_seg0003,S03_StaticP14_seg0003,6,3,Pinch,2,30241,45360,15120,1260.0,42,43
S03_personal_fold06,3,6,5,6,"per class: test=i, validation=(i+1)%8, train=remaining 6 segment indices",train,data/limb/subject03/Dynamic/subject3_limb_EMG.mat,Dynamic,S03_Dynamic_seg0003,S03_Dynamic_seg0003,7,3,Pinch,2,259673,359860,100188,1260.0,42,43
S03_personal_fold06,3,6,5,6,"per class: test=i, validation=(i+1)%8, train=remaining 6 segment indices",train,data/limb/subject03/StaticP1/subject3_limb_EMG.mat,StaticP1,S03_StaticP1_seg0004,S03_StaticP1_seg0004,0,4,Power,3,45361,60480,15120,1260.0,42,43
S03_personal_fold06,3,6,5,6,"per class: test=i, validation=(i+1)%8, train=remaining 6 segment indices",train,data/limb/subject03/StaticP2/subject3_limb_EMG.mat,StaticP2,S03_StaticP2_seg0004,S03_StaticP2_seg0004,1,4,Power,3,45361,60480,15120,1260.0,42,43
S03_personal_fold06,3,6,5,6,"per class: test=i, validation=(i+1)%8, train=remaining 6 segment indices",train,data/limb/subject03/StaticP3/subject3_limb_EMG.mat,StaticP3,S03_StaticP3_seg0004,S03_StaticP3_seg0004,2,4,Power,3,45361,60480,15120,1260.0,42,43
S03_personal_fold06,3,6,5,6,"per class: test=i, validation=(i+1)%8, train=remaining 6 segment indices",train,data/limb/subject03/StaticP4/subject3_limb_EMG.mat,StaticP4,S03_StaticP4_seg0004,S03_StaticP4_seg0004,3,4,Power,3,45361,60480,15120,1260.0,42,43
S03_personal_fold06,3,6,5,6,"per class: test=i, validation=(i+1)%8, train=remaining 6 segment indices",train,data/limb/subject03/StaticP9/subject3_limb_EMG.mat,StaticP9,S03_StaticP9_seg0004,S03_StaticP9_seg0004,4,4,Power,3,45361,60480,15120,1260.0,42,43
S03_personal_fold06,3,6,5,6,"per class: test=i, validation=(i+1)%8, train=remaining 6 segment indices",test,data/limb/subject03/StaticP10/subject3_limb_EMG.mat,StaticP10,S03_StaticP10_seg0004,S03_StaticP10_seg0004,5,4,Power,3,45361,60480,15120,1260.0,42,43
S03_personal_fold06,3,6,5,6,"per class: test=i, validation=(i+1)%8, train=remaining 6 segment indices",validation,data/limb/subject03/StaticP14/subject3_limb_EMG.mat,StaticP14,S03_StaticP14_seg0004,S03_StaticP14_seg0004,6,4,Power,3,45361,60480,15120,1260.0,42,43
S03_personal_fold06,3,6,5,6,"per class: test=i, validation=(i+1)%8, train=remaining 6 segment indices",train,data/limb/subject03/Dynamic/subject3_limb_EMG.mat,Dynamic,S03_Dynamic_seg0004,S03_Dynamic_seg0004,7,4,Power,3,359861,464772,104912,1260.0,42,43
S03_personal_fold06,3,6,5,6,"per class: test=i, validation=(i+1)%8, train=remaining 6 segment indices",train,data/limb/subject03/StaticP1/subject3_limb_EMG.mat,StaticP1,S03_StaticP1_seg0005,S03_StaticP1_seg0005,0,5,Rest,4,60481,75600,15120,1260.0,42,43
S03_personal_fold06,3,6,5,6,"per class: test=i, validation=(i+1)%8, train=remaining 6 segment indices",train,data/limb/subject03/StaticP2/subject3_limb_EMG.mat,StaticP2,S03_StaticP2_seg0005,S03_StaticP2_seg0005,1,5,Rest,4,60481,75600,15120,1260.0,42,43
S03_personal_fold06,3,6,5,6,"per class: test=i, validation=(i+1)%8, train=remaining 6 segment indices",train,data/limb/subject03/StaticP3/subject3_limb_EMG.mat,StaticP3,S03_StaticP3_seg0005,S03_StaticP3_seg0005,2,5,Rest,4,60481,75600,15120,1260.0,42,43
S03_personal_fold06,3,6,5,6,"per class: test=i, validation=(i+1)%8, train=remaining 6 segment indices",train,data/limb/subject03/StaticP4/subject3_limb_EMG.mat,StaticP4,S03_StaticP4_seg0005,S03_StaticP4_seg0005,3,5,Rest,4,60481,75600,15120,1260.0,42,43
S03_personal_fold06,3,6,5,6,"per class: test=i, validation=(i+1)%8, train=remaining 6 segment indices",train,data/limb/subject03/StaticP9/subject3_limb_EMG.mat,StaticP9,S03_StaticP9_seg0005,S03_StaticP9_seg0005,4,5,Rest,4,60481,75600,15120,1260.0,42,43
S03_personal_fold06,3,6,5,6,"per class: test=i, validation=(i+1)%8, train=remaining 6 segment indices",test,data/limb/subject03/StaticP10/subject3_limb_EMG.mat,StaticP10,S03_StaticP10_seg0005,S03_StaticP10_seg0005,5,5,Rest,4,60481,75600,15120,1260.0,42,43
S03_personal_fold06,3,6,5,6,"per class: test=i, validation=(i+1)%8, train=remaining 6 segment indices",validation,data/limb/subject03/StaticP14/subject3_limb_EMG.mat,StaticP14,S03_StaticP14_seg0005,S03_StaticP14_seg0005,6,5,Rest,4,60481,75600,15120,1260.0,42,43
S03_personal_fold06,3,6,5,6,"per class: test=i, validation=(i+1)%8, train=remaining 6 segment indices",train,data/limb/subject03/Dynamic/subject3_limb_EMG.mat,Dynamic,S03_Dynamic_seg0005,S03_Dynamic_seg0005,7,5,Rest,4,464773,538725,73953,1260.0,42,43
S03_personal_fold07,3,7,6,7,"per class: test=i, validation=(i+1)%8, train=remaining 6 segment indices",train,data/limb/subject03/StaticP1/subject3_limb_EMG.mat,StaticP1,S03_StaticP1_seg0001,S03_StaticP1_seg0001,0,1,HandOpen,0,1,15120,15120,1260.0,42,43
S03_personal_fold07,3,7,6,7,"per class: test=i, validation=(i+1)%8, train=remaining 6 segment indices",train,data/limb/subject03/StaticP2/subject3_limb_EMG.mat,StaticP2,S03_StaticP2_seg0001,S03_StaticP2_seg0001,1,1,HandOpen,0,1,15120,15120,1260.0,42,43
S03_personal_fold07,3,7,6,7,"per class: test=i, validation=(i+1)%8, train=remaining 6 segment indices",train,data/limb/subject03/StaticP3/subject3_limb_EMG.mat,StaticP3,S03_StaticP3_seg0001,S03_StaticP3_seg0001,2,1,HandOpen,0,1,15120,15120,1260.0,42,43
S03_personal_fold07,3,7,6,7,"per class: test=i, validation=(i+1)%8, train=remaining 6 segment indices",train,data/limb/subject03/StaticP4/subject3_limb_EMG.mat,StaticP4,S03_StaticP4_seg0001,S03_StaticP4_seg0001,3,1,HandOpen,0,1,15120,15120,1260.0,42,43
S03_personal_fold07,3,7,6,7,"per class: test=i, validation=(i+1)%8, train=remaining 6 segment indices",train,data/limb/subject03/StaticP9/subject3_limb_EMG.mat,StaticP9,S03_StaticP9_seg0001,S03_StaticP9_seg0001,4,1,HandOpen,0,1,15120,15120,1260.0,42,43
S03_personal_fold07,3,7,6,7,"per class: test=i, validation=(i+1)%8, train=remaining 6 segment indices",train,data/limb/subject03/StaticP10/subject3_limb_EMG.mat,StaticP10,S03_StaticP10_seg0001,S03_StaticP10_seg0001,5,1,HandOpen,0,1,15120,15120,1260.0,42,43
S03_personal_fold07,3,7,6,7,"per class: test=i, validation=(i+1)%8, train=remaining 6 segment indices",test,data/limb/subject03/StaticP14/subject3_limb_EMG.mat,StaticP14,S03_StaticP14_seg0001,S03_StaticP14_seg0001,6,1,HandOpen,0,1,15120,15120,1260.0,42,43
S03_personal_fold07,3,7,6,7,"per class: test=i, validation=(i+1)%8, train=remaining 6 segment indices",validation,data/limb/subject03/Dynamic/subject3_limb_EMG.mat,Dynamic,S03_Dynamic_seg0001,S03_Dynamic_seg0001,7,1,HandOpen,0,1,113479,113479,1260.0,42,43
S03_personal_fold07,3,7,6,7,"per class: test=i, validation=(i+1)%8, train=remaining 6 segment indices",train,data/limb/subject03/StaticP1/subject3_limb_EMG.mat,StaticP1,S03_StaticP1_seg0002,S03_StaticP1_seg0002,0,2,Lateral,1,15121,30240,15120,1260.0,42,43
S03_personal_fold07,3,7,6,7,"per class: test=i, validation=(i+1)%8, train=remaining 6 segment indices",train,data/limb/subject03/StaticP2/subject3_limb_EMG.mat,StaticP2,S03_StaticP2_seg0002,S03_StaticP2_seg0002,1,2,Lateral,1,15121,30240,15120,1260.0,42,43
S03_personal_fold07,3,7,6,7,"per class: test=i, validation=(i+1)%8, train=remaining 6 segment indices",train,data/limb/subject03/StaticP3/subject3_limb_EMG.mat,StaticP3,S03_StaticP3_seg0002,S03_StaticP3_seg0002,2,2,Lateral,1,15121,30240,15120,1260.0,42,43
S03_personal_fold07,3,7,6,7,"per class: test=i, validation=(i+1)%8, train=remaining 6 segment indices",train,data/limb/subject03/StaticP4/subject3_limb_EMG.mat,StaticP4,S03_StaticP4_seg0002,S03_StaticP4_seg0002,3,2,Lateral,1,15121,30240,15120,1260.0,42,43
S03_personal_fold07,3,7,6,7,"per class: test=i, validation=(i+1)%8, train=remaining 6 segment indices",train,data/limb/subject03/StaticP9/subject3_limb_EMG.mat,StaticP9,S03_StaticP9_seg0002,S03_StaticP9_seg0002,4,2,Lateral,1,15121,30240,15120,1260.0,42,43
S03_personal_fold07,3,7,6,7,"per class: test=i, validation=(i+1)%8, train=remaining 6 segment indices",train,data/limb/subject03/StaticP10/subject3_limb_EMG.mat,StaticP10,S03_StaticP10_seg0002,S03_StaticP10_seg0002,5,2,Lateral,1,15121,30240,15120,1260.0,42,43
S03_personal_fold07,3,7,6,7,"per class: test=i, validation=(i+1)%8, train=remaining 6 segment indices",test,data/limb/subject03/StaticP14/subject3_limb_EMG.mat,StaticP14,S03_StaticP14_seg0002,S03_StaticP14_seg0002,6,2,Lateral,1,15121,30240,15120,1260.0,42,43
S03_personal_fold07,3,7,6,7,"per class: test=i, validation=(i+1)%8, train=remaining 6 segment indices",validation,data/limb/subject03/Dynamic/subject3_limb_EMG.mat,Dynamic,S03_Dynamic_seg0002,S03_Dynamic_seg0002,7,2,Lateral,1,113480,259672,146193,1260.0,42,43
S03_personal_fold07,3,7,6,7,"per class: test=i, validation=(i+1)%8, train=remaining 6 segment indices",train,data/limb/subject03/StaticP1/subject3_limb_EMG.mat,StaticP1,S03_StaticP1_seg0003,S03_StaticP1_seg0003,0,3,Pinch,2,30241,45360,15120,1260.0,42,43
S03_personal_fold07,3,7,6,7,"per class: test=i, validation=(i+1)%8, train=remaining 6 segment indices",train,data/limb/subject03/StaticP2/subject3_limb_EMG.mat,StaticP2,S03_StaticP2_seg0003,S03_StaticP2_seg0003,1,3,Pinch,2,30241,45360,15120,1260.0,42,43
S03_personal_fold07,3,7,6,7,"per class: test=i, validation=(i+1)%8, train=remaining 6 segment indices",train,data/limb/subject03/StaticP3/subject3_limb_EMG.mat,StaticP3,S03_StaticP3_seg0003,S03_StaticP3_seg0003,2,3,Pinch,2,30241,45360,15120,1260.0,42,43
S03_personal_fold07,3,7,6,7,"per class: test=i, validation=(i+1)%8, train=remaining 6 segment indices",train,data/limb/subject03/StaticP4/subject3_limb_EMG.mat,StaticP4,S03_StaticP4_seg0003,S03_StaticP4_seg0003,3,3,Pinch,2,30241,45360,15120,1260.0,42,43
S03_personal_fold07,3,7,6,7,"per class: test=i, validation=(i+1)%8, train=remaining 6 segment indices",train,data/limb/subject03/StaticP9/subject3_limb_EMG.mat,StaticP9,S03_StaticP9_seg0003,S03_StaticP9_seg0003,4,3,Pinch,2,30241,45360,15120,1260.0,42,43
S03_personal_fold07,3,7,6,7,"per class: test=i, validation=(i+1)%8, train=remaining 6 segment indices",train,data/limb/subject03/StaticP10/subject3_limb_EMG.mat,StaticP10,S03_StaticP10_seg0003,S03_StaticP10_seg0003,5,3,Pinch,2,30241,45360,15120,1260.0,42,43
S03_personal_fold07,3,7,6,7,"per class: test=i, validation=(i+1)%8, train=remaining 6 segment indices",test,data/limb/subject03/StaticP14/subject3_limb_EMG.mat,StaticP14,S03_StaticP14_seg0003,S03_StaticP14_seg0003,6,3,Pinch,2,30241,45360,15120,1260.0,42,43
S03_personal_fold07,3,7,6,7,"per class: test=i, validation=(i+1)%8, train=remaining 6 segment indices",validation,data/limb/subject03/Dynamic/subject3_limb_EMG.mat,Dynamic,S03_Dynamic_seg0003,S03_Dynamic_seg0003,7,3,Pinch,2,259673,359860,100188,1260.0,42,43
S03_personal_fold07,3,7,6,7,"per class: test=i, validation=(i+1)%8, train=remaining 6 segment indices",train,data/limb/subject03/StaticP1/subject3_limb_EMG.mat,StaticP1,S03_StaticP1_seg0004,S03_StaticP1_seg0004,0,4,Power,3,45361,60480,15120,1260.0,42,43
S03_personal_fold07,3,7,6,7,"per class: test=i, validation=(i+1)%8, train=remaining 6 segment indices",train,data/limb/subject03/StaticP2/subject3_limb_EMG.mat,StaticP2,S03_StaticP2_seg0004,S03_StaticP2_seg0004,1,4,Power,3,45361,60480,15120,1260.0,42,43
S03_personal_fold07,3,7,6,7,"per class: test=i, validation=(i+1)%8, train=remaining 6 segment indices",train,data/limb/subject03/StaticP3/subject3_limb_EMG.mat,StaticP3,S03_StaticP3_seg0004,S03_StaticP3_seg0004,2,4,Power,3,45361,60480,15120,1260.0,42,43
S03_personal_fold07,3,7,6,7,"per class: test=i, validation=(i+1)%8, train=remaining 6 segment indices",train,data/limb/subject03/StaticP4/subject3_limb_EMG.mat,StaticP4,S03_StaticP4_seg0004,S03_StaticP4_seg0004,3,4,Power,3,45361,60480,15120,1260.0,42,43
S03_personal_fold07,3,7,6,7,"per class: test=i, validation=(i+1)%8, train=remaining 6 segment indices",train,data/limb/subject03/StaticP9/subject3_limb_EMG.mat,StaticP9,S03_StaticP9_seg0004,S03_StaticP9_seg0004,4,4,Power,3,45361,60480,15120,1260.0,42,43
S03_personal_fold07,3,7,6,7,"per class: test=i, validation=(i+1)%8, train=remaining 6 segment indices",train,data/limb/subject03/StaticP10/subject3_limb_EMG.mat,StaticP10,S03_StaticP10_seg0004,S03_StaticP10_seg0004,5,4,Power,3,45361,60480,15120,1260.0,42,43
S03_personal_fold07,3,7,6,7,"per class: test=i, validation=(i+1)%8, train=remaining 6 segment indices",test,data/limb/subject03/StaticP14/subject3_limb_EMG.mat,StaticP14,S03_StaticP14_seg0004,S03_StaticP14_seg0004,6,4,Power,3,45361,60480,15120,1260.0,42,43
S03_personal_fold07,3,7,6,7,"per class: test=i, validation=(i+1)%8, train=remaining 6 segment indices",validation,data/limb/subject03/Dynamic/subject3_limb_EMG.mat,Dynamic,S03_Dynamic_seg0004,S03_Dynamic_seg0004,7,4,Power,3,359861,464772,104912,1260.0,42,43
S03_personal_fold07,3,7,6,7,"per class: test=i, validation=(i+1)%8, train=remaining 6 segment indices",train,data/limb/subject03/StaticP1/subject3_limb_EMG.mat,StaticP1,S03_StaticP1_seg0005,S03_StaticP1_seg0005,0,5,Rest,4,60481,75600,15120,1260.0,42,43
S03_personal_fold07,3,7,6,7,"per class: test=i, validation=(i+1)%8, train=remaining 6 segment indices",train,data/limb/subject03/StaticP2/subject3_limb_EMG.mat,StaticP2,S03_StaticP2_seg0005,S03_StaticP2_seg0005,1,5,Rest,4,60481,75600,15120,1260.0,42,43
S03_personal_fold07,3,7,6,7,"per class: test=i, validation=(i+1)%8, train=remaining 6 segment indices",train,data/limb/subject03/StaticP3/subject3_limb_EMG.mat,StaticP3,S03_StaticP3_seg0005,S03_StaticP3_seg0005,2,5,Rest,4,60481,75600,15120,1260.0,42,43
S03_personal_fold07,3,7,6,7,"per class: test=i, validation=(i+1)%8, train=remaining 6 segment indices",train,data/limb/subject03/StaticP4/subject3_limb_EMG.mat,StaticP4,S03_StaticP4_seg0005,S03_StaticP4_seg0005,3,5,Rest,4,60481,75600,15120,1260.0,42,43
S03_personal_fold07,3,7,6,7,"per class: test=i, validation=(i+1)%8, train=remaining 6 segment indices",train,data/limb/subject03/StaticP9/subject3_limb_EMG.mat,StaticP9,S03_StaticP9_seg0005,S03_StaticP9_seg0005,4,5,Rest,4,60481,75600,15120,1260.0,42,43
S03_personal_fold07,3,7,6,7,"per class: test=i, validation=(i+1)%8, train=remaining 6 segment indices",train,data/limb/subject03/StaticP10/subject3_limb_EMG.mat,StaticP10,S03_StaticP10_seg0005,S03_StaticP10_seg0005,5,5,Rest,4,60481,75600,15120,1260.0,42,43
S03_personal_fold07,3,7,6,7,"per class: test=i, validation=(i+1)%8, train=remaining 6 segment indices",test,data/limb/subject03/StaticP14/subject3_limb_EMG.mat,StaticP14,S03_StaticP14_seg0005,S03_StaticP14_seg0005,6,5,Rest,4,60481,75600,15120,1260.0,42,43
S03_personal_fold07,3,7,6,7,"per class: test=i, validation=(i+1)%8, train=remaining 6 segment indices",validation,data/limb/subject03/Dynamic/subject3_limb_EMG.mat,Dynamic,S03_Dynamic_seg0005,S03_Dynamic_seg0005,7,5,Rest,4,464773,538725,73953,1260.0,42,43
S03_personal_fold08,3,8,7,0,"per class: test=i, validation=(i+1)%8, train=remaining 6 segment indices",validation,data/limb/subject03/StaticP1/subject3_limb_EMG.mat,StaticP1,S03_StaticP1_seg0001,S03_StaticP1_seg0001,0,1,HandOpen,0,1,15120,15120,1260.0,42,43
S03_personal_fold08,3,8,7,0,"per class: test=i, validation=(i+1)%8, train=remaining 6 segment indices",train,data/limb/subject03/StaticP2/subject3_limb_EMG.mat,StaticP2,S03_StaticP2_seg0001,S03_StaticP2_seg0001,1,1,HandOpen,0,1,15120,15120,1260.0,42,43
S03_personal_fold08,3,8,7,0,"per class: test=i, validation=(i+1)%8, train=remaining 6 segment indices",train,data/limb/subject03/StaticP3/subject3_limb_EMG.mat,StaticP3,S03_StaticP3_seg0001,S03_StaticP3_seg0001,2,1,HandOpen,0,1,15120,15120,1260.0,42,43
S03_personal_fold08,3,8,7,0,"per class: test=i, validation=(i+1)%8, train=remaining 6 segment indices",train,data/limb/subject03/StaticP4/subject3_limb_EMG.mat,StaticP4,S03_StaticP4_seg0001,S03_StaticP4_seg0001,3,1,HandOpen,0,1,15120,15120,1260.0,42,43
S03_personal_fold08,3,8,7,0,"per class: test=i, validation=(i+1)%8, train=remaining 6 segment indices",train,data/limb/subject03/StaticP9/subject3_limb_EMG.mat,StaticP9,S03_StaticP9_seg0001,S03_StaticP9_seg0001,4,1,HandOpen,0,1,15120,15120,1260.0,42,43
S03_personal_fold08,3,8,7,0,"per class: test=i, validation=(i+1)%8, train=remaining 6 segment indices",train,data/limb/subject03/StaticP10/subject3_limb_EMG.mat,StaticP10,S03_StaticP10_seg0001,S03_StaticP10_seg0001,5,1,HandOpen,0,1,15120,15120,1260.0,42,43
S03_personal_fold08,3,8,7,0,"per class: test=i, validation=(i+1)%8, train=remaining 6 segment indices",train,data/limb/subject03/StaticP14/subject3_limb_EMG.mat,StaticP14,S03_StaticP14_seg0001,S03_StaticP14_seg0001,6,1,HandOpen,0,1,15120,15120,1260.0,42,43
S03_personal_fold08,3,8,7,0,"per class: test=i, validation=(i+1)%8, train=remaining 6 segment indices",test,data/limb/subject03/Dynamic/subject3_limb_EMG.mat,Dynamic,S03_Dynamic_seg0001,S03_Dynamic_seg0001,7,1,HandOpen,0,1,113479,113479,1260.0,42,43
S03_personal_fold08,3,8,7,0,"per class: test=i, validation=(i+1)%8, train=remaining 6 segment indices",validation,data/limb/subject03/StaticP1/subject3_limb_EMG.mat,StaticP1,S03_StaticP1_seg0002,S03_StaticP1_seg0002,0,2,Lateral,1,15121,30240,15120,1260.0,42,43
S03_personal_fold08,3,8,7,0,"per class: test=i, validation=(i+1)%8, train=remaining 6 segment indices",train,data/limb/subject03/StaticP2/subject3_limb_EMG.mat,StaticP2,S03_StaticP2_seg0002,S03_StaticP2_seg0002,1,2,Lateral,1,15121,30240,15120,1260.0,42,43
S03_personal_fold08,3,8,7,0,"per class: test=i, validation=(i+1)%8, train=remaining 6 segment indices",train,data/limb/subject03/StaticP3/subject3_limb_EMG.mat,StaticP3,S03_StaticP3_seg0002,S03_StaticP3_seg0002,2,2,Lateral,1,15121,30240,15120,1260.0,42,43
S03_personal_fold08,3,8,7,0,"per class: test=i, validation=(i+1)%8, train=remaining 6 segment indices",train,data/limb/subject03/StaticP4/subject3_limb_EMG.mat,StaticP4,S03_StaticP4_seg0002,S03_StaticP4_seg0002,3,2,Lateral,1,15121,30240,15120,1260.0,42,43
S03_personal_fold08,3,8,7,0,"per class: test=i, validation=(i+1)%8, train=remaining 6 segment indices",train,data/limb/subject03/StaticP9/subject3_limb_EMG.mat,StaticP9,S03_StaticP9_seg0002,S03_StaticP9_seg0002,4,2,Lateral,1,15121,30240,15120,1260.0,42,43
S03_personal_fold08,3,8,7,0,"per class: test=i, validation=(i+1)%8, train=remaining 6 segment indices",train,data/limb/subject03/StaticP10/subject3_limb_EMG.mat,StaticP10,S03_StaticP10_seg0002,S03_StaticP10_seg0002,5,2,Lateral,1,15121,30240,15120,1260.0,42,43
S03_personal_fold08,3,8,7,0,"per class: test=i, validation=(i+1)%8, train=remaining 6 segment indices",train,data/limb/subject03/StaticP14/subject3_limb_EMG.mat,StaticP14,S03_StaticP14_seg0002,S03_StaticP14_seg0002,6,2,Lateral,1,15121,30240,15120,1260.0,42,43
S03_personal_fold08,3,8,7,0,"per class: test=i, validation=(i+1)%8, train=remaining 6 segment indices",test,data/limb/subject03/Dynamic/subject3_limb_EMG.mat,Dynamic,S03_Dynamic_seg0002,S03_Dynamic_seg0002,7,2,Lateral,1,113480,259672,146193,1260.0,42,43
S03_personal_fold08,3,8,7,0,"per class: test=i, validation=(i+1)%8, train=remaining 6 segment indices",validation,data/limb/subject03/StaticP1/subject3_limb_EMG.mat,StaticP1,S03_StaticP1_seg0003,S03_StaticP1_seg0003,0,3,Pinch,2,30241,45360,15120,1260.0,42,43
S03_personal_fold08,3,8,7,0,"per class: test=i, validation=(i+1)%8, train=remaining 6 segment indices",train,data/limb/subject03/StaticP2/subject3_limb_EMG.mat,StaticP2,S03_StaticP2_seg0003,S03_StaticP2_seg0003,1,3,Pinch,2,30241,45360,15120,1260.0,42,43
S03_personal_fold08,3,8,7,0,"per class: test=i, validation=(i+1)%8, train=remaining 6 segment indices",train,data/limb/subject03/StaticP3/subject3_limb_EMG.mat,StaticP3,S03_StaticP3_seg0003,S03_StaticP3_seg0003,2,3,Pinch,2,30241,45360,15120,1260.0,42,43
S03_personal_fold08,3,8,7,0,"per class: test=i, validation=(i+1)%8, train=remaining 6 segment indices",train,data/limb/subject03/StaticP4/subject3_limb_EMG.mat,StaticP4,S03_StaticP4_seg0003,S03_StaticP4_seg0003,3,3,Pinch,2,30241,45360,15120,1260.0,42,43
S03_personal_fold08,3,8,7,0,"per class: test=i, validation=(i+1)%8, train=remaining 6 segment indices",train,data/limb/subject03/StaticP9/subject3_limb_EMG.mat,StaticP9,S03_StaticP9_seg0003,S03_StaticP9_seg0003,4,3,Pinch,2,30241,45360,15120,1260.0,42,43
S03_personal_fold08,3,8,7,0,"per class: test=i, validation=(i+1)%8, train=remaining 6 segment indices",train,data/limb/subject03/StaticP10/subject3_limb_EMG.mat,StaticP10,S03_StaticP10_seg0003,S03_StaticP10_seg0003,5,3,Pinch,2,30241,45360,15120,1260.0,42,43
S03_personal_fold08,3,8,7,0,"per class: test=i, validation=(i+1)%8, train=remaining 6 segment indices",train,data/limb/subject03/StaticP14/subject3_limb_EMG.mat,StaticP14,S03_StaticP14_seg0003,S03_StaticP14_seg0003,6,3,Pinch,2,30241,45360,15120,1260.0,42,43
S03_personal_fold08,3,8,7,0,"per class: test=i, validation=(i+1)%8, train=remaining 6 segment indices",test,data/limb/subject03/Dynamic/subject3_limb_EMG.mat,Dynamic,S03_Dynamic_seg0003,S03_Dynamic_seg0003,7,3,Pinch,2,259673,359860,100188,1260.0,42,43
S03_personal_fold08,3,8,7,0,"per class: test=i, validation=(i+1)%8, train=remaining 6 segment indices",validation,data/limb/subject03/StaticP1/subject3_limb_EMG.mat,StaticP1,S03_StaticP1_seg0004,S03_StaticP1_seg0004,0,4,Power,3,45361,60480,15120,1260.0,42,43
S03_personal_fold08,3,8,7,0,"per class: test=i, validation=(i+1)%8, train=remaining 6 segment indices",train,data/limb/subject03/StaticP2/subject3_limb_EMG.mat,StaticP2,S03_StaticP2_seg0004,S03_StaticP2_seg0004,1,4,Power,3,45361,60480,15120,1260.0,42,43
S03_personal_fold08,3,8,7,0,"per class: test=i, validation=(i+1)%8, train=remaining 6 segment indices",train,data/limb/subject03/StaticP3/subject3_limb_EMG.mat,StaticP3,S03_StaticP3_seg0004,S03_StaticP3_seg0004,2,4,Power,3,45361,60480,15120,1260.0,42,43
S03_personal_fold08,3,8,7,0,"per class: test=i, validation=(i+1)%8, train=remaining 6 segment indices",train,data/limb/subject03/StaticP4/subject3_limb_EMG.mat,StaticP4,S03_StaticP4_seg0004,S03_StaticP4_seg0004,3,4,Power,3,45361,60480,15120,1260.0,42,43
S03_personal_fold08,3,8,7,0,"per class: test=i, validation=(i+1)%8, train=remaining 6 segment indices",train,data/limb/subject03/StaticP9/subject3_limb_EMG.mat,StaticP9,S03_StaticP9_seg0004,S03_StaticP9_seg0004,4,4,Power,3,45361,60480,15120,1260.0,42,43
S03_personal_fold08,3,8,7,0,"per class: test=i, validation=(i+1)%8, train=remaining 6 segment indices",train,data/limb/subject03/StaticP10/subject3_limb_EMG.mat,StaticP10,S03_StaticP10_seg0004,S03_StaticP10_seg0004,5,4,Power,3,45361,60480,15120,1260.0,42,43
S03_personal_fold08,3,8,7,0,"per class: test=i, validation=(i+1)%8, train=remaining 6 segment indices",train,data/limb/subject03/StaticP14/subject3_limb_EMG.mat,StaticP14,S03_StaticP14_seg0004,S03_StaticP14_seg0004,6,4,Power,3,45361,60480,15120,1260.0,42,43
S03_personal_fold08,3,8,7,0,"per class: test=i, validation=(i+1)%8, train=remaining 6 segment indices",test,data/limb/subject03/Dynamic/subject3_limb_EMG.mat,Dynamic,S03_Dynamic_seg0004,S03_Dynamic_seg0004,7,4,Power,3,359861,464772,104912,1260.0,42,43
S03_personal_fold08,3,8,7,0,"per class: test=i, validation=(i+1)%8, train=remaining 6 segment indices",validation,data/limb/subject03/StaticP1/subject3_limb_EMG.mat,StaticP1,S03_StaticP1_seg0005,S03_StaticP1_seg0005,0,5,Rest,4,60481,75600,15120,1260.0,42,43
S03_personal_fold08,3,8,7,0,"per class: test=i, validation=(i+1)%8, train=remaining 6 segment indices",train,data/limb/subject03/StaticP2/subject3_limb_EMG.mat,StaticP2,S03_StaticP2_seg0005,S03_StaticP2_seg0005,1,5,Rest,4,60481,75600,15120,1260.0,42,43
S03_personal_fold08,3,8,7,0,"per class: test=i, validation=(i+1)%8, train=remaining 6 segment indices",train,data/limb/subject03/StaticP3/subject3_limb_EMG.mat,StaticP3,S03_StaticP3_seg0005,S03_StaticP3_seg0005,2,5,Rest,4,60481,75600,15120,1260.0,42,43
S03_personal_fold08,3,8,7,0,"per class: test=i, validation=(i+1)%8, train=remaining 6 segment indices",train,data/limb/subject03/StaticP4/subject3_limb_EMG.mat,StaticP4,S03_StaticP4_seg0005,S03_StaticP4_seg0005,3,5,Rest,4,60481,75600,15120,1260.0,42,43
S03_personal_fold08,3,8,7,0,"per class: test=i, validation=(i+1)%8, train=remaining 6 segment indices",train,data/limb/subject03/StaticP9/subject3_limb_EMG.mat,StaticP9,S03_StaticP9_seg0005,S03_StaticP9_seg0005,4,5,Rest,4,60481,75600,15120,1260.0,42,43
S03_personal_fold08,3,8,7,0,"per class: test=i, validation=(i+1)%8, train=remaining 6 segment indices",train,data/limb/subject03/StaticP10/subject3_limb_EMG.mat,StaticP10,S03_StaticP10_seg0005,S03_StaticP10_seg0005,5,5,Rest,4,60481,75600,15120,1260.0,42,43
S03_personal_fold08,3,8,7,0,"per class: test=i, validation=(i+1)%8, train=remaining 6 segment indices",train,data/limb/subject03/StaticP14/subject3_limb_EMG.mat,StaticP14,S03_StaticP14_seg0005,S03_StaticP14_seg0005,6,5,Rest,4,60481,75600,15120,1260.0,42,43
S03_personal_fold08,3,8,7,0,"per class: test=i, validation=(i+1)%8, train=remaining 6 segment indices",test,data/limb/subject03/Dynamic/subject3_limb_EMG.mat,Dynamic,S03_Dynamic_seg0005,S03_Dynamic_seg0005,7,5,Rest,4,464773,538725,73953,1260.0,42,43
S04_personal_fold01,4,1,0,1,"per class: test=i, validation=(i+1)%8, train=remaining 6 segment indices",test,data/limb/subject04/StaticP1/subject4_limb_EMG.mat,StaticP1,S04_StaticP1_seg0001,S04_StaticP1_seg0001,0,1,HandOpen,0,1,15120,15120,1260.0,42,43
S04_personal_fold01,4,1,0,1,"per class: test=i, validation=(i+1)%8, train=remaining 6 segment indices",validation,data/limb/subject04/StaticP2/subject4_limb_EMG.mat,StaticP2,S04_StaticP2_seg0001,S04_StaticP2_seg0001,1,1,HandOpen,0,1,15120,15120,1260.0,42,43
S04_personal_fold01,4,1,0,1,"per class: test=i, validation=(i+1)%8, train=remaining 6 segment indices",train,data/limb/subject04/StaticP3/subject4_limb_EMG.mat,StaticP3,S04_StaticP3_seg0001,S04_StaticP3_seg0001,2,1,HandOpen,0,1,15120,15120,1260.0,42,43
S04_personal_fold01,4,1,0,1,"per class: test=i, validation=(i+1)%8, train=remaining 6 segment indices",train,data/limb/subject04/StaticP4/subject4_limb_EMG.mat,StaticP4,S04_StaticP4_seg0001,S04_StaticP4_seg0001,3,1,HandOpen,0,1,15120,15120,1260.0,42,43
S04_personal_fold01,4,1,0,1,"per class: test=i, validation=(i+1)%8, train=remaining 6 segment indices",train,data/limb/subject04/StaticP9/subject4_limb_EMG.mat,StaticP9,S04_StaticP9_seg0001,S04_StaticP9_seg0001,4,1,HandOpen,0,1,15120,15120,1260.0,42,43
S04_personal_fold01,4,1,0,1,"per class: test=i, validation=(i+1)%8, train=remaining 6 segment indices",train,data/limb/subject04/StaticP10/subject4_limb_EMG.mat,StaticP10,S04_StaticP10_seg0001,S04_StaticP10_seg0001,5,1,HandOpen,0,1,15120,15120,1260.0,42,43
S04_personal_fold01,4,1,0,1,"per class: test=i, validation=(i+1)%8, train=remaining 6 segment indices",train,data/limb/subject04/StaticP14/subject4_limb_EMG.mat,StaticP14,S04_StaticP14_seg0001,S04_StaticP14_seg0001,6,1,HandOpen,0,1,15120,15120,1260.0,42,43
S04_personal_fold01,4,1,0,1,"per class: test=i, validation=(i+1)%8, train=remaining 6 segment indices",train,data/limb/subject04/Dynamic/subject4_limb_EMG.mat,Dynamic,S04_Dynamic_seg0001,S04_Dynamic_seg0001,7,1,HandOpen,0,1,118735,118735,1260.0,42,43
S04_personal_fold01,4,1,0,1,"per class: test=i, validation=(i+1)%8, train=remaining 6 segment indices",test,data/limb/subject04/StaticP1/subject4_limb_EMG.mat,StaticP1,S04_StaticP1_seg0002,S04_StaticP1_seg0002,0,2,Lateral,1,15121,30240,15120,1260.0,42,43
S04_personal_fold01,4,1,0,1,"per class: test=i, validation=(i+1)%8, train=remaining 6 segment indices",validation,data/limb/subject04/StaticP2/subject4_limb_EMG.mat,StaticP2,S04_StaticP2_seg0002,S04_StaticP2_seg0002,1,2,Lateral,1,15121,30240,15120,1260.0,42,43
S04_personal_fold01,4,1,0,1,"per class: test=i, validation=(i+1)%8, train=remaining 6 segment indices",train,data/limb/subject04/StaticP3/subject4_limb_EMG.mat,StaticP3,S04_StaticP3_seg0002,S04_StaticP3_seg0002,2,2,Lateral,1,15121,30240,15120,1260.0,42,43
S04_personal_fold01,4,1,0,1,"per class: test=i, validation=(i+1)%8, train=remaining 6 segment indices",train,data/limb/subject04/StaticP4/subject4_limb_EMG.mat,StaticP4,S04_StaticP4_seg0002,S04_StaticP4_seg0002,3,2,Lateral,1,15121,30240,15120,1260.0,42,43
S04_personal_fold01,4,1,0,1,"per class: test=i, validation=(i+1)%8, train=remaining 6 segment indices",train,data/limb/subject04/StaticP9/subject4_limb_EMG.mat,StaticP9,S04_StaticP9_seg0002,S04_StaticP9_seg0002,4,2,Lateral,1,15121,30240,15120,1260.0,42,43
S04_personal_fold01,4,1,0,1,"per class: test=i, validation=(i+1)%8, train=remaining 6 segment indices",train,data/limb/subject04/StaticP10/subject4_limb_EMG.mat,StaticP10,S04_StaticP10_seg0002,S04_StaticP10_seg0002,5,2,Lateral,1,15121,30240,15120,1260.0,42,43
S04_personal_fold01,4,1,0,1,"per class: test=i, validation=(i+1)%8, train=remaining 6 segment indices",train,data/limb/subject04/StaticP14/subject4_limb_EMG.mat,StaticP14,S04_StaticP14_seg0002,S04_StaticP14_seg0002,6,2,Lateral,1,15121,30240,15120,1260.0,42,43
S04_personal_fold01,4,1,0,1,"per class: test=i, validation=(i+1)%8, train=remaining 6 segment indices",train,data/limb/subject04/Dynamic/subject4_limb_EMG.mat,Dynamic,S04_Dynamic_seg0002,S04_Dynamic_seg0002,7,2,Lateral,1,118736,231241,112506,1260.0,42,43
S04_personal_fold01,4,1,0,1,"per class: test=i, validation=(i+1)%8, train=remaining 6 segment indices",test,data/limb/subject04/StaticP1/subject4_limb_EMG.mat,StaticP1,S04_StaticP1_seg0003,S04_StaticP1_seg0003,0,3,Pinch,2,30241,45360,15120,1260.0,42,43
S04_personal_fold01,4,1,0,1,"per class: test=i, validation=(i+1)%8, train=remaining 6 segment indices",validation,data/limb/subject04/StaticP2/subject4_limb_EMG.mat,StaticP2,S04_StaticP2_seg0003,S04_StaticP2_seg0003,1,3,Pinch,2,30241,45360,15120,1260.0,42,43
S04_personal_fold01,4,1,0,1,"per class: test=i, validation=(i+1)%8, train=remaining 6 segment indices",train,data/limb/subject04/StaticP3/subject4_limb_EMG.mat,StaticP3,S04_StaticP3_seg0003,S04_StaticP3_seg0003,2,3,Pinch,2,30241,45360,15120,1260.0,42,43
S04_personal_fold01,4,1,0,1,"per class: test=i, validation=(i+1)%8, train=remaining 6 segment indices",train,data/limb/subject04/StaticP4/subject4_limb_EMG.mat,StaticP4,S04_StaticP4_seg0003,S04_StaticP4_seg0003,3,3,Pinch,2,30241,45360,15120,1260.0,42,43
S04_personal_fold01,4,1,0,1,"per class: test=i, validation=(i+1)%8, train=remaining 6 segment indices",train,data/limb/subject04/StaticP9/subject4_limb_EMG.mat,StaticP9,S04_StaticP9_seg0003,S04_StaticP9_seg0003,4,3,Pinch,2,30241,45360,15120,1260.0,42,43
S04_personal_fold01,4,1,0,1,"per class: test=i, validation=(i+1)%8, train=remaining 6 segment indices",train,data/limb/subject04/StaticP10/subject4_limb_EMG.mat,StaticP10,S04_StaticP10_seg0003,S04_StaticP10_seg0003,5,3,Pinch,2,30241,45360,15120,1260.0,42,43
S04_personal_fold01,4,1,0,1,"per class: test=i, validation=(i+1)%8, train=remaining 6 segment indices",train,data/limb/subject04/StaticP14/subject4_limb_EMG.mat,StaticP14,S04_StaticP14_seg0003,S04_StaticP14_seg0003,6,3,Pinch,2,30241,45360,15120,1260.0,42,43
S04_personal_fold01,4,1,0,1,"per class: test=i, validation=(i+1)%8, train=remaining 6 segment indices",train,data/limb/subject04/Dynamic/subject4_limb_EMG.mat,Dynamic,S04_Dynamic_seg0003,S04_Dynamic_seg0003,7,3,Pinch,2,231242,355840,124599,1260.0,42,43
S04_personal_fold01,4,1,0,1,"per class: test=i, validation=(i+1)%8, train=remaining 6 segment indices",test,data/limb/subject04/StaticP1/subject4_limb_EMG.mat,StaticP1,S04_StaticP1_seg0004,S04_StaticP1_seg0004,0,4,Power,3,45361,60480,15120,1260.0,42,43
S04_personal_fold01,4,1,0,1,"per class: test=i, validation=(i+1)%8, train=remaining 6 segment indices",validation,data/limb/subject04/StaticP2/subject4_limb_EMG.mat,StaticP2,S04_StaticP2_seg0004,S04_StaticP2_seg0004,1,4,Power,3,45361,60480,15120,1260.0,42,43
S04_personal_fold01,4,1,0,1,"per class: test=i, validation=(i+1)%8, train=remaining 6 segment indices",train,data/limb/subject04/StaticP3/subject4_limb_EMG.mat,StaticP3,S04_StaticP3_seg0004,S04_StaticP3_seg0004,2,4,Power,3,45361,60480,15120,1260.0,42,43
S04_personal_fold01,4,1,0,1,"per class: test=i, validation=(i+1)%8, train=remaining 6 segment indices",train,data/limb/subject04/StaticP4/subject4_limb_EMG.mat,StaticP4,S04_StaticP4_seg0004,S04_StaticP4_seg0004,3,4,Power,3,45361,60480,15120,1260.0,42,43
S04_personal_fold01,4,1,0,1,"per class: test=i, validation=(i+1)%8, train=remaining 6 segment indices",train,data/limb/subject04/StaticP9/subject4_limb_EMG.mat,StaticP9,S04_StaticP9_seg0004,S04_StaticP9_seg0004,4,4,Power,3,45361,60480,15120,1260.0,42,43
S04_personal_fold01,4,1,0,1,"per class: test=i, validation=(i+1)%8, train=remaining 6 segment indices",train,data/limb/subject04/StaticP10/subject4_limb_EMG.mat,StaticP10,S04_StaticP10_seg0004,S04_StaticP10_seg0004,5,4,Power,3,45361,60480,15120,1260.0,42,43
S04_personal_fold01,4,1,0,1,"per class: test=i, validation=(i+1)%8, train=remaining 6 segment indices",train,data/limb/subject04/StaticP14/subject4_limb_EMG.mat,StaticP14,S04_StaticP14_seg0004,S04_StaticP14_seg0004,6,4,Power,3,45361,60480,15120,1260.0,42,43
S04_personal_fold01,4,1,0,1,"per class: test=i, validation=(i+1)%8, train=remaining 6 segment indices",train,data/limb/subject04/Dynamic/subject4_limb_EMG.mat,Dynamic,S04_Dynamic_seg0004,S04_Dynamic_seg0004,7,4,Power,3,355841,468713,112873,1260.0,42,43
S04_personal_fold01,4,1,0,1,"per class: test=i, validation=(i+1)%8, train=remaining 6 segment indices",test,data/limb/subject04/StaticP1/subject4_limb_EMG.mat,StaticP1,S04_StaticP1_seg0005,S04_StaticP1_seg0005,0,5,Rest,4,60481,75600,15120,1260.0,42,43
S04_personal_fold01,4,1,0,1,"per class: test=i, validation=(i+1)%8, train=remaining 6 segment indices",validation,data/limb/subject04/StaticP2/subject4_limb_EMG.mat,StaticP2,S04_StaticP2_seg0005,S04_StaticP2_seg0005,1,5,Rest,4,60481,75600,15120,1260.0,42,43
S04_personal_fold01,4,1,0,1,"per class: test=i, validation=(i+1)%8, train=remaining 6 segment indices",train,data/limb/subject04/StaticP3/subject4_limb_EMG.mat,StaticP3,S04_StaticP3_seg0005,S04_StaticP3_seg0005,2,5,Rest,4,60481,75600,15120,1260.0,42,43
S04_personal_fold01,4,1,0,1,"per class: test=i, validation=(i+1)%8, train=remaining 6 segment indices",train,data/limb/subject04/StaticP4/subject4_limb_EMG.mat,StaticP4,S04_StaticP4_seg0005,S04_StaticP4_seg0005,3,5,Rest,4,60481,75600,15120,1260.0,42,43
S04_personal_fold01,4,1,0,1,"per class: test=i, validation=(i+1)%8, train=remaining 6 segment indices",train,data/limb/subject04/StaticP9/subject4_limb_EMG.mat,StaticP9,S04_StaticP9_seg0005,S04_StaticP9_seg0005,4,5,Rest,4,60481,75600,15120,1260.0,42,43
S04_personal_fold01,4,1,0,1,"per class: test=i, validation=(i+1)%8, train=remaining 6 segment indices",train,data/limb/subject04/StaticP10/subject4_limb_EMG.mat,StaticP10,S04_StaticP10_seg0005,S04_StaticP10_seg0005,5,5,Rest,4,60481,75600,15120,1260.0,42,43
S04_personal_fold01,4,1,0,1,"per class: test=i, validation=(i+1)%8, train=remaining 6 segment indices",train,data/limb/subject04/StaticP14/subject4_limb_EMG.mat,StaticP14,S04_StaticP14_seg0005,S04_StaticP14_seg0005,6,5,Rest,4,60481,75600,15120,1260.0,42,43
S04_personal_fold01,4,1,0,1,"per class: test=i, validation=(i+1)%8, train=remaining 6 segment indices",train,data/limb/subject04/Dynamic/subject4_limb_EMG.mat,Dynamic,S04_Dynamic_seg0005,S04_Dynamic_seg0005,7,5,Rest,4,468714,656745,188032,1260.0,42,43
S04_personal_fold02,4,2,1,2,"per class: test=i, validation=(i+1)%8, train=remaining 6 segment indices",train,data/limb/subject04/StaticP1/subject4_limb_EMG.mat,StaticP1,S04_StaticP1_seg0001,S04_StaticP1_seg0001,0,1,HandOpen,0,1,15120,15120,1260.0,42,43
S04_personal_fold02,4,2,1,2,"per class: test=i, validation=(i+1)%8, train=remaining 6 segment indices",test,data/limb/subject04/StaticP2/subject4_limb_EMG.mat,StaticP2,S04_StaticP2_seg0001,S04_StaticP2_seg0001,1,1,HandOpen,0,1,15120,15120,1260.0,42,43
S04_personal_fold02,4,2,1,2,"per class: test=i, validation=(i+1)%8, train=remaining 6 segment indices",validation,data/limb/subject04/StaticP3/subject4_limb_EMG.mat,StaticP3,S04_StaticP3_seg0001,S04_StaticP3_seg0001,2,1,HandOpen,0,1,15120,15120,1260.0,42,43
S04_personal_fold02,4,2,1,2,"per class: test=i, validation=(i+1)%8, train=remaining 6 segment indices",train,data/limb/subject04/StaticP4/subject4_limb_EMG.mat,StaticP4,S04_StaticP4_seg0001,S04_StaticP4_seg0001,3,1,HandOpen,0,1,15120,15120,1260.0,42,43
S04_personal_fold02,4,2,1,2,"per class: test=i, validation=(i+1)%8, train=remaining 6 segment indices",train,data/limb/subject04/StaticP9/subject4_limb_EMG.mat,StaticP9,S04_StaticP9_seg0001,S04_StaticP9_seg0001,4,1,HandOpen,0,1,15120,15120,1260.0,42,43
S04_personal_fold02,4,2,1,2,"per class: test=i, validation=(i+1)%8, train=remaining 6 segment indices",train,data/limb/subject04/StaticP10/subject4_limb_EMG.mat,StaticP10,S04_StaticP10_seg0001,S04_StaticP10_seg0001,5,1,HandOpen,0,1,15120,15120,1260.0,42,43
S04_personal_fold02,4,2,1,2,"per class: test=i, validation=(i+1)%8, train=remaining 6 segment indices",train,data/limb/subject04/StaticP14/subject4_limb_EMG.mat,StaticP14,S04_StaticP14_seg0001,S04_StaticP14_seg0001,6,1,HandOpen,0,1,15120,15120,1260.0,42,43
S04_personal_fold02,4,2,1,2,"per class: test=i, validation=(i+1)%8, train=remaining 6 segment indices",train,data/limb/subject04/Dynamic/subject4_limb_EMG.mat,Dynamic,S04_Dynamic_seg0001,S04_Dynamic_seg0001,7,1,HandOpen,0,1,118735,118735,1260.0,42,43
S04_personal_fold02,4,2,1,2,"per class: test=i, validation=(i+1)%8, train=remaining 6 segment indices",train,data/limb/subject04/StaticP1/subject4_limb_EMG.mat,StaticP1,S04_StaticP1_seg0002,S04_StaticP1_seg0002,0,2,Lateral,1,15121,30240,15120,1260.0,42,43
S04_personal_fold02,4,2,1,2,"per class: test=i, validation=(i+1)%8, train=remaining 6 segment indices",test,data/limb/subject04/StaticP2/subject4_limb_EMG.mat,StaticP2,S04_StaticP2_seg0002,S04_StaticP2_seg0002,1,2,Lateral,1,15121,30240,15120,1260.0,42,43
S04_personal_fold02,4,2,1,2,"per class: test=i, validation=(i+1)%8, train=remaining 6 segment indices",validation,data/limb/subject04/StaticP3/subject4_limb_EMG.mat,StaticP3,S04_StaticP3_seg0002,S04_StaticP3_seg0002,2,2,Lateral,1,15121,30240,15120,1260.0,42,43
S04_personal_fold02,4,2,1,2,"per class: test=i, validation=(i+1)%8, train=remaining 6 segment indices",train,data/limb/subject04/StaticP4/subject4_limb_EMG.mat,StaticP4,S04_StaticP4_seg0002,S04_StaticP4_seg0002,3,2,Lateral,1,15121,30240,15120,1260.0,42,43
S04_personal_fold02,4,2,1,2,"per class: test=i, validation=(i+1)%8, train=remaining 6 segment indices",train,data/limb/subject04/StaticP9/subject4_limb_EMG.mat,StaticP9,S04_StaticP9_seg0002,S04_StaticP9_seg0002,4,2,Lateral,1,15121,30240,15120,1260.0,42,43
S04_personal_fold02,4,2,1,2,"per class: test=i, validation=(i+1)%8, train=remaining 6 segment indices",train,data/limb/subject04/StaticP10/subject4_limb_EMG.mat,StaticP10,S04_StaticP10_seg0002,S04_StaticP10_seg0002,5,2,Lateral,1,15121,30240,15120,1260.0,42,43
S04_personal_fold02,4,2,1,2,"per class: test=i, validation=(i+1)%8, train=remaining 6 segment indices",train,data/limb/subject04/StaticP14/subject4_limb_EMG.mat,StaticP14,S04_StaticP14_seg0002,S04_StaticP14_seg0002,6,2,Lateral,1,15121,30240,15120,1260.0,42,43
S04_personal_fold02,4,2,1,2,"per class: test=i, validation=(i+1)%8, train=remaining 6 segment indices",train,data/limb/subject04/Dynamic/subject4_limb_EMG.mat,Dynamic,S04_Dynamic_seg0002,S04_Dynamic_seg0002,7,2,Lateral,1,118736,231241,112506,1260.0,42,43
S04_personal_fold02,4,2,1,2,"per class: test=i, validation=(i+1)%8, train=remaining 6 segment indices",train,data/limb/subject04/StaticP1/subject4_limb_EMG.mat,StaticP1,S04_StaticP1_seg0003,S04_StaticP1_seg0003,0,3,Pinch,2,30241,45360,15120,1260.0,42,43
S04_personal_fold02,4,2,1,2,"per class: test=i, validation=(i+1)%8, train=remaining 6 segment indices",test,data/limb/subject04/StaticP2/subject4_limb_EMG.mat,StaticP2,S04_StaticP2_seg0003,S04_StaticP2_seg0003,1,3,Pinch,2,30241,45360,15120,1260.0,42,43
S04_personal_fold02,4,2,1,2,"per class: test=i, validation=(i+1)%8, train=remaining 6 segment indices",validation,data/limb/subject04/StaticP3/subject4_limb_EMG.mat,StaticP3,S04_StaticP3_seg0003,S04_StaticP3_seg0003,2,3,Pinch,2,30241,45360,15120,1260.0,42,43
S04_personal_fold02,4,2,1,2,"per class: test=i, validation=(i+1)%8, train=remaining 6 segment indices",train,data/limb/subject04/StaticP4/subject4_limb_EMG.mat,StaticP4,S04_StaticP4_seg0003,S04_StaticP4_seg0003,3,3,Pinch,2,30241,45360,15120,1260.0,42,43
S04_personal_fold02,4,2,1,2,"per class: test=i, validation=(i+1)%8, train=remaining 6 segment indices",train,data/limb/subject04/StaticP9/subject4_limb_EMG.mat,StaticP9,S04_StaticP9_seg0003,S04_StaticP9_seg0003,4,3,Pinch,2,30241,45360,15120,1260.0,42,43
S04_personal_fold02,4,2,1,2,"per class: test=i, validation=(i+1)%8, train=remaining 6 segment indices",train,data/limb/subject04/StaticP10/subject4_limb_EMG.mat,StaticP10,S04_StaticP10_seg0003,S04_StaticP10_seg0003,5,3,Pinch,2,30241,45360,15120,1260.0,42,43
S04_personal_fold02,4,2,1,2,"per class: test=i, validation=(i+1)%8, train=remaining 6 segment indices",train,data/limb/subject04/StaticP14/subject4_limb_EMG.mat,StaticP14,S04_StaticP14_seg0003,S04_StaticP14_seg0003,6,3,Pinch,2,30241,45360,15120,1260.0,42,43
S04_personal_fold02,4,2,1,2,"per class: test=i, validation=(i+1)%8, train=remaining 6 segment indices",train,data/limb/subject04/Dynamic/subject4_limb_EMG.mat,Dynamic,S04_Dynamic_seg0003,S04_Dynamic_seg0003,7,3,Pinch,2,231242,355840,124599,1260.0,42,43
S04_personal_fold02,4,2,1,2,"per class: test=i, validation=(i+1)%8, train=remaining 6 segment indices",train,data/limb/subject04/StaticP1/subject4_limb_EMG.mat,StaticP1,S04_StaticP1_seg0004,S04_StaticP1_seg0004,0,4,Power,3,45361,60480,15120,1260.0,42,43
S04_personal_fold02,4,2,1,2,"per class: test=i, validation=(i+1)%8, train=remaining 6 segment indices",test,data/limb/subject04/StaticP2/subject4_limb_EMG.mat,StaticP2,S04_StaticP2_seg0004,S04_StaticP2_seg0004,1,4,Power,3,45361,60480,15120,1260.0,42,43
S04_personal_fold02,4,2,1,2,"per class: test=i, validation=(i+1)%8, train=remaining 6 segment indices",validation,data/limb/subject04/StaticP3/subject4_limb_EMG.mat,StaticP3,S04_StaticP3_seg0004,S04_StaticP3_seg0004,2,4,Power,3,45361,60480,15120,1260.0,42,43
S04_personal_fold02,4,2,1,2,"per class: test=i, validation=(i+1)%8, train=remaining 6 segment indices",train,data/limb/subject04/StaticP4/subject4_limb_EMG.mat,StaticP4,S04_StaticP4_seg0004,S04_StaticP4_seg0004,3,4,Power,3,45361,60480,15120,1260.0,42,43
S04_personal_fold02,4,2,1,2,"per class: test=i, validation=(i+1)%8, train=remaining 6 segment indices",train,data/limb/subject04/StaticP9/subject4_limb_EMG.mat,StaticP9,S04_StaticP9_seg0004,S04_StaticP9_seg0004,4,4,Power,3,45361,60480,15120,1260.0,42,43
S04_personal_fold02,4,2,1,2,"per class: test=i, validation=(i+1)%8, train=remaining 6 segment indices",train,data/limb/subject04/StaticP10/subject4_limb_EMG.mat,StaticP10,S04_StaticP10_seg0004,S04_StaticP10_seg0004,5,4,Power,3,45361,60480,15120,1260.0,42,43
S04_personal_fold02,4,2,1,2,"per class: test=i, validation=(i+1)%8, train=remaining 6 segment indices",train,data/limb/subject04/StaticP14/subject4_limb_EMG.mat,StaticP14,S04_StaticP14_seg0004,S04_StaticP14_seg0004,6,4,Power,3,45361,60480,15120,1260.0,42,43
S04_personal_fold02,4,2,1,2,"per class: test=i, validation=(i+1)%8, train=remaining 6 segment indices",train,data/limb/subject04/Dynamic/subject4_limb_EMG.mat,Dynamic,S04_Dynamic_seg0004,S04_Dynamic_seg0004,7,4,Power,3,355841,468713,112873,1260.0,42,43
S04_personal_fold02,4,2,1,2,"per class: test=i, validation=(i+1)%8, train=remaining 6 segment indices",train,data/limb/subject04/StaticP1/subject4_limb_EMG.mat,StaticP1,S04_StaticP1_seg0005,S04_StaticP1_seg0005,0,5,Rest,4,60481,75600,15120,1260.0,42,43
S04_personal_fold02,4,2,1,2,"per class: test=i, validation=(i+1)%8, train=remaining 6 segment indices",test,data/limb/subject04/StaticP2/subject4_limb_EMG.mat,StaticP2,S04_StaticP2_seg0005,S04_StaticP2_seg0005,1,5,Rest,4,60481,75600,15120,1260.0,42,43
S04_personal_fold02,4,2,1,2,"per class: test=i, validation=(i+1)%8, train=remaining 6 segment indices",validation,data/limb/subject04/StaticP3/subject4_limb_EMG.mat,StaticP3,S04_StaticP3_seg0005,S04_StaticP3_seg0005,2,5,Rest,4,60481,75600,15120,1260.0,42,43
S04_personal_fold02,4,2,1,2,"per class: test=i, validation=(i+1)%8, train=remaining 6 segment indices",train,data/limb/subject04/StaticP4/subject4_limb_EMG.mat,StaticP4,S04_StaticP4_seg0005,S04_StaticP4_seg0005,3,5,Rest,4,60481,75600,15120,1260.0,42,43
S04_personal_fold02,4,2,1,2,"per class: test=i, validation=(i+1)%8, train=remaining 6 segment indices",train,data/limb/subject04/StaticP9/subject4_limb_EMG.mat,StaticP9,S04_StaticP9_seg0005,S04_StaticP9_seg0005,4,5,Rest,4,60481,75600,15120,1260.0,42,43
S04_personal_fold02,4,2,1,2,"per class: test=i, validation=(i+1)%8, train=remaining 6 segment indices",train,data/limb/subject04/StaticP10/subject4_limb_EMG.mat,StaticP10,S04_StaticP10_seg0005,S04_StaticP10_seg0005,5,5,Rest,4,60481,75600,15120,1260.0,42,43
S04_personal_fold02,4,2,1,2,"per class: test=i, validation=(i+1)%8, train=remaining 6 segment indices",train,data/limb/subject04/StaticP14/subject4_limb_EMG.mat,StaticP14,S04_StaticP14_seg0005,S04_StaticP14_seg0005,6,5,Rest,4,60481,75600,15120,1260.0,42,43
S04_personal_fold02,4,2,1,2,"per class: test=i, validation=(i+1)%8, train=remaining 6 segment indices",train,data/limb/subject04/Dynamic/subject4_limb_EMG.mat,Dynamic,S04_Dynamic_seg0005,S04_Dynamic_seg0005,7,5,Rest,4,468714,656745,188032,1260.0,42,43
S04_personal_fold03,4,3,2,3,"per class: test=i, validation=(i+1)%8, train=remaining 6 segment indices",train,data/limb/subject04/StaticP1/subject4_limb_EMG.mat,StaticP1,S04_StaticP1_seg0001,S04_StaticP1_seg0001,0,1,HandOpen,0,1,15120,15120,1260.0,42,43
S04_personal_fold03,4,3,2,3,"per class: test=i, validation=(i+1)%8, train=remaining 6 segment indices",train,data/limb/subject04/StaticP2/subject4_limb_EMG.mat,StaticP2,S04_StaticP2_seg0001,S04_StaticP2_seg0001,1,1,HandOpen,0,1,15120,15120,1260.0,42,43
S04_personal_fold03,4,3,2,3,"per class: test=i, validation=(i+1)%8, train=remaining 6 segment indices",test,data/limb/subject04/StaticP3/subject4_limb_EMG.mat,StaticP3,S04_StaticP3_seg0001,S04_StaticP3_seg0001,2,1,HandOpen,0,1,15120,15120,1260.0,42,43
S04_personal_fold03,4,3,2,3,"per class: test=i, validation=(i+1)%8, train=remaining 6 segment indices",validation,data/limb/subject04/StaticP4/subject4_limb_EMG.mat,StaticP4,S04_StaticP4_seg0001,S04_StaticP4_seg0001,3,1,HandOpen,0,1,15120,15120,1260.0,42,43
S04_personal_fold03,4,3,2,3,"per class: test=i, validation=(i+1)%8, train=remaining 6 segment indices",train,data/limb/subject04/StaticP9/subject4_limb_EMG.mat,StaticP9,S04_StaticP9_seg0001,S04_StaticP9_seg0001,4,1,HandOpen,0,1,15120,15120,1260.0,42,43
S04_personal_fold03,4,3,2,3,"per class: test=i, validation=(i+1)%8, train=remaining 6 segment indices",train,data/limb/subject04/StaticP10/subject4_limb_EMG.mat,StaticP10,S04_StaticP10_seg0001,S04_StaticP10_seg0001,5,1,HandOpen,0,1,15120,15120,1260.0,42,43
S04_personal_fold03,4,3,2,3,"per class: test=i, validation=(i+1)%8, train=remaining 6 segment indices",train,data/limb/subject04/StaticP14/subject4_limb_EMG.mat,StaticP14,S04_StaticP14_seg0001,S04_StaticP14_seg0001,6,1,HandOpen,0,1,15120,15120,1260.0,42,43
S04_personal_fold03,4,3,2,3,"per class: test=i, validation=(i+1)%8, train=remaining 6 segment indices",train,data/limb/subject04/Dynamic/subject4_limb_EMG.mat,Dynamic,S04_Dynamic_seg0001,S04_Dynamic_seg0001,7,1,HandOpen,0,1,118735,118735,1260.0,42,43
S04_personal_fold03,4,3,2,3,"per class: test=i, validation=(i+1)%8, train=remaining 6 segment indices",train,data/limb/subject04/StaticP1/subject4_limb_EMG.mat,StaticP1,S04_StaticP1_seg0002,S04_StaticP1_seg0002,0,2,Lateral,1,15121,30240,15120,1260.0,42,43
S04_personal_fold03,4,3,2,3,"per class: test=i, validation=(i+1)%8, train=remaining 6 segment indices",train,data/limb/subject04/StaticP2/subject4_limb_EMG.mat,StaticP2,S04_StaticP2_seg0002,S04_StaticP2_seg0002,1,2,Lateral,1,15121,30240,15120,1260.0,42,43
S04_personal_fold03,4,3,2,3,"per class: test=i, validation=(i+1)%8, train=remaining 6 segment indices",test,data/limb/subject04/StaticP3/subject4_limb_EMG.mat,StaticP3,S04_StaticP3_seg0002,S04_StaticP3_seg0002,2,2,Lateral,1,15121,30240,15120,1260.0,42,43
S04_personal_fold03,4,3,2,3,"per class: test=i, validation=(i+1)%8, train=remaining 6 segment indices",validation,data/limb/subject04/StaticP4/subject4_limb_EMG.mat,StaticP4,S04_StaticP4_seg0002,S04_StaticP4_seg0002,3,2,Lateral,1,15121,30240,15120,1260.0,42,43
S04_personal_fold03,4,3,2,3,"per class: test=i, validation=(i+1)%8, train=remaining 6 segment indices",train,data/limb/subject04/StaticP9/subject4_limb_EMG.mat,StaticP9,S04_StaticP9_seg0002,S04_StaticP9_seg0002,4,2,Lateral,1,15121,30240,15120,1260.0,42,43
S04_personal_fold03,4,3,2,3,"per class: test=i, validation=(i+1)%8, train=remaining 6 segment indices",train,data/limb/subject04/StaticP10/subject4_limb_EMG.mat,StaticP10,S04_StaticP10_seg0002,S04_StaticP10_seg0002,5,2,Lateral,1,15121,30240,15120,1260.0,42,43
S04_personal_fold03,4,3,2,3,"per class: test=i, validation=(i+1)%8, train=remaining 6 segment indices",train,data/limb/subject04/StaticP14/subject4_limb_EMG.mat,StaticP14,S04_StaticP14_seg0002,S04_StaticP14_seg0002,6,2,Lateral,1,15121,30240,15120,1260.0,42,43
S04_personal_fold03,4,3,2,3,"per class: test=i, validation=(i+1)%8, train=remaining 6 segment indices",train,data/limb/subject04/Dynamic/subject4_limb_EMG.mat,Dynamic,S04_Dynamic_seg0002,S04_Dynamic_seg0002,7,2,Lateral,1,118736,231241,112506,1260.0,42,43
S04_personal_fold03,4,3,2,3,"per class: test=i, validation=(i+1)%8, train=remaining 6 segment indices",train,data/limb/subject04/StaticP1/subject4_limb_EMG.mat,StaticP1,S04_StaticP1_seg0003,S04_StaticP1_seg0003,0,3,Pinch,2,30241,45360,15120,1260.0,42,43
S04_personal_fold03,4,3,2,3,"per class: test=i, validation=(i+1)%8, train=remaining 6 segment indices",train,data/limb/subject04/StaticP2/subject4_limb_EMG.mat,StaticP2,S04_StaticP2_seg0003,S04_StaticP2_seg0003,1,3,Pinch,2,30241,45360,15120,1260.0,42,43
S04_personal_fold03,4,3,2,3,"per class: test=i, validation=(i+1)%8, train=remaining 6 segment indices",test,data/limb/subject04/StaticP3/subject4_limb_EMG.mat,StaticP3,S04_StaticP3_seg0003,S04_StaticP3_seg0003,2,3,Pinch,2,30241,45360,15120,1260.0,42,43
S04_personal_fold03,4,3,2,3,"per class: test=i, validation=(i+1)%8, train=remaining 6 segment indices",validation,data/limb/subject04/StaticP4/subject4_limb_EMG.mat,StaticP4,S04_StaticP4_seg0003,S04_StaticP4_seg0003,3,3,Pinch,2,30241,45360,15120,1260.0,42,43
S04_personal_fold03,4,3,2,3,"per class: test=i, validation=(i+1)%8, train=remaining 6 segment indices",train,data/limb/subject04/StaticP9/subject4_limb_EMG.mat,StaticP9,S04_StaticP9_seg0003,S04_StaticP9_seg0003,4,3,Pinch,2,30241,45360,15120,1260.0,42,43
S04_personal_fold03,4,3,2,3,"per class: test=i, validation=(i+1)%8, train=remaining 6 segment indices",train,data/limb/subject04/StaticP10/subject4_limb_EMG.mat,StaticP10,S04_StaticP10_seg0003,S04_StaticP10_seg0003,5,3,Pinch,2,30241,45360,15120,1260.0,42,43
S04_personal_fold03,4,3,2,3,"per class: test=i, validation=(i+1)%8, train=remaining 6 segment indices",train,data/limb/subject04/StaticP14/subject4_limb_EMG.mat,StaticP14,S04_StaticP14_seg0003,S04_StaticP14_seg0003,6,3,Pinch,2,30241,45360,15120,1260.0,42,43
S04_personal_fold03,4,3,2,3,"per class: test=i, validation=(i+1)%8, train=remaining 6 segment indices",train,data/limb/subject04/Dynamic/subject4_limb_EMG.mat,Dynamic,S04_Dynamic_seg0003,S04_Dynamic_seg0003,7,3,Pinch,2,231242,355840,124599,1260.0,42,43
S04_personal_fold03,4,3,2,3,"per class: test=i, validation=(i+1)%8, train=remaining 6 segment indices",train,data/limb/subject04/StaticP1/subject4_limb_EMG.mat,StaticP1,S04_StaticP1_seg0004,S04_StaticP1_seg0004,0,4,Power,3,45361,60480,15120,1260.0,42,43
S04_personal_fold03,4,3,2,3,"per class: test=i, validation=(i+1)%8, train=remaining 6 segment indices",train,data/limb/subject04/StaticP2/subject4_limb_EMG.mat,StaticP2,S04_StaticP2_seg0004,S04_StaticP2_seg0004,1,4,Power,3,45361,60480,15120,1260.0,42,43
S04_personal_fold03,4,3,2,3,"per class: test=i, validation=(i+1)%8, train=remaining 6 segment indices",test,data/limb/subject04/StaticP3/subject4_limb_EMG.mat,StaticP3,S04_StaticP3_seg0004,S04_StaticP3_seg0004,2,4,Power,3,45361,60480,15120,1260.0,42,43
S04_personal_fold03,4,3,2,3,"per class: test=i, validation=(i+1)%8, train=remaining 6 segment indices",validation,data/limb/subject04/StaticP4/subject4_limb_EMG.mat,StaticP4,S04_StaticP4_seg0004,S04_StaticP4_seg0004,3,4,Power,3,45361,60480,15120,1260.0,42,43
S04_personal_fold03,4,3,2,3,"per class: test=i, validation=(i+1)%8, train=remaining 6 segment indices",train,data/limb/subject04/StaticP9/subject4_limb_EMG.mat,StaticP9,S04_StaticP9_seg0004,S04_StaticP9_seg0004,4,4,Power,3,45361,60480,15120,1260.0,42,43
S04_personal_fold03,4,3,2,3,"per class: test=i, validation=(i+1)%8, train=remaining 6 segment indices",train,data/limb/subject04/StaticP10/subject4_limb_EMG.mat,StaticP10,S04_StaticP10_seg0004,S04_StaticP10_seg0004,5,4,Power,3,45361,60480,15120,1260.0,42,43
S04_personal_fold03,4,3,2,3,"per class: test=i, validation=(i+1)%8, train=remaining 6 segment indices",train,data/limb/subject04/StaticP14/subject4_limb_EMG.mat,StaticP14,S04_StaticP14_seg0004,S04_StaticP14_seg0004,6,4,Power,3,45361,60480,15120,1260.0,42,43
S04_personal_fold03,4,3,2,3,"per class: test=i, validation=(i+1)%8, train=remaining 6 segment indices",train,data/limb/subject04/Dynamic/subject4_limb_EMG.mat,Dynamic,S04_Dynamic_seg0004,S04_Dynamic_seg0004,7,4,Power,3,355841,468713,112873,1260.0,42,43
S04_personal_fold03,4,3,2,3,"per class: test=i, validation=(i+1)%8, train=remaining 6 segment indices",train,data/limb/subject04/StaticP1/subject4_limb_EMG.mat,StaticP1,S04_StaticP1_seg0005,S04_StaticP1_seg0005,0,5,Rest,4,60481,75600,15120,1260.0,42,43
S04_personal_fold03,4,3,2,3,"per class: test=i, validation=(i+1)%8, train=remaining 6 segment indices",train,data/limb/subject04/StaticP2/subject4_limb_EMG.mat,StaticP2,S04_StaticP2_seg0005,S04_StaticP2_seg0005,1,5,Rest,4,60481,75600,15120,1260.0,42,43
S04_personal_fold03,4,3,2,3,"per class: test=i, validation=(i+1)%8, train=remaining 6 segment indices",test,data/limb/subject04/StaticP3/subject4_limb_EMG.mat,StaticP3,S04_StaticP3_seg0005,S04_StaticP3_seg0005,2,5,Rest,4,60481,75600,15120,1260.0,42,43
S04_personal_fold03,4,3,2,3,"per class: test=i, validation=(i+1)%8, train=remaining 6 segment indices",validation,data/limb/subject04/StaticP4/subject4_limb_EMG.mat,StaticP4,S04_StaticP4_seg0005,S04_StaticP4_seg0005,3,5,Rest,4,60481,75600,15120,1260.0,42,43
S04_personal_fold03,4,3,2,3,"per class: test=i, validation=(i+1)%8, train=remaining 6 segment indices",train,data/limb/subject04/StaticP9/subject4_limb_EMG.mat,StaticP9,S04_StaticP9_seg0005,S04_StaticP9_seg0005,4,5,Rest,4,60481,75600,15120,1260.0,42,43
S04_personal_fold03,4,3,2,3,"per class: test=i, validation=(i+1)%8, train=remaining 6 segment indices",train,data/limb/subject04/StaticP10/subject4_limb_EMG.mat,StaticP10,S04_StaticP10_seg0005,S04_StaticP10_seg0005,5,5,Rest,4,60481,75600,15120,1260.0,42,43
S04_personal_fold03,4,3,2,3,"per class: test=i, validation=(i+1)%8, train=remaining 6 segment indices",train,data/limb/subject04/StaticP14/subject4_limb_EMG.mat,StaticP14,S04_StaticP14_seg0005,S04_StaticP14_seg0005,6,5,Rest,4,60481,75600,15120,1260.0,42,43
S04_personal_fold03,4,3,2,3,"per class: test=i, validation=(i+1)%8, train=remaining 6 segment indices",train,data/limb/subject04/Dynamic/subject4_limb_EMG.mat,Dynamic,S04_Dynamic_seg0005,S04_Dynamic_seg0005,7,5,Rest,4,468714,656745,188032,1260.0,42,43
S04_personal_fold04,4,4,3,4,"per class: test=i, validation=(i+1)%8, train=remaining 6 segment indices",train,data/limb/subject04/StaticP1/subject4_limb_EMG.mat,StaticP1,S04_StaticP1_seg0001,S04_StaticP1_seg0001,0,1,HandOpen,0,1,15120,15120,1260.0,42,43
S04_personal_fold04,4,4,3,4,"per class: test=i, validation=(i+1)%8, train=remaining 6 segment indices",train,data/limb/subject04/StaticP2/subject4_limb_EMG.mat,StaticP2,S04_StaticP2_seg0001,S04_StaticP2_seg0001,1,1,HandOpen,0,1,15120,15120,1260.0,42,43
S04_personal_fold04,4,4,3,4,"per class: test=i, validation=(i+1)%8, train=remaining 6 segment indices",train,data/limb/subject04/StaticP3/subject4_limb_EMG.mat,StaticP3,S04_StaticP3_seg0001,S04_StaticP3_seg0001,2,1,HandOpen,0,1,15120,15120,1260.0,42,43
S04_personal_fold04,4,4,3,4,"per class: test=i, validation=(i+1)%8, train=remaining 6 segment indices",test,data/limb/subject04/StaticP4/subject4_limb_EMG.mat,StaticP4,S04_StaticP4_seg0001,S04_StaticP4_seg0001,3,1,HandOpen,0,1,15120,15120,1260.0,42,43
S04_personal_fold04,4,4,3,4,"per class: test=i, validation=(i+1)%8, train=remaining 6 segment indices",validation,data/limb/subject04/StaticP9/subject4_limb_EMG.mat,StaticP9,S04_StaticP9_seg0001,S04_StaticP9_seg0001,4,1,HandOpen,0,1,15120,15120,1260.0,42,43
S04_personal_fold04,4,4,3,4,"per class: test=i, validation=(i+1)%8, train=remaining 6 segment indices",train,data/limb/subject04/StaticP10/subject4_limb_EMG.mat,StaticP10,S04_StaticP10_seg0001,S04_StaticP10_seg0001,5,1,HandOpen,0,1,15120,15120,1260.0,42,43
S04_personal_fold04,4,4,3,4,"per class: test=i, validation=(i+1)%8, train=remaining 6 segment indices",train,data/limb/subject04/StaticP14/subject4_limb_EMG.mat,StaticP14,S04_StaticP14_seg0001,S04_StaticP14_seg0001,6,1,HandOpen,0,1,15120,15120,1260.0,42,43
S04_personal_fold04,4,4,3,4,"per class: test=i, validation=(i+1)%8, train=remaining 6 segment indices",train,data/limb/subject04/Dynamic/subject4_limb_EMG.mat,Dynamic,S04_Dynamic_seg0001,S04_Dynamic_seg0001,7,1,HandOpen,0,1,118735,118735,1260.0,42,43
S04_personal_fold04,4,4,3,4,"per class: test=i, validation=(i+1)%8, train=remaining 6 segment indices",train,data/limb/subject04/StaticP1/subject4_limb_EMG.mat,StaticP1,S04_StaticP1_seg0002,S04_StaticP1_seg0002,0,2,Lateral,1,15121,30240,15120,1260.0,42,43
S04_personal_fold04,4,4,3,4,"per class: test=i, validation=(i+1)%8, train=remaining 6 segment indices",train,data/limb/subject04/StaticP2/subject4_limb_EMG.mat,StaticP2,S04_StaticP2_seg0002,S04_StaticP2_seg0002,1,2,Lateral,1,15121,30240,15120,1260.0,42,43
S04_personal_fold04,4,4,3,4,"per class: test=i, validation=(i+1)%8, train=remaining 6 segment indices",train,data/limb/subject04/StaticP3/subject4_limb_EMG.mat,StaticP3,S04_StaticP3_seg0002,S04_StaticP3_seg0002,2,2,Lateral,1,15121,30240,15120,1260.0,42,43
S04_personal_fold04,4,4,3,4,"per class: test=i, validation=(i+1)%8, train=remaining 6 segment indices",test,data/limb/subject04/StaticP4/subject4_limb_EMG.mat,StaticP4,S04_StaticP4_seg0002,S04_StaticP4_seg0002,3,2,Lateral,1,15121,30240,15120,1260.0,42,43
S04_personal_fold04,4,4,3,4,"per class: test=i, validation=(i+1)%8, train=remaining 6 segment indices",validation,data/limb/subject04/StaticP9/subject4_limb_EMG.mat,StaticP9,S04_StaticP9_seg0002,S04_StaticP9_seg0002,4,2,Lateral,1,15121,30240,15120,1260.0,42,43
S04_personal_fold04,4,4,3,4,"per class: test=i, validation=(i+1)%8, train=remaining 6 segment indices",train,data/limb/subject04/StaticP10/subject4_limb_EMG.mat,StaticP10,S04_StaticP10_seg0002,S04_StaticP10_seg0002,5,2,Lateral,1,15121,30240,15120,1260.0,42,43
S04_personal_fold04,4,4,3,4,"per class: test=i, validation=(i+1)%8, train=remaining 6 segment indices",train,data/limb/subject04/StaticP14/subject4_limb_EMG.mat,StaticP14,S04_StaticP14_seg0002,S04_StaticP14_seg0002,6,2,Lateral,1,15121,30240,15120,1260.0,42,43
S04_personal_fold04,4,4,3,4,"per class: test=i, validation=(i+1)%8, train=remaining 6 segment indices",train,data/limb/subject04/Dynamic/subject4_limb_EMG.mat,Dynamic,S04_Dynamic_seg0002,S04_Dynamic_seg0002,7,2,Lateral,1,118736,231241,112506,1260.0,42,43
S04_personal_fold04,4,4,3,4,"per class: test=i, validation=(i+1)%8, train=remaining 6 segment indices",train,data/limb/subject04/StaticP1/subject4_limb_EMG.mat,StaticP1,S04_StaticP1_seg0003,S04_StaticP1_seg0003,0,3,Pinch,2,30241,45360,15120,1260.0,42,43
S04_personal_fold04,4,4,3,4,"per class: test=i, validation=(i+1)%8, train=remaining 6 segment indices",train,data/limb/subject04/StaticP2/subject4_limb_EMG.mat,StaticP2,S04_StaticP2_seg0003,S04_StaticP2_seg0003,1,3,Pinch,2,30241,45360,15120,1260.0,42,43
S04_personal_fold04,4,4,3,4,"per class: test=i, validation=(i+1)%8, train=remaining 6 segment indices",train,data/limb/subject04/StaticP3/subject4_limb_EMG.mat,StaticP3,S04_StaticP3_seg0003,S04_StaticP3_seg0003,2,3,Pinch,2,30241,45360,15120,1260.0,42,43
S04_personal_fold04,4,4,3,4,"per class: test=i, validation=(i+1)%8, train=remaining 6 segment indices",test,data/limb/subject04/StaticP4/subject4_limb_EMG.mat,StaticP4,S04_StaticP4_seg0003,S04_StaticP4_seg0003,3,3,Pinch,2,30241,45360,15120,1260.0,42,43
S04_personal_fold04,4,4,3,4,"per class: test=i, validation=(i+1)%8, train=remaining 6 segment indices",validation,data/limb/subject04/StaticP9/subject4_limb_EMG.mat,StaticP9,S04_StaticP9_seg0003,S04_StaticP9_seg0003,4,3,Pinch,2,30241,45360,15120,1260.0,42,43
S04_personal_fold04,4,4,3,4,"per class: test=i, validation=(i+1)%8, train=remaining 6 segment indices",train,data/limb/subject04/StaticP10/subject4_limb_EMG.mat,StaticP10,S04_StaticP10_seg0003,S04_StaticP10_seg0003,5,3,Pinch,2,30241,45360,15120,1260.0,42,43
S04_personal_fold04,4,4,3,4,"per class: test=i, validation=(i+1)%8, train=remaining 6 segment indices",train,data/limb/subject04/StaticP14/subject4_limb_EMG.mat,StaticP14,S04_StaticP14_seg0003,S04_StaticP14_seg0003,6,3,Pinch,2,30241,45360,15120,1260.0,42,43
S04_personal_fold04,4,4,3,4,"per class: test=i, validation=(i+1)%8, train=remaining 6 segment indices",train,data/limb/subject04/Dynamic/subject4_limb_EMG.mat,Dynamic,S04_Dynamic_seg0003,S04_Dynamic_seg0003,7,3,Pinch,2,231242,355840,124599,1260.0,42,43
S04_personal_fold04,4,4,3,4,"per class: test=i, validation=(i+1)%8, train=remaining 6 segment indices",train,data/limb/subject04/StaticP1/subject4_limb_EMG.mat,StaticP1,S04_StaticP1_seg0004,S04_StaticP1_seg0004,0,4,Power,3,45361,60480,15120,1260.0,42,43
S04_personal_fold04,4,4,3,4,"per class: test=i, validation=(i+1)%8, train=remaining 6 segment indices",train,data/limb/subject04/StaticP2/subject4_limb_EMG.mat,StaticP2,S04_StaticP2_seg0004,S04_StaticP2_seg0004,1,4,Power,3,45361,60480,15120,1260.0,42,43
S04_personal_fold04,4,4,3,4,"per class: test=i, validation=(i+1)%8, train=remaining 6 segment indices",train,data/limb/subject04/StaticP3/subject4_limb_EMG.mat,StaticP3,S04_StaticP3_seg0004,S04_StaticP3_seg0004,2,4,Power,3,45361,60480,15120,1260.0,42,43
S04_personal_fold04,4,4,3,4,"per class: test=i, validation=(i+1)%8, train=remaining 6 segment indices",test,data/limb/subject04/StaticP4/subject4_limb_EMG.mat,StaticP4,S04_StaticP4_seg0004,S04_StaticP4_seg0004,3,4,Power,3,45361,60480,15120,1260.0,42,43
S04_personal_fold04,4,4,3,4,"per class: test=i, validation=(i+1)%8, train=remaining 6 segment indices",validation,data/limb/subject04/StaticP9/subject4_limb_EMG.mat,StaticP9,S04_StaticP9_seg0004,S04_StaticP9_seg0004,4,4,Power,3,45361,60480,15120,1260.0,42,43
S04_personal_fold04,4,4,3,4,"per class: test=i, validation=(i+1)%8, train=remaining 6 segment indices",train,data/limb/subject04/StaticP10/subject4_limb_EMG.mat,StaticP10,S04_StaticP10_seg0004,S04_StaticP10_seg0004,5,4,Power,3,45361,60480,15120,1260.0,42,43
S04_personal_fold04,4,4,3,4,"per class: test=i, validation=(i+1)%8, train=remaining 6 segment indices",train,data/limb/subject04/StaticP14/subject4_limb_EMG.mat,StaticP14,S04_StaticP14_seg0004,S04_StaticP14_seg0004,6,4,Power,3,45361,60480,15120,1260.0,42,43
S04_personal_fold04,4,4,3,4,"per class: test=i, validation=(i+1)%8, train=remaining 6 segment indices",train,data/limb/subject04/Dynamic/subject4_limb_EMG.mat,Dynamic,S04_Dynamic_seg0004,S04_Dynamic_seg0004,7,4,Power,3,355841,468713,112873,1260.0,42,43
S04_personal_fold04,4,4,3,4,"per class: test=i, validation=(i+1)%8, train=remaining 6 segment indices",train,data/limb/subject04/StaticP1/subject4_limb_EMG.mat,StaticP1,S04_StaticP1_seg0005,S04_StaticP1_seg0005,0,5,Rest,4,60481,75600,15120,1260.0,42,43
S04_personal_fold04,4,4,3,4,"per class: test=i, validation=(i+1)%8, train=remaining 6 segment indices",train,data/limb/subject04/StaticP2/subject4_limb_EMG.mat,StaticP2,S04_StaticP2_seg0005,S04_StaticP2_seg0005,1,5,Rest,4,60481,75600,15120,1260.0,42,43
S04_personal_fold04,4,4,3,4,"per class: test=i, validation=(i+1)%8, train=remaining 6 segment indices",train,data/limb/subject04/StaticP3/subject4_limb_EMG.mat,StaticP3,S04_StaticP3_seg0005,S04_StaticP3_seg0005,2,5,Rest,4,60481,75600,15120,1260.0,42,43
S04_personal_fold04,4,4,3,4,"per class: test=i, validation=(i+1)%8, train=remaining 6 segment indices",test,data/limb/subject04/StaticP4/subject4_limb_EMG.mat,StaticP4,S04_StaticP4_seg0005,S04_StaticP4_seg0005,3,5,Rest,4,60481,75600,15120,1260.0,42,43
S04_personal_fold04,4,4,3,4,"per class: test=i, validation=(i+1)%8, train=remaining 6 segment indices",validation,data/limb/subject04/StaticP9/subject4_limb_EMG.mat,StaticP9,S04_StaticP9_seg0005,S04_StaticP9_seg0005,4,5,Rest,4,60481,75600,15120,1260.0,42,43
S04_personal_fold04,4,4,3,4,"per class: test=i, validation=(i+1)%8, train=remaining 6 segment indices",train,data/limb/subject04/StaticP10/subject4_limb_EMG.mat,StaticP10,S04_StaticP10_seg0005,S04_StaticP10_seg0005,5,5,Rest,4,60481,75600,15120,1260.0,42,43
S04_personal_fold04,4,4,3,4,"per class: test=i, validation=(i+1)%8, train=remaining 6 segment indices",train,data/limb/subject04/StaticP14/subject4_limb_EMG.mat,StaticP14,S04_StaticP14_seg0005,S04_StaticP14_seg0005,6,5,Rest,4,60481,75600,15120,1260.0,42,43
S04_personal_fold04,4,4,3,4,"per class: test=i, validation=(i+1)%8, train=remaining 6 segment indices",train,data/limb/subject04/Dynamic/subject4_limb_EMG.mat,Dynamic,S04_Dynamic_seg0005,S04_Dynamic_seg0005,7,5,Rest,4,468714,656745,188032,1260.0,42,43
S04_personal_fold05,4,5,4,5,"per class: test=i, validation=(i+1)%8, train=remaining 6 segment indices",train,data/limb/subject04/StaticP1/subject4_limb_EMG.mat,StaticP1,S04_StaticP1_seg0001,S04_StaticP1_seg0001,0,1,HandOpen,0,1,15120,15120,1260.0,42,43
S04_personal_fold05,4,5,4,5,"per class: test=i, validation=(i+1)%8, train=remaining 6 segment indices",train,data/limb/subject04/StaticP2/subject4_limb_EMG.mat,StaticP2,S04_StaticP2_seg0001,S04_StaticP2_seg0001,1,1,HandOpen,0,1,15120,15120,1260.0,42,43
S04_personal_fold05,4,5,4,5,"per class: test=i, validation=(i+1)%8, train=remaining 6 segment indices",train,data/limb/subject04/StaticP3/subject4_limb_EMG.mat,StaticP3,S04_StaticP3_seg0001,S04_StaticP3_seg0001,2,1,HandOpen,0,1,15120,15120,1260.0,42,43
S04_personal_fold05,4,5,4,5,"per class: test=i, validation=(i+1)%8, train=remaining 6 segment indices",train,data/limb/subject04/StaticP4/subject4_limb_EMG.mat,StaticP4,S04_StaticP4_seg0001,S04_StaticP4_seg0001,3,1,HandOpen,0,1,15120,15120,1260.0,42,43
S04_personal_fold05,4,5,4,5,"per class: test=i, validation=(i+1)%8, train=remaining 6 segment indices",test,data/limb/subject04/StaticP9/subject4_limb_EMG.mat,StaticP9,S04_StaticP9_seg0001,S04_StaticP9_seg0001,4,1,HandOpen,0,1,15120,15120,1260.0,42,43
S04_personal_fold05,4,5,4,5,"per class: test=i, validation=(i+1)%8, train=remaining 6 segment indices",validation,data/limb/subject04/StaticP10/subject4_limb_EMG.mat,StaticP10,S04_StaticP10_seg0001,S04_StaticP10_seg0001,5,1,HandOpen,0,1,15120,15120,1260.0,42,43
S04_personal_fold05,4,5,4,5,"per class: test=i, validation=(i+1)%8, train=remaining 6 segment indices",train,data/limb/subject04/StaticP14/subject4_limb_EMG.mat,StaticP14,S04_StaticP14_seg0001,S04_StaticP14_seg0001,6,1,HandOpen,0,1,15120,15120,1260.0,42,43
S04_personal_fold05,4,5,4,5,"per class: test=i, validation=(i+1)%8, train=remaining 6 segment indices",train,data/limb/subject04/Dynamic/subject4_limb_EMG.mat,Dynamic,S04_Dynamic_seg0001,S04_Dynamic_seg0001,7,1,HandOpen,0,1,118735,118735,1260.0,42,43
S04_personal_fold05,4,5,4,5,"per class: test=i, validation=(i+1)%8, train=remaining 6 segment indices",train,data/limb/subject04/StaticP1/subject4_limb_EMG.mat,StaticP1,S04_StaticP1_seg0002,S04_StaticP1_seg0002,0,2,Lateral,1,15121,30240,15120,1260.0,42,43
S04_personal_fold05,4,5,4,5,"per class: test=i, validation=(i+1)%8, train=remaining 6 segment indices",train,data/limb/subject04/StaticP2/subject4_limb_EMG.mat,StaticP2,S04_StaticP2_seg0002,S04_StaticP2_seg0002,1,2,Lateral,1,15121,30240,15120,1260.0,42,43
S04_personal_fold05,4,5,4,5,"per class: test=i, validation=(i+1)%8, train=remaining 6 segment indices",train,data/limb/subject04/StaticP3/subject4_limb_EMG.mat,StaticP3,S04_StaticP3_seg0002,S04_StaticP3_seg0002,2,2,Lateral,1,15121,30240,15120,1260.0,42,43
S04_personal_fold05,4,5,4,5,"per class: test=i, validation=(i+1)%8, train=remaining 6 segment indices",train,data/limb/subject04/StaticP4/subject4_limb_EMG.mat,StaticP4,S04_StaticP4_seg0002,S04_StaticP4_seg0002,3,2,Lateral,1,15121,30240,15120,1260.0,42,43
S04_personal_fold05,4,5,4,5,"per class: test=i, validation=(i+1)%8, train=remaining 6 segment indices",test,data/limb/subject04/StaticP9/subject4_limb_EMG.mat,StaticP9,S04_StaticP9_seg0002,S04_StaticP9_seg0002,4,2,Lateral,1,15121,30240,15120,1260.0,42,43
S04_personal_fold05,4,5,4,5,"per class: test=i, validation=(i+1)%8, train=remaining 6 segment indices",validation,data/limb/subject04/StaticP10/subject4_limb_EMG.mat,StaticP10,S04_StaticP10_seg0002,S04_StaticP10_seg0002,5,2,Lateral,1,15121,30240,15120,1260.0,42,43
S04_personal_fold05,4,5,4,5,"per class: test=i, validation=(i+1)%8, train=remaining 6 segment indices",train,data/limb/subject04/StaticP14/subject4_limb_EMG.mat,StaticP14,S04_StaticP14_seg0002,S04_StaticP14_seg0002,6,2,Lateral,1,15121,30240,15120,1260.0,42,43
S04_personal_fold05,4,5,4,5,"per class: test=i, validation=(i+1)%8, train=remaining 6 segment indices",train,data/limb/subject04/Dynamic/subject4_limb_EMG.mat,Dynamic,S04_Dynamic_seg0002,S04_Dynamic_seg0002,7,2,Lateral,1,118736,231241,112506,1260.0,42,43
S04_personal_fold05,4,5,4,5,"per class: test=i, validation=(i+1)%8, train=remaining 6 segment indices",train,data/limb/subject04/StaticP1/subject4_limb_EMG.mat,StaticP1,S04_StaticP1_seg0003,S04_StaticP1_seg0003,0,3,Pinch,2,30241,45360,15120,1260.0,42,43
S04_personal_fold05,4,5,4,5,"per class: test=i, validation=(i+1)%8, train=remaining 6 segment indices",train,data/limb/subject04/StaticP2/subject4_limb_EMG.mat,StaticP2,S04_StaticP2_seg0003,S04_StaticP2_seg0003,1,3,Pinch,2,30241,45360,15120,1260.0,42,43
S04_personal_fold05,4,5,4,5,"per class: test=i, validation=(i+1)%8, train=remaining 6 segment indices",train,data/limb/subject04/StaticP3/subject4_limb_EMG.mat,StaticP3,S04_StaticP3_seg0003,S04_StaticP3_seg0003,2,3,Pinch,2,30241,45360,15120,1260.0,42,43
S04_personal_fold05,4,5,4,5,"per class: test=i, validation=(i+1)%8, train=remaining 6 segment indices",train,data/limb/subject04/StaticP4/subject4_limb_EMG.mat,StaticP4,S04_StaticP4_seg0003,S04_StaticP4_seg0003,3,3,Pinch,2,30241,45360,15120,1260.0,42,43
S04_personal_fold05,4,5,4,5,"per class: test=i, validation=(i+1)%8, train=remaining 6 segment indices",test,data/limb/subject04/StaticP9/subject4_limb_EMG.mat,StaticP9,S04_StaticP9_seg0003,S04_StaticP9_seg0003,4,3,Pinch,2,30241,45360,15120,1260.0,42,43
S04_personal_fold05,4,5,4,5,"per class: test=i, validation=(i+1)%8, train=remaining 6 segment indices",validation,data/limb/subject04/StaticP10/subject4_limb_EMG.mat,StaticP10,S04_StaticP10_seg0003,S04_StaticP10_seg0003,5,3,Pinch,2,30241,45360,15120,1260.0,42,43
S04_personal_fold05,4,5,4,5,"per class: test=i, validation=(i+1)%8, train=remaining 6 segment indices",train,data/limb/subject04/StaticP14/subject4_limb_EMG.mat,StaticP14,S04_StaticP14_seg0003,S04_StaticP14_seg0003,6,3,Pinch,2,30241,45360,15120,1260.0,42,43
S04_personal_fold05,4,5,4,5,"per class: test=i, validation=(i+1)%8, train=remaining 6 segment indices",train,data/limb/subject04/Dynamic/subject4_limb_EMG.mat,Dynamic,S04_Dynamic_seg0003,S04_Dynamic_seg0003,7,3,Pinch,2,231242,355840,124599,1260.0,42,43
S04_personal_fold05,4,5,4,5,"per class: test=i, validation=(i+1)%8, train=remaining 6 segment indices",train,data/limb/subject04/StaticP1/subject4_limb_EMG.mat,StaticP1,S04_StaticP1_seg0004,S04_StaticP1_seg0004,0,4,Power,3,45361,60480,15120,1260.0,42,43
S04_personal_fold05,4,5,4,5,"per class: test=i, validation=(i+1)%8, train=remaining 6 segment indices",train,data/limb/subject04/StaticP2/subject4_limb_EMG.mat,StaticP2,S04_StaticP2_seg0004,S04_StaticP2_seg0004,1,4,Power,3,45361,60480,15120,1260.0,42,43
S04_personal_fold05,4,5,4,5,"per class: test=i, validation=(i+1)%8, train=remaining 6 segment indices",train,data/limb/subject04/StaticP3/subject4_limb_EMG.mat,StaticP3,S04_StaticP3_seg0004,S04_StaticP3_seg0004,2,4,Power,3,45361,60480,15120,1260.0,42,43
S04_personal_fold05,4,5,4,5,"per class: test=i, validation=(i+1)%8, train=remaining 6 segment indices",train,data/limb/subject04/StaticP4/subject4_limb_EMG.mat,StaticP4,S04_StaticP4_seg0004,S04_StaticP4_seg0004,3,4,Power,3,45361,60480,15120,1260.0,42,43
S04_personal_fold05,4,5,4,5,"per class: test=i, validation=(i+1)%8, train=remaining 6 segment indices",test,data/limb/subject04/StaticP9/subject4_limb_EMG.mat,StaticP9,S04_StaticP9_seg0004,S04_StaticP9_seg0004,4,4,Power,3,45361,60480,15120,1260.0,42,43
S04_personal_fold05,4,5,4,5,"per class: test=i, validation=(i+1)%8, train=remaining 6 segment indices",validation,data/limb/subject04/StaticP10/subject4_limb_EMG.mat,StaticP10,S04_StaticP10_seg0004,S04_StaticP10_seg0004,5,4,Power,3,45361,60480,15120,1260.0,42,43
S04_personal_fold05,4,5,4,5,"per class: test=i, validation=(i+1)%8, train=remaining 6 segment indices",train,data/limb/subject04/StaticP14/subject4_limb_EMG.mat,StaticP14,S04_StaticP14_seg0004,S04_StaticP14_seg0004,6,4,Power,3,45361,60480,15120,1260.0,42,43
S04_personal_fold05,4,5,4,5,"per class: test=i, validation=(i+1)%8, train=remaining 6 segment indices",train,data/limb/subject04/Dynamic/subject4_limb_EMG.mat,Dynamic,S04_Dynamic_seg0004,S04_Dynamic_seg0004,7,4,Power,3,355841,468713,112873,1260.0,42,43
S04_personal_fold05,4,5,4,5,"per class: test=i, validation=(i+1)%8, train=remaining 6 segment indices",train,data/limb/subject04/StaticP1/subject4_limb_EMG.mat,StaticP1,S04_StaticP1_seg0005,S04_StaticP1_seg0005,0,5,Rest,4,60481,75600,15120,1260.0,42,43
S04_personal_fold05,4,5,4,5,"per class: test=i, validation=(i+1)%8, train=remaining 6 segment indices",train,data/limb/subject04/StaticP2/subject4_limb_EMG.mat,StaticP2,S04_StaticP2_seg0005,S04_StaticP2_seg0005,1,5,Rest,4,60481,75600,15120,1260.0,42,43
S04_personal_fold05,4,5,4,5,"per class: test=i, validation=(i+1)%8, train=remaining 6 segment indices",train,data/limb/subject04/StaticP3/subject4_limb_EMG.mat,StaticP3,S04_StaticP3_seg0005,S04_StaticP3_seg0005,2,5,Rest,4,60481,75600,15120,1260.0,42,43
S04_personal_fold05,4,5,4,5,"per class: test=i, validation=(i+1)%8, train=remaining 6 segment indices",train,data/limb/subject04/StaticP4/subject4_limb_EMG.mat,StaticP4,S04_StaticP4_seg0005,S04_StaticP4_seg0005,3,5,Rest,4,60481,75600,15120,1260.0,42,43
S04_personal_fold05,4,5,4,5,"per class: test=i, validation=(i+1)%8, train=remaining 6 segment indices",test,data/limb/subject04/StaticP9/subject4_limb_EMG.mat,StaticP9,S04_StaticP9_seg0005,S04_StaticP9_seg0005,4,5,Rest,4,60481,75600,15120,1260.0,42,43
S04_personal_fold05,4,5,4,5,"per class: test=i, validation=(i+1)%8, train=remaining 6 segment indices",validation,data/limb/subject04/StaticP10/subject4_limb_EMG.mat,StaticP10,S04_StaticP10_seg0005,S04_StaticP10_seg0005,5,5,Rest,4,60481,75600,15120,1260.0,42,43
S04_personal_fold05,4,5,4,5,"per class: test=i, validation=(i+1)%8, train=remaining 6 segment indices",train,data/limb/subject04/StaticP14/subject4_limb_EMG.mat,StaticP14,S04_StaticP14_seg0005,S04_StaticP14_seg0005,6,5,Rest,4,60481,75600,15120,1260.0,42,43
S04_personal_fold05,4,5,4,5,"per class: test=i, validation=(i+1)%8, train=remaining 6 segment indices",train,data/limb/subject04/Dynamic/subject4_limb_EMG.mat,Dynamic,S04_Dynamic_seg0005,S04_Dynamic_seg0005,7,5,Rest,4,468714,656745,188032,1260.0,42,43
S04_personal_fold06,4,6,5,6,"per class: test=i, validation=(i+1)%8, train=remaining 6 segment indices",train,data/limb/subject04/StaticP1/subject4_limb_EMG.mat,StaticP1,S04_StaticP1_seg0001,S04_StaticP1_seg0001,0,1,HandOpen,0,1,15120,15120,1260.0,42,43
S04_personal_fold06,4,6,5,6,"per class: test=i, validation=(i+1)%8, train=remaining 6 segment indices",train,data/limb/subject04/StaticP2/subject4_limb_EMG.mat,StaticP2,S04_StaticP2_seg0001,S04_StaticP2_seg0001,1,1,HandOpen,0,1,15120,15120,1260.0,42,43
S04_personal_fold06,4,6,5,6,"per class: test=i, validation=(i+1)%8, train=remaining 6 segment indices",train,data/limb/subject04/StaticP3/subject4_limb_EMG.mat,StaticP3,S04_StaticP3_seg0001,S04_StaticP3_seg0001,2,1,HandOpen,0,1,15120,15120,1260.0,42,43
S04_personal_fold06,4,6,5,6,"per class: test=i, validation=(i+1)%8, train=remaining 6 segment indices",train,data/limb/subject04/StaticP4/subject4_limb_EMG.mat,StaticP4,S04_StaticP4_seg0001,S04_StaticP4_seg0001,3,1,HandOpen,0,1,15120,15120,1260.0,42,43
S04_personal_fold06,4,6,5,6,"per class: test=i, validation=(i+1)%8, train=remaining 6 segment indices",train,data/limb/subject04/StaticP9/subject4_limb_EMG.mat,StaticP9,S04_StaticP9_seg0001,S04_StaticP9_seg0001,4,1,HandOpen,0,1,15120,15120,1260.0,42,43
S04_personal_fold06,4,6,5,6,"per class: test=i, validation=(i+1)%8, train=remaining 6 segment indices",test,data/limb/subject04/StaticP10/subject4_limb_EMG.mat,StaticP10,S04_StaticP10_seg0001,S04_StaticP10_seg0001,5,1,HandOpen,0,1,15120,15120,1260.0,42,43
S04_personal_fold06,4,6,5,6,"per class: test=i, validation=(i+1)%8, train=remaining 6 segment indices",validation,data/limb/subject04/StaticP14/subject4_limb_EMG.mat,StaticP14,S04_StaticP14_seg0001,S04_StaticP14_seg0001,6,1,HandOpen,0,1,15120,15120,1260.0,42,43
S04_personal_fold06,4,6,5,6,"per class: test=i, validation=(i+1)%8, train=remaining 6 segment indices",train,data/limb/subject04/Dynamic/subject4_limb_EMG.mat,Dynamic,S04_Dynamic_seg0001,S04_Dynamic_seg0001,7,1,HandOpen,0,1,118735,118735,1260.0,42,43
S04_personal_fold06,4,6,5,6,"per class: test=i, validation=(i+1)%8, train=remaining 6 segment indices",train,data/limb/subject04/StaticP1/subject4_limb_EMG.mat,StaticP1,S04_StaticP1_seg0002,S04_StaticP1_seg0002,0,2,Lateral,1,15121,30240,15120,1260.0,42,43
S04_personal_fold06,4,6,5,6,"per class: test=i, validation=(i+1)%8, train=remaining 6 segment indices",train,data/limb/subject04/StaticP2/subject4_limb_EMG.mat,StaticP2,S04_StaticP2_seg0002,S04_StaticP2_seg0002,1,2,Lateral,1,15121,30240,15120,1260.0,42,43
S04_personal_fold06,4,6,5,6,"per class: test=i, validation=(i+1)%8, train=remaining 6 segment indices",train,data/limb/subject04/StaticP3/subject4_limb_EMG.mat,StaticP3,S04_StaticP3_seg0002,S04_StaticP3_seg0002,2,2,Lateral,1,15121,30240,15120,1260.0,42,43
S04_personal_fold06,4,6,5,6,"per class: test=i, validation=(i+1)%8, train=remaining 6 segment indices",train,data/limb/subject04/StaticP4/subject4_limb_EMG.mat,StaticP4,S04_StaticP4_seg0002,S04_StaticP4_seg0002,3,2,Lateral,1,15121,30240,15120,1260.0,42,43
S04_personal_fold06,4,6,5,6,"per class: test=i, validation=(i+1)%8, train=remaining 6 segment indices",train,data/limb/subject04/StaticP9/subject4_limb_EMG.mat,StaticP9,S04_StaticP9_seg0002,S04_StaticP9_seg0002,4,2,Lateral,1,15121,30240,15120,1260.0,42,43
S04_personal_fold06,4,6,5,6,"per class: test=i, validation=(i+1)%8, train=remaining 6 segment indices",test,data/limb/subject04/StaticP10/subject4_limb_EMG.mat,StaticP10,S04_StaticP10_seg0002,S04_StaticP10_seg0002,5,2,Lateral,1,15121,30240,15120,1260.0,42,43
S04_personal_fold06,4,6,5,6,"per class: test=i, validation=(i+1)%8, train=remaining 6 segment indices",validation,data/limb/subject04/StaticP14/subject4_limb_EMG.mat,StaticP14,S04_StaticP14_seg0002,S04_StaticP14_seg0002,6,2,Lateral,1,15121,30240,15120,1260.0,42,43
S04_personal_fold06,4,6,5,6,"per class: test=i, validation=(i+1)%8, train=remaining 6 segment indices",train,data/limb/subject04/Dynamic/subject4_limb_EMG.mat,Dynamic,S04_Dynamic_seg0002,S04_Dynamic_seg0002,7,2,Lateral,1,118736,231241,112506,1260.0,42,43
S04_personal_fold06,4,6,5,6,"per class: test=i, validation=(i+1)%8, train=remaining 6 segment indices",train,data/limb/subject04/StaticP1/subject4_limb_EMG.mat,StaticP1,S04_StaticP1_seg0003,S04_StaticP1_seg0003,0,3,Pinch,2,30241,45360,15120,1260.0,42,43
S04_personal_fold06,4,6,5,6,"per class: test=i, validation=(i+1)%8, train=remaining 6 segment indices",train,data/limb/subject04/StaticP2/subject4_limb_EMG.mat,StaticP2,S04_StaticP2_seg0003,S04_StaticP2_seg0003,1,3,Pinch,2,30241,45360,15120,1260.0,42,43
S04_personal_fold06,4,6,5,6,"per class: test=i, validation=(i+1)%8, train=remaining 6 segment indices",train,data/limb/subject04/StaticP3/subject4_limb_EMG.mat,StaticP3,S04_StaticP3_seg0003,S04_StaticP3_seg0003,2,3,Pinch,2,30241,45360,15120,1260.0,42,43
S04_personal_fold06,4,6,5,6,"per class: test=i, validation=(i+1)%8, train=remaining 6 segment indices",train,data/limb/subject04/StaticP4/subject4_limb_EMG.mat,StaticP4,S04_StaticP4_seg0003,S04_StaticP4_seg0003,3,3,Pinch,2,30241,45360,15120,1260.0,42,43
S04_personal_fold06,4,6,5,6,"per class: test=i, validation=(i+1)%8, train=remaining 6 segment indices",train,data/limb/subject04/StaticP9/subject4_limb_EMG.mat,StaticP9,S04_StaticP9_seg0003,S04_StaticP9_seg0003,4,3,Pinch,2,30241,45360,15120,1260.0,42,43
S04_personal_fold06,4,6,5,6,"per class: test=i, validation=(i+1)%8, train=remaining 6 segment indices",test,data/limb/subject04/StaticP10/subject4_limb_EMG.mat,StaticP10,S04_StaticP10_seg0003,S04_StaticP10_seg0003,5,3,Pinch,2,30241,45360,15120,1260.0,42,43
S04_personal_fold06,4,6,5,6,"per class: test=i, validation=(i+1)%8, train=remaining 6 segment indices",validation,data/limb/subject04/StaticP14/subject4_limb_EMG.mat,StaticP14,S04_StaticP14_seg0003,S04_StaticP14_seg0003,6,3,Pinch,2,30241,45360,15120,1260.0,42,43
S04_personal_fold06,4,6,5,6,"per class: test=i, validation=(i+1)%8, train=remaining 6 segment indices",train,data/limb/subject04/Dynamic/subject4_limb_EMG.mat,Dynamic,S04_Dynamic_seg0003,S04_Dynamic_seg0003,7,3,Pinch,2,231242,355840,124599,1260.0,42,43
S04_personal_fold06,4,6,5,6,"per class: test=i, validation=(i+1)%8, train=remaining 6 segment indices",train,data/limb/subject04/StaticP1/subject4_limb_EMG.mat,StaticP1,S04_StaticP1_seg0004,S04_StaticP1_seg0004,0,4,Power,3,45361,60480,15120,1260.0,42,43
S04_personal_fold06,4,6,5,6,"per class: test=i, validation=(i+1)%8, train=remaining 6 segment indices",train,data/limb/subject04/StaticP2/subject4_limb_EMG.mat,StaticP2,S04_StaticP2_seg0004,S04_StaticP2_seg0004,1,4,Power,3,45361,60480,15120,1260.0,42,43
S04_personal_fold06,4,6,5,6,"per class: test=i, validation=(i+1)%8, train=remaining 6 segment indices",train,data/limb/subject04/StaticP3/subject4_limb_EMG.mat,StaticP3,S04_StaticP3_seg0004,S04_StaticP3_seg0004,2,4,Power,3,45361,60480,15120,1260.0,42,43
S04_personal_fold06,4,6,5,6,"per class: test=i, validation=(i+1)%8, train=remaining 6 segment indices",train,data/limb/subject04/StaticP4/subject4_limb_EMG.mat,StaticP4,S04_StaticP4_seg0004,S04_StaticP4_seg0004,3,4,Power,3,45361,60480,15120,1260.0,42,43
S04_personal_fold06,4,6,5,6,"per class: test=i, validation=(i+1)%8, train=remaining 6 segment indices",train,data/limb/subject04/StaticP9/subject4_limb_EMG.mat,StaticP9,S04_StaticP9_seg0004,S04_StaticP9_seg0004,4,4,Power,3,45361,60480,15120,1260.0,42,43
S04_personal_fold06,4,6,5,6,"per class: test=i, validation=(i+1)%8, train=remaining 6 segment indices",test,data/limb/subject04/StaticP10/subject4_limb_EMG.mat,StaticP10,S04_StaticP10_seg0004,S04_StaticP10_seg0004,5,4,Power,3,45361,60480,15120,1260.0,42,43
S04_personal_fold06,4,6,5,6,"per class: test=i, validation=(i+1)%8, train=remaining 6 segment indices",validation,data/limb/subject04/StaticP14/subject4_limb_EMG.mat,StaticP14,S04_StaticP14_seg0004,S04_StaticP14_seg0004,6,4,Power,3,45361,60480,15120,1260.0,42,43
S04_personal_fold06,4,6,5,6,"per class: test=i, validation=(i+1)%8, train=remaining 6 segment indices",train,data/limb/subject04/Dynamic/subject4_limb_EMG.mat,Dynamic,S04_Dynamic_seg0004,S04_Dynamic_seg0004,7,4,Power,3,355841,468713,112873,1260.0,42,43
S04_personal_fold06,4,6,5,6,"per class: test=i, validation=(i+1)%8, train=remaining 6 segment indices",train,data/limb/subject04/StaticP1/subject4_limb_EMG.mat,StaticP1,S04_StaticP1_seg0005,S04_StaticP1_seg0005,0,5,Rest,4,60481,75600,15120,1260.0,42,43
S04_personal_fold06,4,6,5,6,"per class: test=i, validation=(i+1)%8, train=remaining 6 segment indices",train,data/limb/subject04/StaticP2/subject4_limb_EMG.mat,StaticP2,S04_StaticP2_seg0005,S04_StaticP2_seg0005,1,5,Rest,4,60481,75600,15120,1260.0,42,43
S04_personal_fold06,4,6,5,6,"per class: test=i, validation=(i+1)%8, train=remaining 6 segment indices",train,data/limb/subject04/StaticP3/subject4_limb_EMG.mat,StaticP3,S04_StaticP3_seg0005,S04_StaticP3_seg0005,2,5,Rest,4,60481,75600,15120,1260.0,42,43
S04_personal_fold06,4,6,5,6,"per class: test=i, validation=(i+1)%8, train=remaining 6 segment indices",train,data/limb/subject04/StaticP4/subject4_limb_EMG.mat,StaticP4,S04_StaticP4_seg0005,S04_StaticP4_seg0005,3,5,Rest,4,60481,75600,15120,1260.0,42,43
S04_personal_fold06,4,6,5,6,"per class: test=i, validation=(i+1)%8, train=remaining 6 segment indices",train,data/limb/subject04/StaticP9/subject4_limb_EMG.mat,StaticP9,S04_StaticP9_seg0005,S04_StaticP9_seg0005,4,5,Rest,4,60481,75600,15120,1260.0,42,43
S04_personal_fold06,4,6,5,6,"per class: test=i, validation=(i+1)%8, train=remaining 6 segment indices",test,data/limb/subject04/StaticP10/subject4_limb_EMG.mat,StaticP10,S04_StaticP10_seg0005,S04_StaticP10_seg0005,5,5,Rest,4,60481,75600,15120,1260.0,42,43
S04_personal_fold06,4,6,5,6,"per class: test=i, validation=(i+1)%8, train=remaining 6 segment indices",validation,data/limb/subject04/StaticP14/subject4_limb_EMG.mat,StaticP14,S04_StaticP14_seg0005,S04_StaticP14_seg0005,6,5,Rest,4,60481,75600,15120,1260.0,42,43
S04_personal_fold06,4,6,5,6,"per class: test=i, validation=(i+1)%8, train=remaining 6 segment indices",train,data/limb/subject04/Dynamic/subject4_limb_EMG.mat,Dynamic,S04_Dynamic_seg0005,S04_Dynamic_seg0005,7,5,Rest,4,468714,656745,188032,1260.0,42,43
S04_personal_fold07,4,7,6,7,"per class: test=i, validation=(i+1)%8, train=remaining 6 segment indices",train,data/limb/subject04/StaticP1/subject4_limb_EMG.mat,StaticP1,S04_StaticP1_seg0001,S04_StaticP1_seg0001,0,1,HandOpen,0,1,15120,15120,1260.0,42,43
S04_personal_fold07,4,7,6,7,"per class: test=i, validation=(i+1)%8, train=remaining 6 segment indices",train,data/limb/subject04/StaticP2/subject4_limb_EMG.mat,StaticP2,S04_StaticP2_seg0001,S04_StaticP2_seg0001,1,1,HandOpen,0,1,15120,15120,1260.0,42,43
S04_personal_fold07,4,7,6,7,"per class: test=i, validation=(i+1)%8, train=remaining 6 segment indices",train,data/limb/subject04/StaticP3/subject4_limb_EMG.mat,StaticP3,S04_StaticP3_seg0001,S04_StaticP3_seg0001,2,1,HandOpen,0,1,15120,15120,1260.0,42,43
S04_personal_fold07,4,7,6,7,"per class: test=i, validation=(i+1)%8, train=remaining 6 segment indices",train,data/limb/subject04/StaticP4/subject4_limb_EMG.mat,StaticP4,S04_StaticP4_seg0001,S04_StaticP4_seg0001,3,1,HandOpen,0,1,15120,15120,1260.0,42,43
S04_personal_fold07,4,7,6,7,"per class: test=i, validation=(i+1)%8, train=remaining 6 segment indices",train,data/limb/subject04/StaticP9/subject4_limb_EMG.mat,StaticP9,S04_StaticP9_seg0001,S04_StaticP9_seg0001,4,1,HandOpen,0,1,15120,15120,1260.0,42,43
S04_personal_fold07,4,7,6,7,"per class: test=i, validation=(i+1)%8, train=remaining 6 segment indices",train,data/limb/subject04/StaticP10/subject4_limb_EMG.mat,StaticP10,S04_StaticP10_seg0001,S04_StaticP10_seg0001,5,1,HandOpen,0,1,15120,15120,1260.0,42,43
S04_personal_fold07,4,7,6,7,"per class: test=i, validation=(i+1)%8, train=remaining 6 segment indices",test,data/limb/subject04/StaticP14/subject4_limb_EMG.mat,StaticP14,S04_StaticP14_seg0001,S04_StaticP14_seg0001,6,1,HandOpen,0,1,15120,15120,1260.0,42,43
S04_personal_fold07,4,7,6,7,"per class: test=i, validation=(i+1)%8, train=remaining 6 segment indices",validation,data/limb/subject04/Dynamic/subject4_limb_EMG.mat,Dynamic,S04_Dynamic_seg0001,S04_Dynamic_seg0001,7,1,HandOpen,0,1,118735,118735,1260.0,42,43
S04_personal_fold07,4,7,6,7,"per class: test=i, validation=(i+1)%8, train=remaining 6 segment indices",train,data/limb/subject04/StaticP1/subject4_limb_EMG.mat,StaticP1,S04_StaticP1_seg0002,S04_StaticP1_seg0002,0,2,Lateral,1,15121,30240,15120,1260.0,42,43
S04_personal_fold07,4,7,6,7,"per class: test=i, validation=(i+1)%8, train=remaining 6 segment indices",train,data/limb/subject04/StaticP2/subject4_limb_EMG.mat,StaticP2,S04_StaticP2_seg0002,S04_StaticP2_seg0002,1,2,Lateral,1,15121,30240,15120,1260.0,42,43
S04_personal_fold07,4,7,6,7,"per class: test=i, validation=(i+1)%8, train=remaining 6 segment indices",train,data/limb/subject04/StaticP3/subject4_limb_EMG.mat,StaticP3,S04_StaticP3_seg0002,S04_StaticP3_seg0002,2,2,Lateral,1,15121,30240,15120,1260.0,42,43
S04_personal_fold07,4,7,6,7,"per class: test=i, validation=(i+1)%8, train=remaining 6 segment indices",train,data/limb/subject04/StaticP4/subject4_limb_EMG.mat,StaticP4,S04_StaticP4_seg0002,S04_StaticP4_seg0002,3,2,Lateral,1,15121,30240,15120,1260.0,42,43
S04_personal_fold07,4,7,6,7,"per class: test=i, validation=(i+1)%8, train=remaining 6 segment indices",train,data/limb/subject04/StaticP9/subject4_limb_EMG.mat,StaticP9,S04_StaticP9_seg0002,S04_StaticP9_seg0002,4,2,Lateral,1,15121,30240,15120,1260.0,42,43
S04_personal_fold07,4,7,6,7,"per class: test=i, validation=(i+1)%8, train=remaining 6 segment indices",train,data/limb/subject04/StaticP10/subject4_limb_EMG.mat,StaticP10,S04_StaticP10_seg0002,S04_StaticP10_seg0002,5,2,Lateral,1,15121,30240,15120,1260.0,42,43
S04_personal_fold07,4,7,6,7,"per class: test=i, validation=(i+1)%8, train=remaining 6 segment indices",test,data/limb/subject04/StaticP14/subject4_limb_EMG.mat,StaticP14,S04_StaticP14_seg0002,S04_StaticP14_seg0002,6,2,Lateral,1,15121,30240,15120,1260.0,42,43
S04_personal_fold07,4,7,6,7,"per class: test=i, validation=(i+1)%8, train=remaining 6 segment indices",validation,data/limb/subject04/Dynamic/subject4_limb_EMG.mat,Dynamic,S04_Dynamic_seg0002,S04_Dynamic_seg0002,7,2,Lateral,1,118736,231241,112506,1260.0,42,43
S04_personal_fold07,4,7,6,7,"per class: test=i, validation=(i+1)%8, train=remaining 6 segment indices",train,data/limb/subject04/StaticP1/subject4_limb_EMG.mat,StaticP1,S04_StaticP1_seg0003,S04_StaticP1_seg0003,0,3,Pinch,2,30241,45360,15120,1260.0,42,43
S04_personal_fold07,4,7,6,7,"per class: test=i, validation=(i+1)%8, train=remaining 6 segment indices",train,data/limb/subject04/StaticP2/subject4_limb_EMG.mat,StaticP2,S04_StaticP2_seg0003,S04_StaticP2_seg0003,1,3,Pinch,2,30241,45360,15120,1260.0,42,43
S04_personal_fold07,4,7,6,7,"per class: test=i, validation=(i+1)%8, train=remaining 6 segment indices",train,data/limb/subject04/StaticP3/subject4_limb_EMG.mat,StaticP3,S04_StaticP3_seg0003,S04_StaticP3_seg0003,2,3,Pinch,2,30241,45360,15120,1260.0,42,43
S04_personal_fold07,4,7,6,7,"per class: test=i, validation=(i+1)%8, train=remaining 6 segment indices",train,data/limb/subject04/StaticP4/subject4_limb_EMG.mat,StaticP4,S04_StaticP4_seg0003,S04_StaticP4_seg0003,3,3,Pinch,2,30241,45360,15120,1260.0,42,43
S04_personal_fold07,4,7,6,7,"per class: test=i, validation=(i+1)%8, train=remaining 6 segment indices",train,data/limb/subject04/StaticP9/subject4_limb_EMG.mat,StaticP9,S04_StaticP9_seg0003,S04_StaticP9_seg0003,4,3,Pinch,2,30241,45360,15120,1260.0,42,43
S04_personal_fold07,4,7,6,7,"per class: test=i, validation=(i+1)%8, train=remaining 6 segment indices",train,data/limb/subject04/StaticP10/subject4_limb_EMG.mat,StaticP10,S04_StaticP10_seg0003,S04_StaticP10_seg0003,5,3,Pinch,2,30241,45360,15120,1260.0,42,43
S04_personal_fold07,4,7,6,7,"per class: test=i, validation=(i+1)%8, train=remaining 6 segment indices",test,data/limb/subject04/StaticP14/subject4_limb_EMG.mat,StaticP14,S04_StaticP14_seg0003,S04_StaticP14_seg0003,6,3,Pinch,2,30241,45360,15120,1260.0,42,43
S04_personal_fold07,4,7,6,7,"per class: test=i, validation=(i+1)%8, train=remaining 6 segment indices",validation,data/limb/subject04/Dynamic/subject4_limb_EMG.mat,Dynamic,S04_Dynamic_seg0003,S04_Dynamic_seg0003,7,3,Pinch,2,231242,355840,124599,1260.0,42,43
S04_personal_fold07,4,7,6,7,"per class: test=i, validation=(i+1)%8, train=remaining 6 segment indices",train,data/limb/subject04/StaticP1/subject4_limb_EMG.mat,StaticP1,S04_StaticP1_seg0004,S04_StaticP1_seg0004,0,4,Power,3,45361,60480,15120,1260.0,42,43
S04_personal_fold07,4,7,6,7,"per class: test=i, validation=(i+1)%8, train=remaining 6 segment indices",train,data/limb/subject04/StaticP2/subject4_limb_EMG.mat,StaticP2,S04_StaticP2_seg0004,S04_StaticP2_seg0004,1,4,Power,3,45361,60480,15120,1260.0,42,43
S04_personal_fold07,4,7,6,7,"per class: test=i, validation=(i+1)%8, train=remaining 6 segment indices",train,data/limb/subject04/StaticP3/subject4_limb_EMG.mat,StaticP3,S04_StaticP3_seg0004,S04_StaticP3_seg0004,2,4,Power,3,45361,60480,15120,1260.0,42,43
S04_personal_fold07,4,7,6,7,"per class: test=i, validation=(i+1)%8, train=remaining 6 segment indices",train,data/limb/subject04/StaticP4/subject4_limb_EMG.mat,StaticP4,S04_StaticP4_seg0004,S04_StaticP4_seg0004,3,4,Power,3,45361,60480,15120,1260.0,42,43
S04_personal_fold07,4,7,6,7,"per class: test=i, validation=(i+1)%8, train=remaining 6 segment indices",train,data/limb/subject04/StaticP9/subject4_limb_EMG.mat,StaticP9,S04_StaticP9_seg0004,S04_StaticP9_seg0004,4,4,Power,3,45361,60480,15120,1260.0,42,43
S04_personal_fold07,4,7,6,7,"per class: test=i, validation=(i+1)%8, train=remaining 6 segment indices",train,data/limb/subject04/StaticP10/subject4_limb_EMG.mat,StaticP10,S04_StaticP10_seg0004,S04_StaticP10_seg0004,5,4,Power,3,45361,60480,15120,1260.0,42,43
S04_personal_fold07,4,7,6,7,"per class: test=i, validation=(i+1)%8, train=remaining 6 segment indices",test,data/limb/subject04/StaticP14/subject4_limb_EMG.mat,StaticP14,S04_StaticP14_seg0004,S04_StaticP14_seg0004,6,4,Power,3,45361,60480,15120,1260.0,42,43
S04_personal_fold07,4,7,6,7,"per class: test=i, validation=(i+1)%8, train=remaining 6 segment indices",validation,data/limb/subject04/Dynamic/subject4_limb_EMG.mat,Dynamic,S04_Dynamic_seg0004,S04_Dynamic_seg0004,7,4,Power,3,355841,468713,112873,1260.0,42,43
S04_personal_fold07,4,7,6,7,"per class: test=i, validation=(i+1)%8, train=remaining 6 segment indices",train,data/limb/subject04/StaticP1/subject4_limb_EMG.mat,StaticP1,S04_StaticP1_seg0005,S04_StaticP1_seg0005,0,5,Rest,4,60481,75600,15120,1260.0,42,43
S04_personal_fold07,4,7,6,7,"per class: test=i, validation=(i+1)%8, train=remaining 6 segment indices",train,data/limb/subject04/StaticP2/subject4_limb_EMG.mat,StaticP2,S04_StaticP2_seg0005,S04_StaticP2_seg0005,1,5,Rest,4,60481,75600,15120,1260.0,42,43
S04_personal_fold07,4,7,6,7,"per class: test=i, validation=(i+1)%8, train=remaining 6 segment indices",train,data/limb/subject04/StaticP3/subject4_limb_EMG.mat,StaticP3,S04_StaticP3_seg0005,S04_StaticP3_seg0005,2,5,Rest,4,60481,75600,15120,1260.0,42,43
S04_personal_fold07,4,7,6,7,"per class: test=i, validation=(i+1)%8, train=remaining 6 segment indices",train,data/limb/subject04/StaticP4/subject4_limb_EMG.mat,StaticP4,S04_StaticP4_seg0005,S04_StaticP4_seg0005,3,5,Rest,4,60481,75600,15120,1260.0,42,43
S04_personal_fold07,4,7,6,7,"per class: test=i, validation=(i+1)%8, train=remaining 6 segment indices",train,data/limb/subject04/StaticP9/subject4_limb_EMG.mat,StaticP9,S04_StaticP9_seg0005,S04_StaticP9_seg0005,4,5,Rest,4,60481,75600,15120,1260.0,42,43
S04_personal_fold07,4,7,6,7,"per class: test=i, validation=(i+1)%8, train=remaining 6 segment indices",train,data/limb/subject04/StaticP10/subject4_limb_EMG.mat,StaticP10,S04_StaticP10_seg0005,S04_StaticP10_seg0005,5,5,Rest,4,60481,75600,15120,1260.0,42,43
S04_personal_fold07,4,7,6,7,"per class: test=i, validation=(i+1)%8, train=remaining 6 segment indices",test,data/limb/subject04/StaticP14/subject4_limb_EMG.mat,StaticP14,S04_StaticP14_seg0005,S04_StaticP14_seg0005,6,5,Rest,4,60481,75600,15120,1260.0,42,43
S04_personal_fold07,4,7,6,7,"per class: test=i, validation=(i+1)%8, train=remaining 6 segment indices",validation,data/limb/subject04/Dynamic/subject4_limb_EMG.mat,Dynamic,S04_Dynamic_seg0005,S04_Dynamic_seg0005,7,5,Rest,4,468714,656745,188032,1260.0,42,43
S04_personal_fold08,4,8,7,0,"per class: test=i, validation=(i+1)%8, train=remaining 6 segment indices",validation,data/limb/subject04/StaticP1/subject4_limb_EMG.mat,StaticP1,S04_StaticP1_seg0001,S04_StaticP1_seg0001,0,1,HandOpen,0,1,15120,15120,1260.0,42,43
S04_personal_fold08,4,8,7,0,"per class: test=i, validation=(i+1)%8, train=remaining 6 segment indices",train,data/limb/subject04/StaticP2/subject4_limb_EMG.mat,StaticP2,S04_StaticP2_seg0001,S04_StaticP2_seg0001,1,1,HandOpen,0,1,15120,15120,1260.0,42,43
S04_personal_fold08,4,8,7,0,"per class: test=i, validation=(i+1)%8, train=remaining 6 segment indices",train,data/limb/subject04/StaticP3/subject4_limb_EMG.mat,StaticP3,S04_StaticP3_seg0001,S04_StaticP3_seg0001,2,1,HandOpen,0,1,15120,15120,1260.0,42,43
S04_personal_fold08,4,8,7,0,"per class: test=i, validation=(i+1)%8, train=remaining 6 segment indices",train,data/limb/subject04/StaticP4/subject4_limb_EMG.mat,StaticP4,S04_StaticP4_seg0001,S04_StaticP4_seg0001,3,1,HandOpen,0,1,15120,15120,1260.0,42,43
S04_personal_fold08,4,8,7,0,"per class: test=i, validation=(i+1)%8, train=remaining 6 segment indices",train,data/limb/subject04/StaticP9/subject4_limb_EMG.mat,StaticP9,S04_StaticP9_seg0001,S04_StaticP9_seg0001,4,1,HandOpen,0,1,15120,15120,1260.0,42,43
S04_personal_fold08,4,8,7,0,"per class: test=i, validation=(i+1)%8, train=remaining 6 segment indices",train,data/limb/subject04/StaticP10/subject4_limb_EMG.mat,StaticP10,S04_StaticP10_seg0001,S04_StaticP10_seg0001,5,1,HandOpen,0,1,15120,15120,1260.0,42,43
S04_personal_fold08,4,8,7,0,"per class: test=i, validation=(i+1)%8, train=remaining 6 segment indices",train,data/limb/subject04/StaticP14/subject4_limb_EMG.mat,StaticP14,S04_StaticP14_seg0001,S04_StaticP14_seg0001,6,1,HandOpen,0,1,15120,15120,1260.0,42,43
S04_personal_fold08,4,8,7,0,"per class: test=i, validation=(i+1)%8, train=remaining 6 segment indices",test,data/limb/subject04/Dynamic/subject4_limb_EMG.mat,Dynamic,S04_Dynamic_seg0001,S04_Dynamic_seg0001,7,1,HandOpen,0,1,118735,118735,1260.0,42,43
S04_personal_fold08,4,8,7,0,"per class: test=i, validation=(i+1)%8, train=remaining 6 segment indices",validation,data/limb/subject04/StaticP1/subject4_limb_EMG.mat,StaticP1,S04_StaticP1_seg0002,S04_StaticP1_seg0002,0,2,Lateral,1,15121,30240,15120,1260.0,42,43
S04_personal_fold08,4,8,7,0,"per class: test=i, validation=(i+1)%8, train=remaining 6 segment indices",train,data/limb/subject04/StaticP2/subject4_limb_EMG.mat,StaticP2,S04_StaticP2_seg0002,S04_StaticP2_seg0002,1,2,Lateral,1,15121,30240,15120,1260.0,42,43
S04_personal_fold08,4,8,7,0,"per class: test=i, validation=(i+1)%8, train=remaining 6 segment indices",train,data/limb/subject04/StaticP3/subject4_limb_EMG.mat,StaticP3,S04_StaticP3_seg0002,S04_StaticP3_seg0002,2,2,Lateral,1,15121,30240,15120,1260.0,42,43
S04_personal_fold08,4,8,7,0,"per class: test=i, validation=(i+1)%8, train=remaining 6 segment indices",train,data/limb/subject04/StaticP4/subject4_limb_EMG.mat,StaticP4,S04_StaticP4_seg0002,S04_StaticP4_seg0002,3,2,Lateral,1,15121,30240,15120,1260.0,42,43
S04_personal_fold08,4,8,7,0,"per class: test=i, validation=(i+1)%8, train=remaining 6 segment indices",train,data/limb/subject04/StaticP9/subject4_limb_EMG.mat,StaticP9,S04_StaticP9_seg0002,S04_StaticP9_seg0002,4,2,Lateral,1,15121,30240,15120,1260.0,42,43
S04_personal_fold08,4,8,7,0,"per class: test=i, validation=(i+1)%8, train=remaining 6 segment indices",train,data/limb/subject04/StaticP10/subject4_limb_EMG.mat,StaticP10,S04_StaticP10_seg0002,S04_StaticP10_seg0002,5,2,Lateral,1,15121,30240,15120,1260.0,42,43
S04_personal_fold08,4,8,7,0,"per class: test=i, validation=(i+1)%8, train=remaining 6 segment indices",train,data/limb/subject04/StaticP14/subject4_limb_EMG.mat,StaticP14,S04_StaticP14_seg0002,S04_StaticP14_seg0002,6,2,Lateral,1,15121,30240,15120,1260.0,42,43
S04_personal_fold08,4,8,7,0,"per class: test=i, validation=(i+1)%8, train=remaining 6 segment indices",test,data/limb/subject04/Dynamic/subject4_limb_EMG.mat,Dynamic,S04_Dynamic_seg0002,S04_Dynamic_seg0002,7,2,Lateral,1,118736,231241,112506,1260.0,42,43
S04_personal_fold08,4,8,7,0,"per class: test=i, validation=(i+1)%8, train=remaining 6 segment indices",validation,data/limb/subject04/StaticP1/subject4_limb_EMG.mat,StaticP1,S04_StaticP1_seg0003,S04_StaticP1_seg0003,0,3,Pinch,2,30241,45360,15120,1260.0,42,43
S04_personal_fold08,4,8,7,0,"per class: test=i, validation=(i+1)%8, train=remaining 6 segment indices",train,data/limb/subject04/StaticP2/subject4_limb_EMG.mat,StaticP2,S04_StaticP2_seg0003,S04_StaticP2_seg0003,1,3,Pinch,2,30241,45360,15120,1260.0,42,43
S04_personal_fold08,4,8,7,0,"per class: test=i, validation=(i+1)%8, train=remaining 6 segment indices",train,data/limb/subject04/StaticP3/subject4_limb_EMG.mat,StaticP3,S04_StaticP3_seg0003,S04_StaticP3_seg0003,2,3,Pinch,2,30241,45360,15120,1260.0,42,43
S04_personal_fold08,4,8,7,0,"per class: test=i, validation=(i+1)%8, train=remaining 6 segment indices",train,data/limb/subject04/StaticP4/subject4_limb_EMG.mat,StaticP4,S04_StaticP4_seg0003,S04_StaticP4_seg0003,3,3,Pinch,2,30241,45360,15120,1260.0,42,43
S04_personal_fold08,4,8,7,0,"per class: test=i, validation=(i+1)%8, train=remaining 6 segment indices",train,data/limb/subject04/StaticP9/subject4_limb_EMG.mat,StaticP9,S04_StaticP9_seg0003,S04_StaticP9_seg0003,4,3,Pinch,2,30241,45360,15120,1260.0,42,43
S04_personal_fold08,4,8,7,0,"per class: test=i, validation=(i+1)%8, train=remaining 6 segment indices",train,data/limb/subject04/StaticP10/subject4_limb_EMG.mat,StaticP10,S04_StaticP10_seg0003,S04_StaticP10_seg0003,5,3,Pinch,2,30241,45360,15120,1260.0,42,43
S04_personal_fold08,4,8,7,0,"per class: test=i, validation=(i+1)%8, train=remaining 6 segment indices",train,data/limb/subject04/StaticP14/subject4_limb_EMG.mat,StaticP14,S04_StaticP14_seg0003,S04_StaticP14_seg0003,6,3,Pinch,2,30241,45360,15120,1260.0,42,43
S04_personal_fold08,4,8,7,0,"per class: test=i, validation=(i+1)%8, train=remaining 6 segment indices",test,data/limb/subject04/Dynamic/subject4_limb_EMG.mat,Dynamic,S04_Dynamic_seg0003,S04_Dynamic_seg0003,7,3,Pinch,2,231242,355840,124599,1260.0,42,43
S04_personal_fold08,4,8,7,0,"per class: test=i, validation=(i+1)%8, train=remaining 6 segment indices",validation,data/limb/subject04/StaticP1/subject4_limb_EMG.mat,StaticP1,S04_StaticP1_seg0004,S04_StaticP1_seg0004,0,4,Power,3,45361,60480,15120,1260.0,42,43
S04_personal_fold08,4,8,7,0,"per class: test=i, validation=(i+1)%8, train=remaining 6 segment indices",train,data/limb/subject04/StaticP2/subject4_limb_EMG.mat,StaticP2,S04_StaticP2_seg0004,S04_StaticP2_seg0004,1,4,Power,3,45361,60480,15120,1260.0,42,43
S04_personal_fold08,4,8,7,0,"per class: test=i, validation=(i+1)%8, train=remaining 6 segment indices",train,data/limb/subject04/StaticP3/subject4_limb_EMG.mat,StaticP3,S04_StaticP3_seg0004,S04_StaticP3_seg0004,2,4,Power,3,45361,60480,15120,1260.0,42,43
S04_personal_fold08,4,8,7,0,"per class: test=i, validation=(i+1)%8, train=remaining 6 segment indices",train,data/limb/subject04/StaticP4/subject4_limb_EMG.mat,StaticP4,S04_StaticP4_seg0004,S04_StaticP4_seg0004,3,4,Power,3,45361,60480,15120,1260.0,42,43
S04_personal_fold08,4,8,7,0,"per class: test=i, validation=(i+1)%8, train=remaining 6 segment indices",train,data/limb/subject04/StaticP9/subject4_limb_EMG.mat,StaticP9,S04_StaticP9_seg0004,S04_StaticP9_seg0004,4,4,Power,3,45361,60480,15120,1260.0,42,43
S04_personal_fold08,4,8,7,0,"per class: test=i, validation=(i+1)%8, train=remaining 6 segment indices",train,data/limb/subject04/StaticP10/subject4_limb_EMG.mat,StaticP10,S04_StaticP10_seg0004,S04_StaticP10_seg0004,5,4,Power,3,45361,60480,15120,1260.0,42,43
S04_personal_fold08,4,8,7,0,"per class: test=i, validation=(i+1)%8, train=remaining 6 segment indices",train,data/limb/subject04/StaticP14/subject4_limb_EMG.mat,StaticP14,S04_StaticP14_seg0004,S04_StaticP14_seg0004,6,4,Power,3,45361,60480,15120,1260.0,42,43
S04_personal_fold08,4,8,7,0,"per class: test=i, validation=(i+1)%8, train=remaining 6 segment indices",test,data/limb/subject04/Dynamic/subject4_limb_EMG.mat,Dynamic,S04_Dynamic_seg0004,S04_Dynamic_seg0004,7,4,Power,3,355841,468713,112873,1260.0,42,43
S04_personal_fold08,4,8,7,0,"per class: test=i, validation=(i+1)%8, train=remaining 6 segment indices",validation,data/limb/subject04/StaticP1/subject4_limb_EMG.mat,StaticP1,S04_StaticP1_seg0005,S04_StaticP1_seg0005,0,5,Rest,4,60481,75600,15120,1260.0,42,43
S04_personal_fold08,4,8,7,0,"per class: test=i, validation=(i+1)%8, train=remaining 6 segment indices",train,data/limb/subject04/StaticP2/subject4_limb_EMG.mat,StaticP2,S04_StaticP2_seg0005,S04_StaticP2_seg0005,1,5,Rest,4,60481,75600,15120,1260.0,42,43
S04_personal_fold08,4,8,7,0,"per class: test=i, validation=(i+1)%8, train=remaining 6 segment indices",train,data/limb/subject04/StaticP3/subject4_limb_EMG.mat,StaticP3,S04_StaticP3_seg0005,S04_StaticP3_seg0005,2,5,Rest,4,60481,75600,15120,1260.0,42,43
S04_personal_fold08,4,8,7,0,"per class: test=i, validation=(i+1)%8, train=remaining 6 segment indices",train,data/limb/subject04/StaticP4/subject4_limb_EMG.mat,StaticP4,S04_StaticP4_seg0005,S04_StaticP4_seg0005,3,5,Rest,4,60481,75600,15120,1260.0,42,43
S04_personal_fold08,4,8,7,0,"per class: test=i, validation=(i+1)%8, train=remaining 6 segment indices",train,data/limb/subject04/StaticP9/subject4_limb_EMG.mat,StaticP9,S04_StaticP9_seg0005,S04_StaticP9_seg0005,4,5,Rest,4,60481,75600,15120,1260.0,42,43
S04_personal_fold08,4,8,7,0,"per class: test=i, validation=(i+1)%8, train=remaining 6 segment indices",train,data/limb/subject04/StaticP10/subject4_limb_EMG.mat,StaticP10,S04_StaticP10_seg0005,S04_StaticP10_seg0005,5,5,Rest,4,60481,75600,15120,1260.0,42,43
S04_personal_fold08,4,8,7,0,"per class: test=i, validation=(i+1)%8, train=remaining 6 segment indices",train,data/limb/subject04/StaticP14/subject4_limb_EMG.mat,StaticP14,S04_StaticP14_seg0005,S04_StaticP14_seg0005,6,5,Rest,4,60481,75600,15120,1260.0,42,43
S04_personal_fold08,4,8,7,0,"per class: test=i, validation=(i+1)%8, train=remaining 6 segment indices",test,data/limb/subject04/Dynamic/subject4_limb_EMG.mat,Dynamic,S04_Dynamic_seg0005,S04_Dynamic_seg0005,7,5,Rest,4,468714,656745,188032,1260.0,42,43
S05_personal_fold01,5,1,0,1,"per class: test=i, validation=(i+1)%8, train=remaining 6 segment indices",test,data/limb/subject05/StaticP1/subject5_limb_EMG.mat,StaticP1,S05_StaticP1_seg0001,S05_StaticP1_seg0001,0,1,HandOpen,0,1,15120,15120,1260.0,42,43
S05_personal_fold01,5,1,0,1,"per class: test=i, validation=(i+1)%8, train=remaining 6 segment indices",validation,data/limb/subject05/StaticP2/subject5_limb_EMG.mat,StaticP2,S05_StaticP2_seg0001,S05_StaticP2_seg0001,1,1,HandOpen,0,1,15120,15120,1260.0,42,43
S05_personal_fold01,5,1,0,1,"per class: test=i, validation=(i+1)%8, train=remaining 6 segment indices",train,data/limb/subject05/StaticP3/subject5_limb_EMG.mat,StaticP3,S05_StaticP3_seg0001,S05_StaticP3_seg0001,2,1,HandOpen,0,1,15120,15120,1260.0,42,43
S05_personal_fold01,5,1,0,1,"per class: test=i, validation=(i+1)%8, train=remaining 6 segment indices",train,data/limb/subject05/StaticP4/subject5_limb_EMG.mat,StaticP4,S05_StaticP4_seg0001,S05_StaticP4_seg0001,3,1,HandOpen,0,1,15120,15120,1260.0,42,43
S05_personal_fold01,5,1,0,1,"per class: test=i, validation=(i+1)%8, train=remaining 6 segment indices",train,data/limb/subject05/StaticP9/subject5_limb_EMG.mat,StaticP9,S05_StaticP9_seg0001,S05_StaticP9_seg0001,4,1,HandOpen,0,1,15120,15120,1260.0,42,43
S05_personal_fold01,5,1,0,1,"per class: test=i, validation=(i+1)%8, train=remaining 6 segment indices",train,data/limb/subject05/StaticP10/subject5_limb_EMG.mat,StaticP10,S05_StaticP10_seg0001,S05_StaticP10_seg0001,5,1,HandOpen,0,1,15120,15120,1260.0,42,43
S05_personal_fold01,5,1,0,1,"per class: test=i, validation=(i+1)%8, train=remaining 6 segment indices",train,data/limb/subject05/StaticP14/subject5_limb_EMG.mat,StaticP14,S05_StaticP14_seg0001,S05_StaticP14_seg0001,6,1,HandOpen,0,1,15120,15120,1260.0,42,43
S05_personal_fold01,5,1,0,1,"per class: test=i, validation=(i+1)%8, train=remaining 6 segment indices",train,data/limb/subject05/Dynamic/subject5_limb_EMG.mat,Dynamic,S05_Dynamic_seg0001,S05_Dynamic_seg0001,7,1,HandOpen,0,1,118407,118407,1260.0,42,43
S05_personal_fold01,5,1,0,1,"per class: test=i, validation=(i+1)%8, train=remaining 6 segment indices",test,data/limb/subject05/StaticP1/subject5_limb_EMG.mat,StaticP1,S05_StaticP1_seg0002,S05_StaticP1_seg0002,0,2,Lateral,1,15121,30240,15120,1260.0,42,43
S05_personal_fold01,5,1,0,1,"per class: test=i, validation=(i+1)%8, train=remaining 6 segment indices",validation,data/limb/subject05/StaticP2/subject5_limb_EMG.mat,StaticP2,S05_StaticP2_seg0002,S05_StaticP2_seg0002,1,2,Lateral,1,15121,30240,15120,1260.0,42,43
S05_personal_fold01,5,1,0,1,"per class: test=i, validation=(i+1)%8, train=remaining 6 segment indices",train,data/limb/subject05/StaticP3/subject5_limb_EMG.mat,StaticP3,S05_StaticP3_seg0002,S05_StaticP3_seg0002,2,2,Lateral,1,15121,30240,15120,1260.0,42,43
S05_personal_fold01,5,1,0,1,"per class: test=i, validation=(i+1)%8, train=remaining 6 segment indices",train,data/limb/subject05/StaticP4/subject5_limb_EMG.mat,StaticP4,S05_StaticP4_seg0002,S05_StaticP4_seg0002,3,2,Lateral,1,15121,30240,15120,1260.0,42,43
S05_personal_fold01,5,1,0,1,"per class: test=i, validation=(i+1)%8, train=remaining 6 segment indices",train,data/limb/subject05/StaticP9/subject5_limb_EMG.mat,StaticP9,S05_StaticP9_seg0002,S05_StaticP9_seg0002,4,2,Lateral,1,15121,30240,15120,1260.0,42,43
S05_personal_fold01,5,1,0,1,"per class: test=i, validation=(i+1)%8, train=remaining 6 segment indices",train,data/limb/subject05/StaticP10/subject5_limb_EMG.mat,StaticP10,S05_StaticP10_seg0002,S05_StaticP10_seg0002,5,2,Lateral,1,15121,30240,15120,1260.0,42,43
S05_personal_fold01,5,1,0,1,"per class: test=i, validation=(i+1)%8, train=remaining 6 segment indices",train,data/limb/subject05/StaticP14/subject5_limb_EMG.mat,StaticP14,S05_StaticP14_seg0002,S05_StaticP14_seg0002,6,2,Lateral,1,15121,30240,15120,1260.0,42,43
S05_personal_fold01,5,1,0,1,"per class: test=i, validation=(i+1)%8, train=remaining 6 segment indices",train,data/limb/subject05/Dynamic/subject5_limb_EMG.mat,Dynamic,S05_Dynamic_seg0002,S05_Dynamic_seg0002,7,2,Lateral,1,118408,241147,122740,1260.0,42,43
S05_personal_fold01,5,1,0,1,"per class: test=i, validation=(i+1)%8, train=remaining 6 segment indices",test,data/limb/subject05/StaticP1/subject5_limb_EMG.mat,StaticP1,S05_StaticP1_seg0003,S05_StaticP1_seg0003,0,3,Pinch,2,30241,45360,15120,1260.0,42,43
S05_personal_fold01,5,1,0,1,"per class: test=i, validation=(i+1)%8, train=remaining 6 segment indices",validation,data/limb/subject05/StaticP2/subject5_limb_EMG.mat,StaticP2,S05_StaticP2_seg0003,S05_StaticP2_seg0003,1,3,Pinch,2,30241,45360,15120,1260.0,42,43
S05_personal_fold01,5,1,0,1,"per class: test=i, validation=(i+1)%8, train=remaining 6 segment indices",train,data/limb/subject05/StaticP3/subject5_limb_EMG.mat,StaticP3,S05_StaticP3_seg0003,S05_StaticP3_seg0003,2,3,Pinch,2,30241,45360,15120,1260.0,42,43
S05_personal_fold01,5,1,0,1,"per class: test=i, validation=(i+1)%8, train=remaining 6 segment indices",train,data/limb/subject05/StaticP4/subject5_limb_EMG.mat,StaticP4,S05_StaticP4_seg0003,S05_StaticP4_seg0003,3,3,Pinch,2,30241,45360,15120,1260.0,42,43
S05_personal_fold01,5,1,0,1,"per class: test=i, validation=(i+1)%8, train=remaining 6 segment indices",train,data/limb/subject05/StaticP9/subject5_limb_EMG.mat,StaticP9,S05_StaticP9_seg0003,S05_StaticP9_seg0003,4,3,Pinch,2,30241,45360,15120,1260.0,42,43
S05_personal_fold01,5,1,0,1,"per class: test=i, validation=(i+1)%8, train=remaining 6 segment indices",train,data/limb/subject05/StaticP10/subject5_limb_EMG.mat,StaticP10,S05_StaticP10_seg0003,S05_StaticP10_seg0003,5,3,Pinch,2,30241,45360,15120,1260.0,42,43
S05_personal_fold01,5,1,0,1,"per class: test=i, validation=(i+1)%8, train=remaining 6 segment indices",train,data/limb/subject05/StaticP14/subject5_limb_EMG.mat,StaticP14,S05_StaticP14_seg0003,S05_StaticP14_seg0003,6,3,Pinch,2,30241,45360,15120,1260.0,42,43
S05_personal_fold01,5,1,0,1,"per class: test=i, validation=(i+1)%8, train=remaining 6 segment indices",train,data/limb/subject05/Dynamic/subject5_limb_EMG.mat,Dynamic,S05_Dynamic_seg0003,S05_Dynamic_seg0003,7,3,Pinch,2,241148,356666,115519,1260.0,42,43
S05_personal_fold01,5,1,0,1,"per class: test=i, validation=(i+1)%8, train=remaining 6 segment indices",test,data/limb/subject05/StaticP1/subject5_limb_EMG.mat,StaticP1,S05_StaticP1_seg0004,S05_StaticP1_seg0004,0,4,Power,3,45361,60480,15120,1260.0,42,43
S05_personal_fold01,5,1,0,1,"per class: test=i, validation=(i+1)%8, train=remaining 6 segment indices",validation,data/limb/subject05/StaticP2/subject5_limb_EMG.mat,StaticP2,S05_StaticP2_seg0004,S05_StaticP2_seg0004,1,4,Power,3,45361,60480,15120,1260.0,42,43
S05_personal_fold01,5,1,0,1,"per class: test=i, validation=(i+1)%8, train=remaining 6 segment indices",train,data/limb/subject05/StaticP3/subject5_limb_EMG.mat,StaticP3,S05_StaticP3_seg0004,S05_StaticP3_seg0004,2,4,Power,3,45361,60480,15120,1260.0,42,43
S05_personal_fold01,5,1,0,1,"per class: test=i, validation=(i+1)%8, train=remaining 6 segment indices",train,data/limb/subject05/StaticP4/subject5_limb_EMG.mat,StaticP4,S05_StaticP4_seg0004,S05_StaticP4_seg0004,3,4,Power,3,45361,60480,15120,1260.0,42,43
S05_personal_fold01,5,1,0,1,"per class: test=i, validation=(i+1)%8, train=remaining 6 segment indices",train,data/limb/subject05/StaticP9/subject5_limb_EMG.mat,StaticP9,S05_StaticP9_seg0004,S05_StaticP9_seg0004,4,4,Power,3,45361,60480,15120,1260.0,42,43
S05_personal_fold01,5,1,0,1,"per class: test=i, validation=(i+1)%8, train=remaining 6 segment indices",train,data/limb/subject05/StaticP10/subject5_limb_EMG.mat,StaticP10,S05_StaticP10_seg0004,S05_StaticP10_seg0004,5,4,Power,3,45361,60480,15120,1260.0,42,43
S05_personal_fold01,5,1,0,1,"per class: test=i, validation=(i+1)%8, train=remaining 6 segment indices",train,data/limb/subject05/StaticP14/subject5_limb_EMG.mat,StaticP14,S05_StaticP14_seg0004,S05_StaticP14_seg0004,6,4,Power,3,45361,60480,15120,1260.0,42,43
S05_personal_fold01,5,1,0,1,"per class: test=i, validation=(i+1)%8, train=remaining 6 segment indices",train,data/limb/subject05/Dynamic/subject5_limb_EMG.mat,Dynamic,S05_Dynamic_seg0004,S05_Dynamic_seg0004,7,4,Power,3,356667,470741,114075,1260.0,42,43
S05_personal_fold01,5,1,0,1,"per class: test=i, validation=(i+1)%8, train=remaining 6 segment indices",test,data/limb/subject05/StaticP1/subject5_limb_EMG.mat,StaticP1,S05_StaticP1_seg0005,S05_StaticP1_seg0005,0,5,Rest,4,60481,75600,15120,1260.0,42,43
S05_personal_fold01,5,1,0,1,"per class: test=i, validation=(i+1)%8, train=remaining 6 segment indices",validation,data/limb/subject05/StaticP2/subject5_limb_EMG.mat,StaticP2,S05_StaticP2_seg0005,S05_StaticP2_seg0005,1,5,Rest,4,60481,75600,15120,1260.0,42,43
S05_personal_fold01,5,1,0,1,"per class: test=i, validation=(i+1)%8, train=remaining 6 segment indices",train,data/limb/subject05/StaticP3/subject5_limb_EMG.mat,StaticP3,S05_StaticP3_seg0005,S05_StaticP3_seg0005,2,5,Rest,4,60481,75600,15120,1260.0,42,43
S05_personal_fold01,5,1,0,1,"per class: test=i, validation=(i+1)%8, train=remaining 6 segment indices",train,data/limb/subject05/StaticP4/subject5_limb_EMG.mat,StaticP4,S05_StaticP4_seg0005,S05_StaticP4_seg0005,3,5,Rest,4,60481,75600,15120,1260.0,42,43
S05_personal_fold01,5,1,0,1,"per class: test=i, validation=(i+1)%8, train=remaining 6 segment indices",train,data/limb/subject05/StaticP9/subject5_limb_EMG.mat,StaticP9,S05_StaticP9_seg0005,S05_StaticP9_seg0005,4,5,Rest,4,60481,75600,15120,1260.0,42,43
S05_personal_fold01,5,1,0,1,"per class: test=i, validation=(i+1)%8, train=remaining 6 segment indices",train,data/limb/subject05/StaticP10/subject5_limb_EMG.mat,StaticP10,S05_StaticP10_seg0005,S05_StaticP10_seg0005,5,5,Rest,4,60481,75600,15120,1260.0,42,43
S05_personal_fold01,5,1,0,1,"per class: test=i, validation=(i+1)%8, train=remaining 6 segment indices",train,data/limb/subject05/StaticP14/subject5_limb_EMG.mat,StaticP14,S05_StaticP14_seg0005,S05_StaticP14_seg0005,6,5,Rest,4,60481,75600,15120,1260.0,42,43
S05_personal_fold01,5,1,0,1,"per class: test=i, validation=(i+1)%8, train=remaining 6 segment indices",train,data/limb/subject05/Dynamic/subject5_limb_EMG.mat,Dynamic,S05_Dynamic_seg0005,S05_Dynamic_seg0005,7,5,Rest,4,470742,676994,206253,1260.0,42,43
S05_personal_fold02,5,2,1,2,"per class: test=i, validation=(i+1)%8, train=remaining 6 segment indices",train,data/limb/subject05/StaticP1/subject5_limb_EMG.mat,StaticP1,S05_StaticP1_seg0001,S05_StaticP1_seg0001,0,1,HandOpen,0,1,15120,15120,1260.0,42,43
S05_personal_fold02,5,2,1,2,"per class: test=i, validation=(i+1)%8, train=remaining 6 segment indices",test,data/limb/subject05/StaticP2/subject5_limb_EMG.mat,StaticP2,S05_StaticP2_seg0001,S05_StaticP2_seg0001,1,1,HandOpen,0,1,15120,15120,1260.0,42,43
S05_personal_fold02,5,2,1,2,"per class: test=i, validation=(i+1)%8, train=remaining 6 segment indices",validation,data/limb/subject05/StaticP3/subject5_limb_EMG.mat,StaticP3,S05_StaticP3_seg0001,S05_StaticP3_seg0001,2,1,HandOpen,0,1,15120,15120,1260.0,42,43
S05_personal_fold02,5,2,1,2,"per class: test=i, validation=(i+1)%8, train=remaining 6 segment indices",train,data/limb/subject05/StaticP4/subject5_limb_EMG.mat,StaticP4,S05_StaticP4_seg0001,S05_StaticP4_seg0001,3,1,HandOpen,0,1,15120,15120,1260.0,42,43
S05_personal_fold02,5,2,1,2,"per class: test=i, validation=(i+1)%8, train=remaining 6 segment indices",train,data/limb/subject05/StaticP9/subject5_limb_EMG.mat,StaticP9,S05_StaticP9_seg0001,S05_StaticP9_seg0001,4,1,HandOpen,0,1,15120,15120,1260.0,42,43
S05_personal_fold02,5,2,1,2,"per class: test=i, validation=(i+1)%8, train=remaining 6 segment indices",train,data/limb/subject05/StaticP10/subject5_limb_EMG.mat,StaticP10,S05_StaticP10_seg0001,S05_StaticP10_seg0001,5,1,HandOpen,0,1,15120,15120,1260.0,42,43
S05_personal_fold02,5,2,1,2,"per class: test=i, validation=(i+1)%8, train=remaining 6 segment indices",train,data/limb/subject05/StaticP14/subject5_limb_EMG.mat,StaticP14,S05_StaticP14_seg0001,S05_StaticP14_seg0001,6,1,HandOpen,0,1,15120,15120,1260.0,42,43
S05_personal_fold02,5,2,1,2,"per class: test=i, validation=(i+1)%8, train=remaining 6 segment indices",train,data/limb/subject05/Dynamic/subject5_limb_EMG.mat,Dynamic,S05_Dynamic_seg0001,S05_Dynamic_seg0001,7,1,HandOpen,0,1,118407,118407,1260.0,42,43
S05_personal_fold02,5,2,1,2,"per class: test=i, validation=(i+1)%8, train=remaining 6 segment indices",train,data/limb/subject05/StaticP1/subject5_limb_EMG.mat,StaticP1,S05_StaticP1_seg0002,S05_StaticP1_seg0002,0,2,Lateral,1,15121,30240,15120,1260.0,42,43
S05_personal_fold02,5,2,1,2,"per class: test=i, validation=(i+1)%8, train=remaining 6 segment indices",test,data/limb/subject05/StaticP2/subject5_limb_EMG.mat,StaticP2,S05_StaticP2_seg0002,S05_StaticP2_seg0002,1,2,Lateral,1,15121,30240,15120,1260.0,42,43
S05_personal_fold02,5,2,1,2,"per class: test=i, validation=(i+1)%8, train=remaining 6 segment indices",validation,data/limb/subject05/StaticP3/subject5_limb_EMG.mat,StaticP3,S05_StaticP3_seg0002,S05_StaticP3_seg0002,2,2,Lateral,1,15121,30240,15120,1260.0,42,43
S05_personal_fold02,5,2,1,2,"per class: test=i, validation=(i+1)%8, train=remaining 6 segment indices",train,data/limb/subject05/StaticP4/subject5_limb_EMG.mat,StaticP4,S05_StaticP4_seg0002,S05_StaticP4_seg0002,3,2,Lateral,1,15121,30240,15120,1260.0,42,43
S05_personal_fold02,5,2,1,2,"per class: test=i, validation=(i+1)%8, train=remaining 6 segment indices",train,data/limb/subject05/StaticP9/subject5_limb_EMG.mat,StaticP9,S05_StaticP9_seg0002,S05_StaticP9_seg0002,4,2,Lateral,1,15121,30240,15120,1260.0,42,43
S05_personal_fold02,5,2,1,2,"per class: test=i, validation=(i+1)%8, train=remaining 6 segment indices",train,data/limb/subject05/StaticP10/subject5_limb_EMG.mat,StaticP10,S05_StaticP10_seg0002,S05_StaticP10_seg0002,5,2,Lateral,1,15121,30240,15120,1260.0,42,43
S05_personal_fold02,5,2,1,2,"per class: test=i, validation=(i+1)%8, train=remaining 6 segment indices",train,data/limb/subject05/StaticP14/subject5_limb_EMG.mat,StaticP14,S05_StaticP14_seg0002,S05_StaticP14_seg0002,6,2,Lateral,1,15121,30240,15120,1260.0,42,43
S05_personal_fold02,5,2,1,2,"per class: test=i, validation=(i+1)%8, train=remaining 6 segment indices",train,data/limb/subject05/Dynamic/subject5_limb_EMG.mat,Dynamic,S05_Dynamic_seg0002,S05_Dynamic_seg0002,7,2,Lateral,1,118408,241147,122740,1260.0,42,43
S05_personal_fold02,5,2,1,2,"per class: test=i, validation=(i+1)%8, train=remaining 6 segment indices",train,data/limb/subject05/StaticP1/subject5_limb_EMG.mat,StaticP1,S05_StaticP1_seg0003,S05_StaticP1_seg0003,0,3,Pinch,2,30241,45360,15120,1260.0,42,43
S05_personal_fold02,5,2,1,2,"per class: test=i, validation=(i+1)%8, train=remaining 6 segment indices",test,data/limb/subject05/StaticP2/subject5_limb_EMG.mat,StaticP2,S05_StaticP2_seg0003,S05_StaticP2_seg0003,1,3,Pinch,2,30241,45360,15120,1260.0,42,43
S05_personal_fold02,5,2,1,2,"per class: test=i, validation=(i+1)%8, train=remaining 6 segment indices",validation,data/limb/subject05/StaticP3/subject5_limb_EMG.mat,StaticP3,S05_StaticP3_seg0003,S05_StaticP3_seg0003,2,3,Pinch,2,30241,45360,15120,1260.0,42,43
S05_personal_fold02,5,2,1,2,"per class: test=i, validation=(i+1)%8, train=remaining 6 segment indices",train,data/limb/subject05/StaticP4/subject5_limb_EMG.mat,StaticP4,S05_StaticP4_seg0003,S05_StaticP4_seg0003,3,3,Pinch,2,30241,45360,15120,1260.0,42,43
S05_personal_fold02,5,2,1,2,"per class: test=i, validation=(i+1)%8, train=remaining 6 segment indices",train,data/limb/subject05/StaticP9/subject5_limb_EMG.mat,StaticP9,S05_StaticP9_seg0003,S05_StaticP9_seg0003,4,3,Pinch,2,30241,45360,15120,1260.0,42,43
S05_personal_fold02,5,2,1,2,"per class: test=i, validation=(i+1)%8, train=remaining 6 segment indices",train,data/limb/subject05/StaticP10/subject5_limb_EMG.mat,StaticP10,S05_StaticP10_seg0003,S05_StaticP10_seg0003,5,3,Pinch,2,30241,45360,15120,1260.0,42,43
S05_personal_fold02,5,2,1,2,"per class: test=i, validation=(i+1)%8, train=remaining 6 segment indices",train,data/limb/subject05/StaticP14/subject5_limb_EMG.mat,StaticP14,S05_StaticP14_seg0003,S05_StaticP14_seg0003,6,3,Pinch,2,30241,45360,15120,1260.0,42,43
S05_personal_fold02,5,2,1,2,"per class: test=i, validation=(i+1)%8, train=remaining 6 segment indices",train,data/limb/subject05/Dynamic/subject5_limb_EMG.mat,Dynamic,S05_Dynamic_seg0003,S05_Dynamic_seg0003,7,3,Pinch,2,241148,356666,115519,1260.0,42,43
S05_personal_fold02,5,2,1,2,"per class: test=i, validation=(i+1)%8, train=remaining 6 segment indices",train,data/limb/subject05/StaticP1/subject5_limb_EMG.mat,StaticP1,S05_StaticP1_seg0004,S05_StaticP1_seg0004,0,4,Power,3,45361,60480,15120,1260.0,42,43
S05_personal_fold02,5,2,1,2,"per class: test=i, validation=(i+1)%8, train=remaining 6 segment indices",test,data/limb/subject05/StaticP2/subject5_limb_EMG.mat,StaticP2,S05_StaticP2_seg0004,S05_StaticP2_seg0004,1,4,Power,3,45361,60480,15120,1260.0,42,43
S05_personal_fold02,5,2,1,2,"per class: test=i, validation=(i+1)%8, train=remaining 6 segment indices",validation,data/limb/subject05/StaticP3/subject5_limb_EMG.mat,StaticP3,S05_StaticP3_seg0004,S05_StaticP3_seg0004,2,4,Power,3,45361,60480,15120,1260.0,42,43
S05_personal_fold02,5,2,1,2,"per class: test=i, validation=(i+1)%8, train=remaining 6 segment indices",train,data/limb/subject05/StaticP4/subject5_limb_EMG.mat,StaticP4,S05_StaticP4_seg0004,S05_StaticP4_seg0004,3,4,Power,3,45361,60480,15120,1260.0,42,43
S05_personal_fold02,5,2,1,2,"per class: test=i, validation=(i+1)%8, train=remaining 6 segment indices",train,data/limb/subject05/StaticP9/subject5_limb_EMG.mat,StaticP9,S05_StaticP9_seg0004,S05_StaticP9_seg0004,4,4,Power,3,45361,60480,15120,1260.0,42,43
S05_personal_fold02,5,2,1,2,"per class: test=i, validation=(i+1)%8, train=remaining 6 segment indices",train,data/limb/subject05/StaticP10/subject5_limb_EMG.mat,StaticP10,S05_StaticP10_seg0004,S05_StaticP10_seg0004,5,4,Power,3,45361,60480,15120,1260.0,42,43
S05_personal_fold02,5,2,1,2,"per class: test=i, validation=(i+1)%8, train=remaining 6 segment indices",train,data/limb/subject05/StaticP14/subject5_limb_EMG.mat,StaticP14,S05_StaticP14_seg0004,S05_StaticP14_seg0004,6,4,Power,3,45361,60480,15120,1260.0,42,43
S05_personal_fold02,5,2,1,2,"per class: test=i, validation=(i+1)%8, train=remaining 6 segment indices",train,data/limb/subject05/Dynamic/subject5_limb_EMG.mat,Dynamic,S05_Dynamic_seg0004,S05_Dynamic_seg0004,7,4,Power,3,356667,470741,114075,1260.0,42,43
S05_personal_fold02,5,2,1,2,"per class: test=i, validation=(i+1)%8, train=remaining 6 segment indices",train,data/limb/subject05/StaticP1/subject5_limb_EMG.mat,StaticP1,S05_StaticP1_seg0005,S05_StaticP1_seg0005,0,5,Rest,4,60481,75600,15120,1260.0,42,43
S05_personal_fold02,5,2,1,2,"per class: test=i, validation=(i+1)%8, train=remaining 6 segment indices",test,data/limb/subject05/StaticP2/subject5_limb_EMG.mat,StaticP2,S05_StaticP2_seg0005,S05_StaticP2_seg0005,1,5,Rest,4,60481,75600,15120,1260.0,42,43
S05_personal_fold02,5,2,1,2,"per class: test=i, validation=(i+1)%8, train=remaining 6 segment indices",validation,data/limb/subject05/StaticP3/subject5_limb_EMG.mat,StaticP3,S05_StaticP3_seg0005,S05_StaticP3_seg0005,2,5,Rest,4,60481,75600,15120,1260.0,42,43
S05_personal_fold02,5,2,1,2,"per class: test=i, validation=(i+1)%8, train=remaining 6 segment indices",train,data/limb/subject05/StaticP4/subject5_limb_EMG.mat,StaticP4,S05_StaticP4_seg0005,S05_StaticP4_seg0005,3,5,Rest,4,60481,75600,15120,1260.0,42,43
S05_personal_fold02,5,2,1,2,"per class: test=i, validation=(i+1)%8, train=remaining 6 segment indices",train,data/limb/subject05/StaticP9/subject5_limb_EMG.mat,StaticP9,S05_StaticP9_seg0005,S05_StaticP9_seg0005,4,5,Rest,4,60481,75600,15120,1260.0,42,43
S05_personal_fold02,5,2,1,2,"per class: test=i, validation=(i+1)%8, train=remaining 6 segment indices",train,data/limb/subject05/StaticP10/subject5_limb_EMG.mat,StaticP10,S05_StaticP10_seg0005,S05_StaticP10_seg0005,5,5,Rest,4,60481,75600,15120,1260.0,42,43
S05_personal_fold02,5,2,1,2,"per class: test=i, validation=(i+1)%8, train=remaining 6 segment indices",train,data/limb/subject05/StaticP14/subject5_limb_EMG.mat,StaticP14,S05_StaticP14_seg0005,S05_StaticP14_seg0005,6,5,Rest,4,60481,75600,15120,1260.0,42,43
S05_personal_fold02,5,2,1,2,"per class: test=i, validation=(i+1)%8, train=remaining 6 segment indices",train,data/limb/subject05/Dynamic/subject5_limb_EMG.mat,Dynamic,S05_Dynamic_seg0005,S05_Dynamic_seg0005,7,5,Rest,4,470742,676994,206253,1260.0,42,43
S05_personal_fold03,5,3,2,3,"per class: test=i, validation=(i+1)%8, train=remaining 6 segment indices",train,data/limb/subject05/StaticP1/subject5_limb_EMG.mat,StaticP1,S05_StaticP1_seg0001,S05_StaticP1_seg0001,0,1,HandOpen,0,1,15120,15120,1260.0,42,43
S05_personal_fold03,5,3,2,3,"per class: test=i, validation=(i+1)%8, train=remaining 6 segment indices",train,data/limb/subject05/StaticP2/subject5_limb_EMG.mat,StaticP2,S05_StaticP2_seg0001,S05_StaticP2_seg0001,1,1,HandOpen,0,1,15120,15120,1260.0,42,43
S05_personal_fold03,5,3,2,3,"per class: test=i, validation=(i+1)%8, train=remaining 6 segment indices",test,data/limb/subject05/StaticP3/subject5_limb_EMG.mat,StaticP3,S05_StaticP3_seg0001,S05_StaticP3_seg0001,2,1,HandOpen,0,1,15120,15120,1260.0,42,43
S05_personal_fold03,5,3,2,3,"per class: test=i, validation=(i+1)%8, train=remaining 6 segment indices",validation,data/limb/subject05/StaticP4/subject5_limb_EMG.mat,StaticP4,S05_StaticP4_seg0001,S05_StaticP4_seg0001,3,1,HandOpen,0,1,15120,15120,1260.0,42,43
S05_personal_fold03,5,3,2,3,"per class: test=i, validation=(i+1)%8, train=remaining 6 segment indices",train,data/limb/subject05/StaticP9/subject5_limb_EMG.mat,StaticP9,S05_StaticP9_seg0001,S05_StaticP9_seg0001,4,1,HandOpen,0,1,15120,15120,1260.0,42,43
S05_personal_fold03,5,3,2,3,"per class: test=i, validation=(i+1)%8, train=remaining 6 segment indices",train,data/limb/subject05/StaticP10/subject5_limb_EMG.mat,StaticP10,S05_StaticP10_seg0001,S05_StaticP10_seg0001,5,1,HandOpen,0,1,15120,15120,1260.0,42,43
S05_personal_fold03,5,3,2,3,"per class: test=i, validation=(i+1)%8, train=remaining 6 segment indices",train,data/limb/subject05/StaticP14/subject5_limb_EMG.mat,StaticP14,S05_StaticP14_seg0001,S05_StaticP14_seg0001,6,1,HandOpen,0,1,15120,15120,1260.0,42,43
S05_personal_fold03,5,3,2,3,"per class: test=i, validation=(i+1)%8, train=remaining 6 segment indices",train,data/limb/subject05/Dynamic/subject5_limb_EMG.mat,Dynamic,S05_Dynamic_seg0001,S05_Dynamic_seg0001,7,1,HandOpen,0,1,118407,118407,1260.0,42,43
S05_personal_fold03,5,3,2,3,"per class: test=i, validation=(i+1)%8, train=remaining 6 segment indices",train,data/limb/subject05/StaticP1/subject5_limb_EMG.mat,StaticP1,S05_StaticP1_seg0002,S05_StaticP1_seg0002,0,2,Lateral,1,15121,30240,15120,1260.0,42,43
S05_personal_fold03,5,3,2,3,"per class: test=i, validation=(i+1)%8, train=remaining 6 segment indices",train,data/limb/subject05/StaticP2/subject5_limb_EMG.mat,StaticP2,S05_StaticP2_seg0002,S05_StaticP2_seg0002,1,2,Lateral,1,15121,30240,15120,1260.0,42,43
S05_personal_fold03,5,3,2,3,"per class: test=i, validation=(i+1)%8, train=remaining 6 segment indices",test,data/limb/subject05/StaticP3/subject5_limb_EMG.mat,StaticP3,S05_StaticP3_seg0002,S05_StaticP3_seg0002,2,2,Lateral,1,15121,30240,15120,1260.0,42,43
S05_personal_fold03,5,3,2,3,"per class: test=i, validation=(i+1)%8, train=remaining 6 segment indices",validation,data/limb/subject05/StaticP4/subject5_limb_EMG.mat,StaticP4,S05_StaticP4_seg0002,S05_StaticP4_seg0002,3,2,Lateral,1,15121,30240,15120,1260.0,42,43
S05_personal_fold03,5,3,2,3,"per class: test=i, validation=(i+1)%8, train=remaining 6 segment indices",train,data/limb/subject05/StaticP9/subject5_limb_EMG.mat,StaticP9,S05_StaticP9_seg0002,S05_StaticP9_seg0002,4,2,Lateral,1,15121,30240,15120,1260.0,42,43
S05_personal_fold03,5,3,2,3,"per class: test=i, validation=(i+1)%8, train=remaining 6 segment indices",train,data/limb/subject05/StaticP10/subject5_limb_EMG.mat,StaticP10,S05_StaticP10_seg0002,S05_StaticP10_seg0002,5,2,Lateral,1,15121,30240,15120,1260.0,42,43
S05_personal_fold03,5,3,2,3,"per class: test=i, validation=(i+1)%8, train=remaining 6 segment indices",train,data/limb/subject05/StaticP14/subject5_limb_EMG.mat,StaticP14,S05_StaticP14_seg0002,S05_StaticP14_seg0002,6,2,Lateral,1,15121,30240,15120,1260.0,42,43
S05_personal_fold03,5,3,2,3,"per class: test=i, validation=(i+1)%8, train=remaining 6 segment indices",train,data/limb/subject05/Dynamic/subject5_limb_EMG.mat,Dynamic,S05_Dynamic_seg0002,S05_Dynamic_seg0002,7,2,Lateral,1,118408,241147,122740,1260.0,42,43
S05_personal_fold03,5,3,2,3,"per class: test=i, validation=(i+1)%8, train=remaining 6 segment indices",train,data/limb/subject05/StaticP1/subject5_limb_EMG.mat,StaticP1,S05_StaticP1_seg0003,S05_StaticP1_seg0003,0,3,Pinch,2,30241,45360,15120,1260.0,42,43
S05_personal_fold03,5,3,2,3,"per class: test=i, validation=(i+1)%8, train=remaining 6 segment indices",train,data/limb/subject05/StaticP2/subject5_limb_EMG.mat,StaticP2,S05_StaticP2_seg0003,S05_StaticP2_seg0003,1,3,Pinch,2,30241,45360,15120,1260.0,42,43
S05_personal_fold03,5,3,2,3,"per class: test=i, validation=(i+1)%8, train=remaining 6 segment indices",test,data/limb/subject05/StaticP3/subject5_limb_EMG.mat,StaticP3,S05_StaticP3_seg0003,S05_StaticP3_seg0003,2,3,Pinch,2,30241,45360,15120,1260.0,42,43
S05_personal_fold03,5,3,2,3,"per class: test=i, validation=(i+1)%8, train=remaining 6 segment indices",validation,data/limb/subject05/StaticP4/subject5_limb_EMG.mat,StaticP4,S05_StaticP4_seg0003,S05_StaticP4_seg0003,3,3,Pinch,2,30241,45360,15120,1260.0,42,43
S05_personal_fold03,5,3,2,3,"per class: test=i, validation=(i+1)%8, train=remaining 6 segment indices",train,data/limb/subject05/StaticP9/subject5_limb_EMG.mat,StaticP9,S05_StaticP9_seg0003,S05_StaticP9_seg0003,4,3,Pinch,2,30241,45360,15120,1260.0,42,43
S05_personal_fold03,5,3,2,3,"per class: test=i, validation=(i+1)%8, train=remaining 6 segment indices",train,data/limb/subject05/StaticP10/subject5_limb_EMG.mat,StaticP10,S05_StaticP10_seg0003,S05_StaticP10_seg0003,5,3,Pinch,2,30241,45360,15120,1260.0,42,43
S05_personal_fold03,5,3,2,3,"per class: test=i, validation=(i+1)%8, train=remaining 6 segment indices",train,data/limb/subject05/StaticP14/subject5_limb_EMG.mat,StaticP14,S05_StaticP14_seg0003,S05_StaticP14_seg0003,6,3,Pinch,2,30241,45360,15120,1260.0,42,43
S05_personal_fold03,5,3,2,3,"per class: test=i, validation=(i+1)%8, train=remaining 6 segment indices",train,data/limb/subject05/Dynamic/subject5_limb_EMG.mat,Dynamic,S05_Dynamic_seg0003,S05_Dynamic_seg0003,7,3,Pinch,2,241148,356666,115519,1260.0,42,43
S05_personal_fold03,5,3,2,3,"per class: test=i, validation=(i+1)%8, train=remaining 6 segment indices",train,data/limb/subject05/StaticP1/subject5_limb_EMG.mat,StaticP1,S05_StaticP1_seg0004,S05_StaticP1_seg0004,0,4,Power,3,45361,60480,15120,1260.0,42,43
S05_personal_fold03,5,3,2,3,"per class: test=i, validation=(i+1)%8, train=remaining 6 segment indices",train,data/limb/subject05/StaticP2/subject5_limb_EMG.mat,StaticP2,S05_StaticP2_seg0004,S05_StaticP2_seg0004,1,4,Power,3,45361,60480,15120,1260.0,42,43
S05_personal_fold03,5,3,2,3,"per class: test=i, validation=(i+1)%8, train=remaining 6 segment indices",test,data/limb/subject05/StaticP3/subject5_limb_EMG.mat,StaticP3,S05_StaticP3_seg0004,S05_StaticP3_seg0004,2,4,Power,3,45361,60480,15120,1260.0,42,43
S05_personal_fold03,5,3,2,3,"per class: test=i, validation=(i+1)%8, train=remaining 6 segment indices",validation,data/limb/subject05/StaticP4/subject5_limb_EMG.mat,StaticP4,S05_StaticP4_seg0004,S05_StaticP4_seg0004,3,4,Power,3,45361,60480,15120,1260.0,42,43
S05_personal_fold03,5,3,2,3,"per class: test=i, validation=(i+1)%8, train=remaining 6 segment indices",train,data/limb/subject05/StaticP9/subject5_limb_EMG.mat,StaticP9,S05_StaticP9_seg0004,S05_StaticP9_seg0004,4,4,Power,3,45361,60480,15120,1260.0,42,43
S05_personal_fold03,5,3,2,3,"per class: test=i, validation=(i+1)%8, train=remaining 6 segment indices",train,data/limb/subject05/StaticP10/subject5_limb_EMG.mat,StaticP10,S05_StaticP10_seg0004,S05_StaticP10_seg0004,5,4,Power,3,45361,60480,15120,1260.0,42,43
S05_personal_fold03,5,3,2,3,"per class: test=i, validation=(i+1)%8, train=remaining 6 segment indices",train,data/limb/subject05/StaticP14/subject5_limb_EMG.mat,StaticP14,S05_StaticP14_seg0004,S05_StaticP14_seg0004,6,4,Power,3,45361,60480,15120,1260.0,42,43
S05_personal_fold03,5,3,2,3,"per class: test=i, validation=(i+1)%8, train=remaining 6 segment indices",train,data/limb/subject05/Dynamic/subject5_limb_EMG.mat,Dynamic,S05_Dynamic_seg0004,S05_Dynamic_seg0004,7,4,Power,3,356667,470741,114075,1260.0,42,43
S05_personal_fold03,5,3,2,3,"per class: test=i, validation=(i+1)%8, train=remaining 6 segment indices",train,data/limb/subject05/StaticP1/subject5_limb_EMG.mat,StaticP1,S05_StaticP1_seg0005,S05_StaticP1_seg0005,0,5,Rest,4,60481,75600,15120,1260.0,42,43
S05_personal_fold03,5,3,2,3,"per class: test=i, validation=(i+1)%8, train=remaining 6 segment indices",train,data/limb/subject05/StaticP2/subject5_limb_EMG.mat,StaticP2,S05_StaticP2_seg0005,S05_StaticP2_seg0005,1,5,Rest,4,60481,75600,15120,1260.0,42,43
S05_personal_fold03,5,3,2,3,"per class: test=i, validation=(i+1)%8, train=remaining 6 segment indices",test,data/limb/subject05/StaticP3/subject5_limb_EMG.mat,StaticP3,S05_StaticP3_seg0005,S05_StaticP3_seg0005,2,5,Rest,4,60481,75600,15120,1260.0,42,43
S05_personal_fold03,5,3,2,3,"per class: test=i, validation=(i+1)%8, train=remaining 6 segment indices",validation,data/limb/subject05/StaticP4/subject5_limb_EMG.mat,StaticP4,S05_StaticP4_seg0005,S05_StaticP4_seg0005,3,5,Rest,4,60481,75600,15120,1260.0,42,43
S05_personal_fold03,5,3,2,3,"per class: test=i, validation=(i+1)%8, train=remaining 6 segment indices",train,data/limb/subject05/StaticP9/subject5_limb_EMG.mat,StaticP9,S05_StaticP9_seg0005,S05_StaticP9_seg0005,4,5,Rest,4,60481,75600,15120,1260.0,42,43
S05_personal_fold03,5,3,2,3,"per class: test=i, validation=(i+1)%8, train=remaining 6 segment indices",train,data/limb/subject05/StaticP10/subject5_limb_EMG.mat,StaticP10,S05_StaticP10_seg0005,S05_StaticP10_seg0005,5,5,Rest,4,60481,75600,15120,1260.0,42,43
S05_personal_fold03,5,3,2,3,"per class: test=i, validation=(i+1)%8, train=remaining 6 segment indices",train,data/limb/subject05/StaticP14/subject5_limb_EMG.mat,StaticP14,S05_StaticP14_seg0005,S05_StaticP14_seg0005,6,5,Rest,4,60481,75600,15120,1260.0,42,43
S05_personal_fold03,5,3,2,3,"per class: test=i, validation=(i+1)%8, train=remaining 6 segment indices",train,data/limb/subject05/Dynamic/subject5_limb_EMG.mat,Dynamic,S05_Dynamic_seg0005,S05_Dynamic_seg0005,7,5,Rest,4,470742,676994,206253,1260.0,42,43
S05_personal_fold04,5,4,3,4,"per class: test=i, validation=(i+1)%8, train=remaining 6 segment indices",train,data/limb/subject05/StaticP1/subject5_limb_EMG.mat,StaticP1,S05_StaticP1_seg0001,S05_StaticP1_seg0001,0,1,HandOpen,0,1,15120,15120,1260.0,42,43
S05_personal_fold04,5,4,3,4,"per class: test=i, validation=(i+1)%8, train=remaining 6 segment indices",train,data/limb/subject05/StaticP2/subject5_limb_EMG.mat,StaticP2,S05_StaticP2_seg0001,S05_StaticP2_seg0001,1,1,HandOpen,0,1,15120,15120,1260.0,42,43
S05_personal_fold04,5,4,3,4,"per class: test=i, validation=(i+1)%8, train=remaining 6 segment indices",train,data/limb/subject05/StaticP3/subject5_limb_EMG.mat,StaticP3,S05_StaticP3_seg0001,S05_StaticP3_seg0001,2,1,HandOpen,0,1,15120,15120,1260.0,42,43
S05_personal_fold04,5,4,3,4,"per class: test=i, validation=(i+1)%8, train=remaining 6 segment indices",test,data/limb/subject05/StaticP4/subject5_limb_EMG.mat,StaticP4,S05_StaticP4_seg0001,S05_StaticP4_seg0001,3,1,HandOpen,0,1,15120,15120,1260.0,42,43
S05_personal_fold04,5,4,3,4,"per class: test=i, validation=(i+1)%8, train=remaining 6 segment indices",validation,data/limb/subject05/StaticP9/subject5_limb_EMG.mat,StaticP9,S05_StaticP9_seg0001,S05_StaticP9_seg0001,4,1,HandOpen,0,1,15120,15120,1260.0,42,43
S05_personal_fold04,5,4,3,4,"per class: test=i, validation=(i+1)%8, train=remaining 6 segment indices",train,data/limb/subject05/StaticP10/subject5_limb_EMG.mat,StaticP10,S05_StaticP10_seg0001,S05_StaticP10_seg0001,5,1,HandOpen,0,1,15120,15120,1260.0,42,43
S05_personal_fold04,5,4,3,4,"per class: test=i, validation=(i+1)%8, train=remaining 6 segment indices",train,data/limb/subject05/StaticP14/subject5_limb_EMG.mat,StaticP14,S05_StaticP14_seg0001,S05_StaticP14_seg0001,6,1,HandOpen,0,1,15120,15120,1260.0,42,43
S05_personal_fold04,5,4,3,4,"per class: test=i, validation=(i+1)%8, train=remaining 6 segment indices",train,data/limb/subject05/Dynamic/subject5_limb_EMG.mat,Dynamic,S05_Dynamic_seg0001,S05_Dynamic_seg0001,7,1,HandOpen,0,1,118407,118407,1260.0,42,43
S05_personal_fold04,5,4,3,4,"per class: test=i, validation=(i+1)%8, train=remaining 6 segment indices",train,data/limb/subject05/StaticP1/subject5_limb_EMG.mat,StaticP1,S05_StaticP1_seg0002,S05_StaticP1_seg0002,0,2,Lateral,1,15121,30240,15120,1260.0,42,43
S05_personal_fold04,5,4,3,4,"per class: test=i, validation=(i+1)%8, train=remaining 6 segment indices",train,data/limb/subject05/StaticP2/subject5_limb_EMG.mat,StaticP2,S05_StaticP2_seg0002,S05_StaticP2_seg0002,1,2,Lateral,1,15121,30240,15120,1260.0,42,43
S05_personal_fold04,5,4,3,4,"per class: test=i, validation=(i+1)%8, train=remaining 6 segment indices",train,data/limb/subject05/StaticP3/subject5_limb_EMG.mat,StaticP3,S05_StaticP3_seg0002,S05_StaticP3_seg0002,2,2,Lateral,1,15121,30240,15120,1260.0,42,43
S05_personal_fold04,5,4,3,4,"per class: test=i, validation=(i+1)%8, train=remaining 6 segment indices",test,data/limb/subject05/StaticP4/subject5_limb_EMG.mat,StaticP4,S05_StaticP4_seg0002,S05_StaticP4_seg0002,3,2,Lateral,1,15121,30240,15120,1260.0,42,43
S05_personal_fold04,5,4,3,4,"per class: test=i, validation=(i+1)%8, train=remaining 6 segment indices",validation,data/limb/subject05/StaticP9/subject5_limb_EMG.mat,StaticP9,S05_StaticP9_seg0002,S05_StaticP9_seg0002,4,2,Lateral,1,15121,30240,15120,1260.0,42,43
S05_personal_fold04,5,4,3,4,"per class: test=i, validation=(i+1)%8, train=remaining 6 segment indices",train,data/limb/subject05/StaticP10/subject5_limb_EMG.mat,StaticP10,S05_StaticP10_seg0002,S05_StaticP10_seg0002,5,2,Lateral,1,15121,30240,15120,1260.0,42,43
S05_personal_fold04,5,4,3,4,"per class: test=i, validation=(i+1)%8, train=remaining 6 segment indices",train,data/limb/subject05/StaticP14/subject5_limb_EMG.mat,StaticP14,S05_StaticP14_seg0002,S05_StaticP14_seg0002,6,2,Lateral,1,15121,30240,15120,1260.0,42,43
S05_personal_fold04,5,4,3,4,"per class: test=i, validation=(i+1)%8, train=remaining 6 segment indices",train,data/limb/subject05/Dynamic/subject5_limb_EMG.mat,Dynamic,S05_Dynamic_seg0002,S05_Dynamic_seg0002,7,2,Lateral,1,118408,241147,122740,1260.0,42,43
S05_personal_fold04,5,4,3,4,"per class: test=i, validation=(i+1)%8, train=remaining 6 segment indices",train,data/limb/subject05/StaticP1/subject5_limb_EMG.mat,StaticP1,S05_StaticP1_seg0003,S05_StaticP1_seg0003,0,3,Pinch,2,30241,45360,15120,1260.0,42,43
S05_personal_fold04,5,4,3,4,"per class: test=i, validation=(i+1)%8, train=remaining 6 segment indices",train,data/limb/subject05/StaticP2/subject5_limb_EMG.mat,StaticP2,S05_StaticP2_seg0003,S05_StaticP2_seg0003,1,3,Pinch,2,30241,45360,15120,1260.0,42,43
S05_personal_fold04,5,4,3,4,"per class: test=i, validation=(i+1)%8, train=remaining 6 segment indices",train,data/limb/subject05/StaticP3/subject5_limb_EMG.mat,StaticP3,S05_StaticP3_seg0003,S05_StaticP3_seg0003,2,3,Pinch,2,30241,45360,15120,1260.0,42,43
S05_personal_fold04,5,4,3,4,"per class: test=i, validation=(i+1)%8, train=remaining 6 segment indices",test,data/limb/subject05/StaticP4/subject5_limb_EMG.mat,StaticP4,S05_StaticP4_seg0003,S05_StaticP4_seg0003,3,3,Pinch,2,30241,45360,15120,1260.0,42,43
S05_personal_fold04,5,4,3,4,"per class: test=i, validation=(i+1)%8, train=remaining 6 segment indices",validation,data/limb/subject05/StaticP9/subject5_limb_EMG.mat,StaticP9,S05_StaticP9_seg0003,S05_StaticP9_seg0003,4,3,Pinch,2,30241,45360,15120,1260.0,42,43
S05_personal_fold04,5,4,3,4,"per class: test=i, validation=(i+1)%8, train=remaining 6 segment indices",train,data/limb/subject05/StaticP10/subject5_limb_EMG.mat,StaticP10,S05_StaticP10_seg0003,S05_StaticP10_seg0003,5,3,Pinch,2,30241,45360,15120,1260.0,42,43
S05_personal_fold04,5,4,3,4,"per class: test=i, validation=(i+1)%8, train=remaining 6 segment indices",train,data/limb/subject05/StaticP14/subject5_limb_EMG.mat,StaticP14,S05_StaticP14_seg0003,S05_StaticP14_seg0003,6,3,Pinch,2,30241,45360,15120,1260.0,42,43
S05_personal_fold04,5,4,3,4,"per class: test=i, validation=(i+1)%8, train=remaining 6 segment indices",train,data/limb/subject05/Dynamic/subject5_limb_EMG.mat,Dynamic,S05_Dynamic_seg0003,S05_Dynamic_seg0003,7,3,Pinch,2,241148,356666,115519,1260.0,42,43
S05_personal_fold04,5,4,3,4,"per class: test=i, validation=(i+1)%8, train=remaining 6 segment indices",train,data/limb/subject05/StaticP1/subject5_limb_EMG.mat,StaticP1,S05_StaticP1_seg0004,S05_StaticP1_seg0004,0,4,Power,3,45361,60480,15120,1260.0,42,43
S05_personal_fold04,5,4,3,4,"per class: test=i, validation=(i+1)%8, train=remaining 6 segment indices",train,data/limb/subject05/StaticP2/subject5_limb_EMG.mat,StaticP2,S05_StaticP2_seg0004,S05_StaticP2_seg0004,1,4,Power,3,45361,60480,15120,1260.0,42,43
S05_personal_fold04,5,4,3,4,"per class: test=i, validation=(i+1)%8, train=remaining 6 segment indices",train,data/limb/subject05/StaticP3/subject5_limb_EMG.mat,StaticP3,S05_StaticP3_seg0004,S05_StaticP3_seg0004,2,4,Power,3,45361,60480,15120,1260.0,42,43
S05_personal_fold04,5,4,3,4,"per class: test=i, validation=(i+1)%8, train=remaining 6 segment indices",test,data/limb/subject05/StaticP4/subject5_limb_EMG.mat,StaticP4,S05_StaticP4_seg0004,S05_StaticP4_seg0004,3,4,Power,3,45361,60480,15120,1260.0,42,43
S05_personal_fold04,5,4,3,4,"per class: test=i, validation=(i+1)%8, train=remaining 6 segment indices",validation,data/limb/subject05/StaticP9/subject5_limb_EMG.mat,StaticP9,S05_StaticP9_seg0004,S05_StaticP9_seg0004,4,4,Power,3,45361,60480,15120,1260.0,42,43
S05_personal_fold04,5,4,3,4,"per class: test=i, validation=(i+1)%8, train=remaining 6 segment indices",train,data/limb/subject05/StaticP10/subject5_limb_EMG.mat,StaticP10,S05_StaticP10_seg0004,S05_StaticP10_seg0004,5,4,Power,3,45361,60480,15120,1260.0,42,43
S05_personal_fold04,5,4,3,4,"per class: test=i, validation=(i+1)%8, train=remaining 6 segment indices",train,data/limb/subject05/StaticP14/subject5_limb_EMG.mat,StaticP14,S05_StaticP14_seg0004,S05_StaticP14_seg0004,6,4,Power,3,45361,60480,15120,1260.0,42,43
S05_personal_fold04,5,4,3,4,"per class: test=i, validation=(i+1)%8, train=remaining 6 segment indices",train,data/limb/subject05/Dynamic/subject5_limb_EMG.mat,Dynamic,S05_Dynamic_seg0004,S05_Dynamic_seg0004,7,4,Power,3,356667,470741,114075,1260.0,42,43
S05_personal_fold04,5,4,3,4,"per class: test=i, validation=(i+1)%8, train=remaining 6 segment indices",train,data/limb/subject05/StaticP1/subject5_limb_EMG.mat,StaticP1,S05_StaticP1_seg0005,S05_StaticP1_seg0005,0,5,Rest,4,60481,75600,15120,1260.0,42,43
S05_personal_fold04,5,4,3,4,"per class: test=i, validation=(i+1)%8, train=remaining 6 segment indices",train,data/limb/subject05/StaticP2/subject5_limb_EMG.mat,StaticP2,S05_StaticP2_seg0005,S05_StaticP2_seg0005,1,5,Rest,4,60481,75600,15120,1260.0,42,43
S05_personal_fold04,5,4,3,4,"per class: test=i, validation=(i+1)%8, train=remaining 6 segment indices",train,data/limb/subject05/StaticP3/subject5_limb_EMG.mat,StaticP3,S05_StaticP3_seg0005,S05_StaticP3_seg0005,2,5,Rest,4,60481,75600,15120,1260.0,42,43
S05_personal_fold04,5,4,3,4,"per class: test=i, validation=(i+1)%8, train=remaining 6 segment indices",test,data/limb/subject05/StaticP4/subject5_limb_EMG.mat,StaticP4,S05_StaticP4_seg0005,S05_StaticP4_seg0005,3,5,Rest,4,60481,75600,15120,1260.0,42,43
S05_personal_fold04,5,4,3,4,"per class: test=i, validation=(i+1)%8, train=remaining 6 segment indices",validation,data/limb/subject05/StaticP9/subject5_limb_EMG.mat,StaticP9,S05_StaticP9_seg0005,S05_StaticP9_seg0005,4,5,Rest,4,60481,75600,15120,1260.0,42,43
S05_personal_fold04,5,4,3,4,"per class: test=i, validation=(i+1)%8, train=remaining 6 segment indices",train,data/limb/subject05/StaticP10/subject5_limb_EMG.mat,StaticP10,S05_StaticP10_seg0005,S05_StaticP10_seg0005,5,5,Rest,4,60481,75600,15120,1260.0,42,43
S05_personal_fold04,5,4,3,4,"per class: test=i, validation=(i+1)%8, train=remaining 6 segment indices",train,data/limb/subject05/StaticP14/subject5_limb_EMG.mat,StaticP14,S05_StaticP14_seg0005,S05_StaticP14_seg0005,6,5,Rest,4,60481,75600,15120,1260.0,42,43
S05_personal_fold04,5,4,3,4,"per class: test=i, validation=(i+1)%8, train=remaining 6 segment indices",train,data/limb/subject05/Dynamic/subject5_limb_EMG.mat,Dynamic,S05_Dynamic_seg0005,S05_Dynamic_seg0005,7,5,Rest,4,470742,676994,206253,1260.0,42,43
S05_personal_fold05,5,5,4,5,"per class: test=i, validation=(i+1)%8, train=remaining 6 segment indices",train,data/limb/subject05/StaticP1/subject5_limb_EMG.mat,StaticP1,S05_StaticP1_seg0001,S05_StaticP1_seg0001,0,1,HandOpen,0,1,15120,15120,1260.0,42,43
S05_personal_fold05,5,5,4,5,"per class: test=i, validation=(i+1)%8, train=remaining 6 segment indices",train,data/limb/subject05/StaticP2/subject5_limb_EMG.mat,StaticP2,S05_StaticP2_seg0001,S05_StaticP2_seg0001,1,1,HandOpen,0,1,15120,15120,1260.0,42,43
S05_personal_fold05,5,5,4,5,"per class: test=i, validation=(i+1)%8, train=remaining 6 segment indices",train,data/limb/subject05/StaticP3/subject5_limb_EMG.mat,StaticP3,S05_StaticP3_seg0001,S05_StaticP3_seg0001,2,1,HandOpen,0,1,15120,15120,1260.0,42,43
S05_personal_fold05,5,5,4,5,"per class: test=i, validation=(i+1)%8, train=remaining 6 segment indices",train,data/limb/subject05/StaticP4/subject5_limb_EMG.mat,StaticP4,S05_StaticP4_seg0001,S05_StaticP4_seg0001,3,1,HandOpen,0,1,15120,15120,1260.0,42,43
S05_personal_fold05,5,5,4,5,"per class: test=i, validation=(i+1)%8, train=remaining 6 segment indices",test,data/limb/subject05/StaticP9/subject5_limb_EMG.mat,StaticP9,S05_StaticP9_seg0001,S05_StaticP9_seg0001,4,1,HandOpen,0,1,15120,15120,1260.0,42,43
S05_personal_fold05,5,5,4,5,"per class: test=i, validation=(i+1)%8, train=remaining 6 segment indices",validation,data/limb/subject05/StaticP10/subject5_limb_EMG.mat,StaticP10,S05_StaticP10_seg0001,S05_StaticP10_seg0001,5,1,HandOpen,0,1,15120,15120,1260.0,42,43
S05_personal_fold05,5,5,4,5,"per class: test=i, validation=(i+1)%8, train=remaining 6 segment indices",train,data/limb/subject05/StaticP14/subject5_limb_EMG.mat,StaticP14,S05_StaticP14_seg0001,S05_StaticP14_seg0001,6,1,HandOpen,0,1,15120,15120,1260.0,42,43
S05_personal_fold05,5,5,4,5,"per class: test=i, validation=(i+1)%8, train=remaining 6 segment indices",train,data/limb/subject05/Dynamic/subject5_limb_EMG.mat,Dynamic,S05_Dynamic_seg0001,S05_Dynamic_seg0001,7,1,HandOpen,0,1,118407,118407,1260.0,42,43
S05_personal_fold05,5,5,4,5,"per class: test=i, validation=(i+1)%8, train=remaining 6 segment indices",train,data/limb/subject05/StaticP1/subject5_limb_EMG.mat,StaticP1,S05_StaticP1_seg0002,S05_StaticP1_seg0002,0,2,Lateral,1,15121,30240,15120,1260.0,42,43
S05_personal_fold05,5,5,4,5,"per class: test=i, validation=(i+1)%8, train=remaining 6 segment indices",train,data/limb/subject05/StaticP2/subject5_limb_EMG.mat,StaticP2,S05_StaticP2_seg0002,S05_StaticP2_seg0002,1,2,Lateral,1,15121,30240,15120,1260.0,42,43
S05_personal_fold05,5,5,4,5,"per class: test=i, validation=(i+1)%8, train=remaining 6 segment indices",train,data/limb/subject05/StaticP3/subject5_limb_EMG.mat,StaticP3,S05_StaticP3_seg0002,S05_StaticP3_seg0002,2,2,Lateral,1,15121,30240,15120,1260.0,42,43
S05_personal_fold05,5,5,4,5,"per class: test=i, validation=(i+1)%8, train=remaining 6 segment indices",train,data/limb/subject05/StaticP4/subject5_limb_EMG.mat,StaticP4,S05_StaticP4_seg0002,S05_StaticP4_seg0002,3,2,Lateral,1,15121,30240,15120,1260.0,42,43
S05_personal_fold05,5,5,4,5,"per class: test=i, validation=(i+1)%8, train=remaining 6 segment indices",test,data/limb/subject05/StaticP9/subject5_limb_EMG.mat,StaticP9,S05_StaticP9_seg0002,S05_StaticP9_seg0002,4,2,Lateral,1,15121,30240,15120,1260.0,42,43
S05_personal_fold05,5,5,4,5,"per class: test=i, validation=(i+1)%8, train=remaining 6 segment indices",validation,data/limb/subject05/StaticP10/subject5_limb_EMG.mat,StaticP10,S05_StaticP10_seg0002,S05_StaticP10_seg0002,5,2,Lateral,1,15121,30240,15120,1260.0,42,43
S05_personal_fold05,5,5,4,5,"per class: test=i, validation=(i+1)%8, train=remaining 6 segment indices",train,data/limb/subject05/StaticP14/subject5_limb_EMG.mat,StaticP14,S05_StaticP14_seg0002,S05_StaticP14_seg0002,6,2,Lateral,1,15121,30240,15120,1260.0,42,43
S05_personal_fold05,5,5,4,5,"per class: test=i, validation=(i+1)%8, train=remaining 6 segment indices",train,data/limb/subject05/Dynamic/subject5_limb_EMG.mat,Dynamic,S05_Dynamic_seg0002,S05_Dynamic_seg0002,7,2,Lateral,1,118408,241147,122740,1260.0,42,43
S05_personal_fold05,5,5,4,5,"per class: test=i, validation=(i+1)%8, train=remaining 6 segment indices",train,data/limb/subject05/StaticP1/subject5_limb_EMG.mat,StaticP1,S05_StaticP1_seg0003,S05_StaticP1_seg0003,0,3,Pinch,2,30241,45360,15120,1260.0,42,43
S05_personal_fold05,5,5,4,5,"per class: test=i, validation=(i+1)%8, train=remaining 6 segment indices",train,data/limb/subject05/StaticP2/subject5_limb_EMG.mat,StaticP2,S05_StaticP2_seg0003,S05_StaticP2_seg0003,1,3,Pinch,2,30241,45360,15120,1260.0,42,43
S05_personal_fold05,5,5,4,5,"per class: test=i, validation=(i+1)%8, train=remaining 6 segment indices",train,data/limb/subject05/StaticP3/subject5_limb_EMG.mat,StaticP3,S05_StaticP3_seg0003,S05_StaticP3_seg0003,2,3,Pinch,2,30241,45360,15120,1260.0,42,43
S05_personal_fold05,5,5,4,5,"per class: test=i, validation=(i+1)%8, train=remaining 6 segment indices",train,data/limb/subject05/StaticP4/subject5_limb_EMG.mat,StaticP4,S05_StaticP4_seg0003,S05_StaticP4_seg0003,3,3,Pinch,2,30241,45360,15120,1260.0,42,43
S05_personal_fold05,5,5,4,5,"per class: test=i, validation=(i+1)%8, train=remaining 6 segment indices",test,data/limb/subject05/StaticP9/subject5_limb_EMG.mat,StaticP9,S05_StaticP9_seg0003,S05_StaticP9_seg0003,4,3,Pinch,2,30241,45360,15120,1260.0,42,43
S05_personal_fold05,5,5,4,5,"per class: test=i, validation=(i+1)%8, train=remaining 6 segment indices",validation,data/limb/subject05/StaticP10/subject5_limb_EMG.mat,StaticP10,S05_StaticP10_seg0003,S05_StaticP10_seg0003,5,3,Pinch,2,30241,45360,15120,1260.0,42,43
S05_personal_fold05,5,5,4,5,"per class: test=i, validation=(i+1)%8, train=remaining 6 segment indices",train,data/limb/subject05/StaticP14/subject5_limb_EMG.mat,StaticP14,S05_StaticP14_seg0003,S05_StaticP14_seg0003,6,3,Pinch,2,30241,45360,15120,1260.0,42,43
S05_personal_fold05,5,5,4,5,"per class: test=i, validation=(i+1)%8, train=remaining 6 segment indices",train,data/limb/subject05/Dynamic/subject5_limb_EMG.mat,Dynamic,S05_Dynamic_seg0003,S05_Dynamic_seg0003,7,3,Pinch,2,241148,356666,115519,1260.0,42,43
S05_personal_fold05,5,5,4,5,"per class: test=i, validation=(i+1)%8, train=remaining 6 segment indices",train,data/limb/subject05/StaticP1/subject5_limb_EMG.mat,StaticP1,S05_StaticP1_seg0004,S05_StaticP1_seg0004,0,4,Power,3,45361,60480,15120,1260.0,42,43
S05_personal_fold05,5,5,4,5,"per class: test=i, validation=(i+1)%8, train=remaining 6 segment indices",train,data/limb/subject05/StaticP2/subject5_limb_EMG.mat,StaticP2,S05_StaticP2_seg0004,S05_StaticP2_seg0004,1,4,Power,3,45361,60480,15120,1260.0,42,43
S05_personal_fold05,5,5,4,5,"per class: test=i, validation=(i+1)%8, train=remaining 6 segment indices",train,data/limb/subject05/StaticP3/subject5_limb_EMG.mat,StaticP3,S05_StaticP3_seg0004,S05_StaticP3_seg0004,2,4,Power,3,45361,60480,15120,1260.0,42,43
S05_personal_fold05,5,5,4,5,"per class: test=i, validation=(i+1)%8, train=remaining 6 segment indices",train,data/limb/subject05/StaticP4/subject5_limb_EMG.mat,StaticP4,S05_StaticP4_seg0004,S05_StaticP4_seg0004,3,4,Power,3,45361,60480,15120,1260.0,42,43
S05_personal_fold05,5,5,4,5,"per class: test=i, validation=(i+1)%8, train=remaining 6 segment indices",test,data/limb/subject05/StaticP9/subject5_limb_EMG.mat,StaticP9,S05_StaticP9_seg0004,S05_StaticP9_seg0004,4,4,Power,3,45361,60480,15120,1260.0,42,43
S05_personal_fold05,5,5,4,5,"per class: test=i, validation=(i+1)%8, train=remaining 6 segment indices",validation,data/limb/subject05/StaticP10/subject5_limb_EMG.mat,StaticP10,S05_StaticP10_seg0004,S05_StaticP10_seg0004,5,4,Power,3,45361,60480,15120,1260.0,42,43
S05_personal_fold05,5,5,4,5,"per class: test=i, validation=(i+1)%8, train=remaining 6 segment indices",train,data/limb/subject05/StaticP14/subject5_limb_EMG.mat,StaticP14,S05_StaticP14_seg0004,S05_StaticP14_seg0004,6,4,Power,3,45361,60480,15120,1260.0,42,43
S05_personal_fold05,5,5,4,5,"per class: test=i, validation=(i+1)%8, train=remaining 6 segment indices",train,data/limb/subject05/Dynamic/subject5_limb_EMG.mat,Dynamic,S05_Dynamic_seg0004,S05_Dynamic_seg0004,7,4,Power,3,356667,470741,114075,1260.0,42,43
S05_personal_fold05,5,5,4,5,"per class: test=i, validation=(i+1)%8, train=remaining 6 segment indices",train,data/limb/subject05/StaticP1/subject5_limb_EMG.mat,StaticP1,S05_StaticP1_seg0005,S05_StaticP1_seg0005,0,5,Rest,4,60481,75600,15120,1260.0,42,43
S05_personal_fold05,5,5,4,5,"per class: test=i, validation=(i+1)%8, train=remaining 6 segment indices",train,data/limb/subject05/StaticP2/subject5_limb_EMG.mat,StaticP2,S05_StaticP2_seg0005,S05_StaticP2_seg0005,1,5,Rest,4,60481,75600,15120,1260.0,42,43
S05_personal_fold05,5,5,4,5,"per class: test=i, validation=(i+1)%8, train=remaining 6 segment indices",train,data/limb/subject05/StaticP3/subject5_limb_EMG.mat,StaticP3,S05_StaticP3_seg0005,S05_StaticP3_seg0005,2,5,Rest,4,60481,75600,15120,1260.0,42,43
S05_personal_fold05,5,5,4,5,"per class: test=i, validation=(i+1)%8, train=remaining 6 segment indices",train,data/limb/subject05/StaticP4/subject5_limb_EMG.mat,StaticP4,S05_StaticP4_seg0005,S05_StaticP4_seg0005,3,5,Rest,4,60481,75600,15120,1260.0,42,43
S05_personal_fold05,5,5,4,5,"per class: test=i, validation=(i+1)%8, train=remaining 6 segment indices",test,data/limb/subject05/StaticP9/subject5_limb_EMG.mat,StaticP9,S05_StaticP9_seg0005,S05_StaticP9_seg0005,4,5,Rest,4,60481,75600,15120,1260.0,42,43
S05_personal_fold05,5,5,4,5,"per class: test=i, validation=(i+1)%8, train=remaining 6 segment indices",validation,data/limb/subject05/StaticP10/subject5_limb_EMG.mat,StaticP10,S05_StaticP10_seg0005,S05_StaticP10_seg0005,5,5,Rest,4,60481,75600,15120,1260.0,42,43
S05_personal_fold05,5,5,4,5,"per class: test=i, validation=(i+1)%8, train=remaining 6 segment indices",train,data/limb/subject05/StaticP14/subject5_limb_EMG.mat,StaticP14,S05_StaticP14_seg0005,S05_StaticP14_seg0005,6,5,Rest,4,60481,75600,15120,1260.0,42,43
S05_personal_fold05,5,5,4,5,"per class: test=i, validation=(i+1)%8, train=remaining 6 segment indices",train,data/limb/subject05/Dynamic/subject5_limb_EMG.mat,Dynamic,S05_Dynamic_seg0005,S05_Dynamic_seg0005,7,5,Rest,4,470742,676994,206253,1260.0,42,43
S05_personal_fold06,5,6,5,6,"per class: test=i, validation=(i+1)%8, train=remaining 6 segment indices",train,data/limb/subject05/StaticP1/subject5_limb_EMG.mat,StaticP1,S05_StaticP1_seg0001,S05_StaticP1_seg0001,0,1,HandOpen,0,1,15120,15120,1260.0,42,43
S05_personal_fold06,5,6,5,6,"per class: test=i, validation=(i+1)%8, train=remaining 6 segment indices",train,data/limb/subject05/StaticP2/subject5_limb_EMG.mat,StaticP2,S05_StaticP2_seg0001,S05_StaticP2_seg0001,1,1,HandOpen,0,1,15120,15120,1260.0,42,43
S05_personal_fold06,5,6,5,6,"per class: test=i, validation=(i+1)%8, train=remaining 6 segment indices",train,data/limb/subject05/StaticP3/subject5_limb_EMG.mat,StaticP3,S05_StaticP3_seg0001,S05_StaticP3_seg0001,2,1,HandOpen,0,1,15120,15120,1260.0,42,43
S05_personal_fold06,5,6,5,6,"per class: test=i, validation=(i+1)%8, train=remaining 6 segment indices",train,data/limb/subject05/StaticP4/subject5_limb_EMG.mat,StaticP4,S05_StaticP4_seg0001,S05_StaticP4_seg0001,3,1,HandOpen,0,1,15120,15120,1260.0,42,43
S05_personal_fold06,5,6,5,6,"per class: test=i, validation=(i+1)%8, train=remaining 6 segment indices",train,data/limb/subject05/StaticP9/subject5_limb_EMG.mat,StaticP9,S05_StaticP9_seg0001,S05_StaticP9_seg0001,4,1,HandOpen,0,1,15120,15120,1260.0,42,43
S05_personal_fold06,5,6,5,6,"per class: test=i, validation=(i+1)%8, train=remaining 6 segment indices",test,data/limb/subject05/StaticP10/subject5_limb_EMG.mat,StaticP10,S05_StaticP10_seg0001,S05_StaticP10_seg0001,5,1,HandOpen,0,1,15120,15120,1260.0,42,43
S05_personal_fold06,5,6,5,6,"per class: test=i, validation=(i+1)%8, train=remaining 6 segment indices",validation,data/limb/subject05/StaticP14/subject5_limb_EMG.mat,StaticP14,S05_StaticP14_seg0001,S05_StaticP14_seg0001,6,1,HandOpen,0,1,15120,15120,1260.0,42,43
S05_personal_fold06,5,6,5,6,"per class: test=i, validation=(i+1)%8, train=remaining 6 segment indices",train,data/limb/subject05/Dynamic/subject5_limb_EMG.mat,Dynamic,S05_Dynamic_seg0001,S05_Dynamic_seg0001,7,1,HandOpen,0,1,118407,118407,1260.0,42,43
S05_personal_fold06,5,6,5,6,"per class: test=i, validation=(i+1)%8, train=remaining 6 segment indices",train,data/limb/subject05/StaticP1/subject5_limb_EMG.mat,StaticP1,S05_StaticP1_seg0002,S05_StaticP1_seg0002,0,2,Lateral,1,15121,30240,15120,1260.0,42,43
S05_personal_fold06,5,6,5,6,"per class: test=i, validation=(i+1)%8, train=remaining 6 segment indices",train,data/limb/subject05/StaticP2/subject5_limb_EMG.mat,StaticP2,S05_StaticP2_seg0002,S05_StaticP2_seg0002,1,2,Lateral,1,15121,30240,15120,1260.0,42,43
S05_personal_fold06,5,6,5,6,"per class: test=i, validation=(i+1)%8, train=remaining 6 segment indices",train,data/limb/subject05/StaticP3/subject5_limb_EMG.mat,StaticP3,S05_StaticP3_seg0002,S05_StaticP3_seg0002,2,2,Lateral,1,15121,30240,15120,1260.0,42,43
S05_personal_fold06,5,6,5,6,"per class: test=i, validation=(i+1)%8, train=remaining 6 segment indices",train,data/limb/subject05/StaticP4/subject5_limb_EMG.mat,StaticP4,S05_StaticP4_seg0002,S05_StaticP4_seg0002,3,2,Lateral,1,15121,30240,15120,1260.0,42,43
S05_personal_fold06,5,6,5,6,"per class: test=i, validation=(i+1)%8, train=remaining 6 segment indices",train,data/limb/subject05/StaticP9/subject5_limb_EMG.mat,StaticP9,S05_StaticP9_seg0002,S05_StaticP9_seg0002,4,2,Lateral,1,15121,30240,15120,1260.0,42,43
S05_personal_fold06,5,6,5,6,"per class: test=i, validation=(i+1)%8, train=remaining 6 segment indices",test,data/limb/subject05/StaticP10/subject5_limb_EMG.mat,StaticP10,S05_StaticP10_seg0002,S05_StaticP10_seg0002,5,2,Lateral,1,15121,30240,15120,1260.0,42,43
S05_personal_fold06,5,6,5,6,"per class: test=i, validation=(i+1)%8, train=remaining 6 segment indices",validation,data/limb/subject05/StaticP14/subject5_limb_EMG.mat,StaticP14,S05_StaticP14_seg0002,S05_StaticP14_seg0002,6,2,Lateral,1,15121,30240,15120,1260.0,42,43
S05_personal_fold06,5,6,5,6,"per class: test=i, validation=(i+1)%8, train=remaining 6 segment indices",train,data/limb/subject05/Dynamic/subject5_limb_EMG.mat,Dynamic,S05_Dynamic_seg0002,S05_Dynamic_seg0002,7,2,Lateral,1,118408,241147,122740,1260.0,42,43
S05_personal_fold06,5,6,5,6,"per class: test=i, validation=(i+1)%8, train=remaining 6 segment indices",train,data/limb/subject05/StaticP1/subject5_limb_EMG.mat,StaticP1,S05_StaticP1_seg0003,S05_StaticP1_seg0003,0,3,Pinch,2,30241,45360,15120,1260.0,42,43
S05_personal_fold06,5,6,5,6,"per class: test=i, validation=(i+1)%8, train=remaining 6 segment indices",train,data/limb/subject05/StaticP2/subject5_limb_EMG.mat,StaticP2,S05_StaticP2_seg0003,S05_StaticP2_seg0003,1,3,Pinch,2,30241,45360,15120,1260.0,42,43
S05_personal_fold06,5,6,5,6,"per class: test=i, validation=(i+1)%8, train=remaining 6 segment indices",train,data/limb/subject05/StaticP3/subject5_limb_EMG.mat,StaticP3,S05_StaticP3_seg0003,S05_StaticP3_seg0003,2,3,Pinch,2,30241,45360,15120,1260.0,42,43
S05_personal_fold06,5,6,5,6,"per class: test=i, validation=(i+1)%8, train=remaining 6 segment indices",train,data/limb/subject05/StaticP4/subject5_limb_EMG.mat,StaticP4,S05_StaticP4_seg0003,S05_StaticP4_seg0003,3,3,Pinch,2,30241,45360,15120,1260.0,42,43
S05_personal_fold06,5,6,5,6,"per class: test=i, validation=(i+1)%8, train=remaining 6 segment indices",train,data/limb/subject05/StaticP9/subject5_limb_EMG.mat,StaticP9,S05_StaticP9_seg0003,S05_StaticP9_seg0003,4,3,Pinch,2,30241,45360,15120,1260.0,42,43
S05_personal_fold06,5,6,5,6,"per class: test=i, validation=(i+1)%8, train=remaining 6 segment indices",test,data/limb/subject05/StaticP10/subject5_limb_EMG.mat,StaticP10,S05_StaticP10_seg0003,S05_StaticP10_seg0003,5,3,Pinch,2,30241,45360,15120,1260.0,42,43
S05_personal_fold06,5,6,5,6,"per class: test=i, validation=(i+1)%8, train=remaining 6 segment indices",validation,data/limb/subject05/StaticP14/subject5_limb_EMG.mat,StaticP14,S05_StaticP14_seg0003,S05_StaticP14_seg0003,6,3,Pinch,2,30241,45360,15120,1260.0,42,43
S05_personal_fold06,5,6,5,6,"per class: test=i, validation=(i+1)%8, train=remaining 6 segment indices",train,data/limb/subject05/Dynamic/subject5_limb_EMG.mat,Dynamic,S05_Dynamic_seg0003,S05_Dynamic_seg0003,7,3,Pinch,2,241148,356666,115519,1260.0,42,43
S05_personal_fold06,5,6,5,6,"per class: test=i, validation=(i+1)%8, train=remaining 6 segment indices",train,data/limb/subject05/StaticP1/subject5_limb_EMG.mat,StaticP1,S05_StaticP1_seg0004,S05_StaticP1_seg0004,0,4,Power,3,45361,60480,15120,1260.0,42,43
S05_personal_fold06,5,6,5,6,"per class: test=i, validation=(i+1)%8, train=remaining 6 segment indices",train,data/limb/subject05/StaticP2/subject5_limb_EMG.mat,StaticP2,S05_StaticP2_seg0004,S05_StaticP2_seg0004,1,4,Power,3,45361,60480,15120,1260.0,42,43
S05_personal_fold06,5,6,5,6,"per class: test=i, validation=(i+1)%8, train=remaining 6 segment indices",train,data/limb/subject05/StaticP3/subject5_limb_EMG.mat,StaticP3,S05_StaticP3_seg0004,S05_StaticP3_seg0004,2,4,Power,3,45361,60480,15120,1260.0,42,43
S05_personal_fold06,5,6,5,6,"per class: test=i, validation=(i+1)%8, train=remaining 6 segment indices",train,data/limb/subject05/StaticP4/subject5_limb_EMG.mat,StaticP4,S05_StaticP4_seg0004,S05_StaticP4_seg0004,3,4,Power,3,45361,60480,15120,1260.0,42,43
S05_personal_fold06,5,6,5,6,"per class: test=i, validation=(i+1)%8, train=remaining 6 segment indices",train,data/limb/subject05/StaticP9/subject5_limb_EMG.mat,StaticP9,S05_StaticP9_seg0004,S05_StaticP9_seg0004,4,4,Power,3,45361,60480,15120,1260.0,42,43
S05_personal_fold06,5,6,5,6,"per class: test=i, validation=(i+1)%8, train=remaining 6 segment indices",test,data/limb/subject05/StaticP10/subject5_limb_EMG.mat,StaticP10,S05_StaticP10_seg0004,S05_StaticP10_seg0004,5,4,Power,3,45361,60480,15120,1260.0,42,43
S05_personal_fold06,5,6,5,6,"per class: test=i, validation=(i+1)%8, train=remaining 6 segment indices",validation,data/limb/subject05/StaticP14/subject5_limb_EMG.mat,StaticP14,S05_StaticP14_seg0004,S05_StaticP14_seg0004,6,4,Power,3,45361,60480,15120,1260.0,42,43
S05_personal_fold06,5,6,5,6,"per class: test=i, validation=(i+1)%8, train=remaining 6 segment indices",train,data/limb/subject05/Dynamic/subject5_limb_EMG.mat,Dynamic,S05_Dynamic_seg0004,S05_Dynamic_seg0004,7,4,Power,3,356667,470741,114075,1260.0,42,43
S05_personal_fold06,5,6,5,6,"per class: test=i, validation=(i+1)%8, train=remaining 6 segment indices",train,data/limb/subject05/StaticP1/subject5_limb_EMG.mat,StaticP1,S05_StaticP1_seg0005,S05_StaticP1_seg0005,0,5,Rest,4,60481,75600,15120,1260.0,42,43
S05_personal_fold06,5,6,5,6,"per class: test=i, validation=(i+1)%8, train=remaining 6 segment indices",train,data/limb/subject05/StaticP2/subject5_limb_EMG.mat,StaticP2,S05_StaticP2_seg0005,S05_StaticP2_seg0005,1,5,Rest,4,60481,75600,15120,1260.0,42,43
S05_personal_fold06,5,6,5,6,"per class: test=i, validation=(i+1)%8, train=remaining 6 segment indices",train,data/limb/subject05/StaticP3/subject5_limb_EMG.mat,StaticP3,S05_StaticP3_seg0005,S05_StaticP3_seg0005,2,5,Rest,4,60481,75600,15120,1260.0,42,43
S05_personal_fold06,5,6,5,6,"per class: test=i, validation=(i+1)%8, train=remaining 6 segment indices",train,data/limb/subject05/StaticP4/subject5_limb_EMG.mat,StaticP4,S05_StaticP4_seg0005,S05_StaticP4_seg0005,3,5,Rest,4,60481,75600,15120,1260.0,42,43
S05_personal_fold06,5,6,5,6,"per class: test=i, validation=(i+1)%8, train=remaining 6 segment indices",train,data/limb/subject05/StaticP9/subject5_limb_EMG.mat,StaticP9,S05_StaticP9_seg0005,S05_StaticP9_seg0005,4,5,Rest,4,60481,75600,15120,1260.0,42,43
S05_personal_fold06,5,6,5,6,"per class: test=i, validation=(i+1)%8, train=remaining 6 segment indices",test,data/limb/subject05/StaticP10/subject5_limb_EMG.mat,StaticP10,S05_StaticP10_seg0005,S05_StaticP10_seg0005,5,5,Rest,4,60481,75600,15120,1260.0,42,43
S05_personal_fold06,5,6,5,6,"per class: test=i, validation=(i+1)%8, train=remaining 6 segment indices",validation,data/limb/subject05/StaticP14/subject5_limb_EMG.mat,StaticP14,S05_StaticP14_seg0005,S05_StaticP14_seg0005,6,5,Rest,4,60481,75600,15120,1260.0,42,43
S05_personal_fold06,5,6,5,6,"per class: test=i, validation=(i+1)%8, train=remaining 6 segment indices",train,data/limb/subject05/Dynamic/subject5_limb_EMG.mat,Dynamic,S05_Dynamic_seg0005,S05_Dynamic_seg0005,7,5,Rest,4,470742,676994,206253,1260.0,42,43
S05_personal_fold07,5,7,6,7,"per class: test=i, validation=(i+1)%8, train=remaining 6 segment indices",train,data/limb/subject05/StaticP1/subject5_limb_EMG.mat,StaticP1,S05_StaticP1_seg0001,S05_StaticP1_seg0001,0,1,HandOpen,0,1,15120,15120,1260.0,42,43
S05_personal_fold07,5,7,6,7,"per class: test=i, validation=(i+1)%8, train=remaining 6 segment indices",train,data/limb/subject05/StaticP2/subject5_limb_EMG.mat,StaticP2,S05_StaticP2_seg0001,S05_StaticP2_seg0001,1,1,HandOpen,0,1,15120,15120,1260.0,42,43
S05_personal_fold07,5,7,6,7,"per class: test=i, validation=(i+1)%8, train=remaining 6 segment indices",train,data/limb/subject05/StaticP3/subject5_limb_EMG.mat,StaticP3,S05_StaticP3_seg0001,S05_StaticP3_seg0001,2,1,HandOpen,0,1,15120,15120,1260.0,42,43
S05_personal_fold07,5,7,6,7,"per class: test=i, validation=(i+1)%8, train=remaining 6 segment indices",train,data/limb/subject05/StaticP4/subject5_limb_EMG.mat,StaticP4,S05_StaticP4_seg0001,S05_StaticP4_seg0001,3,1,HandOpen,0,1,15120,15120,1260.0,42,43
S05_personal_fold07,5,7,6,7,"per class: test=i, validation=(i+1)%8, train=remaining 6 segment indices",train,data/limb/subject05/StaticP9/subject5_limb_EMG.mat,StaticP9,S05_StaticP9_seg0001,S05_StaticP9_seg0001,4,1,HandOpen,0,1,15120,15120,1260.0,42,43
S05_personal_fold07,5,7,6,7,"per class: test=i, validation=(i+1)%8, train=remaining 6 segment indices",train,data/limb/subject05/StaticP10/subject5_limb_EMG.mat,StaticP10,S05_StaticP10_seg0001,S05_StaticP10_seg0001,5,1,HandOpen,0,1,15120,15120,1260.0,42,43
S05_personal_fold07,5,7,6,7,"per class: test=i, validation=(i+1)%8, train=remaining 6 segment indices",test,data/limb/subject05/StaticP14/subject5_limb_EMG.mat,StaticP14,S05_StaticP14_seg0001,S05_StaticP14_seg0001,6,1,HandOpen,0,1,15120,15120,1260.0,42,43
S05_personal_fold07,5,7,6,7,"per class: test=i, validation=(i+1)%8, train=remaining 6 segment indices",validation,data/limb/subject05/Dynamic/subject5_limb_EMG.mat,Dynamic,S05_Dynamic_seg0001,S05_Dynamic_seg0001,7,1,HandOpen,0,1,118407,118407,1260.0,42,43
S05_personal_fold07,5,7,6,7,"per class: test=i, validation=(i+1)%8, train=remaining 6 segment indices",train,data/limb/subject05/StaticP1/subject5_limb_EMG.mat,StaticP1,S05_StaticP1_seg0002,S05_StaticP1_seg0002,0,2,Lateral,1,15121,30240,15120,1260.0,42,43
S05_personal_fold07,5,7,6,7,"per class: test=i, validation=(i+1)%8, train=remaining 6 segment indices",train,data/limb/subject05/StaticP2/subject5_limb_EMG.mat,StaticP2,S05_StaticP2_seg0002,S05_StaticP2_seg0002,1,2,Lateral,1,15121,30240,15120,1260.0,42,43
S05_personal_fold07,5,7,6,7,"per class: test=i, validation=(i+1)%8, train=remaining 6 segment indices",train,data/limb/subject05/StaticP3/subject5_limb_EMG.mat,StaticP3,S05_StaticP3_seg0002,S05_StaticP3_seg0002,2,2,Lateral,1,15121,30240,15120,1260.0,42,43
S05_personal_fold07,5,7,6,7,"per class: test=i, validation=(i+1)%8, train=remaining 6 segment indices",train,data/limb/subject05/StaticP4/subject5_limb_EMG.mat,StaticP4,S05_StaticP4_seg0002,S05_StaticP4_seg0002,3,2,Lateral,1,15121,30240,15120,1260.0,42,43
S05_personal_fold07,5,7,6,7,"per class: test=i, validation=(i+1)%8, train=remaining 6 segment indices",train,data/limb/subject05/StaticP9/subject5_limb_EMG.mat,StaticP9,S05_StaticP9_seg0002,S05_StaticP9_seg0002,4,2,Lateral,1,15121,30240,15120,1260.0,42,43
S05_personal_fold07,5,7,6,7,"per class: test=i, validation=(i+1)%8, train=remaining 6 segment indices",train,data/limb/subject05/StaticP10/subject5_limb_EMG.mat,StaticP10,S05_StaticP10_seg0002,S05_StaticP10_seg0002,5,2,Lateral,1,15121,30240,15120,1260.0,42,43
S05_personal_fold07,5,7,6,7,"per class: test=i, validation=(i+1)%8, train=remaining 6 segment indices",test,data/limb/subject05/StaticP14/subject5_limb_EMG.mat,StaticP14,S05_StaticP14_seg0002,S05_StaticP14_seg0002,6,2,Lateral,1,15121,30240,15120,1260.0,42,43
S05_personal_fold07,5,7,6,7,"per class: test=i, validation=(i+1)%8, train=remaining 6 segment indices",validation,data/limb/subject05/Dynamic/subject5_limb_EMG.mat,Dynamic,S05_Dynamic_seg0002,S05_Dynamic_seg0002,7,2,Lateral,1,118408,241147,122740,1260.0,42,43
S05_personal_fold07,5,7,6,7,"per class: test=i, validation=(i+1)%8, train=remaining 6 segment indices",train,data/limb/subject05/StaticP1/subject5_limb_EMG.mat,StaticP1,S05_StaticP1_seg0003,S05_StaticP1_seg0003,0,3,Pinch,2,30241,45360,15120,1260.0,42,43
S05_personal_fold07,5,7,6,7,"per class: test=i, validation=(i+1)%8, train=remaining 6 segment indices",train,data/limb/subject05/StaticP2/subject5_limb_EMG.mat,StaticP2,S05_StaticP2_seg0003,S05_StaticP2_seg0003,1,3,Pinch,2,30241,45360,15120,1260.0,42,43
S05_personal_fold07,5,7,6,7,"per class: test=i, validation=(i+1)%8, train=remaining 6 segment indices",train,data/limb/subject05/StaticP3/subject5_limb_EMG.mat,StaticP3,S05_StaticP3_seg0003,S05_StaticP3_seg0003,2,3,Pinch,2,30241,45360,15120,1260.0,42,43
S05_personal_fold07,5,7,6,7,"per class: test=i, validation=(i+1)%8, train=remaining 6 segment indices",train,data/limb/subject05/StaticP4/subject5_limb_EMG.mat,StaticP4,S05_StaticP4_seg0003,S05_StaticP4_seg0003,3,3,Pinch,2,30241,45360,15120,1260.0,42,43
S05_personal_fold07,5,7,6,7,"per class: test=i, validation=(i+1)%8, train=remaining 6 segment indices",train,data/limb/subject05/StaticP9/subject5_limb_EMG.mat,StaticP9,S05_StaticP9_seg0003,S05_StaticP9_seg0003,4,3,Pinch,2,30241,45360,15120,1260.0,42,43
S05_personal_fold07,5,7,6,7,"per class: test=i, validation=(i+1)%8, train=remaining 6 segment indices",train,data/limb/subject05/StaticP10/subject5_limb_EMG.mat,StaticP10,S05_StaticP10_seg0003,S05_StaticP10_seg0003,5,3,Pinch,2,30241,45360,15120,1260.0,42,43
S05_personal_fold07,5,7,6,7,"per class: test=i, validation=(i+1)%8, train=remaining 6 segment indices",test,data/limb/subject05/StaticP14/subject5_limb_EMG.mat,StaticP14,S05_StaticP14_seg0003,S05_StaticP14_seg0003,6,3,Pinch,2,30241,45360,15120,1260.0,42,43
S05_personal_fold07,5,7,6,7,"per class: test=i, validation=(i+1)%8, train=remaining 6 segment indices",validation,data/limb/subject05/Dynamic/subject5_limb_EMG.mat,Dynamic,S05_Dynamic_seg0003,S05_Dynamic_seg0003,7,3,Pinch,2,241148,356666,115519,1260.0,42,43
S05_personal_fold07,5,7,6,7,"per class: test=i, validation=(i+1)%8, train=remaining 6 segment indices",train,data/limb/subject05/StaticP1/subject5_limb_EMG.mat,StaticP1,S05_StaticP1_seg0004,S05_StaticP1_seg0004,0,4,Power,3,45361,60480,15120,1260.0,42,43
S05_personal_fold07,5,7,6,7,"per class: test=i, validation=(i+1)%8, train=remaining 6 segment indices",train,data/limb/subject05/StaticP2/subject5_limb_EMG.mat,StaticP2,S05_StaticP2_seg0004,S05_StaticP2_seg0004,1,4,Power,3,45361,60480,15120,1260.0,42,43
S05_personal_fold07,5,7,6,7,"per class: test=i, validation=(i+1)%8, train=remaining 6 segment indices",train,data/limb/subject05/StaticP3/subject5_limb_EMG.mat,StaticP3,S05_StaticP3_seg0004,S05_StaticP3_seg0004,2,4,Power,3,45361,60480,15120,1260.0,42,43
S05_personal_fold07,5,7,6,7,"per class: test=i, validation=(i+1)%8, train=remaining 6 segment indices",train,data/limb/subject05/StaticP4/subject5_limb_EMG.mat,StaticP4,S05_StaticP4_seg0004,S05_StaticP4_seg0004,3,4,Power,3,45361,60480,15120,1260.0,42,43
S05_personal_fold07,5,7,6,7,"per class: test=i, validation=(i+1)%8, train=remaining 6 segment indices",train,data/limb/subject05/StaticP9/subject5_limb_EMG.mat,StaticP9,S05_StaticP9_seg0004,S05_StaticP9_seg0004,4,4,Power,3,45361,60480,15120,1260.0,42,43
S05_personal_fold07,5,7,6,7,"per class: test=i, validation=(i+1)%8, train=remaining 6 segment indices",train,data/limb/subject05/StaticP10/subject5_limb_EMG.mat,StaticP10,S05_StaticP10_seg0004,S05_StaticP10_seg0004,5,4,Power,3,45361,60480,15120,1260.0,42,43
S05_personal_fold07,5,7,6,7,"per class: test=i, validation=(i+1)%8, train=remaining 6 segment indices",test,data/limb/subject05/StaticP14/subject5_limb_EMG.mat,StaticP14,S05_StaticP14_seg0004,S05_StaticP14_seg0004,6,4,Power,3,45361,60480,15120,1260.0,42,43
S05_personal_fold07,5,7,6,7,"per class: test=i, validation=(i+1)%8, train=remaining 6 segment indices",validation,data/limb/subject05/Dynamic/subject5_limb_EMG.mat,Dynamic,S05_Dynamic_seg0004,S05_Dynamic_seg0004,7,4,Power,3,356667,470741,114075,1260.0,42,43
S05_personal_fold07,5,7,6,7,"per class: test=i, validation=(i+1)%8, train=remaining 6 segment indices",train,data/limb/subject05/StaticP1/subject5_limb_EMG.mat,StaticP1,S05_StaticP1_seg0005,S05_StaticP1_seg0005,0,5,Rest,4,60481,75600,15120,1260.0,42,43
S05_personal_fold07,5,7,6,7,"per class: test=i, validation=(i+1)%8, train=remaining 6 segment indices",train,data/limb/subject05/StaticP2/subject5_limb_EMG.mat,StaticP2,S05_StaticP2_seg0005,S05_StaticP2_seg0005,1,5,Rest,4,60481,75600,15120,1260.0,42,43
S05_personal_fold07,5,7,6,7,"per class: test=i, validation=(i+1)%8, train=remaining 6 segment indices",train,data/limb/subject05/StaticP3/subject5_limb_EMG.mat,StaticP3,S05_StaticP3_seg0005,S05_StaticP3_seg0005,2,5,Rest,4,60481,75600,15120,1260.0,42,43
S05_personal_fold07,5,7,6,7,"per class: test=i, validation=(i+1)%8, train=remaining 6 segment indices",train,data/limb/subject05/StaticP4/subject5_limb_EMG.mat,StaticP4,S05_StaticP4_seg0005,S05_StaticP4_seg0005,3,5,Rest,4,60481,75600,15120,1260.0,42,43
S05_personal_fold07,5,7,6,7,"per class: test=i, validation=(i+1)%8, train=remaining 6 segment indices",train,data/limb/subject05/StaticP9/subject5_limb_EMG.mat,StaticP9,S05_StaticP9_seg0005,S05_StaticP9_seg0005,4,5,Rest,4,60481,75600,15120,1260.0,42,43
S05_personal_fold07,5,7,6,7,"per class: test=i, validation=(i+1)%8, train=remaining 6 segment indices",train,data/limb/subject05/StaticP10/subject5_limb_EMG.mat,StaticP10,S05_StaticP10_seg0005,S05_StaticP10_seg0005,5,5,Rest,4,60481,75600,15120,1260.0,42,43
S05_personal_fold07,5,7,6,7,"per class: test=i, validation=(i+1)%8, train=remaining 6 segment indices",test,data/limb/subject05/StaticP14/subject5_limb_EMG.mat,StaticP14,S05_StaticP14_seg0005,S05_StaticP14_seg0005,6,5,Rest,4,60481,75600,15120,1260.0,42,43
S05_personal_fold07,5,7,6,7,"per class: test=i, validation=(i+1)%8, train=remaining 6 segment indices",validation,data/limb/subject05/Dynamic/subject5_limb_EMG.mat,Dynamic,S05_Dynamic_seg0005,S05_Dynamic_seg0005,7,5,Rest,4,470742,676994,206253,1260.0,42,43
S05_personal_fold08,5,8,7,0,"per class: test=i, validation=(i+1)%8, train=remaining 6 segment indices",validation,data/limb/subject05/StaticP1/subject5_limb_EMG.mat,StaticP1,S05_StaticP1_seg0001,S05_StaticP1_seg0001,0,1,HandOpen,0,1,15120,15120,1260.0,42,43
S05_personal_fold08,5,8,7,0,"per class: test=i, validation=(i+1)%8, train=remaining 6 segment indices",train,data/limb/subject05/StaticP2/subject5_limb_EMG.mat,StaticP2,S05_StaticP2_seg0001,S05_StaticP2_seg0001,1,1,HandOpen,0,1,15120,15120,1260.0,42,43
S05_personal_fold08,5,8,7,0,"per class: test=i, validation=(i+1)%8, train=remaining 6 segment indices",train,data/limb/subject05/StaticP3/subject5_limb_EMG.mat,StaticP3,S05_StaticP3_seg0001,S05_StaticP3_seg0001,2,1,HandOpen,0,1,15120,15120,1260.0,42,43
S05_personal_fold08,5,8,7,0,"per class: test=i, validation=(i+1)%8, train=remaining 6 segment indices",train,data/limb/subject05/StaticP4/subject5_limb_EMG.mat,StaticP4,S05_StaticP4_seg0001,S05_StaticP4_seg0001,3,1,HandOpen,0,1,15120,15120,1260.0,42,43
S05_personal_fold08,5,8,7,0,"per class: test=i, validation=(i+1)%8, train=remaining 6 segment indices",train,data/limb/subject05/StaticP9/subject5_limb_EMG.mat,StaticP9,S05_StaticP9_seg0001,S05_StaticP9_seg0001,4,1,HandOpen,0,1,15120,15120,1260.0,42,43
S05_personal_fold08,5,8,7,0,"per class: test=i, validation=(i+1)%8, train=remaining 6 segment indices",train,data/limb/subject05/StaticP10/subject5_limb_EMG.mat,StaticP10,S05_StaticP10_seg0001,S05_StaticP10_seg0001,5,1,HandOpen,0,1,15120,15120,1260.0,42,43
S05_personal_fold08,5,8,7,0,"per class: test=i, validation=(i+1)%8, train=remaining 6 segment indices",train,data/limb/subject05/StaticP14/subject5_limb_EMG.mat,StaticP14,S05_StaticP14_seg0001,S05_StaticP14_seg0001,6,1,HandOpen,0,1,15120,15120,1260.0,42,43
S05_personal_fold08,5,8,7,0,"per class: test=i, validation=(i+1)%8, train=remaining 6 segment indices",test,data/limb/subject05/Dynamic/subject5_limb_EMG.mat,Dynamic,S05_Dynamic_seg0001,S05_Dynamic_seg0001,7,1,HandOpen,0,1,118407,118407,1260.0,42,43
S05_personal_fold08,5,8,7,0,"per class: test=i, validation=(i+1)%8, train=remaining 6 segment indices",validation,data/limb/subject05/StaticP1/subject5_limb_EMG.mat,StaticP1,S05_StaticP1_seg0002,S05_StaticP1_seg0002,0,2,Lateral,1,15121,30240,15120,1260.0,42,43
S05_personal_fold08,5,8,7,0,"per class: test=i, validation=(i+1)%8, train=remaining 6 segment indices",train,data/limb/subject05/StaticP2/subject5_limb_EMG.mat,StaticP2,S05_StaticP2_seg0002,S05_StaticP2_seg0002,1,2,Lateral,1,15121,30240,15120,1260.0,42,43
S05_personal_fold08,5,8,7,0,"per class: test=i, validation=(i+1)%8, train=remaining 6 segment indices",train,data/limb/subject05/StaticP3/subject5_limb_EMG.mat,StaticP3,S05_StaticP3_seg0002,S05_StaticP3_seg0002,2,2,Lateral,1,15121,30240,15120,1260.0,42,43
S05_personal_fold08,5,8,7,0,"per class: test=i, validation=(i+1)%8, train=remaining 6 segment indices",train,data/limb/subject05/StaticP4/subject5_limb_EMG.mat,StaticP4,S05_StaticP4_seg0002,S05_StaticP4_seg0002,3,2,Lateral,1,15121,30240,15120,1260.0,42,43
S05_personal_fold08,5,8,7,0,"per class: test=i, validation=(i+1)%8, train=remaining 6 segment indices",train,data/limb/subject05/StaticP9/subject5_limb_EMG.mat,StaticP9,S05_StaticP9_seg0002,S05_StaticP9_seg0002,4,2,Lateral,1,15121,30240,15120,1260.0,42,43
S05_personal_fold08,5,8,7,0,"per class: test=i, validation=(i+1)%8, train=remaining 6 segment indices",train,data/limb/subject05/StaticP10/subject5_limb_EMG.mat,StaticP10,S05_StaticP10_seg0002,S05_StaticP10_seg0002,5,2,Lateral,1,15121,30240,15120,1260.0,42,43
S05_personal_fold08,5,8,7,0,"per class: test=i, validation=(i+1)%8, train=remaining 6 segment indices",train,data/limb/subject05/StaticP14/subject5_limb_EMG.mat,StaticP14,S05_StaticP14_seg0002,S05_StaticP14_seg0002,6,2,Lateral,1,15121,30240,15120,1260.0,42,43
S05_personal_fold08,5,8,7,0,"per class: test=i, validation=(i+1)%8, train=remaining 6 segment indices",test,data/limb/subject05/Dynamic/subject5_limb_EMG.mat,Dynamic,S05_Dynamic_seg0002,S05_Dynamic_seg0002,7,2,Lateral,1,118408,241147,122740,1260.0,42,43
S05_personal_fold08,5,8,7,0,"per class: test=i, validation=(i+1)%8, train=remaining 6 segment indices",validation,data/limb/subject05/StaticP1/subject5_limb_EMG.mat,StaticP1,S05_StaticP1_seg0003,S05_StaticP1_seg0003,0,3,Pinch,2,30241,45360,15120,1260.0,42,43
S05_personal_fold08,5,8,7,0,"per class: test=i, validation=(i+1)%8, train=remaining 6 segment indices",train,data/limb/subject05/StaticP2/subject5_limb_EMG.mat,StaticP2,S05_StaticP2_seg0003,S05_StaticP2_seg0003,1,3,Pinch,2,30241,45360,15120,1260.0,42,43
S05_personal_fold08,5,8,7,0,"per class: test=i, validation=(i+1)%8, train=remaining 6 segment indices",train,data/limb/subject05/StaticP3/subject5_limb_EMG.mat,StaticP3,S05_StaticP3_seg0003,S05_StaticP3_seg0003,2,3,Pinch,2,30241,45360,15120,1260.0,42,43
S05_personal_fold08,5,8,7,0,"per class: test=i, validation=(i+1)%8, train=remaining 6 segment indices",train,data/limb/subject05/StaticP4/subject5_limb_EMG.mat,StaticP4,S05_StaticP4_seg0003,S05_StaticP4_seg0003,3,3,Pinch,2,30241,45360,15120,1260.0,42,43
S05_personal_fold08,5,8,7,0,"per class: test=i, validation=(i+1)%8, train=remaining 6 segment indices",train,data/limb/subject05/StaticP9/subject5_limb_EMG.mat,StaticP9,S05_StaticP9_seg0003,S05_StaticP9_seg0003,4,3,Pinch,2,30241,45360,15120,1260.0,42,43
S05_personal_fold08,5,8,7,0,"per class: test=i, validation=(i+1)%8, train=remaining 6 segment indices",train,data/limb/subject05/StaticP10/subject5_limb_EMG.mat,StaticP10,S05_StaticP10_seg0003,S05_StaticP10_seg0003,5,3,Pinch,2,30241,45360,15120,1260.0,42,43
S05_personal_fold08,5,8,7,0,"per class: test=i, validation=(i+1)%8, train=remaining 6 segment indices",train,data/limb/subject05/StaticP14/subject5_limb_EMG.mat,StaticP14,S05_StaticP14_seg0003,S05_StaticP14_seg0003,6,3,Pinch,2,30241,45360,15120,1260.0,42,43
S05_personal_fold08,5,8,7,0,"per class: test=i, validation=(i+1)%8, train=remaining 6 segment indices",test,data/limb/subject05/Dynamic/subject5_limb_EMG.mat,Dynamic,S05_Dynamic_seg0003,S05_Dynamic_seg0003,7,3,Pinch,2,241148,356666,115519,1260.0,42,43
S05_personal_fold08,5,8,7,0,"per class: test=i, validation=(i+1)%8, train=remaining 6 segment indices",validation,data/limb/subject05/StaticP1/subject5_limb_EMG.mat,StaticP1,S05_StaticP1_seg0004,S05_StaticP1_seg0004,0,4,Power,3,45361,60480,15120,1260.0,42,43
S05_personal_fold08,5,8,7,0,"per class: test=i, validation=(i+1)%8, train=remaining 6 segment indices",train,data/limb/subject05/StaticP2/subject5_limb_EMG.mat,StaticP2,S05_StaticP2_seg0004,S05_StaticP2_seg0004,1,4,Power,3,45361,60480,15120,1260.0,42,43
S05_personal_fold08,5,8,7,0,"per class: test=i, validation=(i+1)%8, train=remaining 6 segment indices",train,data/limb/subject05/StaticP3/subject5_limb_EMG.mat,StaticP3,S05_StaticP3_seg0004,S05_StaticP3_seg0004,2,4,Power,3,45361,60480,15120,1260.0,42,43
S05_personal_fold08,5,8,7,0,"per class: test=i, validation=(i+1)%8, train=remaining 6 segment indices",train,data/limb/subject05/StaticP4/subject5_limb_EMG.mat,StaticP4,S05_StaticP4_seg0004,S05_StaticP4_seg0004,3,4,Power,3,45361,60480,15120,1260.0,42,43
S05_personal_fold08,5,8,7,0,"per class: test=i, validation=(i+1)%8, train=remaining 6 segment indices",train,data/limb/subject05/StaticP9/subject5_limb_EMG.mat,StaticP9,S05_StaticP9_seg0004,S05_StaticP9_seg0004,4,4,Power,3,45361,60480,15120,1260.0,42,43
S05_personal_fold08,5,8,7,0,"per class: test=i, validation=(i+1)%8, train=remaining 6 segment indices",train,data/limb/subject05/StaticP10/subject5_limb_EMG.mat,StaticP10,S05_StaticP10_seg0004,S05_StaticP10_seg0004,5,4,Power,3,45361,60480,15120,1260.0,42,43
S05_personal_fold08,5,8,7,0,"per class: test=i, validation=(i+1)%8, train=remaining 6 segment indices",train,data/limb/subject05/StaticP14/subject5_limb_EMG.mat,StaticP14,S05_StaticP14_seg0004,S05_StaticP14_seg0004,6,4,Power,3,45361,60480,15120,1260.0,42,43
S05_personal_fold08,5,8,7,0,"per class: test=i, validation=(i+1)%8, train=remaining 6 segment indices",test,data/limb/subject05/Dynamic/subject5_limb_EMG.mat,Dynamic,S05_Dynamic_seg0004,S05_Dynamic_seg0004,7,4,Power,3,356667,470741,114075,1260.0,42,43
S05_personal_fold08,5,8,7,0,"per class: test=i, validation=(i+1)%8, train=remaining 6 segment indices",validation,data/limb/subject05/StaticP1/subject5_limb_EMG.mat,StaticP1,S05_StaticP1_seg0005,S05_StaticP1_seg0005,0,5,Rest,4,60481,75600,15120,1260.0,42,43
S05_personal_fold08,5,8,7,0,"per class: test=i, validation=(i+1)%8, train=remaining 6 segment indices",train,data/limb/subject05/StaticP2/subject5_limb_EMG.mat,StaticP2,S05_StaticP2_seg0005,S05_StaticP2_seg0005,1,5,Rest,4,60481,75600,15120,1260.0,42,43
S05_personal_fold08,5,8,7,0,"per class: test=i, validation=(i+1)%8, train=remaining 6 segment indices",train,data/limb/subject05/StaticP3/subject5_limb_EMG.mat,StaticP3,S05_StaticP3_seg0005,S05_StaticP3_seg0005,2,5,Rest,4,60481,75600,15120,1260.0,42,43
S05_personal_fold08,5,8,7,0,"per class: test=i, validation=(i+1)%8, train=remaining 6 segment indices",train,data/limb/subject05/StaticP4/subject5_limb_EMG.mat,StaticP4,S05_StaticP4_seg0005,S05_StaticP4_seg0005,3,5,Rest,4,60481,75600,15120,1260.0,42,43
S05_personal_fold08,5,8,7,0,"per class: test=i, validation=(i+1)%8, train=remaining 6 segment indices",train,data/limb/subject05/StaticP9/subject5_limb_EMG.mat,StaticP9,S05_StaticP9_seg0005,S05_StaticP9_seg0005,4,5,Rest,4,60481,75600,15120,1260.0,42,43
S05_personal_fold08,5,8,7,0,"per class: test=i, validation=(i+1)%8, train=remaining 6 segment indices",train,data/limb/subject05/StaticP10/subject5_limb_EMG.mat,StaticP10,S05_StaticP10_seg0005,S05_StaticP10_seg0005,5,5,Rest,4,60481,75600,15120,1260.0,42,43
S05_personal_fold08,5,8,7,0,"per class: test=i, validation=(i+1)%8, train=remaining 6 segment indices",train,data/limb/subject05/StaticP14/subject5_limb_EMG.mat,StaticP14,S05_StaticP14_seg0005,S05_StaticP14_seg0005,6,5,Rest,4,60481,75600,15120,1260.0,42,43
S05_personal_fold08,5,8,7,0,"per class: test=i, validation=(i+1)%8, train=remaining 6 segment indices",test,data/limb/subject05/Dynamic/subject5_limb_EMG.mat,Dynamic,S05_Dynamic_seg0005,S05_Dynamic_seg0005,7,5,Rest,4,470742,676994,206253,1260.0,42,43
S06_personal_fold01,6,1,0,1,"per class: test=i, validation=(i+1)%8, train=remaining 6 segment indices",test,data/limb/subject06/StaticP1/subject6_limb_EMG.mat,StaticP1,S06_StaticP1_seg0001,S06_StaticP1_seg0001,0,1,HandOpen,0,1,15120,15120,1260.0,42,43
S06_personal_fold01,6,1,0,1,"per class: test=i, validation=(i+1)%8, train=remaining 6 segment indices",validation,data/limb/subject06/StaticP2/subject6_limb_EMG.mat,StaticP2,S06_StaticP2_seg0001,S06_StaticP2_seg0001,1,1,HandOpen,0,1,15120,15120,1260.0,42,43
S06_personal_fold01,6,1,0,1,"per class: test=i, validation=(i+1)%8, train=remaining 6 segment indices",train,data/limb/subject06/StaticP3/subject6_limb_EMG.mat,StaticP3,S06_StaticP3_seg0001,S06_StaticP3_seg0001,2,1,HandOpen,0,1,15120,15120,1260.0,42,43
S06_personal_fold01,6,1,0,1,"per class: test=i, validation=(i+1)%8, train=remaining 6 segment indices",train,data/limb/subject06/StaticP4/subject6_limb_EMG.mat,StaticP4,S06_StaticP4_seg0001,S06_StaticP4_seg0001,3,1,HandOpen,0,1,15120,15120,1260.0,42,43
S06_personal_fold01,6,1,0,1,"per class: test=i, validation=(i+1)%8, train=remaining 6 segment indices",train,data/limb/subject06/StaticP9/subject6_limb_EMG.mat,StaticP9,S06_StaticP9_seg0001,S06_StaticP9_seg0001,4,1,HandOpen,0,1,15120,15120,1260.0,42,43
S06_personal_fold01,6,1,0,1,"per class: test=i, validation=(i+1)%8, train=remaining 6 segment indices",train,data/limb/subject06/StaticP10/subject6_limb_EMG.mat,StaticP10,S06_StaticP10_seg0001,S06_StaticP10_seg0001,5,1,HandOpen,0,1,15120,15120,1260.0,42,43
S06_personal_fold01,6,1,0,1,"per class: test=i, validation=(i+1)%8, train=remaining 6 segment indices",train,data/limb/subject06/StaticP14/subject6_limb_EMG.mat,StaticP14,S06_StaticP14_seg0001,S06_StaticP14_seg0001,6,1,HandOpen,0,1,15120,15120,1260.0,42,43
S06_personal_fold01,6,1,0,1,"per class: test=i, validation=(i+1)%8, train=remaining 6 segment indices",train,data/limb/subject06/Dynamic/subject6_limb_EMG.mat,Dynamic,S06_Dynamic_seg0001,S06_Dynamic_seg0001,7,1,HandOpen,0,1,111064,111064,1260.0,42,43
S06_personal_fold01,6,1,0,1,"per class: test=i, validation=(i+1)%8, train=remaining 6 segment indices",test,data/limb/subject06/StaticP1/subject6_limb_EMG.mat,StaticP1,S06_StaticP1_seg0002,S06_StaticP1_seg0002,0,2,Lateral,1,15121,30240,15120,1260.0,42,43
S06_personal_fold01,6,1,0,1,"per class: test=i, validation=(i+1)%8, train=remaining 6 segment indices",validation,data/limb/subject06/StaticP2/subject6_limb_EMG.mat,StaticP2,S06_StaticP2_seg0002,S06_StaticP2_seg0002,1,2,Lateral,1,15121,30244,15124,1260.0,42,43
S06_personal_fold01,6,1,0,1,"per class: test=i, validation=(i+1)%8, train=remaining 6 segment indices",train,data/limb/subject06/StaticP3/subject6_limb_EMG.mat,StaticP3,S06_StaticP3_seg0002,S06_StaticP3_seg0002,2,2,Lateral,1,15121,30240,15120,1260.0,42,43
S06_personal_fold01,6,1,0,1,"per class: test=i, validation=(i+1)%8, train=remaining 6 segment indices",train,data/limb/subject06/StaticP4/subject6_limb_EMG.mat,StaticP4,S06_StaticP4_seg0002,S06_StaticP4_seg0002,3,2,Lateral,1,15121,30240,15120,1260.0,42,43
S06_personal_fold01,6,1,0,1,"per class: test=i, validation=(i+1)%8, train=remaining 6 segment indices",train,data/limb/subject06/StaticP9/subject6_limb_EMG.mat,StaticP9,S06_StaticP9_seg0002,S06_StaticP9_seg0002,4,2,Lateral,1,15121,30244,15124,1260.0,42,43
S06_personal_fold01,6,1,0,1,"per class: test=i, validation=(i+1)%8, train=remaining 6 segment indices",train,data/limb/subject06/StaticP10/subject6_limb_EMG.mat,StaticP10,S06_StaticP10_seg0002,S06_StaticP10_seg0002,5,2,Lateral,1,15121,30240,15120,1260.0,42,43
S06_personal_fold01,6,1,0,1,"per class: test=i, validation=(i+1)%8, train=remaining 6 segment indices",train,data/limb/subject06/StaticP14/subject6_limb_EMG.mat,StaticP14,S06_StaticP14_seg0002,S06_StaticP14_seg0002,6,2,Lateral,1,15121,30240,15120,1260.0,42,43
S06_personal_fold01,6,1,0,1,"per class: test=i, validation=(i+1)%8, train=remaining 6 segment indices",train,data/limb/subject06/Dynamic/subject6_limb_EMG.mat,Dynamic,S06_Dynamic_seg0002,S06_Dynamic_seg0002,7,2,Lateral,1,111065,223552,112488,1260.0,42,43
S06_personal_fold01,6,1,0,1,"per class: test=i, validation=(i+1)%8, train=remaining 6 segment indices",test,data/limb/subject06/StaticP1/subject6_limb_EMG.mat,StaticP1,S06_StaticP1_seg0003,S06_StaticP1_seg0003,0,3,Pinch,2,30241,45360,15120,1260.0,42,43
S06_personal_fold01,6,1,0,1,"per class: test=i, validation=(i+1)%8, train=remaining 6 segment indices",validation,data/limb/subject06/StaticP2/subject6_limb_EMG.mat,StaticP2,S06_StaticP2_seg0003,S06_StaticP2_seg0003,1,3,Pinch,2,30245,45364,15120,1260.0,42,43
S06_personal_fold01,6,1,0,1,"per class: test=i, validation=(i+1)%8, train=remaining 6 segment indices",train,data/limb/subject06/StaticP3/subject6_limb_EMG.mat,StaticP3,S06_StaticP3_seg0003,S06_StaticP3_seg0003,2,3,Pinch,2,30241,45360,15120,1260.0,42,43
S06_personal_fold01,6,1,0,1,"per class: test=i, validation=(i+1)%8, train=remaining 6 segment indices",train,data/limb/subject06/StaticP4/subject6_limb_EMG.mat,StaticP4,S06_StaticP4_seg0003,S06_StaticP4_seg0003,3,3,Pinch,2,30241,45364,15124,1260.0,42,43
S06_personal_fold01,6,1,0,1,"per class: test=i, validation=(i+1)%8, train=remaining 6 segment indices",train,data/limb/subject06/StaticP9/subject6_limb_EMG.mat,StaticP9,S06_StaticP9_seg0003,S06_StaticP9_seg0003,4,3,Pinch,2,30245,45364,15120,1260.0,42,43
S06_personal_fold01,6,1,0,1,"per class: test=i, validation=(i+1)%8, train=remaining 6 segment indices",train,data/limb/subject06/StaticP10/subject6_limb_EMG.mat,StaticP10,S06_StaticP10_seg0003,S06_StaticP10_seg0003,5,3,Pinch,2,30241,45360,15120,1260.0,42,43
S06_personal_fold01,6,1,0,1,"per class: test=i, validation=(i+1)%8, train=remaining 6 segment indices",train,data/limb/subject06/StaticP14/subject6_limb_EMG.mat,StaticP14,S06_StaticP14_seg0003,S06_StaticP14_seg0003,6,3,Pinch,2,30241,45360,15120,1260.0,42,43
S06_personal_fold01,6,1,0,1,"per class: test=i, validation=(i+1)%8, train=remaining 6 segment indices",train,data/limb/subject06/Dynamic/subject6_limb_EMG.mat,Dynamic,S06_Dynamic_seg0003,S06_Dynamic_seg0003,7,3,Pinch,2,223553,336047,112495,1260.0,42,43
S06_personal_fold01,6,1,0,1,"per class: test=i, validation=(i+1)%8, train=remaining 6 segment indices",test,data/limb/subject06/StaticP1/subject6_limb_EMG.mat,StaticP1,S06_StaticP1_seg0004,S06_StaticP1_seg0004,0,4,Power,3,45361,60480,15120,1260.0,42,43
S06_personal_fold01,6,1,0,1,"per class: test=i, validation=(i+1)%8, train=remaining 6 segment indices",validation,data/limb/subject06/StaticP2/subject6_limb_EMG.mat,StaticP2,S06_StaticP2_seg0004,S06_StaticP2_seg0004,1,4,Power,3,45365,60484,15120,1260.0,42,43
S06_personal_fold01,6,1,0,1,"per class: test=i, validation=(i+1)%8, train=remaining 6 segment indices",train,data/limb/subject06/StaticP3/subject6_limb_EMG.mat,StaticP3,S06_StaticP3_seg0004,S06_StaticP3_seg0004,2,4,Power,3,45361,60480,15120,1260.0,42,43
S06_personal_fold01,6,1,0,1,"per class: test=i, validation=(i+1)%8, train=remaining 6 segment indices",train,data/limb/subject06/StaticP4/subject6_limb_EMG.mat,StaticP4,S06_StaticP4_seg0004,S06_StaticP4_seg0004,3,4,Power,3,45365,60484,15120,1260.0,42,43
S06_personal_fold01,6,1,0,1,"per class: test=i, validation=(i+1)%8, train=remaining 6 segment indices",train,data/limb/subject06/StaticP9/subject6_limb_EMG.mat,StaticP9,S06_StaticP9_seg0004,S06_StaticP9_seg0004,4,4,Power,3,45365,60484,15120,1260.0,42,43
S06_personal_fold01,6,1,0,1,"per class: test=i, validation=(i+1)%8, train=remaining 6 segment indices",train,data/limb/subject06/StaticP10/subject6_limb_EMG.mat,StaticP10,S06_StaticP10_seg0004,S06_StaticP10_seg0004,5,4,Power,3,45361,60480,15120,1260.0,42,43
S06_personal_fold01,6,1,0,1,"per class: test=i, validation=(i+1)%8, train=remaining 6 segment indices",train,data/limb/subject06/StaticP14/subject6_limb_EMG.mat,StaticP14,S06_StaticP14_seg0004,S06_StaticP14_seg0004,6,4,Power,3,45361,60480,15120,1260.0,42,43
S06_personal_fold01,6,1,0,1,"per class: test=i, validation=(i+1)%8, train=remaining 6 segment indices",train,data/limb/subject06/Dynamic/subject6_limb_EMG.mat,Dynamic,S06_Dynamic_seg0004,S06_Dynamic_seg0004,7,4,Power,3,336048,452807,116760,1260.0,42,43
S06_personal_fold01,6,1,0,1,"per class: test=i, validation=(i+1)%8, train=remaining 6 segment indices",test,data/limb/subject06/StaticP1/subject6_limb_EMG.mat,StaticP1,S06_StaticP1_seg0005,S06_StaticP1_seg0005,0,5,Rest,4,60481,75600,15120,1260.0,42,43
S06_personal_fold01,6,1,0,1,"per class: test=i, validation=(i+1)%8, train=remaining 6 segment indices",validation,data/limb/subject06/StaticP2/subject6_limb_EMG.mat,StaticP2,S06_StaticP2_seg0005,S06_StaticP2_seg0005,1,5,Rest,4,60485,75604,15120,1260.0,42,43
S06_personal_fold01,6,1,0,1,"per class: test=i, validation=(i+1)%8, train=remaining 6 segment indices",train,data/limb/subject06/StaticP3/subject6_limb_EMG.mat,StaticP3,S06_StaticP3_seg0005,S06_StaticP3_seg0005,2,5,Rest,4,60481,75600,15120,1260.0,42,43
S06_personal_fold01,6,1,0,1,"per class: test=i, validation=(i+1)%8, train=remaining 6 segment indices",train,data/limb/subject06/StaticP4/subject6_limb_EMG.mat,StaticP4,S06_StaticP4_seg0005,S06_StaticP4_seg0005,3,5,Rest,4,60485,75604,15120,1260.0,42,43
S06_personal_fold01,6,1,0,1,"per class: test=i, validation=(i+1)%8, train=remaining 6 segment indices",train,data/limb/subject06/StaticP9/subject6_limb_EMG.mat,StaticP9,S06_StaticP9_seg0005,S06_StaticP9_seg0005,4,5,Rest,4,60485,75604,15120,1260.0,42,43
S06_personal_fold01,6,1,0,1,"per class: test=i, validation=(i+1)%8, train=remaining 6 segment indices",train,data/limb/subject06/StaticP10/subject6_limb_EMG.mat,StaticP10,S06_StaticP10_seg0005,S06_StaticP10_seg0005,5,5,Rest,4,60481,75600,15120,1260.0,42,43
S06_personal_fold01,6,1,0,1,"per class: test=i, validation=(i+1)%8, train=remaining 6 segment indices",train,data/limb/subject06/StaticP14/subject6_limb_EMG.mat,StaticP14,S06_StaticP14_seg0005,S06_StaticP14_seg0005,6,5,Rest,4,60481,75600,15120,1260.0,42,43
S06_personal_fold01,6,1,0,1,"per class: test=i, validation=(i+1)%8, train=remaining 6 segment indices",train,data/limb/subject06/Dynamic/subject6_limb_EMG.mat,Dynamic,S06_Dynamic_seg0005,S06_Dynamic_seg0005,7,5,Rest,4,452808,705206,252399,1260.0,42,43
S06_personal_fold02,6,2,1,2,"per class: test=i, validation=(i+1)%8, train=remaining 6 segment indices",train,data/limb/subject06/StaticP1/subject6_limb_EMG.mat,StaticP1,S06_StaticP1_seg0001,S06_StaticP1_seg0001,0,1,HandOpen,0,1,15120,15120,1260.0,42,43
S06_personal_fold02,6,2,1,2,"per class: test=i, validation=(i+1)%8, train=remaining 6 segment indices",test,data/limb/subject06/StaticP2/subject6_limb_EMG.mat,StaticP2,S06_StaticP2_seg0001,S06_StaticP2_seg0001,1,1,HandOpen,0,1,15120,15120,1260.0,42,43
S06_personal_fold02,6,2,1,2,"per class: test=i, validation=(i+1)%8, train=remaining 6 segment indices",validation,data/limb/subject06/StaticP3/subject6_limb_EMG.mat,StaticP3,S06_StaticP3_seg0001,S06_StaticP3_seg0001,2,1,HandOpen,0,1,15120,15120,1260.0,42,43
S06_personal_fold02,6,2,1,2,"per class: test=i, validation=(i+1)%8, train=remaining 6 segment indices",train,data/limb/subject06/StaticP4/subject6_limb_EMG.mat,StaticP4,S06_StaticP4_seg0001,S06_StaticP4_seg0001,3,1,HandOpen,0,1,15120,15120,1260.0,42,43
S06_personal_fold02,6,2,1,2,"per class: test=i, validation=(i+1)%8, train=remaining 6 segment indices",train,data/limb/subject06/StaticP9/subject6_limb_EMG.mat,StaticP9,S06_StaticP9_seg0001,S06_StaticP9_seg0001,4,1,HandOpen,0,1,15120,15120,1260.0,42,43
S06_personal_fold02,6,2,1,2,"per class: test=i, validation=(i+1)%8, train=remaining 6 segment indices",train,data/limb/subject06/StaticP10/subject6_limb_EMG.mat,StaticP10,S06_StaticP10_seg0001,S06_StaticP10_seg0001,5,1,HandOpen,0,1,15120,15120,1260.0,42,43
S06_personal_fold02,6,2,1,2,"per class: test=i, validation=(i+1)%8, train=remaining 6 segment indices",train,data/limb/subject06/StaticP14/subject6_limb_EMG.mat,StaticP14,S06_StaticP14_seg0001,S06_StaticP14_seg0001,6,1,HandOpen,0,1,15120,15120,1260.0,42,43
S06_personal_fold02,6,2,1,2,"per class: test=i, validation=(i+1)%8, train=remaining 6 segment indices",train,data/limb/subject06/Dynamic/subject6_limb_EMG.mat,Dynamic,S06_Dynamic_seg0001,S06_Dynamic_seg0001,7,1,HandOpen,0,1,111064,111064,1260.0,42,43
S06_personal_fold02,6,2,1,2,"per class: test=i, validation=(i+1)%8, train=remaining 6 segment indices",train,data/limb/subject06/StaticP1/subject6_limb_EMG.mat,StaticP1,S06_StaticP1_seg0002,S06_StaticP1_seg0002,0,2,Lateral,1,15121,30240,15120,1260.0,42,43
S06_personal_fold02,6,2,1,2,"per class: test=i, validation=(i+1)%8, train=remaining 6 segment indices",test,data/limb/subject06/StaticP2/subject6_limb_EMG.mat,StaticP2,S06_StaticP2_seg0002,S06_StaticP2_seg0002,1,2,Lateral,1,15121,30244,15124,1260.0,42,43
S06_personal_fold02,6,2,1,2,"per class: test=i, validation=(i+1)%8, train=remaining 6 segment indices",validation,data/limb/subject06/StaticP3/subject6_limb_EMG.mat,StaticP3,S06_StaticP3_seg0002,S06_StaticP3_seg0002,2,2,Lateral,1,15121,30240,15120,1260.0,42,43
S06_personal_fold02,6,2,1,2,"per class: test=i, validation=(i+1)%8, train=remaining 6 segment indices",train,data/limb/subject06/StaticP4/subject6_limb_EMG.mat,StaticP4,S06_StaticP4_seg0002,S06_StaticP4_seg0002,3,2,Lateral,1,15121,30240,15120,1260.0,42,43
S06_personal_fold02,6,2,1,2,"per class: test=i, validation=(i+1)%8, train=remaining 6 segment indices",train,data/limb/subject06/StaticP9/subject6_limb_EMG.mat,StaticP9,S06_StaticP9_seg0002,S06_StaticP9_seg0002,4,2,Lateral,1,15121,30244,15124,1260.0,42,43
S06_personal_fold02,6,2,1,2,"per class: test=i, validation=(i+1)%8, train=remaining 6 segment indices",train,data/limb/subject06/StaticP10/subject6_limb_EMG.mat,StaticP10,S06_StaticP10_seg0002,S06_StaticP10_seg0002,5,2,Lateral,1,15121,30240,15120,1260.0,42,43
S06_personal_fold02,6,2,1,2,"per class: test=i, validation=(i+1)%8, train=remaining 6 segment indices",train,data/limb/subject06/StaticP14/subject6_limb_EMG.mat,StaticP14,S06_StaticP14_seg0002,S06_StaticP14_seg0002,6,2,Lateral,1,15121,30240,15120,1260.0,42,43
S06_personal_fold02,6,2,1,2,"per class: test=i, validation=(i+1)%8, train=remaining 6 segment indices",train,data/limb/subject06/Dynamic/subject6_limb_EMG.mat,Dynamic,S06_Dynamic_seg0002,S06_Dynamic_seg0002,7,2,Lateral,1,111065,223552,112488,1260.0,42,43
S06_personal_fold02,6,2,1,2,"per class: test=i, validation=(i+1)%8, train=remaining 6 segment indices",train,data/limb/subject06/StaticP1/subject6_limb_EMG.mat,StaticP1,S06_StaticP1_seg0003,S06_StaticP1_seg0003,0,3,Pinch,2,30241,45360,15120,1260.0,42,43
S06_personal_fold02,6,2,1,2,"per class: test=i, validation=(i+1)%8, train=remaining 6 segment indices",test,data/limb/subject06/StaticP2/subject6_limb_EMG.mat,StaticP2,S06_StaticP2_seg0003,S06_StaticP2_seg0003,1,3,Pinch,2,30245,45364,15120,1260.0,42,43
S06_personal_fold02,6,2,1,2,"per class: test=i, validation=(i+1)%8, train=remaining 6 segment indices",validation,data/limb/subject06/StaticP3/subject6_limb_EMG.mat,StaticP3,S06_StaticP3_seg0003,S06_StaticP3_seg0003,2,3,Pinch,2,30241,45360,15120,1260.0,42,43
S06_personal_fold02,6,2,1,2,"per class: test=i, validation=(i+1)%8, train=remaining 6 segment indices",train,data/limb/subject06/StaticP4/subject6_limb_EMG.mat,StaticP4,S06_StaticP4_seg0003,S06_StaticP4_seg0003,3,3,Pinch,2,30241,45364,15124,1260.0,42,43
S06_personal_fold02,6,2,1,2,"per class: test=i, validation=(i+1)%8, train=remaining 6 segment indices",train,data/limb/subject06/StaticP9/subject6_limb_EMG.mat,StaticP9,S06_StaticP9_seg0003,S06_StaticP9_seg0003,4,3,Pinch,2,30245,45364,15120,1260.0,42,43
S06_personal_fold02,6,2,1,2,"per class: test=i, validation=(i+1)%8, train=remaining 6 segment indices",train,data/limb/subject06/StaticP10/subject6_limb_EMG.mat,StaticP10,S06_StaticP10_seg0003,S06_StaticP10_seg0003,5,3,Pinch,2,30241,45360,15120,1260.0,42,43
S06_personal_fold02,6,2,1,2,"per class: test=i, validation=(i+1)%8, train=remaining 6 segment indices",train,data/limb/subject06/StaticP14/subject6_limb_EMG.mat,StaticP14,S06_StaticP14_seg0003,S06_StaticP14_seg0003,6,3,Pinch,2,30241,45360,15120,1260.0,42,43
S06_personal_fold02,6,2,1,2,"per class: test=i, validation=(i+1)%8, train=remaining 6 segment indices",train,data/limb/subject06/Dynamic/subject6_limb_EMG.mat,Dynamic,S06_Dynamic_seg0003,S06_Dynamic_seg0003,7,3,Pinch,2,223553,336047,112495,1260.0,42,43
S06_personal_fold02,6,2,1,2,"per class: test=i, validation=(i+1)%8, train=remaining 6 segment indices",train,data/limb/subject06/StaticP1/subject6_limb_EMG.mat,StaticP1,S06_StaticP1_seg0004,S06_StaticP1_seg0004,0,4,Power,3,45361,60480,15120,1260.0,42,43
S06_personal_fold02,6,2,1,2,"per class: test=i, validation=(i+1)%8, train=remaining 6 segment indices",test,data/limb/subject06/StaticP2/subject6_limb_EMG.mat,StaticP2,S06_StaticP2_seg0004,S06_StaticP2_seg0004,1,4,Power,3,45365,60484,15120,1260.0,42,43
S06_personal_fold02,6,2,1,2,"per class: test=i, validation=(i+1)%8, train=remaining 6 segment indices",validation,data/limb/subject06/StaticP3/subject6_limb_EMG.mat,StaticP3,S06_StaticP3_seg0004,S06_StaticP3_seg0004,2,4,Power,3,45361,60480,15120,1260.0,42,43
S06_personal_fold02,6,2,1,2,"per class: test=i, validation=(i+1)%8, train=remaining 6 segment indices",train,data/limb/subject06/StaticP4/subject6_limb_EMG.mat,StaticP4,S06_StaticP4_seg0004,S06_StaticP4_seg0004,3,4,Power,3,45365,60484,15120,1260.0,42,43
S06_personal_fold02,6,2,1,2,"per class: test=i, validation=(i+1)%8, train=remaining 6 segment indices",train,data/limb/subject06/StaticP9/subject6_limb_EMG.mat,StaticP9,S06_StaticP9_seg0004,S06_StaticP9_seg0004,4,4,Power,3,45365,60484,15120,1260.0,42,43
S06_personal_fold02,6,2,1,2,"per class: test=i, validation=(i+1)%8, train=remaining 6 segment indices",train,data/limb/subject06/StaticP10/subject6_limb_EMG.mat,StaticP10,S06_StaticP10_seg0004,S06_StaticP10_seg0004,5,4,Power,3,45361,60480,15120,1260.0,42,43
S06_personal_fold02,6,2,1,2,"per class: test=i, validation=(i+1)%8, train=remaining 6 segment indices",train,data/limb/subject06/StaticP14/subject6_limb_EMG.mat,StaticP14,S06_StaticP14_seg0004,S06_StaticP14_seg0004,6,4,Power,3,45361,60480,15120,1260.0,42,43
S06_personal_fold02,6,2,1,2,"per class: test=i, validation=(i+1)%8, train=remaining 6 segment indices",train,data/limb/subject06/Dynamic/subject6_limb_EMG.mat,Dynamic,S06_Dynamic_seg0004,S06_Dynamic_seg0004,7,4,Power,3,336048,452807,116760,1260.0,42,43
S06_personal_fold02,6,2,1,2,"per class: test=i, validation=(i+1)%8, train=remaining 6 segment indices",train,data/limb/subject06/StaticP1/subject6_limb_EMG.mat,StaticP1,S06_StaticP1_seg0005,S06_StaticP1_seg0005,0,5,Rest,4,60481,75600,15120,1260.0,42,43
S06_personal_fold02,6,2,1,2,"per class: test=i, validation=(i+1)%8, train=remaining 6 segment indices",test,data/limb/subject06/StaticP2/subject6_limb_EMG.mat,StaticP2,S06_StaticP2_seg0005,S06_StaticP2_seg0005,1,5,Rest,4,60485,75604,15120,1260.0,42,43
S06_personal_fold02,6,2,1,2,"per class: test=i, validation=(i+1)%8, train=remaining 6 segment indices",validation,data/limb/subject06/StaticP3/subject6_limb_EMG.mat,StaticP3,S06_StaticP3_seg0005,S06_StaticP3_seg0005,2,5,Rest,4,60481,75600,15120,1260.0,42,43
S06_personal_fold02,6,2,1,2,"per class: test=i, validation=(i+1)%8, train=remaining 6 segment indices",train,data/limb/subject06/StaticP4/subject6_limb_EMG.mat,StaticP4,S06_StaticP4_seg0005,S06_StaticP4_seg0005,3,5,Rest,4,60485,75604,15120,1260.0,42,43
S06_personal_fold02,6,2,1,2,"per class: test=i, validation=(i+1)%8, train=remaining 6 segment indices",train,data/limb/subject06/StaticP9/subject6_limb_EMG.mat,StaticP9,S06_StaticP9_seg0005,S06_StaticP9_seg0005,4,5,Rest,4,60485,75604,15120,1260.0,42,43
S06_personal_fold02,6,2,1,2,"per class: test=i, validation=(i+1)%8, train=remaining 6 segment indices",train,data/limb/subject06/StaticP10/subject6_limb_EMG.mat,StaticP10,S06_StaticP10_seg0005,S06_StaticP10_seg0005,5,5,Rest,4,60481,75600,15120,1260.0,42,43
S06_personal_fold02,6,2,1,2,"per class: test=i, validation=(i+1)%8, train=remaining 6 segment indices",train,data/limb/subject06/StaticP14/subject6_limb_EMG.mat,StaticP14,S06_StaticP14_seg0005,S06_StaticP14_seg0005,6,5,Rest,4,60481,75600,15120,1260.0,42,43
S06_personal_fold02,6,2,1,2,"per class: test=i, validation=(i+1)%8, train=remaining 6 segment indices",train,data/limb/subject06/Dynamic/subject6_limb_EMG.mat,Dynamic,S06_Dynamic_seg0005,S06_Dynamic_seg0005,7,5,Rest,4,452808,705206,252399,1260.0,42,43
S06_personal_fold03,6,3,2,3,"per class: test=i, validation=(i+1)%8, train=remaining 6 segment indices",train,data/limb/subject06/StaticP1/subject6_limb_EMG.mat,StaticP1,S06_StaticP1_seg0001,S06_StaticP1_seg0001,0,1,HandOpen,0,1,15120,15120,1260.0,42,43
S06_personal_fold03,6,3,2,3,"per class: test=i, validation=(i+1)%8, train=remaining 6 segment indices",train,data/limb/subject06/StaticP2/subject6_limb_EMG.mat,StaticP2,S06_StaticP2_seg0001,S06_StaticP2_seg0001,1,1,HandOpen,0,1,15120,15120,1260.0,42,43
S06_personal_fold03,6,3,2,3,"per class: test=i, validation=(i+1)%8, train=remaining 6 segment indices",test,data/limb/subject06/StaticP3/subject6_limb_EMG.mat,StaticP3,S06_StaticP3_seg0001,S06_StaticP3_seg0001,2,1,HandOpen,0,1,15120,15120,1260.0,42,43
S06_personal_fold03,6,3,2,3,"per class: test=i, validation=(i+1)%8, train=remaining 6 segment indices",validation,data/limb/subject06/StaticP4/subject6_limb_EMG.mat,StaticP4,S06_StaticP4_seg0001,S06_StaticP4_seg0001,3,1,HandOpen,0,1,15120,15120,1260.0,42,43
S06_personal_fold03,6,3,2,3,"per class: test=i, validation=(i+1)%8, train=remaining 6 segment indices",train,data/limb/subject06/StaticP9/subject6_limb_EMG.mat,StaticP9,S06_StaticP9_seg0001,S06_StaticP9_seg0001,4,1,HandOpen,0,1,15120,15120,1260.0,42,43
S06_personal_fold03,6,3,2,3,"per class: test=i, validation=(i+1)%8, train=remaining 6 segment indices",train,data/limb/subject06/StaticP10/subject6_limb_EMG.mat,StaticP10,S06_StaticP10_seg0001,S06_StaticP10_seg0001,5,1,HandOpen,0,1,15120,15120,1260.0,42,43
S06_personal_fold03,6,3,2,3,"per class: test=i, validation=(i+1)%8, train=remaining 6 segment indices",train,data/limb/subject06/StaticP14/subject6_limb_EMG.mat,StaticP14,S06_StaticP14_seg0001,S06_StaticP14_seg0001,6,1,HandOpen,0,1,15120,15120,1260.0,42,43
S06_personal_fold03,6,3,2,3,"per class: test=i, validation=(i+1)%8, train=remaining 6 segment indices",train,data/limb/subject06/Dynamic/subject6_limb_EMG.mat,Dynamic,S06_Dynamic_seg0001,S06_Dynamic_seg0001,7,1,HandOpen,0,1,111064,111064,1260.0,42,43
S06_personal_fold03,6,3,2,3,"per class: test=i, validation=(i+1)%8, train=remaining 6 segment indices",train,data/limb/subject06/StaticP1/subject6_limb_EMG.mat,StaticP1,S06_StaticP1_seg0002,S06_StaticP1_seg0002,0,2,Lateral,1,15121,30240,15120,1260.0,42,43
S06_personal_fold03,6,3,2,3,"per class: test=i, validation=(i+1)%8, train=remaining 6 segment indices",train,data/limb/subject06/StaticP2/subject6_limb_EMG.mat,StaticP2,S06_StaticP2_seg0002,S06_StaticP2_seg0002,1,2,Lateral,1,15121,30244,15124,1260.0,42,43
S06_personal_fold03,6,3,2,3,"per class: test=i, validation=(i+1)%8, train=remaining 6 segment indices",test,data/limb/subject06/StaticP3/subject6_limb_EMG.mat,StaticP3,S06_StaticP3_seg0002,S06_StaticP3_seg0002,2,2,Lateral,1,15121,30240,15120,1260.0,42,43
S06_personal_fold03,6,3,2,3,"per class: test=i, validation=(i+1)%8, train=remaining 6 segment indices",validation,data/limb/subject06/StaticP4/subject6_limb_EMG.mat,StaticP4,S06_StaticP4_seg0002,S06_StaticP4_seg0002,3,2,Lateral,1,15121,30240,15120,1260.0,42,43
S06_personal_fold03,6,3,2,3,"per class: test=i, validation=(i+1)%8, train=remaining 6 segment indices",train,data/limb/subject06/StaticP9/subject6_limb_EMG.mat,StaticP9,S06_StaticP9_seg0002,S06_StaticP9_seg0002,4,2,Lateral,1,15121,30244,15124,1260.0,42,43
S06_personal_fold03,6,3,2,3,"per class: test=i, validation=(i+1)%8, train=remaining 6 segment indices",train,data/limb/subject06/StaticP10/subject6_limb_EMG.mat,StaticP10,S06_StaticP10_seg0002,S06_StaticP10_seg0002,5,2,Lateral,1,15121,30240,15120,1260.0,42,43
S06_personal_fold03,6,3,2,3,"per class: test=i, validation=(i+1)%8, train=remaining 6 segment indices",train,data/limb/subject06/StaticP14/subject6_limb_EMG.mat,StaticP14,S06_StaticP14_seg0002,S06_StaticP14_seg0002,6,2,Lateral,1,15121,30240,15120,1260.0,42,43
S06_personal_fold03,6,3,2,3,"per class: test=i, validation=(i+1)%8, train=remaining 6 segment indices",train,data/limb/subject06/Dynamic/subject6_limb_EMG.mat,Dynamic,S06_Dynamic_seg0002,S06_Dynamic_seg0002,7,2,Lateral,1,111065,223552,112488,1260.0,42,43
S06_personal_fold03,6,3,2,3,"per class: test=i, validation=(i+1)%8, train=remaining 6 segment indices",train,data/limb/subject06/StaticP1/subject6_limb_EMG.mat,StaticP1,S06_StaticP1_seg0003,S06_StaticP1_seg0003,0,3,Pinch,2,30241,45360,15120,1260.0,42,43
S06_personal_fold03,6,3,2,3,"per class: test=i, validation=(i+1)%8, train=remaining 6 segment indices",train,data/limb/subject06/StaticP2/subject6_limb_EMG.mat,StaticP2,S06_StaticP2_seg0003,S06_StaticP2_seg0003,1,3,Pinch,2,30245,45364,15120,1260.0,42,43
S06_personal_fold03,6,3,2,3,"per class: test=i, validation=(i+1)%8, train=remaining 6 segment indices",test,data/limb/subject06/StaticP3/subject6_limb_EMG.mat,StaticP3,S06_StaticP3_seg0003,S06_StaticP3_seg0003,2,3,Pinch,2,30241,45360,15120,1260.0,42,43
S06_personal_fold03,6,3,2,3,"per class: test=i, validation=(i+1)%8, train=remaining 6 segment indices",validation,data/limb/subject06/StaticP4/subject6_limb_EMG.mat,StaticP4,S06_StaticP4_seg0003,S06_StaticP4_seg0003,3,3,Pinch,2,30241,45364,15124,1260.0,42,43
S06_personal_fold03,6,3,2,3,"per class: test=i, validation=(i+1)%8, train=remaining 6 segment indices",train,data/limb/subject06/StaticP9/subject6_limb_EMG.mat,StaticP9,S06_StaticP9_seg0003,S06_StaticP9_seg0003,4,3,Pinch,2,30245,45364,15120,1260.0,42,43
S06_personal_fold03,6,3,2,3,"per class: test=i, validation=(i+1)%8, train=remaining 6 segment indices",train,data/limb/subject06/StaticP10/subject6_limb_EMG.mat,StaticP10,S06_StaticP10_seg0003,S06_StaticP10_seg0003,5,3,Pinch,2,30241,45360,15120,1260.0,42,43
S06_personal_fold03,6,3,2,3,"per class: test=i, validation=(i+1)%8, train=remaining 6 segment indices",train,data/limb/subject06/StaticP14/subject6_limb_EMG.mat,StaticP14,S06_StaticP14_seg0003,S06_StaticP14_seg0003,6,3,Pinch,2,30241,45360,15120,1260.0,42,43
S06_personal_fold03,6,3,2,3,"per class: test=i, validation=(i+1)%8, train=remaining 6 segment indices",train,data/limb/subject06/Dynamic/subject6_limb_EMG.mat,Dynamic,S06_Dynamic_seg0003,S06_Dynamic_seg0003,7,3,Pinch,2,223553,336047,112495,1260.0,42,43
S06_personal_fold03,6,3,2,3,"per class: test=i, validation=(i+1)%8, train=remaining 6 segment indices",train,data/limb/subject06/StaticP1/subject6_limb_EMG.mat,StaticP1,S06_StaticP1_seg0004,S06_StaticP1_seg0004,0,4,Power,3,45361,60480,15120,1260.0,42,43
S06_personal_fold03,6,3,2,3,"per class: test=i, validation=(i+1)%8, train=remaining 6 segment indices",train,data/limb/subject06/StaticP2/subject6_limb_EMG.mat,StaticP2,S06_StaticP2_seg0004,S06_StaticP2_seg0004,1,4,Power,3,45365,60484,15120,1260.0,42,43
S06_personal_fold03,6,3,2,3,"per class: test=i, validation=(i+1)%8, train=remaining 6 segment indices",test,data/limb/subject06/StaticP3/subject6_limb_EMG.mat,StaticP3,S06_StaticP3_seg0004,S06_StaticP3_seg0004,2,4,Power,3,45361,60480,15120,1260.0,42,43
S06_personal_fold03,6,3,2,3,"per class: test=i, validation=(i+1)%8, train=remaining 6 segment indices",validation,data/limb/subject06/StaticP4/subject6_limb_EMG.mat,StaticP4,S06_StaticP4_seg0004,S06_StaticP4_seg0004,3,4,Power,3,45365,60484,15120,1260.0,42,43
S06_personal_fold03,6,3,2,3,"per class: test=i, validation=(i+1)%8, train=remaining 6 segment indices",train,data/limb/subject06/StaticP9/subject6_limb_EMG.mat,StaticP9,S06_StaticP9_seg0004,S06_StaticP9_seg0004,4,4,Power,3,45365,60484,15120,1260.0,42,43
S06_personal_fold03,6,3,2,3,"per class: test=i, validation=(i+1)%8, train=remaining 6 segment indices",train,data/limb/subject06/StaticP10/subject6_limb_EMG.mat,StaticP10,S06_StaticP10_seg0004,S06_StaticP10_seg0004,5,4,Power,3,45361,60480,15120,1260.0,42,43
S06_personal_fold03,6,3,2,3,"per class: test=i, validation=(i+1)%8, train=remaining 6 segment indices",train,data/limb/subject06/StaticP14/subject6_limb_EMG.mat,StaticP14,S06_StaticP14_seg0004,S06_StaticP14_seg0004,6,4,Power,3,45361,60480,15120,1260.0,42,43
S06_personal_fold03,6,3,2,3,"per class: test=i, validation=(i+1)%8, train=remaining 6 segment indices",train,data/limb/subject06/Dynamic/subject6_limb_EMG.mat,Dynamic,S06_Dynamic_seg0004,S06_Dynamic_seg0004,7,4,Power,3,336048,452807,116760,1260.0,42,43
S06_personal_fold03,6,3,2,3,"per class: test=i, validation=(i+1)%8, train=remaining 6 segment indices",train,data/limb/subject06/StaticP1/subject6_limb_EMG.mat,StaticP1,S06_StaticP1_seg0005,S06_StaticP1_seg0005,0,5,Rest,4,60481,75600,15120,1260.0,42,43
S06_personal_fold03,6,3,2,3,"per class: test=i, validation=(i+1)%8, train=remaining 6 segment indices",train,data/limb/subject06/StaticP2/subject6_limb_EMG.mat,StaticP2,S06_StaticP2_seg0005,S06_StaticP2_seg0005,1,5,Rest,4,60485,75604,15120,1260.0,42,43
S06_personal_fold03,6,3,2,3,"per class: test=i, validation=(i+1)%8, train=remaining 6 segment indices",test,data/limb/subject06/StaticP3/subject6_limb_EMG.mat,StaticP3,S06_StaticP3_seg0005,S06_StaticP3_seg0005,2,5,Rest,4,60481,75600,15120,1260.0,42,43
S06_personal_fold03,6,3,2,3,"per class: test=i, validation=(i+1)%8, train=remaining 6 segment indices",validation,data/limb/subject06/StaticP4/subject6_limb_EMG.mat,StaticP4,S06_StaticP4_seg0005,S06_StaticP4_seg0005,3,5,Rest,4,60485,75604,15120,1260.0,42,43
S06_personal_fold03,6,3,2,3,"per class: test=i, validation=(i+1)%8, train=remaining 6 segment indices",train,data/limb/subject06/StaticP9/subject6_limb_EMG.mat,StaticP9,S06_StaticP9_seg0005,S06_StaticP9_seg0005,4,5,Rest,4,60485,75604,15120,1260.0,42,43
S06_personal_fold03,6,3,2,3,"per class: test=i, validation=(i+1)%8, train=remaining 6 segment indices",train,data/limb/subject06/StaticP10/subject6_limb_EMG.mat,StaticP10,S06_StaticP10_seg0005,S06_StaticP10_seg0005,5,5,Rest,4,60481,75600,15120,1260.0,42,43
S06_personal_fold03,6,3,2,3,"per class: test=i, validation=(i+1)%8, train=remaining 6 segment indices",train,data/limb/subject06/StaticP14/subject6_limb_EMG.mat,StaticP14,S06_StaticP14_seg0005,S06_StaticP14_seg0005,6,5,Rest,4,60481,75600,15120,1260.0,42,43
S06_personal_fold03,6,3,2,3,"per class: test=i, validation=(i+1)%8, train=remaining 6 segment indices",train,data/limb/subject06/Dynamic/subject6_limb_EMG.mat,Dynamic,S06_Dynamic_seg0005,S06_Dynamic_seg0005,7,5,Rest,4,452808,705206,252399,1260.0,42,43
S06_personal_fold04,6,4,3,4,"per class: test=i, validation=(i+1)%8, train=remaining 6 segment indices",train,data/limb/subject06/StaticP1/subject6_limb_EMG.mat,StaticP1,S06_StaticP1_seg0001,S06_StaticP1_seg0001,0,1,HandOpen,0,1,15120,15120,1260.0,42,43
S06_personal_fold04,6,4,3,4,"per class: test=i, validation=(i+1)%8, train=remaining 6 segment indices",train,data/limb/subject06/StaticP2/subject6_limb_EMG.mat,StaticP2,S06_StaticP2_seg0001,S06_StaticP2_seg0001,1,1,HandOpen,0,1,15120,15120,1260.0,42,43
S06_personal_fold04,6,4,3,4,"per class: test=i, validation=(i+1)%8, train=remaining 6 segment indices",train,data/limb/subject06/StaticP3/subject6_limb_EMG.mat,StaticP3,S06_StaticP3_seg0001,S06_StaticP3_seg0001,2,1,HandOpen,0,1,15120,15120,1260.0,42,43
S06_personal_fold04,6,4,3,4,"per class: test=i, validation=(i+1)%8, train=remaining 6 segment indices",test,data/limb/subject06/StaticP4/subject6_limb_EMG.mat,StaticP4,S06_StaticP4_seg0001,S06_StaticP4_seg0001,3,1,HandOpen,0,1,15120,15120,1260.0,42,43
S06_personal_fold04,6,4,3,4,"per class: test=i, validation=(i+1)%8, train=remaining 6 segment indices",validation,data/limb/subject06/StaticP9/subject6_limb_EMG.mat,StaticP9,S06_StaticP9_seg0001,S06_StaticP9_seg0001,4,1,HandOpen,0,1,15120,15120,1260.0,42,43
S06_personal_fold04,6,4,3,4,"per class: test=i, validation=(i+1)%8, train=remaining 6 segment indices",train,data/limb/subject06/StaticP10/subject6_limb_EMG.mat,StaticP10,S06_StaticP10_seg0001,S06_StaticP10_seg0001,5,1,HandOpen,0,1,15120,15120,1260.0,42,43
S06_personal_fold04,6,4,3,4,"per class: test=i, validation=(i+1)%8, train=remaining 6 segment indices",train,data/limb/subject06/StaticP14/subject6_limb_EMG.mat,StaticP14,S06_StaticP14_seg0001,S06_StaticP14_seg0001,6,1,HandOpen,0,1,15120,15120,1260.0,42,43
S06_personal_fold04,6,4,3,4,"per class: test=i, validation=(i+1)%8, train=remaining 6 segment indices",train,data/limb/subject06/Dynamic/subject6_limb_EMG.mat,Dynamic,S06_Dynamic_seg0001,S06_Dynamic_seg0001,7,1,HandOpen,0,1,111064,111064,1260.0,42,43
S06_personal_fold04,6,4,3,4,"per class: test=i, validation=(i+1)%8, train=remaining 6 segment indices",train,data/limb/subject06/StaticP1/subject6_limb_EMG.mat,StaticP1,S06_StaticP1_seg0002,S06_StaticP1_seg0002,0,2,Lateral,1,15121,30240,15120,1260.0,42,43
S06_personal_fold04,6,4,3,4,"per class: test=i, validation=(i+1)%8, train=remaining 6 segment indices",train,data/limb/subject06/StaticP2/subject6_limb_EMG.mat,StaticP2,S06_StaticP2_seg0002,S06_StaticP2_seg0002,1,2,Lateral,1,15121,30244,15124,1260.0,42,43
S06_personal_fold04,6,4,3,4,"per class: test=i, validation=(i+1)%8, train=remaining 6 segment indices",train,data/limb/subject06/StaticP3/subject6_limb_EMG.mat,StaticP3,S06_StaticP3_seg0002,S06_StaticP3_seg0002,2,2,Lateral,1,15121,30240,15120,1260.0,42,43
S06_personal_fold04,6,4,3,4,"per class: test=i, validation=(i+1)%8, train=remaining 6 segment indices",test,data/limb/subject06/StaticP4/subject6_limb_EMG.mat,StaticP4,S06_StaticP4_seg0002,S06_StaticP4_seg0002,3,2,Lateral,1,15121,30240,15120,1260.0,42,43
S06_personal_fold04,6,4,3,4,"per class: test=i, validation=(i+1)%8, train=remaining 6 segment indices",validation,data/limb/subject06/StaticP9/subject6_limb_EMG.mat,StaticP9,S06_StaticP9_seg0002,S06_StaticP9_seg0002,4,2,Lateral,1,15121,30244,15124,1260.0,42,43
S06_personal_fold04,6,4,3,4,"per class: test=i, validation=(i+1)%8, train=remaining 6 segment indices",train,data/limb/subject06/StaticP10/subject6_limb_EMG.mat,StaticP10,S06_StaticP10_seg0002,S06_StaticP10_seg0002,5,2,Lateral,1,15121,30240,15120,1260.0,42,43
S06_personal_fold04,6,4,3,4,"per class: test=i, validation=(i+1)%8, train=remaining 6 segment indices",train,data/limb/subject06/StaticP14/subject6_limb_EMG.mat,StaticP14,S06_StaticP14_seg0002,S06_StaticP14_seg0002,6,2,Lateral,1,15121,30240,15120,1260.0,42,43
S06_personal_fold04,6,4,3,4,"per class: test=i, validation=(i+1)%8, train=remaining 6 segment indices",train,data/limb/subject06/Dynamic/subject6_limb_EMG.mat,Dynamic,S06_Dynamic_seg0002,S06_Dynamic_seg0002,7,2,Lateral,1,111065,223552,112488,1260.0,42,43
S06_personal_fold04,6,4,3,4,"per class: test=i, validation=(i+1)%8, train=remaining 6 segment indices",train,data/limb/subject06/StaticP1/subject6_limb_EMG.mat,StaticP1,S06_StaticP1_seg0003,S06_StaticP1_seg0003,0,3,Pinch,2,30241,45360,15120,1260.0,42,43
S06_personal_fold04,6,4,3,4,"per class: test=i, validation=(i+1)%8, train=remaining 6 segment indices",train,data/limb/subject06/StaticP2/subject6_limb_EMG.mat,StaticP2,S06_StaticP2_seg0003,S06_StaticP2_seg0003,1,3,Pinch,2,30245,45364,15120,1260.0,42,43
S06_personal_fold04,6,4,3,4,"per class: test=i, validation=(i+1)%8, train=remaining 6 segment indices",train,data/limb/subject06/StaticP3/subject6_limb_EMG.mat,StaticP3,S06_StaticP3_seg0003,S06_StaticP3_seg0003,2,3,Pinch,2,30241,45360,15120,1260.0,42,43
S06_personal_fold04,6,4,3,4,"per class: test=i, validation=(i+1)%8, train=remaining 6 segment indices",test,data/limb/subject06/StaticP4/subject6_limb_EMG.mat,StaticP4,S06_StaticP4_seg0003,S06_StaticP4_seg0003,3,3,Pinch,2,30241,45364,15124,1260.0,42,43
S06_personal_fold04,6,4,3,4,"per class: test=i, validation=(i+1)%8, train=remaining 6 segment indices",validation,data/limb/subject06/StaticP9/subject6_limb_EMG.mat,StaticP9,S06_StaticP9_seg0003,S06_StaticP9_seg0003,4,3,Pinch,2,30245,45364,15120,1260.0,42,43
S06_personal_fold04,6,4,3,4,"per class: test=i, validation=(i+1)%8, train=remaining 6 segment indices",train,data/limb/subject06/StaticP10/subject6_limb_EMG.mat,StaticP10,S06_StaticP10_seg0003,S06_StaticP10_seg0003,5,3,Pinch,2,30241,45360,15120,1260.0,42,43
S06_personal_fold04,6,4,3,4,"per class: test=i, validation=(i+1)%8, train=remaining 6 segment indices",train,data/limb/subject06/StaticP14/subject6_limb_EMG.mat,StaticP14,S06_StaticP14_seg0003,S06_StaticP14_seg0003,6,3,Pinch,2,30241,45360,15120,1260.0,42,43
S06_personal_fold04,6,4,3,4,"per class: test=i, validation=(i+1)%8, train=remaining 6 segment indices",train,data/limb/subject06/Dynamic/subject6_limb_EMG.mat,Dynamic,S06_Dynamic_seg0003,S06_Dynamic_seg0003,7,3,Pinch,2,223553,336047,112495,1260.0,42,43
S06_personal_fold04,6,4,3,4,"per class: test=i, validation=(i+1)%8, train=remaining 6 segment indices",train,data/limb/subject06/StaticP1/subject6_limb_EMG.mat,StaticP1,S06_StaticP1_seg0004,S06_StaticP1_seg0004,0,4,Power,3,45361,60480,15120,1260.0,42,43
S06_personal_fold04,6,4,3,4,"per class: test=i, validation=(i+1)%8, train=remaining 6 segment indices",train,data/limb/subject06/StaticP2/subject6_limb_EMG.mat,StaticP2,S06_StaticP2_seg0004,S06_StaticP2_seg0004,1,4,Power,3,45365,60484,15120,1260.0,42,43
S06_personal_fold04,6,4,3,4,"per class: test=i, validation=(i+1)%8, train=remaining 6 segment indices",train,data/limb/subject06/StaticP3/subject6_limb_EMG.mat,StaticP3,S06_StaticP3_seg0004,S06_StaticP3_seg0004,2,4,Power,3,45361,60480,15120,1260.0,42,43
S06_personal_fold04,6,4,3,4,"per class: test=i, validation=(i+1)%8, train=remaining 6 segment indices",test,data/limb/subject06/StaticP4/subject6_limb_EMG.mat,StaticP4,S06_StaticP4_seg0004,S06_StaticP4_seg0004,3,4,Power,3,45365,60484,15120,1260.0,42,43
S06_personal_fold04,6,4,3,4,"per class: test=i, validation=(i+1)%8, train=remaining 6 segment indices",validation,data/limb/subject06/StaticP9/subject6_limb_EMG.mat,StaticP9,S06_StaticP9_seg0004,S06_StaticP9_seg0004,4,4,Power,3,45365,60484,15120,1260.0,42,43
S06_personal_fold04,6,4,3,4,"per class: test=i, validation=(i+1)%8, train=remaining 6 segment indices",train,data/limb/subject06/StaticP10/subject6_limb_EMG.mat,StaticP10,S06_StaticP10_seg0004,S06_StaticP10_seg0004,5,4,Power,3,45361,60480,15120,1260.0,42,43
S06_personal_fold04,6,4,3,4,"per class: test=i, validation=(i+1)%8, train=remaining 6 segment indices",train,data/limb/subject06/StaticP14/subject6_limb_EMG.mat,StaticP14,S06_StaticP14_seg0004,S06_StaticP14_seg0004,6,4,Power,3,45361,60480,15120,1260.0,42,43
S06_personal_fold04,6,4,3,4,"per class: test=i, validation=(i+1)%8, train=remaining 6 segment indices",train,data/limb/subject06/Dynamic/subject6_limb_EMG.mat,Dynamic,S06_Dynamic_seg0004,S06_Dynamic_seg0004,7,4,Power,3,336048,452807,116760,1260.0,42,43
S06_personal_fold04,6,4,3,4,"per class: test=i, validation=(i+1)%8, train=remaining 6 segment indices",train,data/limb/subject06/StaticP1/subject6_limb_EMG.mat,StaticP1,S06_StaticP1_seg0005,S06_StaticP1_seg0005,0,5,Rest,4,60481,75600,15120,1260.0,42,43
S06_personal_fold04,6,4,3,4,"per class: test=i, validation=(i+1)%8, train=remaining 6 segment indices",train,data/limb/subject06/StaticP2/subject6_limb_EMG.mat,StaticP2,S06_StaticP2_seg0005,S06_StaticP2_seg0005,1,5,Rest,4,60485,75604,15120,1260.0,42,43
S06_personal_fold04,6,4,3,4,"per class: test=i, validation=(i+1)%8, train=remaining 6 segment indices",train,data/limb/subject06/StaticP3/subject6_limb_EMG.mat,StaticP3,S06_StaticP3_seg0005,S06_StaticP3_seg0005,2,5,Rest,4,60481,75600,15120,1260.0,42,43
S06_personal_fold04,6,4,3,4,"per class: test=i, validation=(i+1)%8, train=remaining 6 segment indices",test,data/limb/subject06/StaticP4/subject6_limb_EMG.mat,StaticP4,S06_StaticP4_seg0005,S06_StaticP4_seg0005,3,5,Rest,4,60485,75604,15120,1260.0,42,43
S06_personal_fold04,6,4,3,4,"per class: test=i, validation=(i+1)%8, train=remaining 6 segment indices",validation,data/limb/subject06/StaticP9/subject6_limb_EMG.mat,StaticP9,S06_StaticP9_seg0005,S06_StaticP9_seg0005,4,5,Rest,4,60485,75604,15120,1260.0,42,43
S06_personal_fold04,6,4,3,4,"per class: test=i, validation=(i+1)%8, train=remaining 6 segment indices",train,data/limb/subject06/StaticP10/subject6_limb_EMG.mat,StaticP10,S06_StaticP10_seg0005,S06_StaticP10_seg0005,5,5,Rest,4,60481,75600,15120,1260.0,42,43
S06_personal_fold04,6,4,3,4,"per class: test=i, validation=(i+1)%8, train=remaining 6 segment indices",train,data/limb/subject06/StaticP14/subject6_limb_EMG.mat,StaticP14,S06_StaticP14_seg0005,S06_StaticP14_seg0005,6,5,Rest,4,60481,75600,15120,1260.0,42,43
S06_personal_fold04,6,4,3,4,"per class: test=i, validation=(i+1)%8, train=remaining 6 segment indices",train,data/limb/subject06/Dynamic/subject6_limb_EMG.mat,Dynamic,S06_Dynamic_seg0005,S06_Dynamic_seg0005,7,5,Rest,4,452808,705206,252399,1260.0,42,43
S06_personal_fold05,6,5,4,5,"per class: test=i, validation=(i+1)%8, train=remaining 6 segment indices",train,data/limb/subject06/StaticP1/subject6_limb_EMG.mat,StaticP1,S06_StaticP1_seg0001,S06_StaticP1_seg0001,0,1,HandOpen,0,1,15120,15120,1260.0,42,43
S06_personal_fold05,6,5,4,5,"per class: test=i, validation=(i+1)%8, train=remaining 6 segment indices",train,data/limb/subject06/StaticP2/subject6_limb_EMG.mat,StaticP2,S06_StaticP2_seg0001,S06_StaticP2_seg0001,1,1,HandOpen,0,1,15120,15120,1260.0,42,43
S06_personal_fold05,6,5,4,5,"per class: test=i, validation=(i+1)%8, train=remaining 6 segment indices",train,data/limb/subject06/StaticP3/subject6_limb_EMG.mat,StaticP3,S06_StaticP3_seg0001,S06_StaticP3_seg0001,2,1,HandOpen,0,1,15120,15120,1260.0,42,43
S06_personal_fold05,6,5,4,5,"per class: test=i, validation=(i+1)%8, train=remaining 6 segment indices",train,data/limb/subject06/StaticP4/subject6_limb_EMG.mat,StaticP4,S06_StaticP4_seg0001,S06_StaticP4_seg0001,3,1,HandOpen,0,1,15120,15120,1260.0,42,43
S06_personal_fold05,6,5,4,5,"per class: test=i, validation=(i+1)%8, train=remaining 6 segment indices",test,data/limb/subject06/StaticP9/subject6_limb_EMG.mat,StaticP9,S06_StaticP9_seg0001,S06_StaticP9_seg0001,4,1,HandOpen,0,1,15120,15120,1260.0,42,43
S06_personal_fold05,6,5,4,5,"per class: test=i, validation=(i+1)%8, train=remaining 6 segment indices",validation,data/limb/subject06/StaticP10/subject6_limb_EMG.mat,StaticP10,S06_StaticP10_seg0001,S06_StaticP10_seg0001,5,1,HandOpen,0,1,15120,15120,1260.0,42,43
S06_personal_fold05,6,5,4,5,"per class: test=i, validation=(i+1)%8, train=remaining 6 segment indices",train,data/limb/subject06/StaticP14/subject6_limb_EMG.mat,StaticP14,S06_StaticP14_seg0001,S06_StaticP14_seg0001,6,1,HandOpen,0,1,15120,15120,1260.0,42,43
S06_personal_fold05,6,5,4,5,"per class: test=i, validation=(i+1)%8, train=remaining 6 segment indices",train,data/limb/subject06/Dynamic/subject6_limb_EMG.mat,Dynamic,S06_Dynamic_seg0001,S06_Dynamic_seg0001,7,1,HandOpen,0,1,111064,111064,1260.0,42,43
S06_personal_fold05,6,5,4,5,"per class: test=i, validation=(i+1)%8, train=remaining 6 segment indices",train,data/limb/subject06/StaticP1/subject6_limb_EMG.mat,StaticP1,S06_StaticP1_seg0002,S06_StaticP1_seg0002,0,2,Lateral,1,15121,30240,15120,1260.0,42,43
S06_personal_fold05,6,5,4,5,"per class: test=i, validation=(i+1)%8, train=remaining 6 segment indices",train,data/limb/subject06/StaticP2/subject6_limb_EMG.mat,StaticP2,S06_StaticP2_seg0002,S06_StaticP2_seg0002,1,2,Lateral,1,15121,30244,15124,1260.0,42,43
S06_personal_fold05,6,5,4,5,"per class: test=i, validation=(i+1)%8, train=remaining 6 segment indices",train,data/limb/subject06/StaticP3/subject6_limb_EMG.mat,StaticP3,S06_StaticP3_seg0002,S06_StaticP3_seg0002,2,2,Lateral,1,15121,30240,15120,1260.0,42,43
S06_personal_fold05,6,5,4,5,"per class: test=i, validation=(i+1)%8, train=remaining 6 segment indices",train,data/limb/subject06/StaticP4/subject6_limb_EMG.mat,StaticP4,S06_StaticP4_seg0002,S06_StaticP4_seg0002,3,2,Lateral,1,15121,30240,15120,1260.0,42,43
S06_personal_fold05,6,5,4,5,"per class: test=i, validation=(i+1)%8, train=remaining 6 segment indices",test,data/limb/subject06/StaticP9/subject6_limb_EMG.mat,StaticP9,S06_StaticP9_seg0002,S06_StaticP9_seg0002,4,2,Lateral,1,15121,30244,15124,1260.0,42,43
S06_personal_fold05,6,5,4,5,"per class: test=i, validation=(i+1)%8, train=remaining 6 segment indices",validation,data/limb/subject06/StaticP10/subject6_limb_EMG.mat,StaticP10,S06_StaticP10_seg0002,S06_StaticP10_seg0002,5,2,Lateral,1,15121,30240,15120,1260.0,42,43
S06_personal_fold05,6,5,4,5,"per class: test=i, validation=(i+1)%8, train=remaining 6 segment indices",train,data/limb/subject06/StaticP14/subject6_limb_EMG.mat,StaticP14,S06_StaticP14_seg0002,S06_StaticP14_seg0002,6,2,Lateral,1,15121,30240,15120,1260.0,42,43
S06_personal_fold05,6,5,4,5,"per class: test=i, validation=(i+1)%8, train=remaining 6 segment indices",train,data/limb/subject06/Dynamic/subject6_limb_EMG.mat,Dynamic,S06_Dynamic_seg0002,S06_Dynamic_seg0002,7,2,Lateral,1,111065,223552,112488,1260.0,42,43
S06_personal_fold05,6,5,4,5,"per class: test=i, validation=(i+1)%8, train=remaining 6 segment indices",train,data/limb/subject06/StaticP1/subject6_limb_EMG.mat,StaticP1,S06_StaticP1_seg0003,S06_StaticP1_seg0003,0,3,Pinch,2,30241,45360,15120,1260.0,42,43
S06_personal_fold05,6,5,4,5,"per class: test=i, validation=(i+1)%8, train=remaining 6 segment indices",train,data/limb/subject06/StaticP2/subject6_limb_EMG.mat,StaticP2,S06_StaticP2_seg0003,S06_StaticP2_seg0003,1,3,Pinch,2,30245,45364,15120,1260.0,42,43
S06_personal_fold05,6,5,4,5,"per class: test=i, validation=(i+1)%8, train=remaining 6 segment indices",train,data/limb/subject06/StaticP3/subject6_limb_EMG.mat,StaticP3,S06_StaticP3_seg0003,S06_StaticP3_seg0003,2,3,Pinch,2,30241,45360,15120,1260.0,42,43
S06_personal_fold05,6,5,4,5,"per class: test=i, validation=(i+1)%8, train=remaining 6 segment indices",train,data/limb/subject06/StaticP4/subject6_limb_EMG.mat,StaticP4,S06_StaticP4_seg0003,S06_StaticP4_seg0003,3,3,Pinch,2,30241,45364,15124,1260.0,42,43
S06_personal_fold05,6,5,4,5,"per class: test=i, validation=(i+1)%8, train=remaining 6 segment indices",test,data/limb/subject06/StaticP9/subject6_limb_EMG.mat,StaticP9,S06_StaticP9_seg0003,S06_StaticP9_seg0003,4,3,Pinch,2,30245,45364,15120,1260.0,42,43
S06_personal_fold05,6,5,4,5,"per class: test=i, validation=(i+1)%8, train=remaining 6 segment indices",validation,data/limb/subject06/StaticP10/subject6_limb_EMG.mat,StaticP10,S06_StaticP10_seg0003,S06_StaticP10_seg0003,5,3,Pinch,2,30241,45360,15120,1260.0,42,43
S06_personal_fold05,6,5,4,5,"per class: test=i, validation=(i+1)%8, train=remaining 6 segment indices",train,data/limb/subject06/StaticP14/subject6_limb_EMG.mat,StaticP14,S06_StaticP14_seg0003,S06_StaticP14_seg0003,6,3,Pinch,2,30241,45360,15120,1260.0,42,43
S06_personal_fold05,6,5,4,5,"per class: test=i, validation=(i+1)%8, train=remaining 6 segment indices",train,data/limb/subject06/Dynamic/subject6_limb_EMG.mat,Dynamic,S06_Dynamic_seg0003,S06_Dynamic_seg0003,7,3,Pinch,2,223553,336047,112495,1260.0,42,43
S06_personal_fold05,6,5,4,5,"per class: test=i, validation=(i+1)%8, train=remaining 6 segment indices",train,data/limb/subject06/StaticP1/subject6_limb_EMG.mat,StaticP1,S06_StaticP1_seg0004,S06_StaticP1_seg0004,0,4,Power,3,45361,60480,15120,1260.0,42,43
S06_personal_fold05,6,5,4,5,"per class: test=i, validation=(i+1)%8, train=remaining 6 segment indices",train,data/limb/subject06/StaticP2/subject6_limb_EMG.mat,StaticP2,S06_StaticP2_seg0004,S06_StaticP2_seg0004,1,4,Power,3,45365,60484,15120,1260.0,42,43
S06_personal_fold05,6,5,4,5,"per class: test=i, validation=(i+1)%8, train=remaining 6 segment indices",train,data/limb/subject06/StaticP3/subject6_limb_EMG.mat,StaticP3,S06_StaticP3_seg0004,S06_StaticP3_seg0004,2,4,Power,3,45361,60480,15120,1260.0,42,43
S06_personal_fold05,6,5,4,5,"per class: test=i, validation=(i+1)%8, train=remaining 6 segment indices",train,data/limb/subject06/StaticP4/subject6_limb_EMG.mat,StaticP4,S06_StaticP4_seg0004,S06_StaticP4_seg0004,3,4,Power,3,45365,60484,15120,1260.0,42,43
S06_personal_fold05,6,5,4,5,"per class: test=i, validation=(i+1)%8, train=remaining 6 segment indices",test,data/limb/subject06/StaticP9/subject6_limb_EMG.mat,StaticP9,S06_StaticP9_seg0004,S06_StaticP9_seg0004,4,4,Power,3,45365,60484,15120,1260.0,42,43
S06_personal_fold05,6,5,4,5,"per class: test=i, validation=(i+1)%8, train=remaining 6 segment indices",validation,data/limb/subject06/StaticP10/subject6_limb_EMG.mat,StaticP10,S06_StaticP10_seg0004,S06_StaticP10_seg0004,5,4,Power,3,45361,60480,15120,1260.0,42,43
S06_personal_fold05,6,5,4,5,"per class: test=i, validation=(i+1)%8, train=remaining 6 segment indices",train,data/limb/subject06/StaticP14/subject6_limb_EMG.mat,StaticP14,S06_StaticP14_seg0004,S06_StaticP14_seg0004,6,4,Power,3,45361,60480,15120,1260.0,42,43
S06_personal_fold05,6,5,4,5,"per class: test=i, validation=(i+1)%8, train=remaining 6 segment indices",train,data/limb/subject06/Dynamic/subject6_limb_EMG.mat,Dynamic,S06_Dynamic_seg0004,S06_Dynamic_seg0004,7,4,Power,3,336048,452807,116760,1260.0,42,43
S06_personal_fold05,6,5,4,5,"per class: test=i, validation=(i+1)%8, train=remaining 6 segment indices",train,data/limb/subject06/StaticP1/subject6_limb_EMG.mat,StaticP1,S06_StaticP1_seg0005,S06_StaticP1_seg0005,0,5,Rest,4,60481,75600,15120,1260.0,42,43
S06_personal_fold05,6,5,4,5,"per class: test=i, validation=(i+1)%8, train=remaining 6 segment indices",train,data/limb/subject06/StaticP2/subject6_limb_EMG.mat,StaticP2,S06_StaticP2_seg0005,S06_StaticP2_seg0005,1,5,Rest,4,60485,75604,15120,1260.0,42,43
S06_personal_fold05,6,5,4,5,"per class: test=i, validation=(i+1)%8, train=remaining 6 segment indices",train,data/limb/subject06/StaticP3/subject6_limb_EMG.mat,StaticP3,S06_StaticP3_seg0005,S06_StaticP3_seg0005,2,5,Rest,4,60481,75600,15120,1260.0,42,43
S06_personal_fold05,6,5,4,5,"per class: test=i, validation=(i+1)%8, train=remaining 6 segment indices",train,data/limb/subject06/StaticP4/subject6_limb_EMG.mat,StaticP4,S06_StaticP4_seg0005,S06_StaticP4_seg0005,3,5,Rest,4,60485,75604,15120,1260.0,42,43
S06_personal_fold05,6,5,4,5,"per class: test=i, validation=(i+1)%8, train=remaining 6 segment indices",test,data/limb/subject06/StaticP9/subject6_limb_EMG.mat,StaticP9,S06_StaticP9_seg0005,S06_StaticP9_seg0005,4,5,Rest,4,60485,75604,15120,1260.0,42,43
S06_personal_fold05,6,5,4,5,"per class: test=i, validation=(i+1)%8, train=remaining 6 segment indices",validation,data/limb/subject06/StaticP10/subject6_limb_EMG.mat,StaticP10,S06_StaticP10_seg0005,S06_StaticP10_seg0005,5,5,Rest,4,60481,75600,15120,1260.0,42,43
S06_personal_fold05,6,5,4,5,"per class: test=i, validation=(i+1)%8, train=remaining 6 segment indices",train,data/limb/subject06/StaticP14/subject6_limb_EMG.mat,StaticP14,S06_StaticP14_seg0005,S06_StaticP14_seg0005,6,5,Rest,4,60481,75600,15120,1260.0,42,43
S06_personal_fold05,6,5,4,5,"per class: test=i, validation=(i+1)%8, train=remaining 6 segment indices",train,data/limb/subject06/Dynamic/subject6_limb_EMG.mat,Dynamic,S06_Dynamic_seg0005,S06_Dynamic_seg0005,7,5,Rest,4,452808,705206,252399,1260.0,42,43
S06_personal_fold06,6,6,5,6,"per class: test=i, validation=(i+1)%8, train=remaining 6 segment indices",train,data/limb/subject06/StaticP1/subject6_limb_EMG.mat,StaticP1,S06_StaticP1_seg0001,S06_StaticP1_seg0001,0,1,HandOpen,0,1,15120,15120,1260.0,42,43
S06_personal_fold06,6,6,5,6,"per class: test=i, validation=(i+1)%8, train=remaining 6 segment indices",train,data/limb/subject06/StaticP2/subject6_limb_EMG.mat,StaticP2,S06_StaticP2_seg0001,S06_StaticP2_seg0001,1,1,HandOpen,0,1,15120,15120,1260.0,42,43
S06_personal_fold06,6,6,5,6,"per class: test=i, validation=(i+1)%8, train=remaining 6 segment indices",train,data/limb/subject06/StaticP3/subject6_limb_EMG.mat,StaticP3,S06_StaticP3_seg0001,S06_StaticP3_seg0001,2,1,HandOpen,0,1,15120,15120,1260.0,42,43
S06_personal_fold06,6,6,5,6,"per class: test=i, validation=(i+1)%8, train=remaining 6 segment indices",train,data/limb/subject06/StaticP4/subject6_limb_EMG.mat,StaticP4,S06_StaticP4_seg0001,S06_StaticP4_seg0001,3,1,HandOpen,0,1,15120,15120,1260.0,42,43
S06_personal_fold06,6,6,5,6,"per class: test=i, validation=(i+1)%8, train=remaining 6 segment indices",train,data/limb/subject06/StaticP9/subject6_limb_EMG.mat,StaticP9,S06_StaticP9_seg0001,S06_StaticP9_seg0001,4,1,HandOpen,0,1,15120,15120,1260.0,42,43
S06_personal_fold06,6,6,5,6,"per class: test=i, validation=(i+1)%8, train=remaining 6 segment indices",test,data/limb/subject06/StaticP10/subject6_limb_EMG.mat,StaticP10,S06_StaticP10_seg0001,S06_StaticP10_seg0001,5,1,HandOpen,0,1,15120,15120,1260.0,42,43
S06_personal_fold06,6,6,5,6,"per class: test=i, validation=(i+1)%8, train=remaining 6 segment indices",validation,data/limb/subject06/StaticP14/subject6_limb_EMG.mat,StaticP14,S06_StaticP14_seg0001,S06_StaticP14_seg0001,6,1,HandOpen,0,1,15120,15120,1260.0,42,43
S06_personal_fold06,6,6,5,6,"per class: test=i, validation=(i+1)%8, train=remaining 6 segment indices",train,data/limb/subject06/Dynamic/subject6_limb_EMG.mat,Dynamic,S06_Dynamic_seg0001,S06_Dynamic_seg0001,7,1,HandOpen,0,1,111064,111064,1260.0,42,43
S06_personal_fold06,6,6,5,6,"per class: test=i, validation=(i+1)%8, train=remaining 6 segment indices",train,data/limb/subject06/StaticP1/subject6_limb_EMG.mat,StaticP1,S06_StaticP1_seg0002,S06_StaticP1_seg0002,0,2,Lateral,1,15121,30240,15120,1260.0,42,43
S06_personal_fold06,6,6,5,6,"per class: test=i, validation=(i+1)%8, train=remaining 6 segment indices",train,data/limb/subject06/StaticP2/subject6_limb_EMG.mat,StaticP2,S06_StaticP2_seg0002,S06_StaticP2_seg0002,1,2,Lateral,1,15121,30244,15124,1260.0,42,43
S06_personal_fold06,6,6,5,6,"per class: test=i, validation=(i+1)%8, train=remaining 6 segment indices",train,data/limb/subject06/StaticP3/subject6_limb_EMG.mat,StaticP3,S06_StaticP3_seg0002,S06_StaticP3_seg0002,2,2,Lateral,1,15121,30240,15120,1260.0,42,43
S06_personal_fold06,6,6,5,6,"per class: test=i, validation=(i+1)%8, train=remaining 6 segment indices",train,data/limb/subject06/StaticP4/subject6_limb_EMG.mat,StaticP4,S06_StaticP4_seg0002,S06_StaticP4_seg0002,3,2,Lateral,1,15121,30240,15120,1260.0,42,43
S06_personal_fold06,6,6,5,6,"per class: test=i, validation=(i+1)%8, train=remaining 6 segment indices",train,data/limb/subject06/StaticP9/subject6_limb_EMG.mat,StaticP9,S06_StaticP9_seg0002,S06_StaticP9_seg0002,4,2,Lateral,1,15121,30244,15124,1260.0,42,43
S06_personal_fold06,6,6,5,6,"per class: test=i, validation=(i+1)%8, train=remaining 6 segment indices",test,data/limb/subject06/StaticP10/subject6_limb_EMG.mat,StaticP10,S06_StaticP10_seg0002,S06_StaticP10_seg0002,5,2,Lateral,1,15121,30240,15120,1260.0,42,43
S06_personal_fold06,6,6,5,6,"per class: test=i, validation=(i+1)%8, train=remaining 6 segment indices",validation,data/limb/subject06/StaticP14/subject6_limb_EMG.mat,StaticP14,S06_StaticP14_seg0002,S06_StaticP14_seg0002,6,2,Lateral,1,15121,30240,15120,1260.0,42,43
S06_personal_fold06,6,6,5,6,"per class: test=i, validation=(i+1)%8, train=remaining 6 segment indices",train,data/limb/subject06/Dynamic/subject6_limb_EMG.mat,Dynamic,S06_Dynamic_seg0002,S06_Dynamic_seg0002,7,2,Lateral,1,111065,223552,112488,1260.0,42,43
S06_personal_fold06,6,6,5,6,"per class: test=i, validation=(i+1)%8, train=remaining 6 segment indices",train,data/limb/subject06/StaticP1/subject6_limb_EMG.mat,StaticP1,S06_StaticP1_seg0003,S06_StaticP1_seg0003,0,3,Pinch,2,30241,45360,15120,1260.0,42,43
S06_personal_fold06,6,6,5,6,"per class: test=i, validation=(i+1)%8, train=remaining 6 segment indices",train,data/limb/subject06/StaticP2/subject6_limb_EMG.mat,StaticP2,S06_StaticP2_seg0003,S06_StaticP2_seg0003,1,3,Pinch,2,30245,45364,15120,1260.0,42,43
S06_personal_fold06,6,6,5,6,"per class: test=i, validation=(i+1)%8, train=remaining 6 segment indices",train,data/limb/subject06/StaticP3/subject6_limb_EMG.mat,StaticP3,S06_StaticP3_seg0003,S06_StaticP3_seg0003,2,3,Pinch,2,30241,45360,15120,1260.0,42,43
S06_personal_fold06,6,6,5,6,"per class: test=i, validation=(i+1)%8, train=remaining 6 segment indices",train,data/limb/subject06/StaticP4/subject6_limb_EMG.mat,StaticP4,S06_StaticP4_seg0003,S06_StaticP4_seg0003,3,3,Pinch,2,30241,45364,15124,1260.0,42,43
S06_personal_fold06,6,6,5,6,"per class: test=i, validation=(i+1)%8, train=remaining 6 segment indices",train,data/limb/subject06/StaticP9/subject6_limb_EMG.mat,StaticP9,S06_StaticP9_seg0003,S06_StaticP9_seg0003,4,3,Pinch,2,30245,45364,15120,1260.0,42,43
S06_personal_fold06,6,6,5,6,"per class: test=i, validation=(i+1)%8, train=remaining 6 segment indices",test,data/limb/subject06/StaticP10/subject6_limb_EMG.mat,StaticP10,S06_StaticP10_seg0003,S06_StaticP10_seg0003,5,3,Pinch,2,30241,45360,15120,1260.0,42,43
S06_personal_fold06,6,6,5,6,"per class: test=i, validation=(i+1)%8, train=remaining 6 segment indices",validation,data/limb/subject06/StaticP14/subject6_limb_EMG.mat,StaticP14,S06_StaticP14_seg0003,S06_StaticP14_seg0003,6,3,Pinch,2,30241,45360,15120,1260.0,42,43
S06_personal_fold06,6,6,5,6,"per class: test=i, validation=(i+1)%8, train=remaining 6 segment indices",train,data/limb/subject06/Dynamic/subject6_limb_EMG.mat,Dynamic,S06_Dynamic_seg0003,S06_Dynamic_seg0003,7,3,Pinch,2,223553,336047,112495,1260.0,42,43
S06_personal_fold06,6,6,5,6,"per class: test=i, validation=(i+1)%8, train=remaining 6 segment indices",train,data/limb/subject06/StaticP1/subject6_limb_EMG.mat,StaticP1,S06_StaticP1_seg0004,S06_StaticP1_seg0004,0,4,Power,3,45361,60480,15120,1260.0,42,43
S06_personal_fold06,6,6,5,6,"per class: test=i, validation=(i+1)%8, train=remaining 6 segment indices",train,data/limb/subject06/StaticP2/subject6_limb_EMG.mat,StaticP2,S06_StaticP2_seg0004,S06_StaticP2_seg0004,1,4,Power,3,45365,60484,15120,1260.0,42,43
S06_personal_fold06,6,6,5,6,"per class: test=i, validation=(i+1)%8, train=remaining 6 segment indices",train,data/limb/subject06/StaticP3/subject6_limb_EMG.mat,StaticP3,S06_StaticP3_seg0004,S06_StaticP3_seg0004,2,4,Power,3,45361,60480,15120,1260.0,42,43
S06_personal_fold06,6,6,5,6,"per class: test=i, validation=(i+1)%8, train=remaining 6 segment indices",train,data/limb/subject06/StaticP4/subject6_limb_EMG.mat,StaticP4,S06_StaticP4_seg0004,S06_StaticP4_seg0004,3,4,Power,3,45365,60484,15120,1260.0,42,43
S06_personal_fold06,6,6,5,6,"per class: test=i, validation=(i+1)%8, train=remaining 6 segment indices",train,data/limb/subject06/StaticP9/subject6_limb_EMG.mat,StaticP9,S06_StaticP9_seg0004,S06_StaticP9_seg0004,4,4,Power,3,45365,60484,15120,1260.0,42,43
S06_personal_fold06,6,6,5,6,"per class: test=i, validation=(i+1)%8, train=remaining 6 segment indices",test,data/limb/subject06/StaticP10/subject6_limb_EMG.mat,StaticP10,S06_StaticP10_seg0004,S06_StaticP10_seg0004,5,4,Power,3,45361,60480,15120,1260.0,42,43
S06_personal_fold06,6,6,5,6,"per class: test=i, validation=(i+1)%8, train=remaining 6 segment indices",validation,data/limb/subject06/StaticP14/subject6_limb_EMG.mat,StaticP14,S06_StaticP14_seg0004,S06_StaticP14_seg0004,6,4,Power,3,45361,60480,15120,1260.0,42,43
S06_personal_fold06,6,6,5,6,"per class: test=i, validation=(i+1)%8, train=remaining 6 segment indices",train,data/limb/subject06/Dynamic/subject6_limb_EMG.mat,Dynamic,S06_Dynamic_seg0004,S06_Dynamic_seg0004,7,4,Power,3,336048,452807,116760,1260.0,42,43
S06_personal_fold06,6,6,5,6,"per class: test=i, validation=(i+1)%8, train=remaining 6 segment indices",train,data/limb/subject06/StaticP1/subject6_limb_EMG.mat,StaticP1,S06_StaticP1_seg0005,S06_StaticP1_seg0005,0,5,Rest,4,60481,75600,15120,1260.0,42,43
S06_personal_fold06,6,6,5,6,"per class: test=i, validation=(i+1)%8, train=remaining 6 segment indices",train,data/limb/subject06/StaticP2/subject6_limb_EMG.mat,StaticP2,S06_StaticP2_seg0005,S06_StaticP2_seg0005,1,5,Rest,4,60485,75604,15120,1260.0,42,43
S06_personal_fold06,6,6,5,6,"per class: test=i, validation=(i+1)%8, train=remaining 6 segment indices",train,data/limb/subject06/StaticP3/subject6_limb_EMG.mat,StaticP3,S06_StaticP3_seg0005,S06_StaticP3_seg0005,2,5,Rest,4,60481,75600,15120,1260.0,42,43
S06_personal_fold06,6,6,5,6,"per class: test=i, validation=(i+1)%8, train=remaining 6 segment indices",train,data/limb/subject06/StaticP4/subject6_limb_EMG.mat,StaticP4,S06_StaticP4_seg0005,S06_StaticP4_seg0005,3,5,Rest,4,60485,75604,15120,1260.0,42,43
S06_personal_fold06,6,6,5,6,"per class: test=i, validation=(i+1)%8, train=remaining 6 segment indices",train,data/limb/subject06/StaticP9/subject6_limb_EMG.mat,StaticP9,S06_StaticP9_seg0005,S06_StaticP9_seg0005,4,5,Rest,4,60485,75604,15120,1260.0,42,43
S06_personal_fold06,6,6,5,6,"per class: test=i, validation=(i+1)%8, train=remaining 6 segment indices",test,data/limb/subject06/StaticP10/subject6_limb_EMG.mat,StaticP10,S06_StaticP10_seg0005,S06_StaticP10_seg0005,5,5,Rest,4,60481,75600,15120,1260.0,42,43
S06_personal_fold06,6,6,5,6,"per class: test=i, validation=(i+1)%8, train=remaining 6 segment indices",validation,data/limb/subject06/StaticP14/subject6_limb_EMG.mat,StaticP14,S06_StaticP14_seg0005,S06_StaticP14_seg0005,6,5,Rest,4,60481,75600,15120,1260.0,42,43
S06_personal_fold06,6,6,5,6,"per class: test=i, validation=(i+1)%8, train=remaining 6 segment indices",train,data/limb/subject06/Dynamic/subject6_limb_EMG.mat,Dynamic,S06_Dynamic_seg0005,S06_Dynamic_seg0005,7,5,Rest,4,452808,705206,252399,1260.0,42,43
S06_personal_fold07,6,7,6,7,"per class: test=i, validation=(i+1)%8, train=remaining 6 segment indices",train,data/limb/subject06/StaticP1/subject6_limb_EMG.mat,StaticP1,S06_StaticP1_seg0001,S06_StaticP1_seg0001,0,1,HandOpen,0,1,15120,15120,1260.0,42,43
S06_personal_fold07,6,7,6,7,"per class: test=i, validation=(i+1)%8, train=remaining 6 segment indices",train,data/limb/subject06/StaticP2/subject6_limb_EMG.mat,StaticP2,S06_StaticP2_seg0001,S06_StaticP2_seg0001,1,1,HandOpen,0,1,15120,15120,1260.0,42,43
S06_personal_fold07,6,7,6,7,"per class: test=i, validation=(i+1)%8, train=remaining 6 segment indices",train,data/limb/subject06/StaticP3/subject6_limb_EMG.mat,StaticP3,S06_StaticP3_seg0001,S06_StaticP3_seg0001,2,1,HandOpen,0,1,15120,15120,1260.0,42,43
S06_personal_fold07,6,7,6,7,"per class: test=i, validation=(i+1)%8, train=remaining 6 segment indices",train,data/limb/subject06/StaticP4/subject6_limb_EMG.mat,StaticP4,S06_StaticP4_seg0001,S06_StaticP4_seg0001,3,1,HandOpen,0,1,15120,15120,1260.0,42,43
S06_personal_fold07,6,7,6,7,"per class: test=i, validation=(i+1)%8, train=remaining 6 segment indices",train,data/limb/subject06/StaticP9/subject6_limb_EMG.mat,StaticP9,S06_StaticP9_seg0001,S06_StaticP9_seg0001,4,1,HandOpen,0,1,15120,15120,1260.0,42,43
S06_personal_fold07,6,7,6,7,"per class: test=i, validation=(i+1)%8, train=remaining 6 segment indices",train,data/limb/subject06/StaticP10/subject6_limb_EMG.mat,StaticP10,S06_StaticP10_seg0001,S06_StaticP10_seg0001,5,1,HandOpen,0,1,15120,15120,1260.0,42,43
S06_personal_fold07,6,7,6,7,"per class: test=i, validation=(i+1)%8, train=remaining 6 segment indices",test,data/limb/subject06/StaticP14/subject6_limb_EMG.mat,StaticP14,S06_StaticP14_seg0001,S06_StaticP14_seg0001,6,1,HandOpen,0,1,15120,15120,1260.0,42,43
S06_personal_fold07,6,7,6,7,"per class: test=i, validation=(i+1)%8, train=remaining 6 segment indices",validation,data/limb/subject06/Dynamic/subject6_limb_EMG.mat,Dynamic,S06_Dynamic_seg0001,S06_Dynamic_seg0001,7,1,HandOpen,0,1,111064,111064,1260.0,42,43
S06_personal_fold07,6,7,6,7,"per class: test=i, validation=(i+1)%8, train=remaining 6 segment indices",train,data/limb/subject06/StaticP1/subject6_limb_EMG.mat,StaticP1,S06_StaticP1_seg0002,S06_StaticP1_seg0002,0,2,Lateral,1,15121,30240,15120,1260.0,42,43
S06_personal_fold07,6,7,6,7,"per class: test=i, validation=(i+1)%8, train=remaining 6 segment indices",train,data/limb/subject06/StaticP2/subject6_limb_EMG.mat,StaticP2,S06_StaticP2_seg0002,S06_StaticP2_seg0002,1,2,Lateral,1,15121,30244,15124,1260.0,42,43
S06_personal_fold07,6,7,6,7,"per class: test=i, validation=(i+1)%8, train=remaining 6 segment indices",train,data/limb/subject06/StaticP3/subject6_limb_EMG.mat,StaticP3,S06_StaticP3_seg0002,S06_StaticP3_seg0002,2,2,Lateral,1,15121,30240,15120,1260.0,42,43
S06_personal_fold07,6,7,6,7,"per class: test=i, validation=(i+1)%8, train=remaining 6 segment indices",train,data/limb/subject06/StaticP4/subject6_limb_EMG.mat,StaticP4,S06_StaticP4_seg0002,S06_StaticP4_seg0002,3,2,Lateral,1,15121,30240,15120,1260.0,42,43
S06_personal_fold07,6,7,6,7,"per class: test=i, validation=(i+1)%8, train=remaining 6 segment indices",train,data/limb/subject06/StaticP9/subject6_limb_EMG.mat,StaticP9,S06_StaticP9_seg0002,S06_StaticP9_seg0002,4,2,Lateral,1,15121,30244,15124,1260.0,42,43
S06_personal_fold07,6,7,6,7,"per class: test=i, validation=(i+1)%8, train=remaining 6 segment indices",train,data/limb/subject06/StaticP10/subject6_limb_EMG.mat,StaticP10,S06_StaticP10_seg0002,S06_StaticP10_seg0002,5,2,Lateral,1,15121,30240,15120,1260.0,42,43
S06_personal_fold07,6,7,6,7,"per class: test=i, validation=(i+1)%8, train=remaining 6 segment indices",test,data/limb/subject06/StaticP14/subject6_limb_EMG.mat,StaticP14,S06_StaticP14_seg0002,S06_StaticP14_seg0002,6,2,Lateral,1,15121,30240,15120,1260.0,42,43
S06_personal_fold07,6,7,6,7,"per class: test=i, validation=(i+1)%8, train=remaining 6 segment indices",validation,data/limb/subject06/Dynamic/subject6_limb_EMG.mat,Dynamic,S06_Dynamic_seg0002,S06_Dynamic_seg0002,7,2,Lateral,1,111065,223552,112488,1260.0,42,43
S06_personal_fold07,6,7,6,7,"per class: test=i, validation=(i+1)%8, train=remaining 6 segment indices",train,data/limb/subject06/StaticP1/subject6_limb_EMG.mat,StaticP1,S06_StaticP1_seg0003,S06_StaticP1_seg0003,0,3,Pinch,2,30241,45360,15120,1260.0,42,43
S06_personal_fold07,6,7,6,7,"per class: test=i, validation=(i+1)%8, train=remaining 6 segment indices",train,data/limb/subject06/StaticP2/subject6_limb_EMG.mat,StaticP2,S06_StaticP2_seg0003,S06_StaticP2_seg0003,1,3,Pinch,2,30245,45364,15120,1260.0,42,43
S06_personal_fold07,6,7,6,7,"per class: test=i, validation=(i+1)%8, train=remaining 6 segment indices",train,data/limb/subject06/StaticP3/subject6_limb_EMG.mat,StaticP3,S06_StaticP3_seg0003,S06_StaticP3_seg0003,2,3,Pinch,2,30241,45360,15120,1260.0,42,43
S06_personal_fold07,6,7,6,7,"per class: test=i, validation=(i+1)%8, train=remaining 6 segment indices",train,data/limb/subject06/StaticP4/subject6_limb_EMG.mat,StaticP4,S06_StaticP4_seg0003,S06_StaticP4_seg0003,3,3,Pinch,2,30241,45364,15124,1260.0,42,43
S06_personal_fold07,6,7,6,7,"per class: test=i, validation=(i+1)%8, train=remaining 6 segment indices",train,data/limb/subject06/StaticP9/subject6_limb_EMG.mat,StaticP9,S06_StaticP9_seg0003,S06_StaticP9_seg0003,4,3,Pinch,2,30245,45364,15120,1260.0,42,43
S06_personal_fold07,6,7,6,7,"per class: test=i, validation=(i+1)%8, train=remaining 6 segment indices",train,data/limb/subject06/StaticP10/subject6_limb_EMG.mat,StaticP10,S06_StaticP10_seg0003,S06_StaticP10_seg0003,5,3,Pinch,2,30241,45360,15120,1260.0,42,43
S06_personal_fold07,6,7,6,7,"per class: test=i, validation=(i+1)%8, train=remaining 6 segment indices",test,data/limb/subject06/StaticP14/subject6_limb_EMG.mat,StaticP14,S06_StaticP14_seg0003,S06_StaticP14_seg0003,6,3,Pinch,2,30241,45360,15120,1260.0,42,43
S06_personal_fold07,6,7,6,7,"per class: test=i, validation=(i+1)%8, train=remaining 6 segment indices",validation,data/limb/subject06/Dynamic/subject6_limb_EMG.mat,Dynamic,S06_Dynamic_seg0003,S06_Dynamic_seg0003,7,3,Pinch,2,223553,336047,112495,1260.0,42,43
S06_personal_fold07,6,7,6,7,"per class: test=i, validation=(i+1)%8, train=remaining 6 segment indices",train,data/limb/subject06/StaticP1/subject6_limb_EMG.mat,StaticP1,S06_StaticP1_seg0004,S06_StaticP1_seg0004,0,4,Power,3,45361,60480,15120,1260.0,42,43
S06_personal_fold07,6,7,6,7,"per class: test=i, validation=(i+1)%8, train=remaining 6 segment indices",train,data/limb/subject06/StaticP2/subject6_limb_EMG.mat,StaticP2,S06_StaticP2_seg0004,S06_StaticP2_seg0004,1,4,Power,3,45365,60484,15120,1260.0,42,43
S06_personal_fold07,6,7,6,7,"per class: test=i, validation=(i+1)%8, train=remaining 6 segment indices",train,data/limb/subject06/StaticP3/subject6_limb_EMG.mat,StaticP3,S06_StaticP3_seg0004,S06_StaticP3_seg0004,2,4,Power,3,45361,60480,15120,1260.0,42,43
S06_personal_fold07,6,7,6,7,"per class: test=i, validation=(i+1)%8, train=remaining 6 segment indices",train,data/limb/subject06/StaticP4/subject6_limb_EMG.mat,StaticP4,S06_StaticP4_seg0004,S06_StaticP4_seg0004,3,4,Power,3,45365,60484,15120,1260.0,42,43
S06_personal_fold07,6,7,6,7,"per class: test=i, validation=(i+1)%8, train=remaining 6 segment indices",train,data/limb/subject06/StaticP9/subject6_limb_EMG.mat,StaticP9,S06_StaticP9_seg0004,S06_StaticP9_seg0004,4,4,Power,3,45365,60484,15120,1260.0,42,43
S06_personal_fold07,6,7,6,7,"per class: test=i, validation=(i+1)%8, train=remaining 6 segment indices",train,data/limb/subject06/StaticP10/subject6_limb_EMG.mat,StaticP10,S06_StaticP10_seg0004,S06_StaticP10_seg0004,5,4,Power,3,45361,60480,15120,1260.0,42,43
S06_personal_fold07,6,7,6,7,"per class: test=i, validation=(i+1)%8, train=remaining 6 segment indices",test,data/limb/subject06/StaticP14/subject6_limb_EMG.mat,StaticP14,S06_StaticP14_seg0004,S06_StaticP14_seg0004,6,4,Power,3,45361,60480,15120,1260.0,42,43
S06_personal_fold07,6,7,6,7,"per class: test=i, validation=(i+1)%8, train=remaining 6 segment indices",validation,data/limb/subject06/Dynamic/subject6_limb_EMG.mat,Dynamic,S06_Dynamic_seg0004,S06_Dynamic_seg0004,7,4,Power,3,336048,452807,116760,1260.0,42,43
S06_personal_fold07,6,7,6,7,"per class: test=i, validation=(i+1)%8, train=remaining 6 segment indices",train,data/limb/subject06/StaticP1/subject6_limb_EMG.mat,StaticP1,S06_StaticP1_seg0005,S06_StaticP1_seg0005,0,5,Rest,4,60481,75600,15120,1260.0,42,43
S06_personal_fold07,6,7,6,7,"per class: test=i, validation=(i+1)%8, train=remaining 6 segment indices",train,data/limb/subject06/StaticP2/subject6_limb_EMG.mat,StaticP2,S06_StaticP2_seg0005,S06_StaticP2_seg0005,1,5,Rest,4,60485,75604,15120,1260.0,42,43
S06_personal_fold07,6,7,6,7,"per class: test=i, validation=(i+1)%8, train=remaining 6 segment indices",train,data/limb/subject06/StaticP3/subject6_limb_EMG.mat,StaticP3,S06_StaticP3_seg0005,S06_StaticP3_seg0005,2,5,Rest,4,60481,75600,15120,1260.0,42,43
S06_personal_fold07,6,7,6,7,"per class: test=i, validation=(i+1)%8, train=remaining 6 segment indices",train,data/limb/subject06/StaticP4/subject6_limb_EMG.mat,StaticP4,S06_StaticP4_seg0005,S06_StaticP4_seg0005,3,5,Rest,4,60485,75604,15120,1260.0,42,43
S06_personal_fold07,6,7,6,7,"per class: test=i, validation=(i+1)%8, train=remaining 6 segment indices",train,data/limb/subject06/StaticP9/subject6_limb_EMG.mat,StaticP9,S06_StaticP9_seg0005,S06_StaticP9_seg0005,4,5,Rest,4,60485,75604,15120,1260.0,42,43
S06_personal_fold07,6,7,6,7,"per class: test=i, validation=(i+1)%8, train=remaining 6 segment indices",train,data/limb/subject06/StaticP10/subject6_limb_EMG.mat,StaticP10,S06_StaticP10_seg0005,S06_StaticP10_seg0005,5,5,Rest,4,60481,75600,15120,1260.0,42,43
S06_personal_fold07,6,7,6,7,"per class: test=i, validation=(i+1)%8, train=remaining 6 segment indices",test,data/limb/subject06/StaticP14/subject6_limb_EMG.mat,StaticP14,S06_StaticP14_seg0005,S06_StaticP14_seg0005,6,5,Rest,4,60481,75600,15120,1260.0,42,43
S06_personal_fold07,6,7,6,7,"per class: test=i, validation=(i+1)%8, train=remaining 6 segment indices",validation,data/limb/subject06/Dynamic/subject6_limb_EMG.mat,Dynamic,S06_Dynamic_seg0005,S06_Dynamic_seg0005,7,5,Rest,4,452808,705206,252399,1260.0,42,43
S06_personal_fold08,6,8,7,0,"per class: test=i, validation=(i+1)%8, train=remaining 6 segment indices",validation,data/limb/subject06/StaticP1/subject6_limb_EMG.mat,StaticP1,S06_StaticP1_seg0001,S06_StaticP1_seg0001,0,1,HandOpen,0,1,15120,15120,1260.0,42,43
S06_personal_fold08,6,8,7,0,"per class: test=i, validation=(i+1)%8, train=remaining 6 segment indices",train,data/limb/subject06/StaticP2/subject6_limb_EMG.mat,StaticP2,S06_StaticP2_seg0001,S06_StaticP2_seg0001,1,1,HandOpen,0,1,15120,15120,1260.0,42,43
S06_personal_fold08,6,8,7,0,"per class: test=i, validation=(i+1)%8, train=remaining 6 segment indices",train,data/limb/subject06/StaticP3/subject6_limb_EMG.mat,StaticP3,S06_StaticP3_seg0001,S06_StaticP3_seg0001,2,1,HandOpen,0,1,15120,15120,1260.0,42,43
S06_personal_fold08,6,8,7,0,"per class: test=i, validation=(i+1)%8, train=remaining 6 segment indices",train,data/limb/subject06/StaticP4/subject6_limb_EMG.mat,StaticP4,S06_StaticP4_seg0001,S06_StaticP4_seg0001,3,1,HandOpen,0,1,15120,15120,1260.0,42,43
S06_personal_fold08,6,8,7,0,"per class: test=i, validation=(i+1)%8, train=remaining 6 segment indices",train,data/limb/subject06/StaticP9/subject6_limb_EMG.mat,StaticP9,S06_StaticP9_seg0001,S06_StaticP9_seg0001,4,1,HandOpen,0,1,15120,15120,1260.0,42,43
S06_personal_fold08,6,8,7,0,"per class: test=i, validation=(i+1)%8, train=remaining 6 segment indices",train,data/limb/subject06/StaticP10/subject6_limb_EMG.mat,StaticP10,S06_StaticP10_seg0001,S06_StaticP10_seg0001,5,1,HandOpen,0,1,15120,15120,1260.0,42,43
S06_personal_fold08,6,8,7,0,"per class: test=i, validation=(i+1)%8, train=remaining 6 segment indices",train,data/limb/subject06/StaticP14/subject6_limb_EMG.mat,StaticP14,S06_StaticP14_seg0001,S06_StaticP14_seg0001,6,1,HandOpen,0,1,15120,15120,1260.0,42,43
S06_personal_fold08,6,8,7,0,"per class: test=i, validation=(i+1)%8, train=remaining 6 segment indices",test,data/limb/subject06/Dynamic/subject6_limb_EMG.mat,Dynamic,S06_Dynamic_seg0001,S06_Dynamic_seg0001,7,1,HandOpen,0,1,111064,111064,1260.0,42,43
S06_personal_fold08,6,8,7,0,"per class: test=i, validation=(i+1)%8, train=remaining 6 segment indices",validation,data/limb/subject06/StaticP1/subject6_limb_EMG.mat,StaticP1,S06_StaticP1_seg0002,S06_StaticP1_seg0002,0,2,Lateral,1,15121,30240,15120,1260.0,42,43
S06_personal_fold08,6,8,7,0,"per class: test=i, validation=(i+1)%8, train=remaining 6 segment indices",train,data/limb/subject06/StaticP2/subject6_limb_EMG.mat,StaticP2,S06_StaticP2_seg0002,S06_StaticP2_seg0002,1,2,Lateral,1,15121,30244,15124,1260.0,42,43
S06_personal_fold08,6,8,7,0,"per class: test=i, validation=(i+1)%8, train=remaining 6 segment indices",train,data/limb/subject06/StaticP3/subject6_limb_EMG.mat,StaticP3,S06_StaticP3_seg0002,S06_StaticP3_seg0002,2,2,Lateral,1,15121,30240,15120,1260.0,42,43
S06_personal_fold08,6,8,7,0,"per class: test=i, validation=(i+1)%8, train=remaining 6 segment indices",train,data/limb/subject06/StaticP4/subject6_limb_EMG.mat,StaticP4,S06_StaticP4_seg0002,S06_StaticP4_seg0002,3,2,Lateral,1,15121,30240,15120,1260.0,42,43
S06_personal_fold08,6,8,7,0,"per class: test=i, validation=(i+1)%8, train=remaining 6 segment indices",train,data/limb/subject06/StaticP9/subject6_limb_EMG.mat,StaticP9,S06_StaticP9_seg0002,S06_StaticP9_seg0002,4,2,Lateral,1,15121,30244,15124,1260.0,42,43
S06_personal_fold08,6,8,7,0,"per class: test=i, validation=(i+1)%8, train=remaining 6 segment indices",train,data/limb/subject06/StaticP10/subject6_limb_EMG.mat,StaticP10,S06_StaticP10_seg0002,S06_StaticP10_seg0002,5,2,Lateral,1,15121,30240,15120,1260.0,42,43
S06_personal_fold08,6,8,7,0,"per class: test=i, validation=(i+1)%8, train=remaining 6 segment indices",train,data/limb/subject06/StaticP14/subject6_limb_EMG.mat,StaticP14,S06_StaticP14_seg0002,S06_StaticP14_seg0002,6,2,Lateral,1,15121,30240,15120,1260.0,42,43
S06_personal_fold08,6,8,7,0,"per class: test=i, validation=(i+1)%8, train=remaining 6 segment indices",test,data/limb/subject06/Dynamic/subject6_limb_EMG.mat,Dynamic,S06_Dynamic_seg0002,S06_Dynamic_seg0002,7,2,Lateral,1,111065,223552,112488,1260.0,42,43
S06_personal_fold08,6,8,7,0,"per class: test=i, validation=(i+1)%8, train=remaining 6 segment indices",validation,data/limb/subject06/StaticP1/subject6_limb_EMG.mat,StaticP1,S06_StaticP1_seg0003,S06_StaticP1_seg0003,0,3,Pinch,2,30241,45360,15120,1260.0,42,43
S06_personal_fold08,6,8,7,0,"per class: test=i, validation=(i+1)%8, train=remaining 6 segment indices",train,data/limb/subject06/StaticP2/subject6_limb_EMG.mat,StaticP2,S06_StaticP2_seg0003,S06_StaticP2_seg0003,1,3,Pinch,2,30245,45364,15120,1260.0,42,43
S06_personal_fold08,6,8,7,0,"per class: test=i, validation=(i+1)%8, train=remaining 6 segment indices",train,data/limb/subject06/StaticP3/subject6_limb_EMG.mat,StaticP3,S06_StaticP3_seg0003,S06_StaticP3_seg0003,2,3,Pinch,2,30241,45360,15120,1260.0,42,43
S06_personal_fold08,6,8,7,0,"per class: test=i, validation=(i+1)%8, train=remaining 6 segment indices",train,data/limb/subject06/StaticP4/subject6_limb_EMG.mat,StaticP4,S06_StaticP4_seg0003,S06_StaticP4_seg0003,3,3,Pinch,2,30241,45364,15124,1260.0,42,43
S06_personal_fold08,6,8,7,0,"per class: test=i, validation=(i+1)%8, train=remaining 6 segment indices",train,data/limb/subject06/StaticP9/subject6_limb_EMG.mat,StaticP9,S06_StaticP9_seg0003,S06_StaticP9_seg0003,4,3,Pinch,2,30245,45364,15120,1260.0,42,43
S06_personal_fold08,6,8,7,0,"per class: test=i, validation=(i+1)%8, train=remaining 6 segment indices",train,data/limb/subject06/StaticP10/subject6_limb_EMG.mat,StaticP10,S06_StaticP10_seg0003,S06_StaticP10_seg0003,5,3,Pinch,2,30241,45360,15120,1260.0,42,43
S06_personal_fold08,6,8,7,0,"per class: test=i, validation=(i+1)%8, train=remaining 6 segment indices",train,data/limb/subject06/StaticP14/subject6_limb_EMG.mat,StaticP14,S06_StaticP14_seg0003,S06_StaticP14_seg0003,6,3,Pinch,2,30241,45360,15120,1260.0,42,43
S06_personal_fold08,6,8,7,0,"per class: test=i, validation=(i+1)%8, train=remaining 6 segment indices",test,data/limb/subject06/Dynamic/subject6_limb_EMG.mat,Dynamic,S06_Dynamic_seg0003,S06_Dynamic_seg0003,7,3,Pinch,2,223553,336047,112495,1260.0,42,43
S06_personal_fold08,6,8,7,0,"per class: test=i, validation=(i+1)%8, train=remaining 6 segment indices",validation,data/limb/subject06/StaticP1/subject6_limb_EMG.mat,StaticP1,S06_StaticP1_seg0004,S06_StaticP1_seg0004,0,4,Power,3,45361,60480,15120,1260.0,42,43
S06_personal_fold08,6,8,7,0,"per class: test=i, validation=(i+1)%8, train=remaining 6 segment indices",train,data/limb/subject06/StaticP2/subject6_limb_EMG.mat,StaticP2,S06_StaticP2_seg0004,S06_StaticP2_seg0004,1,4,Power,3,45365,60484,15120,1260.0,42,43
S06_personal_fold08,6,8,7,0,"per class: test=i, validation=(i+1)%8, train=remaining 6 segment indices",train,data/limb/subject06/StaticP3/subject6_limb_EMG.mat,StaticP3,S06_StaticP3_seg0004,S06_StaticP3_seg0004,2,4,Power,3,45361,60480,15120,1260.0,42,43
S06_personal_fold08,6,8,7,0,"per class: test=i, validation=(i+1)%8, train=remaining 6 segment indices",train,data/limb/subject06/StaticP4/subject6_limb_EMG.mat,StaticP4,S06_StaticP4_seg0004,S06_StaticP4_seg0004,3,4,Power,3,45365,60484,15120,1260.0,42,43
S06_personal_fold08,6,8,7,0,"per class: test=i, validation=(i+1)%8, train=remaining 6 segment indices",train,data/limb/subject06/StaticP9/subject6_limb_EMG.mat,StaticP9,S06_StaticP9_seg0004,S06_StaticP9_seg0004,4,4,Power,3,45365,60484,15120,1260.0,42,43
S06_personal_fold08,6,8,7,0,"per class: test=i, validation=(i+1)%8, train=remaining 6 segment indices",train,data/limb/subject06/StaticP10/subject6_limb_EMG.mat,StaticP10,S06_StaticP10_seg0004,S06_StaticP10_seg0004,5,4,Power,3,45361,60480,15120,1260.0,42,43
S06_personal_fold08,6,8,7,0,"per class: test=i, validation=(i+1)%8, train=remaining 6 segment indices",train,data/limb/subject06/StaticP14/subject6_limb_EMG.mat,StaticP14,S06_StaticP14_seg0004,S06_StaticP14_seg0004,6,4,Power,3,45361,60480,15120,1260.0,42,43
S06_personal_fold08,6,8,7,0,"per class: test=i, validation=(i+1)%8, train=remaining 6 segment indices",test,data/limb/subject06/Dynamic/subject6_limb_EMG.mat,Dynamic,S06_Dynamic_seg0004,S06_Dynamic_seg0004,7,4,Power,3,336048,452807,116760,1260.0,42,43
S06_personal_fold08,6,8,7,0,"per class: test=i, validation=(i+1)%8, train=remaining 6 segment indices",validation,data/limb/subject06/StaticP1/subject6_limb_EMG.mat,StaticP1,S06_StaticP1_seg0005,S06_StaticP1_seg0005,0,5,Rest,4,60481,75600,15120,1260.0,42,43
S06_personal_fold08,6,8,7,0,"per class: test=i, validation=(i+1)%8, train=remaining 6 segment indices",train,data/limb/subject06/StaticP2/subject6_limb_EMG.mat,StaticP2,S06_StaticP2_seg0005,S06_StaticP2_seg0005,1,5,Rest,4,60485,75604,15120,1260.0,42,43
S06_personal_fold08,6,8,7,0,"per class: test=i, validation=(i+1)%8, train=remaining 6 segment indices",train,data/limb/subject06/StaticP3/subject6_limb_EMG.mat,StaticP3,S06_StaticP3_seg0005,S06_StaticP3_seg0005,2,5,Rest,4,60481,75600,15120,1260.0,42,43
S06_personal_fold08,6,8,7,0,"per class: test=i, validation=(i+1)%8, train=remaining 6 segment indices",train,data/limb/subject06/StaticP4/subject6_limb_EMG.mat,StaticP4,S06_StaticP4_seg0005,S06_StaticP4_seg0005,3,5,Rest,4,60485,75604,15120,1260.0,42,43
S06_personal_fold08,6,8,7,0,"per class: test=i, validation=(i+1)%8, train=remaining 6 segment indices",train,data/limb/subject06/StaticP9/subject6_limb_EMG.mat,StaticP9,S06_StaticP9_seg0005,S06_StaticP9_seg0005,4,5,Rest,4,60485,75604,15120,1260.0,42,43
S06_personal_fold08,6,8,7,0,"per class: test=i, validation=(i+1)%8, train=remaining 6 segment indices",train,data/limb/subject06/StaticP10/subject6_limb_EMG.mat,StaticP10,S06_StaticP10_seg0005,S06_StaticP10_seg0005,5,5,Rest,4,60481,75600,15120,1260.0,42,43
S06_personal_fold08,6,8,7,0,"per class: test=i, validation=(i+1)%8, train=remaining 6 segment indices",train,data/limb/subject06/StaticP14/subject6_limb_EMG.mat,StaticP14,S06_StaticP14_seg0005,S06_StaticP14_seg0005,6,5,Rest,4,60481,75600,15120,1260.0,42,43
S06_personal_fold08,6,8,7,0,"per class: test=i, validation=(i+1)%8, train=remaining 6 segment indices",test,data/limb/subject06/Dynamic/subject6_limb_EMG.mat,Dynamic,S06_Dynamic_seg0005,S06_Dynamic_seg0005,7,5,Rest,4,452808,705206,252399,1260.0,42,43
S07_personal_fold01,7,1,0,1,"per class: test=i, validation=(i+1)%8, train=remaining 6 segment indices",test,data/limb/subject07/StaticP1/subject7_limb_EMG.mat,StaticP1,S07_StaticP1_seg0001,S07_StaticP1_seg0001,0,1,HandOpen,0,1,15120,15120,1260.0,42,43
S07_personal_fold01,7,1,0,1,"per class: test=i, validation=(i+1)%8, train=remaining 6 segment indices",validation,data/limb/subject07/StaticP2/subject7_limb_EMG.mat,StaticP2,S07_StaticP2_seg0001,S07_StaticP2_seg0001,1,1,HandOpen,0,1,15120,15120,1260.0,42,43
S07_personal_fold01,7,1,0,1,"per class: test=i, validation=(i+1)%8, train=remaining 6 segment indices",train,data/limb/subject07/StaticP3/subject7_limb_EMG.mat,StaticP3,S07_StaticP3_seg0001,S07_StaticP3_seg0001,2,1,HandOpen,0,1,15120,15120,1260.0,42,43
S07_personal_fold01,7,1,0,1,"per class: test=i, validation=(i+1)%8, train=remaining 6 segment indices",train,data/limb/subject07/StaticP4/subject7_limb_EMG.mat,StaticP4,S07_StaticP4_seg0001,S07_StaticP4_seg0001,3,1,HandOpen,0,1,15120,15120,1260.0,42,43
S07_personal_fold01,7,1,0,1,"per class: test=i, validation=(i+1)%8, train=remaining 6 segment indices",train,data/limb/subject07/StaticP9/subject7_limb_EMG.mat,StaticP9,S07_StaticP9_seg0001,S07_StaticP9_seg0001,4,1,HandOpen,0,1,15120,15120,1260.0,42,43
S07_personal_fold01,7,1,0,1,"per class: test=i, validation=(i+1)%8, train=remaining 6 segment indices",train,data/limb/subject07/StaticP10/subject7_limb_EMG.mat,StaticP10,S07_StaticP10_seg0001,S07_StaticP10_seg0001,5,1,HandOpen,0,1,15120,15120,1260.0,42,43
S07_personal_fold01,7,1,0,1,"per class: test=i, validation=(i+1)%8, train=remaining 6 segment indices",train,data/limb/subject07/StaticP14/subject7_limb_EMG.mat,StaticP14,S07_StaticP14_seg0001,S07_StaticP14_seg0001,6,1,HandOpen,0,1,15120,15120,1260.0,42,43
S07_personal_fold01,7,1,0,1,"per class: test=i, validation=(i+1)%8, train=remaining 6 segment indices",train,data/limb/subject07/Dynamic/subject7_limb_EMG.mat,Dynamic,S07_Dynamic_seg0001,S07_Dynamic_seg0001,7,1,HandOpen,0,1,116083,116083,1260.0,42,43
S07_personal_fold01,7,1,0,1,"per class: test=i, validation=(i+1)%8, train=remaining 6 segment indices",test,data/limb/subject07/StaticP1/subject7_limb_EMG.mat,StaticP1,S07_StaticP1_seg0002,S07_StaticP1_seg0002,0,2,Lateral,1,15121,30240,15120,1260.0,42,43
S07_personal_fold01,7,1,0,1,"per class: test=i, validation=(i+1)%8, train=remaining 6 segment indices",validation,data/limb/subject07/StaticP2/subject7_limb_EMG.mat,StaticP2,S07_StaticP2_seg0002,S07_StaticP2_seg0002,1,2,Lateral,1,15121,30240,15120,1260.0,42,43
S07_personal_fold01,7,1,0,1,"per class: test=i, validation=(i+1)%8, train=remaining 6 segment indices",train,data/limb/subject07/StaticP3/subject7_limb_EMG.mat,StaticP3,S07_StaticP3_seg0002,S07_StaticP3_seg0002,2,2,Lateral,1,15121,30240,15120,1260.0,42,43
S07_personal_fold01,7,1,0,1,"per class: test=i, validation=(i+1)%8, train=remaining 6 segment indices",train,data/limb/subject07/StaticP4/subject7_limb_EMG.mat,StaticP4,S07_StaticP4_seg0002,S07_StaticP4_seg0002,3,2,Lateral,1,15121,30240,15120,1260.0,42,43
S07_personal_fold01,7,1,0,1,"per class: test=i, validation=(i+1)%8, train=remaining 6 segment indices",train,data/limb/subject07/StaticP9/subject7_limb_EMG.mat,StaticP9,S07_StaticP9_seg0002,S07_StaticP9_seg0002,4,2,Lateral,1,15121,30240,15120,1260.0,42,43
S07_personal_fold01,7,1,0,1,"per class: test=i, validation=(i+1)%8, train=remaining 6 segment indices",train,data/limb/subject07/StaticP10/subject7_limb_EMG.mat,StaticP10,S07_StaticP10_seg0002,S07_StaticP10_seg0002,5,2,Lateral,1,15121,30240,15120,1260.0,42,43
S07_personal_fold01,7,1,0,1,"per class: test=i, validation=(i+1)%8, train=remaining 6 segment indices",train,data/limb/subject07/StaticP14/subject7_limb_EMG.mat,StaticP14,S07_StaticP14_seg0002,S07_StaticP14_seg0002,6,2,Lateral,1,15121,30240,15120,1260.0,42,43
S07_personal_fold01,7,1,0,1,"per class: test=i, validation=(i+1)%8, train=remaining 6 segment indices",train,data/limb/subject07/Dynamic/subject7_limb_EMG.mat,Dynamic,S07_Dynamic_seg0002,S07_Dynamic_seg0002,7,2,Lateral,1,116084,236518,120435,1260.0,42,43
S07_personal_fold01,7,1,0,1,"per class: test=i, validation=(i+1)%8, train=remaining 6 segment indices",test,data/limb/subject07/StaticP1/subject7_limb_EMG.mat,StaticP1,S07_StaticP1_seg0003,S07_StaticP1_seg0003,0,3,Pinch,2,30241,45360,15120,1260.0,42,43
S07_personal_fold01,7,1,0,1,"per class: test=i, validation=(i+1)%8, train=remaining 6 segment indices",validation,data/limb/subject07/StaticP2/subject7_limb_EMG.mat,StaticP2,S07_StaticP2_seg0003,S07_StaticP2_seg0003,1,3,Pinch,2,30241,45360,15120,1260.0,42,43
S07_personal_fold01,7,1,0,1,"per class: test=i, validation=(i+1)%8, train=remaining 6 segment indices",train,data/limb/subject07/StaticP3/subject7_limb_EMG.mat,StaticP3,S07_StaticP3_seg0003,S07_StaticP3_seg0003,2,3,Pinch,2,30241,45360,15120,1260.0,42,43
S07_personal_fold01,7,1,0,1,"per class: test=i, validation=(i+1)%8, train=remaining 6 segment indices",train,data/limb/subject07/StaticP4/subject7_limb_EMG.mat,StaticP4,S07_StaticP4_seg0003,S07_StaticP4_seg0003,3,3,Pinch,2,30241,45360,15120,1260.0,42,43
S07_personal_fold01,7,1,0,1,"per class: test=i, validation=(i+1)%8, train=remaining 6 segment indices",train,data/limb/subject07/StaticP9/subject7_limb_EMG.mat,StaticP9,S07_StaticP9_seg0003,S07_StaticP9_seg0003,4,3,Pinch,2,30241,45360,15120,1260.0,42,43
S07_personal_fold01,7,1,0,1,"per class: test=i, validation=(i+1)%8, train=remaining 6 segment indices",train,data/limb/subject07/StaticP10/subject7_limb_EMG.mat,StaticP10,S07_StaticP10_seg0003,S07_StaticP10_seg0003,5,3,Pinch,2,30241,45360,15120,1260.0,42,43
S07_personal_fold01,7,1,0,1,"per class: test=i, validation=(i+1)%8, train=remaining 6 segment indices",train,data/limb/subject07/StaticP14/subject7_limb_EMG.mat,StaticP14,S07_StaticP14_seg0003,S07_StaticP14_seg0003,6,3,Pinch,2,30241,45360,15120,1260.0,42,43
S07_personal_fold01,7,1,0,1,"per class: test=i, validation=(i+1)%8, train=remaining 6 segment indices",train,data/limb/subject07/Dynamic/subject7_limb_EMG.mat,Dynamic,S07_Dynamic_seg0003,S07_Dynamic_seg0003,7,3,Pinch,2,236519,355503,118985,1260.0,42,43
S07_personal_fold01,7,1,0,1,"per class: test=i, validation=(i+1)%8, train=remaining 6 segment indices",test,data/limb/subject07/StaticP1/subject7_limb_EMG.mat,StaticP1,S07_StaticP1_seg0004,S07_StaticP1_seg0004,0,4,Power,3,45361,60480,15120,1260.0,42,43
S07_personal_fold01,7,1,0,1,"per class: test=i, validation=(i+1)%8, train=remaining 6 segment indices",validation,data/limb/subject07/StaticP2/subject7_limb_EMG.mat,StaticP2,S07_StaticP2_seg0004,S07_StaticP2_seg0004,1,4,Power,3,45361,60480,15120,1260.0,42,43
S07_personal_fold01,7,1,0,1,"per class: test=i, validation=(i+1)%8, train=remaining 6 segment indices",train,data/limb/subject07/StaticP3/subject7_limb_EMG.mat,StaticP3,S07_StaticP3_seg0004,S07_StaticP3_seg0004,2,4,Power,3,45361,60480,15120,1260.0,42,43
S07_personal_fold01,7,1,0,1,"per class: test=i, validation=(i+1)%8, train=remaining 6 segment indices",train,data/limb/subject07/StaticP4/subject7_limb_EMG.mat,StaticP4,S07_StaticP4_seg0004,S07_StaticP4_seg0004,3,4,Power,3,45361,60480,15120,1260.0,42,43
S07_personal_fold01,7,1,0,1,"per class: test=i, validation=(i+1)%8, train=remaining 6 segment indices",train,data/limb/subject07/StaticP9/subject7_limb_EMG.mat,StaticP9,S07_StaticP9_seg0004,S07_StaticP9_seg0004,4,4,Power,3,45361,60480,15120,1260.0,42,43
S07_personal_fold01,7,1,0,1,"per class: test=i, validation=(i+1)%8, train=remaining 6 segment indices",train,data/limb/subject07/StaticP10/subject7_limb_EMG.mat,StaticP10,S07_StaticP10_seg0004,S07_StaticP10_seg0004,5,4,Power,3,45361,60480,15120,1260.0,42,43
S07_personal_fold01,7,1,0,1,"per class: test=i, validation=(i+1)%8, train=remaining 6 segment indices",train,data/limb/subject07/StaticP14/subject7_limb_EMG.mat,StaticP14,S07_StaticP14_seg0004,S07_StaticP14_seg0004,6,4,Power,3,45361,60480,15120,1260.0,42,43
S07_personal_fold01,7,1,0,1,"per class: test=i, validation=(i+1)%8, train=remaining 6 segment indices",train,data/limb/subject07/Dynamic/subject7_limb_EMG.mat,Dynamic,S07_Dynamic_seg0004,S07_Dynamic_seg0004,7,4,Power,3,355504,471615,116112,1260.0,42,43
S07_personal_fold01,7,1,0,1,"per class: test=i, validation=(i+1)%8, train=remaining 6 segment indices",test,data/limb/subject07/StaticP1/subject7_limb_EMG.mat,StaticP1,S07_StaticP1_seg0005,S07_StaticP1_seg0005,0,5,Rest,4,60481,75600,15120,1260.0,42,43
S07_personal_fold01,7,1,0,1,"per class: test=i, validation=(i+1)%8, train=remaining 6 segment indices",validation,data/limb/subject07/StaticP2/subject7_limb_EMG.mat,StaticP2,S07_StaticP2_seg0005,S07_StaticP2_seg0005,1,5,Rest,4,60481,75600,15120,1260.0,42,43
S07_personal_fold01,7,1,0,1,"per class: test=i, validation=(i+1)%8, train=remaining 6 segment indices",train,data/limb/subject07/StaticP3/subject7_limb_EMG.mat,StaticP3,S07_StaticP3_seg0005,S07_StaticP3_seg0005,2,5,Rest,4,60481,75600,15120,1260.0,42,43
S07_personal_fold01,7,1,0,1,"per class: test=i, validation=(i+1)%8, train=remaining 6 segment indices",train,data/limb/subject07/StaticP4/subject7_limb_EMG.mat,StaticP4,S07_StaticP4_seg0005,S07_StaticP4_seg0005,3,5,Rest,4,60481,75600,15120,1260.0,42,43
S07_personal_fold01,7,1,0,1,"per class: test=i, validation=(i+1)%8, train=remaining 6 segment indices",train,data/limb/subject07/StaticP9/subject7_limb_EMG.mat,StaticP9,S07_StaticP9_seg0005,S07_StaticP9_seg0005,4,5,Rest,4,60481,75600,15120,1260.0,42,43
S07_personal_fold01,7,1,0,1,"per class: test=i, validation=(i+1)%8, train=remaining 6 segment indices",train,data/limb/subject07/StaticP10/subject7_limb_EMG.mat,StaticP10,S07_StaticP10_seg0005,S07_StaticP10_seg0005,5,5,Rest,4,60481,75600,15120,1260.0,42,43
S07_personal_fold01,7,1,0,1,"per class: test=i, validation=(i+1)%8, train=remaining 6 segment indices",train,data/limb/subject07/StaticP14/subject7_limb_EMG.mat,StaticP14,S07_StaticP14_seg0005,S07_StaticP14_seg0005,6,5,Rest,4,60481,75600,15120,1260.0,42,43
S07_personal_fold01,7,1,0,1,"per class: test=i, validation=(i+1)%8, train=remaining 6 segment indices",train,data/limb/subject07/Dynamic/subject7_limb_EMG.mat,Dynamic,S07_Dynamic_seg0005,S07_Dynamic_seg0005,7,5,Rest,4,471616,740347,268732,1260.0,42,43
S07_personal_fold02,7,2,1,2,"per class: test=i, validation=(i+1)%8, train=remaining 6 segment indices",train,data/limb/subject07/StaticP1/subject7_limb_EMG.mat,StaticP1,S07_StaticP1_seg0001,S07_StaticP1_seg0001,0,1,HandOpen,0,1,15120,15120,1260.0,42,43
S07_personal_fold02,7,2,1,2,"per class: test=i, validation=(i+1)%8, train=remaining 6 segment indices",test,data/limb/subject07/StaticP2/subject7_limb_EMG.mat,StaticP2,S07_StaticP2_seg0001,S07_StaticP2_seg0001,1,1,HandOpen,0,1,15120,15120,1260.0,42,43
S07_personal_fold02,7,2,1,2,"per class: test=i, validation=(i+1)%8, train=remaining 6 segment indices",validation,data/limb/subject07/StaticP3/subject7_limb_EMG.mat,StaticP3,S07_StaticP3_seg0001,S07_StaticP3_seg0001,2,1,HandOpen,0,1,15120,15120,1260.0,42,43
S07_personal_fold02,7,2,1,2,"per class: test=i, validation=(i+1)%8, train=remaining 6 segment indices",train,data/limb/subject07/StaticP4/subject7_limb_EMG.mat,StaticP4,S07_StaticP4_seg0001,S07_StaticP4_seg0001,3,1,HandOpen,0,1,15120,15120,1260.0,42,43
S07_personal_fold02,7,2,1,2,"per class: test=i, validation=(i+1)%8, train=remaining 6 segment indices",train,data/limb/subject07/StaticP9/subject7_limb_EMG.mat,StaticP9,S07_StaticP9_seg0001,S07_StaticP9_seg0001,4,1,HandOpen,0,1,15120,15120,1260.0,42,43
S07_personal_fold02,7,2,1,2,"per class: test=i, validation=(i+1)%8, train=remaining 6 segment indices",train,data/limb/subject07/StaticP10/subject7_limb_EMG.mat,StaticP10,S07_StaticP10_seg0001,S07_StaticP10_seg0001,5,1,HandOpen,0,1,15120,15120,1260.0,42,43
S07_personal_fold02,7,2,1,2,"per class: test=i, validation=(i+1)%8, train=remaining 6 segment indices",train,data/limb/subject07/StaticP14/subject7_limb_EMG.mat,StaticP14,S07_StaticP14_seg0001,S07_StaticP14_seg0001,6,1,HandOpen,0,1,15120,15120,1260.0,42,43
S07_personal_fold02,7,2,1,2,"per class: test=i, validation=(i+1)%8, train=remaining 6 segment indices",train,data/limb/subject07/Dynamic/subject7_limb_EMG.mat,Dynamic,S07_Dynamic_seg0001,S07_Dynamic_seg0001,7,1,HandOpen,0,1,116083,116083,1260.0,42,43
S07_personal_fold02,7,2,1,2,"per class: test=i, validation=(i+1)%8, train=remaining 6 segment indices",train,data/limb/subject07/StaticP1/subject7_limb_EMG.mat,StaticP1,S07_StaticP1_seg0002,S07_StaticP1_seg0002,0,2,Lateral,1,15121,30240,15120,1260.0,42,43
S07_personal_fold02,7,2,1,2,"per class: test=i, validation=(i+1)%8, train=remaining 6 segment indices",test,data/limb/subject07/StaticP2/subject7_limb_EMG.mat,StaticP2,S07_StaticP2_seg0002,S07_StaticP2_seg0002,1,2,Lateral,1,15121,30240,15120,1260.0,42,43
S07_personal_fold02,7,2,1,2,"per class: test=i, validation=(i+1)%8, train=remaining 6 segment indices",validation,data/limb/subject07/StaticP3/subject7_limb_EMG.mat,StaticP3,S07_StaticP3_seg0002,S07_StaticP3_seg0002,2,2,Lateral,1,15121,30240,15120,1260.0,42,43
S07_personal_fold02,7,2,1,2,"per class: test=i, validation=(i+1)%8, train=remaining 6 segment indices",train,data/limb/subject07/StaticP4/subject7_limb_EMG.mat,StaticP4,S07_StaticP4_seg0002,S07_StaticP4_seg0002,3,2,Lateral,1,15121,30240,15120,1260.0,42,43
S07_personal_fold02,7,2,1,2,"per class: test=i, validation=(i+1)%8, train=remaining 6 segment indices",train,data/limb/subject07/StaticP9/subject7_limb_EMG.mat,StaticP9,S07_StaticP9_seg0002,S07_StaticP9_seg0002,4,2,Lateral,1,15121,30240,15120,1260.0,42,43
S07_personal_fold02,7,2,1,2,"per class: test=i, validation=(i+1)%8, train=remaining 6 segment indices",train,data/limb/subject07/StaticP10/subject7_limb_EMG.mat,StaticP10,S07_StaticP10_seg0002,S07_StaticP10_seg0002,5,2,Lateral,1,15121,30240,15120,1260.0,42,43
S07_personal_fold02,7,2,1,2,"per class: test=i, validation=(i+1)%8, train=remaining 6 segment indices",train,data/limb/subject07/StaticP14/subject7_limb_EMG.mat,StaticP14,S07_StaticP14_seg0002,S07_StaticP14_seg0002,6,2,Lateral,1,15121,30240,15120,1260.0,42,43
S07_personal_fold02,7,2,1,2,"per class: test=i, validation=(i+1)%8, train=remaining 6 segment indices",train,data/limb/subject07/Dynamic/subject7_limb_EMG.mat,Dynamic,S07_Dynamic_seg0002,S07_Dynamic_seg0002,7,2,Lateral,1,116084,236518,120435,1260.0,42,43
S07_personal_fold02,7,2,1,2,"per class: test=i, validation=(i+1)%8, train=remaining 6 segment indices",train,data/limb/subject07/StaticP1/subject7_limb_EMG.mat,StaticP1,S07_StaticP1_seg0003,S07_StaticP1_seg0003,0,3,Pinch,2,30241,45360,15120,1260.0,42,43
S07_personal_fold02,7,2,1,2,"per class: test=i, validation=(i+1)%8, train=remaining 6 segment indices",test,data/limb/subject07/StaticP2/subject7_limb_EMG.mat,StaticP2,S07_StaticP2_seg0003,S07_StaticP2_seg0003,1,3,Pinch,2,30241,45360,15120,1260.0,42,43
S07_personal_fold02,7,2,1,2,"per class: test=i, validation=(i+1)%8, train=remaining 6 segment indices",validation,data/limb/subject07/StaticP3/subject7_limb_EMG.mat,StaticP3,S07_StaticP3_seg0003,S07_StaticP3_seg0003,2,3,Pinch,2,30241,45360,15120,1260.0,42,43
S07_personal_fold02,7,2,1,2,"per class: test=i, validation=(i+1)%8, train=remaining 6 segment indices",train,data/limb/subject07/StaticP4/subject7_limb_EMG.mat,StaticP4,S07_StaticP4_seg0003,S07_StaticP4_seg0003,3,3,Pinch,2,30241,45360,15120,1260.0,42,43
S07_personal_fold02,7,2,1,2,"per class: test=i, validation=(i+1)%8, train=remaining 6 segment indices",train,data/limb/subject07/StaticP9/subject7_limb_EMG.mat,StaticP9,S07_StaticP9_seg0003,S07_StaticP9_seg0003,4,3,Pinch,2,30241,45360,15120,1260.0,42,43
S07_personal_fold02,7,2,1,2,"per class: test=i, validation=(i+1)%8, train=remaining 6 segment indices",train,data/limb/subject07/StaticP10/subject7_limb_EMG.mat,StaticP10,S07_StaticP10_seg0003,S07_StaticP10_seg0003,5,3,Pinch,2,30241,45360,15120,1260.0,42,43
S07_personal_fold02,7,2,1,2,"per class: test=i, validation=(i+1)%8, train=remaining 6 segment indices",train,data/limb/subject07/StaticP14/subject7_limb_EMG.mat,StaticP14,S07_StaticP14_seg0003,S07_StaticP14_seg0003,6,3,Pinch,2,30241,45360,15120,1260.0,42,43
S07_personal_fold02,7,2,1,2,"per class: test=i, validation=(i+1)%8, train=remaining 6 segment indices",train,data/limb/subject07/Dynamic/subject7_limb_EMG.mat,Dynamic,S07_Dynamic_seg0003,S07_Dynamic_seg0003,7,3,Pinch,2,236519,355503,118985,1260.0,42,43
S07_personal_fold02,7,2,1,2,"per class: test=i, validation=(i+1)%8, train=remaining 6 segment indices",train,data/limb/subject07/StaticP1/subject7_limb_EMG.mat,StaticP1,S07_StaticP1_seg0004,S07_StaticP1_seg0004,0,4,Power,3,45361,60480,15120,1260.0,42,43
S07_personal_fold02,7,2,1,2,"per class: test=i, validation=(i+1)%8, train=remaining 6 segment indices",test,data/limb/subject07/StaticP2/subject7_limb_EMG.mat,StaticP2,S07_StaticP2_seg0004,S07_StaticP2_seg0004,1,4,Power,3,45361,60480,15120,1260.0,42,43
S07_personal_fold02,7,2,1,2,"per class: test=i, validation=(i+1)%8, train=remaining 6 segment indices",validation,data/limb/subject07/StaticP3/subject7_limb_EMG.mat,StaticP3,S07_StaticP3_seg0004,S07_StaticP3_seg0004,2,4,Power,3,45361,60480,15120,1260.0,42,43
S07_personal_fold02,7,2,1,2,"per class: test=i, validation=(i+1)%8, train=remaining 6 segment indices",train,data/limb/subject07/StaticP4/subject7_limb_EMG.mat,StaticP4,S07_StaticP4_seg0004,S07_StaticP4_seg0004,3,4,Power,3,45361,60480,15120,1260.0,42,43
S07_personal_fold02,7,2,1,2,"per class: test=i, validation=(i+1)%8, train=remaining 6 segment indices",train,data/limb/subject07/StaticP9/subject7_limb_EMG.mat,StaticP9,S07_StaticP9_seg0004,S07_StaticP9_seg0004,4,4,Power,3,45361,60480,15120,1260.0,42,43
S07_personal_fold02,7,2,1,2,"per class: test=i, validation=(i+1)%8, train=remaining 6 segment indices",train,data/limb/subject07/StaticP10/subject7_limb_EMG.mat,StaticP10,S07_StaticP10_seg0004,S07_StaticP10_seg0004,5,4,Power,3,45361,60480,15120,1260.0,42,43
S07_personal_fold02,7,2,1,2,"per class: test=i, validation=(i+1)%8, train=remaining 6 segment indices",train,data/limb/subject07/StaticP14/subject7_limb_EMG.mat,StaticP14,S07_StaticP14_seg0004,S07_StaticP14_seg0004,6,4,Power,3,45361,60480,15120,1260.0,42,43
S07_personal_fold02,7,2,1,2,"per class: test=i, validation=(i+1)%8, train=remaining 6 segment indices",train,data/limb/subject07/Dynamic/subject7_limb_EMG.mat,Dynamic,S07_Dynamic_seg0004,S07_Dynamic_seg0004,7,4,Power,3,355504,471615,116112,1260.0,42,43
S07_personal_fold02,7,2,1,2,"per class: test=i, validation=(i+1)%8, train=remaining 6 segment indices",train,data/limb/subject07/StaticP1/subject7_limb_EMG.mat,StaticP1,S07_StaticP1_seg0005,S07_StaticP1_seg0005,0,5,Rest,4,60481,75600,15120,1260.0,42,43
S07_personal_fold02,7,2,1,2,"per class: test=i, validation=(i+1)%8, train=remaining 6 segment indices",test,data/limb/subject07/StaticP2/subject7_limb_EMG.mat,StaticP2,S07_StaticP2_seg0005,S07_StaticP2_seg0005,1,5,Rest,4,60481,75600,15120,1260.0,42,43
S07_personal_fold02,7,2,1,2,"per class: test=i, validation=(i+1)%8, train=remaining 6 segment indices",validation,data/limb/subject07/StaticP3/subject7_limb_EMG.mat,StaticP3,S07_StaticP3_seg0005,S07_StaticP3_seg0005,2,5,Rest,4,60481,75600,15120,1260.0,42,43
S07_personal_fold02,7,2,1,2,"per class: test=i, validation=(i+1)%8, train=remaining 6 segment indices",train,data/limb/subject07/StaticP4/subject7_limb_EMG.mat,StaticP4,S07_StaticP4_seg0005,S07_StaticP4_seg0005,3,5,Rest,4,60481,75600,15120,1260.0,42,43
S07_personal_fold02,7,2,1,2,"per class: test=i, validation=(i+1)%8, train=remaining 6 segment indices",train,data/limb/subject07/StaticP9/subject7_limb_EMG.mat,StaticP9,S07_StaticP9_seg0005,S07_StaticP9_seg0005,4,5,Rest,4,60481,75600,15120,1260.0,42,43
S07_personal_fold02,7,2,1,2,"per class: test=i, validation=(i+1)%8, train=remaining 6 segment indices",train,data/limb/subject07/StaticP10/subject7_limb_EMG.mat,StaticP10,S07_StaticP10_seg0005,S07_StaticP10_seg0005,5,5,Rest,4,60481,75600,15120,1260.0,42,43
S07_personal_fold02,7,2,1,2,"per class: test=i, validation=(i+1)%8, train=remaining 6 segment indices",train,data/limb/subject07/StaticP14/subject7_limb_EMG.mat,StaticP14,S07_StaticP14_seg0005,S07_StaticP14_seg0005,6,5,Rest,4,60481,75600,15120,1260.0,42,43
S07_personal_fold02,7,2,1,2,"per class: test=i, validation=(i+1)%8, train=remaining 6 segment indices",train,data/limb/subject07/Dynamic/subject7_limb_EMG.mat,Dynamic,S07_Dynamic_seg0005,S07_Dynamic_seg0005,7,5,Rest,4,471616,740347,268732,1260.0,42,43
S07_personal_fold03,7,3,2,3,"per class: test=i, validation=(i+1)%8, train=remaining 6 segment indices",train,data/limb/subject07/StaticP1/subject7_limb_EMG.mat,StaticP1,S07_StaticP1_seg0001,S07_StaticP1_seg0001,0,1,HandOpen,0,1,15120,15120,1260.0,42,43
S07_personal_fold03,7,3,2,3,"per class: test=i, validation=(i+1)%8, train=remaining 6 segment indices",train,data/limb/subject07/StaticP2/subject7_limb_EMG.mat,StaticP2,S07_StaticP2_seg0001,S07_StaticP2_seg0001,1,1,HandOpen,0,1,15120,15120,1260.0,42,43
S07_personal_fold03,7,3,2,3,"per class: test=i, validation=(i+1)%8, train=remaining 6 segment indices",test,data/limb/subject07/StaticP3/subject7_limb_EMG.mat,StaticP3,S07_StaticP3_seg0001,S07_StaticP3_seg0001,2,1,HandOpen,0,1,15120,15120,1260.0,42,43
S07_personal_fold03,7,3,2,3,"per class: test=i, validation=(i+1)%8, train=remaining 6 segment indices",validation,data/limb/subject07/StaticP4/subject7_limb_EMG.mat,StaticP4,S07_StaticP4_seg0001,S07_StaticP4_seg0001,3,1,HandOpen,0,1,15120,15120,1260.0,42,43
S07_personal_fold03,7,3,2,3,"per class: test=i, validation=(i+1)%8, train=remaining 6 segment indices",train,data/limb/subject07/StaticP9/subject7_limb_EMG.mat,StaticP9,S07_StaticP9_seg0001,S07_StaticP9_seg0001,4,1,HandOpen,0,1,15120,15120,1260.0,42,43
S07_personal_fold03,7,3,2,3,"per class: test=i, validation=(i+1)%8, train=remaining 6 segment indices",train,data/limb/subject07/StaticP10/subject7_limb_EMG.mat,StaticP10,S07_StaticP10_seg0001,S07_StaticP10_seg0001,5,1,HandOpen,0,1,15120,15120,1260.0,42,43
S07_personal_fold03,7,3,2,3,"per class: test=i, validation=(i+1)%8, train=remaining 6 segment indices",train,data/limb/subject07/StaticP14/subject7_limb_EMG.mat,StaticP14,S07_StaticP14_seg0001,S07_StaticP14_seg0001,6,1,HandOpen,0,1,15120,15120,1260.0,42,43
S07_personal_fold03,7,3,2,3,"per class: test=i, validation=(i+1)%8, train=remaining 6 segment indices",train,data/limb/subject07/Dynamic/subject7_limb_EMG.mat,Dynamic,S07_Dynamic_seg0001,S07_Dynamic_seg0001,7,1,HandOpen,0,1,116083,116083,1260.0,42,43
S07_personal_fold03,7,3,2,3,"per class: test=i, validation=(i+1)%8, train=remaining 6 segment indices",train,data/limb/subject07/StaticP1/subject7_limb_EMG.mat,StaticP1,S07_StaticP1_seg0002,S07_StaticP1_seg0002,0,2,Lateral,1,15121,30240,15120,1260.0,42,43
S07_personal_fold03,7,3,2,3,"per class: test=i, validation=(i+1)%8, train=remaining 6 segment indices",train,data/limb/subject07/StaticP2/subject7_limb_EMG.mat,StaticP2,S07_StaticP2_seg0002,S07_StaticP2_seg0002,1,2,Lateral,1,15121,30240,15120,1260.0,42,43
S07_personal_fold03,7,3,2,3,"per class: test=i, validation=(i+1)%8, train=remaining 6 segment indices",test,data/limb/subject07/StaticP3/subject7_limb_EMG.mat,StaticP3,S07_StaticP3_seg0002,S07_StaticP3_seg0002,2,2,Lateral,1,15121,30240,15120,1260.0,42,43
S07_personal_fold03,7,3,2,3,"per class: test=i, validation=(i+1)%8, train=remaining 6 segment indices",validation,data/limb/subject07/StaticP4/subject7_limb_EMG.mat,StaticP4,S07_StaticP4_seg0002,S07_StaticP4_seg0002,3,2,Lateral,1,15121,30240,15120,1260.0,42,43
S07_personal_fold03,7,3,2,3,"per class: test=i, validation=(i+1)%8, train=remaining 6 segment indices",train,data/limb/subject07/StaticP9/subject7_limb_EMG.mat,StaticP9,S07_StaticP9_seg0002,S07_StaticP9_seg0002,4,2,Lateral,1,15121,30240,15120,1260.0,42,43
S07_personal_fold03,7,3,2,3,"per class: test=i, validation=(i+1)%8, train=remaining 6 segment indices",train,data/limb/subject07/StaticP10/subject7_limb_EMG.mat,StaticP10,S07_StaticP10_seg0002,S07_StaticP10_seg0002,5,2,Lateral,1,15121,30240,15120,1260.0,42,43
S07_personal_fold03,7,3,2,3,"per class: test=i, validation=(i+1)%8, train=remaining 6 segment indices",train,data/limb/subject07/StaticP14/subject7_limb_EMG.mat,StaticP14,S07_StaticP14_seg0002,S07_StaticP14_seg0002,6,2,Lateral,1,15121,30240,15120,1260.0,42,43
S07_personal_fold03,7,3,2,3,"per class: test=i, validation=(i+1)%8, train=remaining 6 segment indices",train,data/limb/subject07/Dynamic/subject7_limb_EMG.mat,Dynamic,S07_Dynamic_seg0002,S07_Dynamic_seg0002,7,2,Lateral,1,116084,236518,120435,1260.0,42,43
S07_personal_fold03,7,3,2,3,"per class: test=i, validation=(i+1)%8, train=remaining 6 segment indices",train,data/limb/subject07/StaticP1/subject7_limb_EMG.mat,StaticP1,S07_StaticP1_seg0003,S07_StaticP1_seg0003,0,3,Pinch,2,30241,45360,15120,1260.0,42,43
S07_personal_fold03,7,3,2,3,"per class: test=i, validation=(i+1)%8, train=remaining 6 segment indices",train,data/limb/subject07/StaticP2/subject7_limb_EMG.mat,StaticP2,S07_StaticP2_seg0003,S07_StaticP2_seg0003,1,3,Pinch,2,30241,45360,15120,1260.0,42,43
S07_personal_fold03,7,3,2,3,"per class: test=i, validation=(i+1)%8, train=remaining 6 segment indices",test,data/limb/subject07/StaticP3/subject7_limb_EMG.mat,StaticP3,S07_StaticP3_seg0003,S07_StaticP3_seg0003,2,3,Pinch,2,30241,45360,15120,1260.0,42,43
S07_personal_fold03,7,3,2,3,"per class: test=i, validation=(i+1)%8, train=remaining 6 segment indices",validation,data/limb/subject07/StaticP4/subject7_limb_EMG.mat,StaticP4,S07_StaticP4_seg0003,S07_StaticP4_seg0003,3,3,Pinch,2,30241,45360,15120,1260.0,42,43
S07_personal_fold03,7,3,2,3,"per class: test=i, validation=(i+1)%8, train=remaining 6 segment indices",train,data/limb/subject07/StaticP9/subject7_limb_EMG.mat,StaticP9,S07_StaticP9_seg0003,S07_StaticP9_seg0003,4,3,Pinch,2,30241,45360,15120,1260.0,42,43
S07_personal_fold03,7,3,2,3,"per class: test=i, validation=(i+1)%8, train=remaining 6 segment indices",train,data/limb/subject07/StaticP10/subject7_limb_EMG.mat,StaticP10,S07_StaticP10_seg0003,S07_StaticP10_seg0003,5,3,Pinch,2,30241,45360,15120,1260.0,42,43
S07_personal_fold03,7,3,2,3,"per class: test=i, validation=(i+1)%8, train=remaining 6 segment indices",train,data/limb/subject07/StaticP14/subject7_limb_EMG.mat,StaticP14,S07_StaticP14_seg0003,S07_StaticP14_seg0003,6,3,Pinch,2,30241,45360,15120,1260.0,42,43
S07_personal_fold03,7,3,2,3,"per class: test=i, validation=(i+1)%8, train=remaining 6 segment indices",train,data/limb/subject07/Dynamic/subject7_limb_EMG.mat,Dynamic,S07_Dynamic_seg0003,S07_Dynamic_seg0003,7,3,Pinch,2,236519,355503,118985,1260.0,42,43
S07_personal_fold03,7,3,2,3,"per class: test=i, validation=(i+1)%8, train=remaining 6 segment indices",train,data/limb/subject07/StaticP1/subject7_limb_EMG.mat,StaticP1,S07_StaticP1_seg0004,S07_StaticP1_seg0004,0,4,Power,3,45361,60480,15120,1260.0,42,43
S07_personal_fold03,7,3,2,3,"per class: test=i, validation=(i+1)%8, train=remaining 6 segment indices",train,data/limb/subject07/StaticP2/subject7_limb_EMG.mat,StaticP2,S07_StaticP2_seg0004,S07_StaticP2_seg0004,1,4,Power,3,45361,60480,15120,1260.0,42,43
S07_personal_fold03,7,3,2,3,"per class: test=i, validation=(i+1)%8, train=remaining 6 segment indices",test,data/limb/subject07/StaticP3/subject7_limb_EMG.mat,StaticP3,S07_StaticP3_seg0004,S07_StaticP3_seg0004,2,4,Power,3,45361,60480,15120,1260.0,42,43
S07_personal_fold03,7,3,2,3,"per class: test=i, validation=(i+1)%8, train=remaining 6 segment indices",validation,data/limb/subject07/StaticP4/subject7_limb_EMG.mat,StaticP4,S07_StaticP4_seg0004,S07_StaticP4_seg0004,3,4,Power,3,45361,60480,15120,1260.0,42,43
S07_personal_fold03,7,3,2,3,"per class: test=i, validation=(i+1)%8, train=remaining 6 segment indices",train,data/limb/subject07/StaticP9/subject7_limb_EMG.mat,StaticP9,S07_StaticP9_seg0004,S07_StaticP9_seg0004,4,4,Power,3,45361,60480,15120,1260.0,42,43
S07_personal_fold03,7,3,2,3,"per class: test=i, validation=(i+1)%8, train=remaining 6 segment indices",train,data/limb/subject07/StaticP10/subject7_limb_EMG.mat,StaticP10,S07_StaticP10_seg0004,S07_StaticP10_seg0004,5,4,Power,3,45361,60480,15120,1260.0,42,43
S07_personal_fold03,7,3,2,3,"per class: test=i, validation=(i+1)%8, train=remaining 6 segment indices",train,data/limb/subject07/StaticP14/subject7_limb_EMG.mat,StaticP14,S07_StaticP14_seg0004,S07_StaticP14_seg0004,6,4,Power,3,45361,60480,15120,1260.0,42,43
S07_personal_fold03,7,3,2,3,"per class: test=i, validation=(i+1)%8, train=remaining 6 segment indices",train,data/limb/subject07/Dynamic/subject7_limb_EMG.mat,Dynamic,S07_Dynamic_seg0004,S07_Dynamic_seg0004,7,4,Power,3,355504,471615,116112,1260.0,42,43
S07_personal_fold03,7,3,2,3,"per class: test=i, validation=(i+1)%8, train=remaining 6 segment indices",train,data/limb/subject07/StaticP1/subject7_limb_EMG.mat,StaticP1,S07_StaticP1_seg0005,S07_StaticP1_seg0005,0,5,Rest,4,60481,75600,15120,1260.0,42,43
S07_personal_fold03,7,3,2,3,"per class: test=i, validation=(i+1)%8, train=remaining 6 segment indices",train,data/limb/subject07/StaticP2/subject7_limb_EMG.mat,StaticP2,S07_StaticP2_seg0005,S07_StaticP2_seg0005,1,5,Rest,4,60481,75600,15120,1260.0,42,43
S07_personal_fold03,7,3,2,3,"per class: test=i, validation=(i+1)%8, train=remaining 6 segment indices",test,data/limb/subject07/StaticP3/subject7_limb_EMG.mat,StaticP3,S07_StaticP3_seg0005,S07_StaticP3_seg0005,2,5,Rest,4,60481,75600,15120,1260.0,42,43
S07_personal_fold03,7,3,2,3,"per class: test=i, validation=(i+1)%8, train=remaining 6 segment indices",validation,data/limb/subject07/StaticP4/subject7_limb_EMG.mat,StaticP4,S07_StaticP4_seg0005,S07_StaticP4_seg0005,3,5,Rest,4,60481,75600,15120,1260.0,42,43
S07_personal_fold03,7,3,2,3,"per class: test=i, validation=(i+1)%8, train=remaining 6 segment indices",train,data/limb/subject07/StaticP9/subject7_limb_EMG.mat,StaticP9,S07_StaticP9_seg0005,S07_StaticP9_seg0005,4,5,Rest,4,60481,75600,15120,1260.0,42,43
S07_personal_fold03,7,3,2,3,"per class: test=i, validation=(i+1)%8, train=remaining 6 segment indices",train,data/limb/subject07/StaticP10/subject7_limb_EMG.mat,StaticP10,S07_StaticP10_seg0005,S07_StaticP10_seg0005,5,5,Rest,4,60481,75600,15120,1260.0,42,43
S07_personal_fold03,7,3,2,3,"per class: test=i, validation=(i+1)%8, train=remaining 6 segment indices",train,data/limb/subject07/StaticP14/subject7_limb_EMG.mat,StaticP14,S07_StaticP14_seg0005,S07_StaticP14_seg0005,6,5,Rest,4,60481,75600,15120,1260.0,42,43
S07_personal_fold03,7,3,2,3,"per class: test=i, validation=(i+1)%8, train=remaining 6 segment indices",train,data/limb/subject07/Dynamic/subject7_limb_EMG.mat,Dynamic,S07_Dynamic_seg0005,S07_Dynamic_seg0005,7,5,Rest,4,471616,740347,268732,1260.0,42,43
S07_personal_fold04,7,4,3,4,"per class: test=i, validation=(i+1)%8, train=remaining 6 segment indices",train,data/limb/subject07/StaticP1/subject7_limb_EMG.mat,StaticP1,S07_StaticP1_seg0001,S07_StaticP1_seg0001,0,1,HandOpen,0,1,15120,15120,1260.0,42,43
S07_personal_fold04,7,4,3,4,"per class: test=i, validation=(i+1)%8, train=remaining 6 segment indices",train,data/limb/subject07/StaticP2/subject7_limb_EMG.mat,StaticP2,S07_StaticP2_seg0001,S07_StaticP2_seg0001,1,1,HandOpen,0,1,15120,15120,1260.0,42,43
S07_personal_fold04,7,4,3,4,"per class: test=i, validation=(i+1)%8, train=remaining 6 segment indices",train,data/limb/subject07/StaticP3/subject7_limb_EMG.mat,StaticP3,S07_StaticP3_seg0001,S07_StaticP3_seg0001,2,1,HandOpen,0,1,15120,15120,1260.0,42,43
S07_personal_fold04,7,4,3,4,"per class: test=i, validation=(i+1)%8, train=remaining 6 segment indices",test,data/limb/subject07/StaticP4/subject7_limb_EMG.mat,StaticP4,S07_StaticP4_seg0001,S07_StaticP4_seg0001,3,1,HandOpen,0,1,15120,15120,1260.0,42,43
S07_personal_fold04,7,4,3,4,"per class: test=i, validation=(i+1)%8, train=remaining 6 segment indices",validation,data/limb/subject07/StaticP9/subject7_limb_EMG.mat,StaticP9,S07_StaticP9_seg0001,S07_StaticP9_seg0001,4,1,HandOpen,0,1,15120,15120,1260.0,42,43
S07_personal_fold04,7,4,3,4,"per class: test=i, validation=(i+1)%8, train=remaining 6 segment indices",train,data/limb/subject07/StaticP10/subject7_limb_EMG.mat,StaticP10,S07_StaticP10_seg0001,S07_StaticP10_seg0001,5,1,HandOpen,0,1,15120,15120,1260.0,42,43
S07_personal_fold04,7,4,3,4,"per class: test=i, validation=(i+1)%8, train=remaining 6 segment indices",train,data/limb/subject07/StaticP14/subject7_limb_EMG.mat,StaticP14,S07_StaticP14_seg0001,S07_StaticP14_seg0001,6,1,HandOpen,0,1,15120,15120,1260.0,42,43
S07_personal_fold04,7,4,3,4,"per class: test=i, validation=(i+1)%8, train=remaining 6 segment indices",train,data/limb/subject07/Dynamic/subject7_limb_EMG.mat,Dynamic,S07_Dynamic_seg0001,S07_Dynamic_seg0001,7,1,HandOpen,0,1,116083,116083,1260.0,42,43
S07_personal_fold04,7,4,3,4,"per class: test=i, validation=(i+1)%8, train=remaining 6 segment indices",train,data/limb/subject07/StaticP1/subject7_limb_EMG.mat,StaticP1,S07_StaticP1_seg0002,S07_StaticP1_seg0002,0,2,Lateral,1,15121,30240,15120,1260.0,42,43
S07_personal_fold04,7,4,3,4,"per class: test=i, validation=(i+1)%8, train=remaining 6 segment indices",train,data/limb/subject07/StaticP2/subject7_limb_EMG.mat,StaticP2,S07_StaticP2_seg0002,S07_StaticP2_seg0002,1,2,Lateral,1,15121,30240,15120,1260.0,42,43
S07_personal_fold04,7,4,3,4,"per class: test=i, validation=(i+1)%8, train=remaining 6 segment indices",train,data/limb/subject07/StaticP3/subject7_limb_EMG.mat,StaticP3,S07_StaticP3_seg0002,S07_StaticP3_seg0002,2,2,Lateral,1,15121,30240,15120,1260.0,42,43
S07_personal_fold04,7,4,3,4,"per class: test=i, validation=(i+1)%8, train=remaining 6 segment indices",test,data/limb/subject07/StaticP4/subject7_limb_EMG.mat,StaticP4,S07_StaticP4_seg0002,S07_StaticP4_seg0002,3,2,Lateral,1,15121,30240,15120,1260.0,42,43
S07_personal_fold04,7,4,3,4,"per class: test=i, validation=(i+1)%8, train=remaining 6 segment indices",validation,data/limb/subject07/StaticP9/subject7_limb_EMG.mat,StaticP9,S07_StaticP9_seg0002,S07_StaticP9_seg0002,4,2,Lateral,1,15121,30240,15120,1260.0,42,43
S07_personal_fold04,7,4,3,4,"per class: test=i, validation=(i+1)%8, train=remaining 6 segment indices",train,data/limb/subject07/StaticP10/subject7_limb_EMG.mat,StaticP10,S07_StaticP10_seg0002,S07_StaticP10_seg0002,5,2,Lateral,1,15121,30240,15120,1260.0,42,43
S07_personal_fold04,7,4,3,4,"per class: test=i, validation=(i+1)%8, train=remaining 6 segment indices",train,data/limb/subject07/StaticP14/subject7_limb_EMG.mat,StaticP14,S07_StaticP14_seg0002,S07_StaticP14_seg0002,6,2,Lateral,1,15121,30240,15120,1260.0,42,43
S07_personal_fold04,7,4,3,4,"per class: test=i, validation=(i+1)%8, train=remaining 6 segment indices",train,data/limb/subject07/Dynamic/subject7_limb_EMG.mat,Dynamic,S07_Dynamic_seg0002,S07_Dynamic_seg0002,7,2,Lateral,1,116084,236518,120435,1260.0,42,43
S07_personal_fold04,7,4,3,4,"per class: test=i, validation=(i+1)%8, train=remaining 6 segment indices",train,data/limb/subject07/StaticP1/subject7_limb_EMG.mat,StaticP1,S07_StaticP1_seg0003,S07_StaticP1_seg0003,0,3,Pinch,2,30241,45360,15120,1260.0,42,43
S07_personal_fold04,7,4,3,4,"per class: test=i, validation=(i+1)%8, train=remaining 6 segment indices",train,data/limb/subject07/StaticP2/subject7_limb_EMG.mat,StaticP2,S07_StaticP2_seg0003,S07_StaticP2_seg0003,1,3,Pinch,2,30241,45360,15120,1260.0,42,43
S07_personal_fold04,7,4,3,4,"per class: test=i, validation=(i+1)%8, train=remaining 6 segment indices",train,data/limb/subject07/StaticP3/subject7_limb_EMG.mat,StaticP3,S07_StaticP3_seg0003,S07_StaticP3_seg0003,2,3,Pinch,2,30241,45360,15120,1260.0,42,43
S07_personal_fold04,7,4,3,4,"per class: test=i, validation=(i+1)%8, train=remaining 6 segment indices",test,data/limb/subject07/StaticP4/subject7_limb_EMG.mat,StaticP4,S07_StaticP4_seg0003,S07_StaticP4_seg0003,3,3,Pinch,2,30241,45360,15120,1260.0,42,43
S07_personal_fold04,7,4,3,4,"per class: test=i, validation=(i+1)%8, train=remaining 6 segment indices",validation,data/limb/subject07/StaticP9/subject7_limb_EMG.mat,StaticP9,S07_StaticP9_seg0003,S07_StaticP9_seg0003,4,3,Pinch,2,30241,45360,15120,1260.0,42,43
S07_personal_fold04,7,4,3,4,"per class: test=i, validation=(i+1)%8, train=remaining 6 segment indices",train,data/limb/subject07/StaticP10/subject7_limb_EMG.mat,StaticP10,S07_StaticP10_seg0003,S07_StaticP10_seg0003,5,3,Pinch,2,30241,45360,15120,1260.0,42,43
S07_personal_fold04,7,4,3,4,"per class: test=i, validation=(i+1)%8, train=remaining 6 segment indices",train,data/limb/subject07/StaticP14/subject7_limb_EMG.mat,StaticP14,S07_StaticP14_seg0003,S07_StaticP14_seg0003,6,3,Pinch,2,30241,45360,15120,1260.0,42,43
S07_personal_fold04,7,4,3,4,"per class: test=i, validation=(i+1)%8, train=remaining 6 segment indices",train,data/limb/subject07/Dynamic/subject7_limb_EMG.mat,Dynamic,S07_Dynamic_seg0003,S07_Dynamic_seg0003,7,3,Pinch,2,236519,355503,118985,1260.0,42,43
S07_personal_fold04,7,4,3,4,"per class: test=i, validation=(i+1)%8, train=remaining 6 segment indices",train,data/limb/subject07/StaticP1/subject7_limb_EMG.mat,StaticP1,S07_StaticP1_seg0004,S07_StaticP1_seg0004,0,4,Power,3,45361,60480,15120,1260.0,42,43
S07_personal_fold04,7,4,3,4,"per class: test=i, validation=(i+1)%8, train=remaining 6 segment indices",train,data/limb/subject07/StaticP2/subject7_limb_EMG.mat,StaticP2,S07_StaticP2_seg0004,S07_StaticP2_seg0004,1,4,Power,3,45361,60480,15120,1260.0,42,43
S07_personal_fold04,7,4,3,4,"per class: test=i, validation=(i+1)%8, train=remaining 6 segment indices",train,data/limb/subject07/StaticP3/subject7_limb_EMG.mat,StaticP3,S07_StaticP3_seg0004,S07_StaticP3_seg0004,2,4,Power,3,45361,60480,15120,1260.0,42,43
S07_personal_fold04,7,4,3,4,"per class: test=i, validation=(i+1)%8, train=remaining 6 segment indices",test,data/limb/subject07/StaticP4/subject7_limb_EMG.mat,StaticP4,S07_StaticP4_seg0004,S07_StaticP4_seg0004,3,4,Power,3,45361,60480,15120,1260.0,42,43
S07_personal_fold04,7,4,3,4,"per class: test=i, validation=(i+1)%8, train=remaining 6 segment indices",validation,data/limb/subject07/StaticP9/subject7_limb_EMG.mat,StaticP9,S07_StaticP9_seg0004,S07_StaticP9_seg0004,4,4,Power,3,45361,60480,15120,1260.0,42,43
S07_personal_fold04,7,4,3,4,"per class: test=i, validation=(i+1)%8, train=remaining 6 segment indices",train,data/limb/subject07/StaticP10/subject7_limb_EMG.mat,StaticP10,S07_StaticP10_seg0004,S07_StaticP10_seg0004,5,4,Power,3,45361,60480,15120,1260.0,42,43
S07_personal_fold04,7,4,3,4,"per class: test=i, validation=(i+1)%8, train=remaining 6 segment indices",train,data/limb/subject07/StaticP14/subject7_limb_EMG.mat,StaticP14,S07_StaticP14_seg0004,S07_StaticP14_seg0004,6,4,Power,3,45361,60480,15120,1260.0,42,43
S07_personal_fold04,7,4,3,4,"per class: test=i, validation=(i+1)%8, train=remaining 6 segment indices",train,data/limb/subject07/Dynamic/subject7_limb_EMG.mat,Dynamic,S07_Dynamic_seg0004,S07_Dynamic_seg0004,7,4,Power,3,355504,471615,116112,1260.0,42,43
S07_personal_fold04,7,4,3,4,"per class: test=i, validation=(i+1)%8, train=remaining 6 segment indices",train,data/limb/subject07/StaticP1/subject7_limb_EMG.mat,StaticP1,S07_StaticP1_seg0005,S07_StaticP1_seg0005,0,5,Rest,4,60481,75600,15120,1260.0,42,43
S07_personal_fold04,7,4,3,4,"per class: test=i, validation=(i+1)%8, train=remaining 6 segment indices",train,data/limb/subject07/StaticP2/subject7_limb_EMG.mat,StaticP2,S07_StaticP2_seg0005,S07_StaticP2_seg0005,1,5,Rest,4,60481,75600,15120,1260.0,42,43
S07_personal_fold04,7,4,3,4,"per class: test=i, validation=(i+1)%8, train=remaining 6 segment indices",train,data/limb/subject07/StaticP3/subject7_limb_EMG.mat,StaticP3,S07_StaticP3_seg0005,S07_StaticP3_seg0005,2,5,Rest,4,60481,75600,15120,1260.0,42,43
S07_personal_fold04,7,4,3,4,"per class: test=i, validation=(i+1)%8, train=remaining 6 segment indices",test,data/limb/subject07/StaticP4/subject7_limb_EMG.mat,StaticP4,S07_StaticP4_seg0005,S07_StaticP4_seg0005,3,5,Rest,4,60481,75600,15120,1260.0,42,43
S07_personal_fold04,7,4,3,4,"per class: test=i, validation=(i+1)%8, train=remaining 6 segment indices",validation,data/limb/subject07/StaticP9/subject7_limb_EMG.mat,StaticP9,S07_StaticP9_seg0005,S07_StaticP9_seg0005,4,5,Rest,4,60481,75600,15120,1260.0,42,43
S07_personal_fold04,7,4,3,4,"per class: test=i, validation=(i+1)%8, train=remaining 6 segment indices",train,data/limb/subject07/StaticP10/subject7_limb_EMG.mat,StaticP10,S07_StaticP10_seg0005,S07_StaticP10_seg0005,5,5,Rest,4,60481,75600,15120,1260.0,42,43
S07_personal_fold04,7,4,3,4,"per class: test=i, validation=(i+1)%8, train=remaining 6 segment indices",train,data/limb/subject07/StaticP14/subject7_limb_EMG.mat,StaticP14,S07_StaticP14_seg0005,S07_StaticP14_seg0005,6,5,Rest,4,60481,75600,15120,1260.0,42,43
S07_personal_fold04,7,4,3,4,"per class: test=i, validation=(i+1)%8, train=remaining 6 segment indices",train,data/limb/subject07/Dynamic/subject7_limb_EMG.mat,Dynamic,S07_Dynamic_seg0005,S07_Dynamic_seg0005,7,5,Rest,4,471616,740347,268732,1260.0,42,43
S07_personal_fold05,7,5,4,5,"per class: test=i, validation=(i+1)%8, train=remaining 6 segment indices",train,data/limb/subject07/StaticP1/subject7_limb_EMG.mat,StaticP1,S07_StaticP1_seg0001,S07_StaticP1_seg0001,0,1,HandOpen,0,1,15120,15120,1260.0,42,43
S07_personal_fold05,7,5,4,5,"per class: test=i, validation=(i+1)%8, train=remaining 6 segment indices",train,data/limb/subject07/StaticP2/subject7_limb_EMG.mat,StaticP2,S07_StaticP2_seg0001,S07_StaticP2_seg0001,1,1,HandOpen,0,1,15120,15120,1260.0,42,43
S07_personal_fold05,7,5,4,5,"per class: test=i, validation=(i+1)%8, train=remaining 6 segment indices",train,data/limb/subject07/StaticP3/subject7_limb_EMG.mat,StaticP3,S07_StaticP3_seg0001,S07_StaticP3_seg0001,2,1,HandOpen,0,1,15120,15120,1260.0,42,43
S07_personal_fold05,7,5,4,5,"per class: test=i, validation=(i+1)%8, train=remaining 6 segment indices",train,data/limb/subject07/StaticP4/subject7_limb_EMG.mat,StaticP4,S07_StaticP4_seg0001,S07_StaticP4_seg0001,3,1,HandOpen,0,1,15120,15120,1260.0,42,43
S07_personal_fold05,7,5,4,5,"per class: test=i, validation=(i+1)%8, train=remaining 6 segment indices",test,data/limb/subject07/StaticP9/subject7_limb_EMG.mat,StaticP9,S07_StaticP9_seg0001,S07_StaticP9_seg0001,4,1,HandOpen,0,1,15120,15120,1260.0,42,43
S07_personal_fold05,7,5,4,5,"per class: test=i, validation=(i+1)%8, train=remaining 6 segment indices",validation,data/limb/subject07/StaticP10/subject7_limb_EMG.mat,StaticP10,S07_StaticP10_seg0001,S07_StaticP10_seg0001,5,1,HandOpen,0,1,15120,15120,1260.0,42,43
S07_personal_fold05,7,5,4,5,"per class: test=i, validation=(i+1)%8, train=remaining 6 segment indices",train,data/limb/subject07/StaticP14/subject7_limb_EMG.mat,StaticP14,S07_StaticP14_seg0001,S07_StaticP14_seg0001,6,1,HandOpen,0,1,15120,15120,1260.0,42,43
S07_personal_fold05,7,5,4,5,"per class: test=i, validation=(i+1)%8, train=remaining 6 segment indices",train,data/limb/subject07/Dynamic/subject7_limb_EMG.mat,Dynamic,S07_Dynamic_seg0001,S07_Dynamic_seg0001,7,1,HandOpen,0,1,116083,116083,1260.0,42,43
S07_personal_fold05,7,5,4,5,"per class: test=i, validation=(i+1)%8, train=remaining 6 segment indices",train,data/limb/subject07/StaticP1/subject7_limb_EMG.mat,StaticP1,S07_StaticP1_seg0002,S07_StaticP1_seg0002,0,2,Lateral,1,15121,30240,15120,1260.0,42,43
S07_personal_fold05,7,5,4,5,"per class: test=i, validation=(i+1)%8, train=remaining 6 segment indices",train,data/limb/subject07/StaticP2/subject7_limb_EMG.mat,StaticP2,S07_StaticP2_seg0002,S07_StaticP2_seg0002,1,2,Lateral,1,15121,30240,15120,1260.0,42,43
S07_personal_fold05,7,5,4,5,"per class: test=i, validation=(i+1)%8, train=remaining 6 segment indices",train,data/limb/subject07/StaticP3/subject7_limb_EMG.mat,StaticP3,S07_StaticP3_seg0002,S07_StaticP3_seg0002,2,2,Lateral,1,15121,30240,15120,1260.0,42,43
S07_personal_fold05,7,5,4,5,"per class: test=i, validation=(i+1)%8, train=remaining 6 segment indices",train,data/limb/subject07/StaticP4/subject7_limb_EMG.mat,StaticP4,S07_StaticP4_seg0002,S07_StaticP4_seg0002,3,2,Lateral,1,15121,30240,15120,1260.0,42,43
S07_personal_fold05,7,5,4,5,"per class: test=i, validation=(i+1)%8, train=remaining 6 segment indices",test,data/limb/subject07/StaticP9/subject7_limb_EMG.mat,StaticP9,S07_StaticP9_seg0002,S07_StaticP9_seg0002,4,2,Lateral,1,15121,30240,15120,1260.0,42,43
S07_personal_fold05,7,5,4,5,"per class: test=i, validation=(i+1)%8, train=remaining 6 segment indices",validation,data/limb/subject07/StaticP10/subject7_limb_EMG.mat,StaticP10,S07_StaticP10_seg0002,S07_StaticP10_seg0002,5,2,Lateral,1,15121,30240,15120,1260.0,42,43
S07_personal_fold05,7,5,4,5,"per class: test=i, validation=(i+1)%8, train=remaining 6 segment indices",train,data/limb/subject07/StaticP14/subject7_limb_EMG.mat,StaticP14,S07_StaticP14_seg0002,S07_StaticP14_seg0002,6,2,Lateral,1,15121,30240,15120,1260.0,42,43
S07_personal_fold05,7,5,4,5,"per class: test=i, validation=(i+1)%8, train=remaining 6 segment indices",train,data/limb/subject07/Dynamic/subject7_limb_EMG.mat,Dynamic,S07_Dynamic_seg0002,S07_Dynamic_seg0002,7,2,Lateral,1,116084,236518,120435,1260.0,42,43
S07_personal_fold05,7,5,4,5,"per class: test=i, validation=(i+1)%8, train=remaining 6 segment indices",train,data/limb/subject07/StaticP1/subject7_limb_EMG.mat,StaticP1,S07_StaticP1_seg0003,S07_StaticP1_seg0003,0,3,Pinch,2,30241,45360,15120,1260.0,42,43
S07_personal_fold05,7,5,4,5,"per class: test=i, validation=(i+1)%8, train=remaining 6 segment indices",train,data/limb/subject07/StaticP2/subject7_limb_EMG.mat,StaticP2,S07_StaticP2_seg0003,S07_StaticP2_seg0003,1,3,Pinch,2,30241,45360,15120,1260.0,42,43
S07_personal_fold05,7,5,4,5,"per class: test=i, validation=(i+1)%8, train=remaining 6 segment indices",train,data/limb/subject07/StaticP3/subject7_limb_EMG.mat,StaticP3,S07_StaticP3_seg0003,S07_StaticP3_seg0003,2,3,Pinch,2,30241,45360,15120,1260.0,42,43
S07_personal_fold05,7,5,4,5,"per class: test=i, validation=(i+1)%8, train=remaining 6 segment indices",train,data/limb/subject07/StaticP4/subject7_limb_EMG.mat,StaticP4,S07_StaticP4_seg0003,S07_StaticP4_seg0003,3,3,Pinch,2,30241,45360,15120,1260.0,42,43
S07_personal_fold05,7,5,4,5,"per class: test=i, validation=(i+1)%8, train=remaining 6 segment indices",test,data/limb/subject07/StaticP9/subject7_limb_EMG.mat,StaticP9,S07_StaticP9_seg0003,S07_StaticP9_seg0003,4,3,Pinch,2,30241,45360,15120,1260.0,42,43
S07_personal_fold05,7,5,4,5,"per class: test=i, validation=(i+1)%8, train=remaining 6 segment indices",validation,data/limb/subject07/StaticP10/subject7_limb_EMG.mat,StaticP10,S07_StaticP10_seg0003,S07_StaticP10_seg0003,5,3,Pinch,2,30241,45360,15120,1260.0,42,43
S07_personal_fold05,7,5,4,5,"per class: test=i, validation=(i+1)%8, train=remaining 6 segment indices",train,data/limb/subject07/StaticP14/subject7_limb_EMG.mat,StaticP14,S07_StaticP14_seg0003,S07_StaticP14_seg0003,6,3,Pinch,2,30241,45360,15120,1260.0,42,43
S07_personal_fold05,7,5,4,5,"per class: test=i, validation=(i+1)%8, train=remaining 6 segment indices",train,data/limb/subject07/Dynamic/subject7_limb_EMG.mat,Dynamic,S07_Dynamic_seg0003,S07_Dynamic_seg0003,7,3,Pinch,2,236519,355503,118985,1260.0,42,43
S07_personal_fold05,7,5,4,5,"per class: test=i, validation=(i+1)%8, train=remaining 6 segment indices",train,data/limb/subject07/StaticP1/subject7_limb_EMG.mat,StaticP1,S07_StaticP1_seg0004,S07_StaticP1_seg0004,0,4,Power,3,45361,60480,15120,1260.0,42,43
S07_personal_fold05,7,5,4,5,"per class: test=i, validation=(i+1)%8, train=remaining 6 segment indices",train,data/limb/subject07/StaticP2/subject7_limb_EMG.mat,StaticP2,S07_StaticP2_seg0004,S07_StaticP2_seg0004,1,4,Power,3,45361,60480,15120,1260.0,42,43
S07_personal_fold05,7,5,4,5,"per class: test=i, validation=(i+1)%8, train=remaining 6 segment indices",train,data/limb/subject07/StaticP3/subject7_limb_EMG.mat,StaticP3,S07_StaticP3_seg0004,S07_StaticP3_seg0004,2,4,Power,3,45361,60480,15120,1260.0,42,43
S07_personal_fold05,7,5,4,5,"per class: test=i, validation=(i+1)%8, train=remaining 6 segment indices",train,data/limb/subject07/StaticP4/subject7_limb_EMG.mat,StaticP4,S07_StaticP4_seg0004,S07_StaticP4_seg0004,3,4,Power,3,45361,60480,15120,1260.0,42,43
S07_personal_fold05,7,5,4,5,"per class: test=i, validation=(i+1)%8, train=remaining 6 segment indices",test,data/limb/subject07/StaticP9/subject7_limb_EMG.mat,StaticP9,S07_StaticP9_seg0004,S07_StaticP9_seg0004,4,4,Power,3,45361,60480,15120,1260.0,42,43
S07_personal_fold05,7,5,4,5,"per class: test=i, validation=(i+1)%8, train=remaining 6 segment indices",validation,data/limb/subject07/StaticP10/subject7_limb_EMG.mat,StaticP10,S07_StaticP10_seg0004,S07_StaticP10_seg0004,5,4,Power,3,45361,60480,15120,1260.0,42,43
S07_personal_fold05,7,5,4,5,"per class: test=i, validation=(i+1)%8, train=remaining 6 segment indices",train,data/limb/subject07/StaticP14/subject7_limb_EMG.mat,StaticP14,S07_StaticP14_seg0004,S07_StaticP14_seg0004,6,4,Power,3,45361,60480,15120,1260.0,42,43
S07_personal_fold05,7,5,4,5,"per class: test=i, validation=(i+1)%8, train=remaining 6 segment indices",train,data/limb/subject07/Dynamic/subject7_limb_EMG.mat,Dynamic,S07_Dynamic_seg0004,S07_Dynamic_seg0004,7,4,Power,3,355504,471615,116112,1260.0,42,43
S07_personal_fold05,7,5,4,5,"per class: test=i, validation=(i+1)%8, train=remaining 6 segment indices",train,data/limb/subject07/StaticP1/subject7_limb_EMG.mat,StaticP1,S07_StaticP1_seg0005,S07_StaticP1_seg0005,0,5,Rest,4,60481,75600,15120,1260.0,42,43
S07_personal_fold05,7,5,4,5,"per class: test=i, validation=(i+1)%8, train=remaining 6 segment indices",train,data/limb/subject07/StaticP2/subject7_limb_EMG.mat,StaticP2,S07_StaticP2_seg0005,S07_StaticP2_seg0005,1,5,Rest,4,60481,75600,15120,1260.0,42,43
S07_personal_fold05,7,5,4,5,"per class: test=i, validation=(i+1)%8, train=remaining 6 segment indices",train,data/limb/subject07/StaticP3/subject7_limb_EMG.mat,StaticP3,S07_StaticP3_seg0005,S07_StaticP3_seg0005,2,5,Rest,4,60481,75600,15120,1260.0,42,43
S07_personal_fold05,7,5,4,5,"per class: test=i, validation=(i+1)%8, train=remaining 6 segment indices",train,data/limb/subject07/StaticP4/subject7_limb_EMG.mat,StaticP4,S07_StaticP4_seg0005,S07_StaticP4_seg0005,3,5,Rest,4,60481,75600,15120,1260.0,42,43
S07_personal_fold05,7,5,4,5,"per class: test=i, validation=(i+1)%8, train=remaining 6 segment indices",test,data/limb/subject07/StaticP9/subject7_limb_EMG.mat,StaticP9,S07_StaticP9_seg0005,S07_StaticP9_seg0005,4,5,Rest,4,60481,75600,15120,1260.0,42,43
S07_personal_fold05,7,5,4,5,"per class: test=i, validation=(i+1)%8, train=remaining 6 segment indices",validation,data/limb/subject07/StaticP10/subject7_limb_EMG.mat,StaticP10,S07_StaticP10_seg0005,S07_StaticP10_seg0005,5,5,Rest,4,60481,75600,15120,1260.0,42,43
S07_personal_fold05,7,5,4,5,"per class: test=i, validation=(i+1)%8, train=remaining 6 segment indices",train,data/limb/subject07/StaticP14/subject7_limb_EMG.mat,StaticP14,S07_StaticP14_seg0005,S07_StaticP14_seg0005,6,5,Rest,4,60481,75600,15120,1260.0,42,43
S07_personal_fold05,7,5,4,5,"per class: test=i, validation=(i+1)%8, train=remaining 6 segment indices",train,data/limb/subject07/Dynamic/subject7_limb_EMG.mat,Dynamic,S07_Dynamic_seg0005,S07_Dynamic_seg0005,7,5,Rest,4,471616,740347,268732,1260.0,42,43
S07_personal_fold06,7,6,5,6,"per class: test=i, validation=(i+1)%8, train=remaining 6 segment indices",train,data/limb/subject07/StaticP1/subject7_limb_EMG.mat,StaticP1,S07_StaticP1_seg0001,S07_StaticP1_seg0001,0,1,HandOpen,0,1,15120,15120,1260.0,42,43
S07_personal_fold06,7,6,5,6,"per class: test=i, validation=(i+1)%8, train=remaining 6 segment indices",train,data/limb/subject07/StaticP2/subject7_limb_EMG.mat,StaticP2,S07_StaticP2_seg0001,S07_StaticP2_seg0001,1,1,HandOpen,0,1,15120,15120,1260.0,42,43
S07_personal_fold06,7,6,5,6,"per class: test=i, validation=(i+1)%8, train=remaining 6 segment indices",train,data/limb/subject07/StaticP3/subject7_limb_EMG.mat,StaticP3,S07_StaticP3_seg0001,S07_StaticP3_seg0001,2,1,HandOpen,0,1,15120,15120,1260.0,42,43
S07_personal_fold06,7,6,5,6,"per class: test=i, validation=(i+1)%8, train=remaining 6 segment indices",train,data/limb/subject07/StaticP4/subject7_limb_EMG.mat,StaticP4,S07_StaticP4_seg0001,S07_StaticP4_seg0001,3,1,HandOpen,0,1,15120,15120,1260.0,42,43
S07_personal_fold06,7,6,5,6,"per class: test=i, validation=(i+1)%8, train=remaining 6 segment indices",train,data/limb/subject07/StaticP9/subject7_limb_EMG.mat,StaticP9,S07_StaticP9_seg0001,S07_StaticP9_seg0001,4,1,HandOpen,0,1,15120,15120,1260.0,42,43
S07_personal_fold06,7,6,5,6,"per class: test=i, validation=(i+1)%8, train=remaining 6 segment indices",test,data/limb/subject07/StaticP10/subject7_limb_EMG.mat,StaticP10,S07_StaticP10_seg0001,S07_StaticP10_seg0001,5,1,HandOpen,0,1,15120,15120,1260.0,42,43
S07_personal_fold06,7,6,5,6,"per class: test=i, validation=(i+1)%8, train=remaining 6 segment indices",validation,data/limb/subject07/StaticP14/subject7_limb_EMG.mat,StaticP14,S07_StaticP14_seg0001,S07_StaticP14_seg0001,6,1,HandOpen,0,1,15120,15120,1260.0,42,43
S07_personal_fold06,7,6,5,6,"per class: test=i, validation=(i+1)%8, train=remaining 6 segment indices",train,data/limb/subject07/Dynamic/subject7_limb_EMG.mat,Dynamic,S07_Dynamic_seg0001,S07_Dynamic_seg0001,7,1,HandOpen,0,1,116083,116083,1260.0,42,43
S07_personal_fold06,7,6,5,6,"per class: test=i, validation=(i+1)%8, train=remaining 6 segment indices",train,data/limb/subject07/StaticP1/subject7_limb_EMG.mat,StaticP1,S07_StaticP1_seg0002,S07_StaticP1_seg0002,0,2,Lateral,1,15121,30240,15120,1260.0,42,43
S07_personal_fold06,7,6,5,6,"per class: test=i, validation=(i+1)%8, train=remaining 6 segment indices",train,data/limb/subject07/StaticP2/subject7_limb_EMG.mat,StaticP2,S07_StaticP2_seg0002,S07_StaticP2_seg0002,1,2,Lateral,1,15121,30240,15120,1260.0,42,43
S07_personal_fold06,7,6,5,6,"per class: test=i, validation=(i+1)%8, train=remaining 6 segment indices",train,data/limb/subject07/StaticP3/subject7_limb_EMG.mat,StaticP3,S07_StaticP3_seg0002,S07_StaticP3_seg0002,2,2,Lateral,1,15121,30240,15120,1260.0,42,43
S07_personal_fold06,7,6,5,6,"per class: test=i, validation=(i+1)%8, train=remaining 6 segment indices",train,data/limb/subject07/StaticP4/subject7_limb_EMG.mat,StaticP4,S07_StaticP4_seg0002,S07_StaticP4_seg0002,3,2,Lateral,1,15121,30240,15120,1260.0,42,43
S07_personal_fold06,7,6,5,6,"per class: test=i, validation=(i+1)%8, train=remaining 6 segment indices",train,data/limb/subject07/StaticP9/subject7_limb_EMG.mat,StaticP9,S07_StaticP9_seg0002,S07_StaticP9_seg0002,4,2,Lateral,1,15121,30240,15120,1260.0,42,43
S07_personal_fold06,7,6,5,6,"per class: test=i, validation=(i+1)%8, train=remaining 6 segment indices",test,data/limb/subject07/StaticP10/subject7_limb_EMG.mat,StaticP10,S07_StaticP10_seg0002,S07_StaticP10_seg0002,5,2,Lateral,1,15121,30240,15120,1260.0,42,43
S07_personal_fold06,7,6,5,6,"per class: test=i, validation=(i+1)%8, train=remaining 6 segment indices",validation,data/limb/subject07/StaticP14/subject7_limb_EMG.mat,StaticP14,S07_StaticP14_seg0002,S07_StaticP14_seg0002,6,2,Lateral,1,15121,30240,15120,1260.0,42,43
S07_personal_fold06,7,6,5,6,"per class: test=i, validation=(i+1)%8, train=remaining 6 segment indices",train,data/limb/subject07/Dynamic/subject7_limb_EMG.mat,Dynamic,S07_Dynamic_seg0002,S07_Dynamic_seg0002,7,2,Lateral,1,116084,236518,120435,1260.0,42,43
S07_personal_fold06,7,6,5,6,"per class: test=i, validation=(i+1)%8, train=remaining 6 segment indices",train,data/limb/subject07/StaticP1/subject7_limb_EMG.mat,StaticP1,S07_StaticP1_seg0003,S07_StaticP1_seg0003,0,3,Pinch,2,30241,45360,15120,1260.0,42,43
S07_personal_fold06,7,6,5,6,"per class: test=i, validation=(i+1)%8, train=remaining 6 segment indices",train,data/limb/subject07/StaticP2/subject7_limb_EMG.mat,StaticP2,S07_StaticP2_seg0003,S07_StaticP2_seg0003,1,3,Pinch,2,30241,45360,15120,1260.0,42,43
S07_personal_fold06,7,6,5,6,"per class: test=i, validation=(i+1)%8, train=remaining 6 segment indices",train,data/limb/subject07/StaticP3/subject7_limb_EMG.mat,StaticP3,S07_StaticP3_seg0003,S07_StaticP3_seg0003,2,3,Pinch,2,30241,45360,15120,1260.0,42,43
S07_personal_fold06,7,6,5,6,"per class: test=i, validation=(i+1)%8, train=remaining 6 segment indices",train,data/limb/subject07/StaticP4/subject7_limb_EMG.mat,StaticP4,S07_StaticP4_seg0003,S07_StaticP4_seg0003,3,3,Pinch,2,30241,45360,15120,1260.0,42,43
S07_personal_fold06,7,6,5,6,"per class: test=i, validation=(i+1)%8, train=remaining 6 segment indices",train,data/limb/subject07/StaticP9/subject7_limb_EMG.mat,StaticP9,S07_StaticP9_seg0003,S07_StaticP9_seg0003,4,3,Pinch,2,30241,45360,15120,1260.0,42,43
S07_personal_fold06,7,6,5,6,"per class: test=i, validation=(i+1)%8, train=remaining 6 segment indices",test,data/limb/subject07/StaticP10/subject7_limb_EMG.mat,StaticP10,S07_StaticP10_seg0003,S07_StaticP10_seg0003,5,3,Pinch,2,30241,45360,15120,1260.0,42,43
S07_personal_fold06,7,6,5,6,"per class: test=i, validation=(i+1)%8, train=remaining 6 segment indices",validation,data/limb/subject07/StaticP14/subject7_limb_EMG.mat,StaticP14,S07_StaticP14_seg0003,S07_StaticP14_seg0003,6,3,Pinch,2,30241,45360,15120,1260.0,42,43
S07_personal_fold06,7,6,5,6,"per class: test=i, validation=(i+1)%8, train=remaining 6 segment indices",train,data/limb/subject07/Dynamic/subject7_limb_EMG.mat,Dynamic,S07_Dynamic_seg0003,S07_Dynamic_seg0003,7,3,Pinch,2,236519,355503,118985,1260.0,42,43
S07_personal_fold06,7,6,5,6,"per class: test=i, validation=(i+1)%8, train=remaining 6 segment indices",train,data/limb/subject07/StaticP1/subject7_limb_EMG.mat,StaticP1,S07_StaticP1_seg0004,S07_StaticP1_seg0004,0,4,Power,3,45361,60480,15120,1260.0,42,43
S07_personal_fold06,7,6,5,6,"per class: test=i, validation=(i+1)%8, train=remaining 6 segment indices",train,data/limb/subject07/StaticP2/subject7_limb_EMG.mat,StaticP2,S07_StaticP2_seg0004,S07_StaticP2_seg0004,1,4,Power,3,45361,60480,15120,1260.0,42,43
S07_personal_fold06,7,6,5,6,"per class: test=i, validation=(i+1)%8, train=remaining 6 segment indices",train,data/limb/subject07/StaticP3/subject7_limb_EMG.mat,StaticP3,S07_StaticP3_seg0004,S07_StaticP3_seg0004,2,4,Power,3,45361,60480,15120,1260.0,42,43
S07_personal_fold06,7,6,5,6,"per class: test=i, validation=(i+1)%8, train=remaining 6 segment indices",train,data/limb/subject07/StaticP4/subject7_limb_EMG.mat,StaticP4,S07_StaticP4_seg0004,S07_StaticP4_seg0004,3,4,Power,3,45361,60480,15120,1260.0,42,43
S07_personal_fold06,7,6,5,6,"per class: test=i, validation=(i+1)%8, train=remaining 6 segment indices",train,data/limb/subject07/StaticP9/subject7_limb_EMG.mat,StaticP9,S07_StaticP9_seg0004,S07_StaticP9_seg0004,4,4,Power,3,45361,60480,15120,1260.0,42,43
S07_personal_fold06,7,6,5,6,"per class: test=i, validation=(i+1)%8, train=remaining 6 segment indices",test,data/limb/subject07/StaticP10/subject7_limb_EMG.mat,StaticP10,S07_StaticP10_seg0004,S07_StaticP10_seg0004,5,4,Power,3,45361,60480,15120,1260.0,42,43
S07_personal_fold06,7,6,5,6,"per class: test=i, validation=(i+1)%8, train=remaining 6 segment indices",validation,data/limb/subject07/StaticP14/subject7_limb_EMG.mat,StaticP14,S07_StaticP14_seg0004,S07_StaticP14_seg0004,6,4,Power,3,45361,60480,15120,1260.0,42,43
S07_personal_fold06,7,6,5,6,"per class: test=i, validation=(i+1)%8, train=remaining 6 segment indices",train,data/limb/subject07/Dynamic/subject7_limb_EMG.mat,Dynamic,S07_Dynamic_seg0004,S07_Dynamic_seg0004,7,4,Power,3,355504,471615,116112,1260.0,42,43
S07_personal_fold06,7,6,5,6,"per class: test=i, validation=(i+1)%8, train=remaining 6 segment indices",train,data/limb/subject07/StaticP1/subject7_limb_EMG.mat,StaticP1,S07_StaticP1_seg0005,S07_StaticP1_seg0005,0,5,Rest,4,60481,75600,15120,1260.0,42,43
S07_personal_fold06,7,6,5,6,"per class: test=i, validation=(i+1)%8, train=remaining 6 segment indices",train,data/limb/subject07/StaticP2/subject7_limb_EMG.mat,StaticP2,S07_StaticP2_seg0005,S07_StaticP2_seg0005,1,5,Rest,4,60481,75600,15120,1260.0,42,43
S07_personal_fold06,7,6,5,6,"per class: test=i, validation=(i+1)%8, train=remaining 6 segment indices",train,data/limb/subject07/StaticP3/subject7_limb_EMG.mat,StaticP3,S07_StaticP3_seg0005,S07_StaticP3_seg0005,2,5,Rest,4,60481,75600,15120,1260.0,42,43
S07_personal_fold06,7,6,5,6,"per class: test=i, validation=(i+1)%8, train=remaining 6 segment indices",train,data/limb/subject07/StaticP4/subject7_limb_EMG.mat,StaticP4,S07_StaticP4_seg0005,S07_StaticP4_seg0005,3,5,Rest,4,60481,75600,15120,1260.0,42,43
S07_personal_fold06,7,6,5,6,"per class: test=i, validation=(i+1)%8, train=remaining 6 segment indices",train,data/limb/subject07/StaticP9/subject7_limb_EMG.mat,StaticP9,S07_StaticP9_seg0005,S07_StaticP9_seg0005,4,5,Rest,4,60481,75600,15120,1260.0,42,43
S07_personal_fold06,7,6,5,6,"per class: test=i, validation=(i+1)%8, train=remaining 6 segment indices",test,data/limb/subject07/StaticP10/subject7_limb_EMG.mat,StaticP10,S07_StaticP10_seg0005,S07_StaticP10_seg0005,5,5,Rest,4,60481,75600,15120,1260.0,42,43
S07_personal_fold06,7,6,5,6,"per class: test=i, validation=(i+1)%8, train=remaining 6 segment indices",validation,data/limb/subject07/StaticP14/subject7_limb_EMG.mat,StaticP14,S07_StaticP14_seg0005,S07_StaticP14_seg0005,6,5,Rest,4,60481,75600,15120,1260.0,42,43
S07_personal_fold06,7,6,5,6,"per class: test=i, validation=(i+1)%8, train=remaining 6 segment indices",train,data/limb/subject07/Dynamic/subject7_limb_EMG.mat,Dynamic,S07_Dynamic_seg0005,S07_Dynamic_seg0005,7,5,Rest,4,471616,740347,268732,1260.0,42,43
S07_personal_fold07,7,7,6,7,"per class: test=i, validation=(i+1)%8, train=remaining 6 segment indices",train,data/limb/subject07/StaticP1/subject7_limb_EMG.mat,StaticP1,S07_StaticP1_seg0001,S07_StaticP1_seg0001,0,1,HandOpen,0,1,15120,15120,1260.0,42,43
S07_personal_fold07,7,7,6,7,"per class: test=i, validation=(i+1)%8, train=remaining 6 segment indices",train,data/limb/subject07/StaticP2/subject7_limb_EMG.mat,StaticP2,S07_StaticP2_seg0001,S07_StaticP2_seg0001,1,1,HandOpen,0,1,15120,15120,1260.0,42,43
S07_personal_fold07,7,7,6,7,"per class: test=i, validation=(i+1)%8, train=remaining 6 segment indices",train,data/limb/subject07/StaticP3/subject7_limb_EMG.mat,StaticP3,S07_StaticP3_seg0001,S07_StaticP3_seg0001,2,1,HandOpen,0,1,15120,15120,1260.0,42,43
S07_personal_fold07,7,7,6,7,"per class: test=i, validation=(i+1)%8, train=remaining 6 segment indices",train,data/limb/subject07/StaticP4/subject7_limb_EMG.mat,StaticP4,S07_StaticP4_seg0001,S07_StaticP4_seg0001,3,1,HandOpen,0,1,15120,15120,1260.0,42,43
S07_personal_fold07,7,7,6,7,"per class: test=i, validation=(i+1)%8, train=remaining 6 segment indices",train,data/limb/subject07/StaticP9/subject7_limb_EMG.mat,StaticP9,S07_StaticP9_seg0001,S07_StaticP9_seg0001,4,1,HandOpen,0,1,15120,15120,1260.0,42,43
S07_personal_fold07,7,7,6,7,"per class: test=i, validation=(i+1)%8, train=remaining 6 segment indices",train,data/limb/subject07/StaticP10/subject7_limb_EMG.mat,StaticP10,S07_StaticP10_seg0001,S07_StaticP10_seg0001,5,1,HandOpen,0,1,15120,15120,1260.0,42,43
S07_personal_fold07,7,7,6,7,"per class: test=i, validation=(i+1)%8, train=remaining 6 segment indices",test,data/limb/subject07/StaticP14/subject7_limb_EMG.mat,StaticP14,S07_StaticP14_seg0001,S07_StaticP14_seg0001,6,1,HandOpen,0,1,15120,15120,1260.0,42,43
S07_personal_fold07,7,7,6,7,"per class: test=i, validation=(i+1)%8, train=remaining 6 segment indices",validation,data/limb/subject07/Dynamic/subject7_limb_EMG.mat,Dynamic,S07_Dynamic_seg0001,S07_Dynamic_seg0001,7,1,HandOpen,0,1,116083,116083,1260.0,42,43
S07_personal_fold07,7,7,6,7,"per class: test=i, validation=(i+1)%8, train=remaining 6 segment indices",train,data/limb/subject07/StaticP1/subject7_limb_EMG.mat,StaticP1,S07_StaticP1_seg0002,S07_StaticP1_seg0002,0,2,Lateral,1,15121,30240,15120,1260.0,42,43
S07_personal_fold07,7,7,6,7,"per class: test=i, validation=(i+1)%8, train=remaining 6 segment indices",train,data/limb/subject07/StaticP2/subject7_limb_EMG.mat,StaticP2,S07_StaticP2_seg0002,S07_StaticP2_seg0002,1,2,Lateral,1,15121,30240,15120,1260.0,42,43
S07_personal_fold07,7,7,6,7,"per class: test=i, validation=(i+1)%8, train=remaining 6 segment indices",train,data/limb/subject07/StaticP3/subject7_limb_EMG.mat,StaticP3,S07_StaticP3_seg0002,S07_StaticP3_seg0002,2,2,Lateral,1,15121,30240,15120,1260.0,42,43
S07_personal_fold07,7,7,6,7,"per class: test=i, validation=(i+1)%8, train=remaining 6 segment indices",train,data/limb/subject07/StaticP4/subject7_limb_EMG.mat,StaticP4,S07_StaticP4_seg0002,S07_StaticP4_seg0002,3,2,Lateral,1,15121,30240,15120,1260.0,42,43
S07_personal_fold07,7,7,6,7,"per class: test=i, validation=(i+1)%8, train=remaining 6 segment indices",train,data/limb/subject07/StaticP9/subject7_limb_EMG.mat,StaticP9,S07_StaticP9_seg0002,S07_StaticP9_seg0002,4,2,Lateral,1,15121,30240,15120,1260.0,42,43
S07_personal_fold07,7,7,6,7,"per class: test=i, validation=(i+1)%8, train=remaining 6 segment indices",train,data/limb/subject07/StaticP10/subject7_limb_EMG.mat,StaticP10,S07_StaticP10_seg0002,S07_StaticP10_seg0002,5,2,Lateral,1,15121,30240,15120,1260.0,42,43
S07_personal_fold07,7,7,6,7,"per class: test=i, validation=(i+1)%8, train=remaining 6 segment indices",test,data/limb/subject07/StaticP14/subject7_limb_EMG.mat,StaticP14,S07_StaticP14_seg0002,S07_StaticP14_seg0002,6,2,Lateral,1,15121,30240,15120,1260.0,42,43
S07_personal_fold07,7,7,6,7,"per class: test=i, validation=(i+1)%8, train=remaining 6 segment indices",validation,data/limb/subject07/Dynamic/subject7_limb_EMG.mat,Dynamic,S07_Dynamic_seg0002,S07_Dynamic_seg0002,7,2,Lateral,1,116084,236518,120435,1260.0,42,43
S07_personal_fold07,7,7,6,7,"per class: test=i, validation=(i+1)%8, train=remaining 6 segment indices",train,data/limb/subject07/StaticP1/subject7_limb_EMG.mat,StaticP1,S07_StaticP1_seg0003,S07_StaticP1_seg0003,0,3,Pinch,2,30241,45360,15120,1260.0,42,43
S07_personal_fold07,7,7,6,7,"per class: test=i, validation=(i+1)%8, train=remaining 6 segment indices",train,data/limb/subject07/StaticP2/subject7_limb_EMG.mat,StaticP2,S07_StaticP2_seg0003,S07_StaticP2_seg0003,1,3,Pinch,2,30241,45360,15120,1260.0,42,43
S07_personal_fold07,7,7,6,7,"per class: test=i, validation=(i+1)%8, train=remaining 6 segment indices",train,data/limb/subject07/StaticP3/subject7_limb_EMG.mat,StaticP3,S07_StaticP3_seg0003,S07_StaticP3_seg0003,2,3,Pinch,2,30241,45360,15120,1260.0,42,43
S07_personal_fold07,7,7,6,7,"per class: test=i, validation=(i+1)%8, train=remaining 6 segment indices",train,data/limb/subject07/StaticP4/subject7_limb_EMG.mat,StaticP4,S07_StaticP4_seg0003,S07_StaticP4_seg0003,3,3,Pinch,2,30241,45360,15120,1260.0,42,43
S07_personal_fold07,7,7,6,7,"per class: test=i, validation=(i+1)%8, train=remaining 6 segment indices",train,data/limb/subject07/StaticP9/subject7_limb_EMG.mat,StaticP9,S07_StaticP9_seg0003,S07_StaticP9_seg0003,4,3,Pinch,2,30241,45360,15120,1260.0,42,43
S07_personal_fold07,7,7,6,7,"per class: test=i, validation=(i+1)%8, train=remaining 6 segment indices",train,data/limb/subject07/StaticP10/subject7_limb_EMG.mat,StaticP10,S07_StaticP10_seg0003,S07_StaticP10_seg0003,5,3,Pinch,2,30241,45360,15120,1260.0,42,43
S07_personal_fold07,7,7,6,7,"per class: test=i, validation=(i+1)%8, train=remaining 6 segment indices",test,data/limb/subject07/StaticP14/subject7_limb_EMG.mat,StaticP14,S07_StaticP14_seg0003,S07_StaticP14_seg0003,6,3,Pinch,2,30241,45360,15120,1260.0,42,43
S07_personal_fold07,7,7,6,7,"per class: test=i, validation=(i+1)%8, train=remaining 6 segment indices",validation,data/limb/subject07/Dynamic/subject7_limb_EMG.mat,Dynamic,S07_Dynamic_seg0003,S07_Dynamic_seg0003,7,3,Pinch,2,236519,355503,118985,1260.0,42,43
S07_personal_fold07,7,7,6,7,"per class: test=i, validation=(i+1)%8, train=remaining 6 segment indices",train,data/limb/subject07/StaticP1/subject7_limb_EMG.mat,StaticP1,S07_StaticP1_seg0004,S07_StaticP1_seg0004,0,4,Power,3,45361,60480,15120,1260.0,42,43
S07_personal_fold07,7,7,6,7,"per class: test=i, validation=(i+1)%8, train=remaining 6 segment indices",train,data/limb/subject07/StaticP2/subject7_limb_EMG.mat,StaticP2,S07_StaticP2_seg0004,S07_StaticP2_seg0004,1,4,Power,3,45361,60480,15120,1260.0,42,43
S07_personal_fold07,7,7,6,7,"per class: test=i, validation=(i+1)%8, train=remaining 6 segment indices",train,data/limb/subject07/StaticP3/subject7_limb_EMG.mat,StaticP3,S07_StaticP3_seg0004,S07_StaticP3_seg0004,2,4,Power,3,45361,60480,15120,1260.0,42,43
S07_personal_fold07,7,7,6,7,"per class: test=i, validation=(i+1)%8, train=remaining 6 segment indices",train,data/limb/subject07/StaticP4/subject7_limb_EMG.mat,StaticP4,S07_StaticP4_seg0004,S07_StaticP4_seg0004,3,4,Power,3,45361,60480,15120,1260.0,42,43
S07_personal_fold07,7,7,6,7,"per class: test=i, validation=(i+1)%8, train=remaining 6 segment indices",train,data/limb/subject07/StaticP9/subject7_limb_EMG.mat,StaticP9,S07_StaticP9_seg0004,S07_StaticP9_seg0004,4,4,Power,3,45361,60480,15120,1260.0,42,43
S07_personal_fold07,7,7,6,7,"per class: test=i, validation=(i+1)%8, train=remaining 6 segment indices",train,data/limb/subject07/StaticP10/subject7_limb_EMG.mat,StaticP10,S07_StaticP10_seg0004,S07_StaticP10_seg0004,5,4,Power,3,45361,60480,15120,1260.0,42,43
S07_personal_fold07,7,7,6,7,"per class: test=i, validation=(i+1)%8, train=remaining 6 segment indices",test,data/limb/subject07/StaticP14/subject7_limb_EMG.mat,StaticP14,S07_StaticP14_seg0004,S07_StaticP14_seg0004,6,4,Power,3,45361,60480,15120,1260.0,42,43
S07_personal_fold07,7,7,6,7,"per class: test=i, validation=(i+1)%8, train=remaining 6 segment indices",validation,data/limb/subject07/Dynamic/subject7_limb_EMG.mat,Dynamic,S07_Dynamic_seg0004,S07_Dynamic_seg0004,7,4,Power,3,355504,471615,116112,1260.0,42,43
S07_personal_fold07,7,7,6,7,"per class: test=i, validation=(i+1)%8, train=remaining 6 segment indices",train,data/limb/subject07/StaticP1/subject7_limb_EMG.mat,StaticP1,S07_StaticP1_seg0005,S07_StaticP1_seg0005,0,5,Rest,4,60481,75600,15120,1260.0,42,43
S07_personal_fold07,7,7,6,7,"per class: test=i, validation=(i+1)%8, train=remaining 6 segment indices",train,data/limb/subject07/StaticP2/subject7_limb_EMG.mat,StaticP2,S07_StaticP2_seg0005,S07_StaticP2_seg0005,1,5,Rest,4,60481,75600,15120,1260.0,42,43
S07_personal_fold07,7,7,6,7,"per class: test=i, validation=(i+1)%8, train=remaining 6 segment indices",train,data/limb/subject07/StaticP3/subject7_limb_EMG.mat,StaticP3,S07_StaticP3_seg0005,S07_StaticP3_seg0005,2,5,Rest,4,60481,75600,15120,1260.0,42,43
S07_personal_fold07,7,7,6,7,"per class: test=i, validation=(i+1)%8, train=remaining 6 segment indices",train,data/limb/subject07/StaticP4/subject7_limb_EMG.mat,StaticP4,S07_StaticP4_seg0005,S07_StaticP4_seg0005,3,5,Rest,4,60481,75600,15120,1260.0,42,43
S07_personal_fold07,7,7,6,7,"per class: test=i, validation=(i+1)%8, train=remaining 6 segment indices",train,data/limb/subject07/StaticP9/subject7_limb_EMG.mat,StaticP9,S07_StaticP9_seg0005,S07_StaticP9_seg0005,4,5,Rest,4,60481,75600,15120,1260.0,42,43
S07_personal_fold07,7,7,6,7,"per class: test=i, validation=(i+1)%8, train=remaining 6 segment indices",train,data/limb/subject07/StaticP10/subject7_limb_EMG.mat,StaticP10,S07_StaticP10_seg0005,S07_StaticP10_seg0005,5,5,Rest,4,60481,75600,15120,1260.0,42,43
S07_personal_fold07,7,7,6,7,"per class: test=i, validation=(i+1)%8, train=remaining 6 segment indices",test,data/limb/subject07/StaticP14/subject7_limb_EMG.mat,StaticP14,S07_StaticP14_seg0005,S07_StaticP14_seg0005,6,5,Rest,4,60481,75600,15120,1260.0,42,43
S07_personal_fold07,7,7,6,7,"per class: test=i, validation=(i+1)%8, train=remaining 6 segment indices",validation,data/limb/subject07/Dynamic/subject7_limb_EMG.mat,Dynamic,S07_Dynamic_seg0005,S07_Dynamic_seg0005,7,5,Rest,4,471616,740347,268732,1260.0,42,43
S07_personal_fold08,7,8,7,0,"per class: test=i, validation=(i+1)%8, train=remaining 6 segment indices",validation,data/limb/subject07/StaticP1/subject7_limb_EMG.mat,StaticP1,S07_StaticP1_seg0001,S07_StaticP1_seg0001,0,1,HandOpen,0,1,15120,15120,1260.0,42,43
S07_personal_fold08,7,8,7,0,"per class: test=i, validation=(i+1)%8, train=remaining 6 segment indices",train,data/limb/subject07/StaticP2/subject7_limb_EMG.mat,StaticP2,S07_StaticP2_seg0001,S07_StaticP2_seg0001,1,1,HandOpen,0,1,15120,15120,1260.0,42,43
S07_personal_fold08,7,8,7,0,"per class: test=i, validation=(i+1)%8, train=remaining 6 segment indices",train,data/limb/subject07/StaticP3/subject7_limb_EMG.mat,StaticP3,S07_StaticP3_seg0001,S07_StaticP3_seg0001,2,1,HandOpen,0,1,15120,15120,1260.0,42,43
S07_personal_fold08,7,8,7,0,"per class: test=i, validation=(i+1)%8, train=remaining 6 segment indices",train,data/limb/subject07/StaticP4/subject7_limb_EMG.mat,StaticP4,S07_StaticP4_seg0001,S07_StaticP4_seg0001,3,1,HandOpen,0,1,15120,15120,1260.0,42,43
S07_personal_fold08,7,8,7,0,"per class: test=i, validation=(i+1)%8, train=remaining 6 segment indices",train,data/limb/subject07/StaticP9/subject7_limb_EMG.mat,StaticP9,S07_StaticP9_seg0001,S07_StaticP9_seg0001,4,1,HandOpen,0,1,15120,15120,1260.0,42,43
S07_personal_fold08,7,8,7,0,"per class: test=i, validation=(i+1)%8, train=remaining 6 segment indices",train,data/limb/subject07/StaticP10/subject7_limb_EMG.mat,StaticP10,S07_StaticP10_seg0001,S07_StaticP10_seg0001,5,1,HandOpen,0,1,15120,15120,1260.0,42,43
S07_personal_fold08,7,8,7,0,"per class: test=i, validation=(i+1)%8, train=remaining 6 segment indices",train,data/limb/subject07/StaticP14/subject7_limb_EMG.mat,StaticP14,S07_StaticP14_seg0001,S07_StaticP14_seg0001,6,1,HandOpen,0,1,15120,15120,1260.0,42,43
S07_personal_fold08,7,8,7,0,"per class: test=i, validation=(i+1)%8, train=remaining 6 segment indices",test,data/limb/subject07/Dynamic/subject7_limb_EMG.mat,Dynamic,S07_Dynamic_seg0001,S07_Dynamic_seg0001,7,1,HandOpen,0,1,116083,116083,1260.0,42,43
S07_personal_fold08,7,8,7,0,"per class: test=i, validation=(i+1)%8, train=remaining 6 segment indices",validation,data/limb/subject07/StaticP1/subject7_limb_EMG.mat,StaticP1,S07_StaticP1_seg0002,S07_StaticP1_seg0002,0,2,Lateral,1,15121,30240,15120,1260.0,42,43
S07_personal_fold08,7,8,7,0,"per class: test=i, validation=(i+1)%8, train=remaining 6 segment indices",train,data/limb/subject07/StaticP2/subject7_limb_EMG.mat,StaticP2,S07_StaticP2_seg0002,S07_StaticP2_seg0002,1,2,Lateral,1,15121,30240,15120,1260.0,42,43
S07_personal_fold08,7,8,7,0,"per class: test=i, validation=(i+1)%8, train=remaining 6 segment indices",train,data/limb/subject07/StaticP3/subject7_limb_EMG.mat,StaticP3,S07_StaticP3_seg0002,S07_StaticP3_seg0002,2,2,Lateral,1,15121,30240,15120,1260.0,42,43
S07_personal_fold08,7,8,7,0,"per class: test=i, validation=(i+1)%8, train=remaining 6 segment indices",train,data/limb/subject07/StaticP4/subject7_limb_EMG.mat,StaticP4,S07_StaticP4_seg0002,S07_StaticP4_seg0002,3,2,Lateral,1,15121,30240,15120,1260.0,42,43
S07_personal_fold08,7,8,7,0,"per class: test=i, validation=(i+1)%8, train=remaining 6 segment indices",train,data/limb/subject07/StaticP9/subject7_limb_EMG.mat,StaticP9,S07_StaticP9_seg0002,S07_StaticP9_seg0002,4,2,Lateral,1,15121,30240,15120,1260.0,42,43
S07_personal_fold08,7,8,7,0,"per class: test=i, validation=(i+1)%8, train=remaining 6 segment indices",train,data/limb/subject07/StaticP10/subject7_limb_EMG.mat,StaticP10,S07_StaticP10_seg0002,S07_StaticP10_seg0002,5,2,Lateral,1,15121,30240,15120,1260.0,42,43
S07_personal_fold08,7,8,7,0,"per class: test=i, validation=(i+1)%8, train=remaining 6 segment indices",train,data/limb/subject07/StaticP14/subject7_limb_EMG.mat,StaticP14,S07_StaticP14_seg0002,S07_StaticP14_seg0002,6,2,Lateral,1,15121,30240,15120,1260.0,42,43
S07_personal_fold08,7,8,7,0,"per class: test=i, validation=(i+1)%8, train=remaining 6 segment indices",test,data/limb/subject07/Dynamic/subject7_limb_EMG.mat,Dynamic,S07_Dynamic_seg0002,S07_Dynamic_seg0002,7,2,Lateral,1,116084,236518,120435,1260.0,42,43
S07_personal_fold08,7,8,7,0,"per class: test=i, validation=(i+1)%8, train=remaining 6 segment indices",validation,data/limb/subject07/StaticP1/subject7_limb_EMG.mat,StaticP1,S07_StaticP1_seg0003,S07_StaticP1_seg0003,0,3,Pinch,2,30241,45360,15120,1260.0,42,43
S07_personal_fold08,7,8,7,0,"per class: test=i, validation=(i+1)%8, train=remaining 6 segment indices",train,data/limb/subject07/StaticP2/subject7_limb_EMG.mat,StaticP2,S07_StaticP2_seg0003,S07_StaticP2_seg0003,1,3,Pinch,2,30241,45360,15120,1260.0,42,43
S07_personal_fold08,7,8,7,0,"per class: test=i, validation=(i+1)%8, train=remaining 6 segment indices",train,data/limb/subject07/StaticP3/subject7_limb_EMG.mat,StaticP3,S07_StaticP3_seg0003,S07_StaticP3_seg0003,2,3,Pinch,2,30241,45360,15120,1260.0,42,43
S07_personal_fold08,7,8,7,0,"per class: test=i, validation=(i+1)%8, train=remaining 6 segment indices",train,data/limb/subject07/StaticP4/subject7_limb_EMG.mat,StaticP4,S07_StaticP4_seg0003,S07_StaticP4_seg0003,3,3,Pinch,2,30241,45360,15120,1260.0,42,43
S07_personal_fold08,7,8,7,0,"per class: test=i, validation=(i+1)%8, train=remaining 6 segment indices",train,data/limb/subject07/StaticP9/subject7_limb_EMG.mat,StaticP9,S07_StaticP9_seg0003,S07_StaticP9_seg0003,4,3,Pinch,2,30241,45360,15120,1260.0,42,43
S07_personal_fold08,7,8,7,0,"per class: test=i, validation=(i+1)%8, train=remaining 6 segment indices",train,data/limb/subject07/StaticP10/subject7_limb_EMG.mat,StaticP10,S07_StaticP10_seg0003,S07_StaticP10_seg0003,5,3,Pinch,2,30241,45360,15120,1260.0,42,43
S07_personal_fold08,7,8,7,0,"per class: test=i, validation=(i+1)%8, train=remaining 6 segment indices",train,data/limb/subject07/StaticP14/subject7_limb_EMG.mat,StaticP14,S07_StaticP14_seg0003,S07_StaticP14_seg0003,6,3,Pinch,2,30241,45360,15120,1260.0,42,43
S07_personal_fold08,7,8,7,0,"per class: test=i, validation=(i+1)%8, train=remaining 6 segment indices",test,data/limb/subject07/Dynamic/subject7_limb_EMG.mat,Dynamic,S07_Dynamic_seg0003,S07_Dynamic_seg0003,7,3,Pinch,2,236519,355503,118985,1260.0,42,43
S07_personal_fold08,7,8,7,0,"per class: test=i, validation=(i+1)%8, train=remaining 6 segment indices",validation,data/limb/subject07/StaticP1/subject7_limb_EMG.mat,StaticP1,S07_StaticP1_seg0004,S07_StaticP1_seg0004,0,4,Power,3,45361,60480,15120,1260.0,42,43
S07_personal_fold08,7,8,7,0,"per class: test=i, validation=(i+1)%8, train=remaining 6 segment indices",train,data/limb/subject07/StaticP2/subject7_limb_EMG.mat,StaticP2,S07_StaticP2_seg0004,S07_StaticP2_seg0004,1,4,Power,3,45361,60480,15120,1260.0,42,43
S07_personal_fold08,7,8,7,0,"per class: test=i, validation=(i+1)%8, train=remaining 6 segment indices",train,data/limb/subject07/StaticP3/subject7_limb_EMG.mat,StaticP3,S07_StaticP3_seg0004,S07_StaticP3_seg0004,2,4,Power,3,45361,60480,15120,1260.0,42,43
S07_personal_fold08,7,8,7,0,"per class: test=i, validation=(i+1)%8, train=remaining 6 segment indices",train,data/limb/subject07/StaticP4/subject7_limb_EMG.mat,StaticP4,S07_StaticP4_seg0004,S07_StaticP4_seg0004,3,4,Power,3,45361,60480,15120,1260.0,42,43
S07_personal_fold08,7,8,7,0,"per class: test=i, validation=(i+1)%8, train=remaining 6 segment indices",train,data/limb/subject07/StaticP9/subject7_limb_EMG.mat,StaticP9,S07_StaticP9_seg0004,S07_StaticP9_seg0004,4,4,Power,3,45361,60480,15120,1260.0,42,43
S07_personal_fold08,7,8,7,0,"per class: test=i, validation=(i+1)%8, train=remaining 6 segment indices",train,data/limb/subject07/StaticP10/subject7_limb_EMG.mat,StaticP10,S07_StaticP10_seg0004,S07_StaticP10_seg0004,5,4,Power,3,45361,60480,15120,1260.0,42,43
S07_personal_fold08,7,8,7,0,"per class: test=i, validation=(i+1)%8, train=remaining 6 segment indices",train,data/limb/subject07/StaticP14/subject7_limb_EMG.mat,StaticP14,S07_StaticP14_seg0004,S07_StaticP14_seg0004,6,4,Power,3,45361,60480,15120,1260.0,42,43
S07_personal_fold08,7,8,7,0,"per class: test=i, validation=(i+1)%8, train=remaining 6 segment indices",test,data/limb/subject07/Dynamic/subject7_limb_EMG.mat,Dynamic,S07_Dynamic_seg0004,S07_Dynamic_seg0004,7,4,Power,3,355504,471615,116112,1260.0,42,43
S07_personal_fold08,7,8,7,0,"per class: test=i, validation=(i+1)%8, train=remaining 6 segment indices",validation,data/limb/subject07/StaticP1/subject7_limb_EMG.mat,StaticP1,S07_StaticP1_seg0005,S07_StaticP1_seg0005,0,5,Rest,4,60481,75600,15120,1260.0,42,43
S07_personal_fold08,7,8,7,0,"per class: test=i, validation=(i+1)%8, train=remaining 6 segment indices",train,data/limb/subject07/StaticP2/subject7_limb_EMG.mat,StaticP2,S07_StaticP2_seg0005,S07_StaticP2_seg0005,1,5,Rest,4,60481,75600,15120,1260.0,42,43
S07_personal_fold08,7,8,7,0,"per class: test=i, validation=(i+1)%8, train=remaining 6 segment indices",train,data/limb/subject07/StaticP3/subject7_limb_EMG.mat,StaticP3,S07_StaticP3_seg0005,S07_StaticP3_seg0005,2,5,Rest,4,60481,75600,15120,1260.0,42,43
S07_personal_fold08,7,8,7,0,"per class: test=i, validation=(i+1)%8, train=remaining 6 segment indices",train,data/limb/subject07/StaticP4/subject7_limb_EMG.mat,StaticP4,S07_StaticP4_seg0005,S07_StaticP4_seg0005,3,5,Rest,4,60481,75600,15120,1260.0,42,43
S07_personal_fold08,7,8,7,0,"per class: test=i, validation=(i+1)%8, train=remaining 6 segment indices",train,data/limb/subject07/StaticP9/subject7_limb_EMG.mat,StaticP9,S07_StaticP9_seg0005,S07_StaticP9_seg0005,4,5,Rest,4,60481,75600,15120,1260.0,42,43
S07_personal_fold08,7,8,7,0,"per class: test=i, validation=(i+1)%8, train=remaining 6 segment indices",train,data/limb/subject07/StaticP10/subject7_limb_EMG.mat,StaticP10,S07_StaticP10_seg0005,S07_StaticP10_seg0005,5,5,Rest,4,60481,75600,15120,1260.0,42,43
S07_personal_fold08,7,8,7,0,"per class: test=i, validation=(i+1)%8, train=remaining 6 segment indices",train,data/limb/subject07/StaticP14/subject7_limb_EMG.mat,StaticP14,S07_StaticP14_seg0005,S07_StaticP14_seg0005,6,5,Rest,4,60481,75600,15120,1260.0,42,43
S07_personal_fold08,7,8,7,0,"per class: test=i, validation=(i+1)%8, train=remaining 6 segment indices",test,data/limb/subject07/Dynamic/subject7_limb_EMG.mat,Dynamic,S07_Dynamic_seg0005,S07_Dynamic_seg0005,7,5,Rest,4,471616,740347,268732,1260.0,42,43
S08_personal_fold01,8,1,0,1,"per class: test=i, validation=(i+1)%8, train=remaining 6 segment indices",test,data/limb/subject08/StaticP1/subject8_limb_EMG.mat,StaticP1,S08_StaticP1_seg0001,S08_StaticP1_seg0001,0,1,HandOpen,0,1,15120,15120,1260.0,42,43
S08_personal_fold01,8,1,0,1,"per class: test=i, validation=(i+1)%8, train=remaining 6 segment indices",validation,data/limb/subject08/StaticP2/subject8_limb_EMG.mat,StaticP2,S08_StaticP2_seg0001,S08_StaticP2_seg0001,1,1,HandOpen,0,1,15120,15120,1260.0,42,43
S08_personal_fold01,8,1,0,1,"per class: test=i, validation=(i+1)%8, train=remaining 6 segment indices",train,data/limb/subject08/StaticP3/subject8_limb_EMG.mat,StaticP3,S08_StaticP3_seg0001,S08_StaticP3_seg0001,2,1,HandOpen,0,1,15120,15120,1260.0,42,43
S08_personal_fold01,8,1,0,1,"per class: test=i, validation=(i+1)%8, train=remaining 6 segment indices",train,data/limb/subject08/StaticP4/subject8_limb_EMG.mat,StaticP4,S08_StaticP4_seg0001,S08_StaticP4_seg0001,3,1,HandOpen,0,1,15120,15120,1260.0,42,43
S08_personal_fold01,8,1,0,1,"per class: test=i, validation=(i+1)%8, train=remaining 6 segment indices",train,data/limb/subject08/StaticP9/subject8_limb_EMG.mat,StaticP9,S08_StaticP9_seg0001,S08_StaticP9_seg0001,4,1,HandOpen,0,1,15120,15120,1260.0,42,43
S08_personal_fold01,8,1,0,1,"per class: test=i, validation=(i+1)%8, train=remaining 6 segment indices",train,data/limb/subject08/StaticP10/subject8_limb_EMG.mat,StaticP10,S08_StaticP10_seg0001,S08_StaticP10_seg0001,5,1,HandOpen,0,1,15120,15120,1260.0,42,43
S08_personal_fold01,8,1,0,1,"per class: test=i, validation=(i+1)%8, train=remaining 6 segment indices",train,data/limb/subject08/StaticP14/subject8_limb_EMG.mat,StaticP14,S08_StaticP14_seg0001,S08_StaticP14_seg0001,6,1,HandOpen,0,1,15120,15120,1260.0,42,43
S08_personal_fold01,8,1,0,1,"per class: test=i, validation=(i+1)%8, train=remaining 6 segment indices",train,data/limb/subject08/Dynamic/subject8_limb_EMG.mat,Dynamic,S08_Dynamic_seg0001,S08_Dynamic_seg0001,7,1,HandOpen,0,1,115673,115673,1260.0,42,43
S08_personal_fold01,8,1,0,1,"per class: test=i, validation=(i+1)%8, train=remaining 6 segment indices",test,data/limb/subject08/StaticP1/subject8_limb_EMG.mat,StaticP1,S08_StaticP1_seg0002,S08_StaticP1_seg0002,0,2,Lateral,1,15121,30240,15120,1260.0,42,43
S08_personal_fold01,8,1,0,1,"per class: test=i, validation=(i+1)%8, train=remaining 6 segment indices",validation,data/limb/subject08/StaticP2/subject8_limb_EMG.mat,StaticP2,S08_StaticP2_seg0002,S08_StaticP2_seg0002,1,2,Lateral,1,15121,30240,15120,1260.0,42,43
S08_personal_fold01,8,1,0,1,"per class: test=i, validation=(i+1)%8, train=remaining 6 segment indices",train,data/limb/subject08/StaticP3/subject8_limb_EMG.mat,StaticP3,S08_StaticP3_seg0002,S08_StaticP3_seg0002,2,2,Lateral,1,15121,30244,15124,1260.0,42,43
S08_personal_fold01,8,1,0,1,"per class: test=i, validation=(i+1)%8, train=remaining 6 segment indices",train,data/limb/subject08/StaticP4/subject8_limb_EMG.mat,StaticP4,S08_StaticP4_seg0002,S08_StaticP4_seg0002,3,2,Lateral,1,15121,30244,15124,1260.0,42,43
S08_personal_fold01,8,1,0,1,"per class: test=i, validation=(i+1)%8, train=remaining 6 segment indices",train,data/limb/subject08/StaticP9/subject8_limb_EMG.mat,StaticP9,S08_StaticP9_seg0002,S08_StaticP9_seg0002,4,2,Lateral,1,15121,30240,15120,1260.0,42,43
S08_personal_fold01,8,1,0,1,"per class: test=i, validation=(i+1)%8, train=remaining 6 segment indices",train,data/limb/subject08/StaticP10/subject8_limb_EMG.mat,StaticP10,S08_StaticP10_seg0002,S08_StaticP10_seg0002,5,2,Lateral,1,15121,30240,15120,1260.0,42,43
S08_personal_fold01,8,1,0,1,"per class: test=i, validation=(i+1)%8, train=remaining 6 segment indices",train,data/limb/subject08/StaticP14/subject8_limb_EMG.mat,StaticP14,S08_StaticP14_seg0002,S08_StaticP14_seg0002,6,2,Lateral,1,15121,30240,15120,1260.0,42,43
S08_personal_fold01,8,1,0,1,"per class: test=i, validation=(i+1)%8, train=remaining 6 segment indices",train,data/limb/subject08/Dynamic/subject8_limb_EMG.mat,Dynamic,S08_Dynamic_seg0002,S08_Dynamic_seg0002,7,2,Lateral,1,115674,231346,115673,1260.0,42,43
S08_personal_fold01,8,1,0,1,"per class: test=i, validation=(i+1)%8, train=remaining 6 segment indices",test,data/limb/subject08/StaticP1/subject8_limb_EMG.mat,StaticP1,S08_StaticP1_seg0003,S08_StaticP1_seg0003,0,3,Pinch,2,30241,45360,15120,1260.0,42,43
S08_personal_fold01,8,1,0,1,"per class: test=i, validation=(i+1)%8, train=remaining 6 segment indices",validation,data/limb/subject08/StaticP2/subject8_limb_EMG.mat,StaticP2,S08_StaticP2_seg0003,S08_StaticP2_seg0003,1,3,Pinch,2,30241,45360,15120,1260.0,42,43
S08_personal_fold01,8,1,0,1,"per class: test=i, validation=(i+1)%8, train=remaining 6 segment indices",train,data/limb/subject08/StaticP3/subject8_limb_EMG.mat,StaticP3,S08_StaticP3_seg0003,S08_StaticP3_seg0003,2,3,Pinch,2,30245,45364,15120,1260.0,42,43
S08_personal_fold01,8,1,0,1,"per class: test=i, validation=(i+1)%8, train=remaining 6 segment indices",train,data/limb/subject08/StaticP4/subject8_limb_EMG.mat,StaticP4,S08_StaticP4_seg0003,S08_StaticP4_seg0003,3,3,Pinch,2,30245,45364,15120,1260.0,42,43
S08_personal_fold01,8,1,0,1,"per class: test=i, validation=(i+1)%8, train=remaining 6 segment indices",train,data/limb/subject08/StaticP9/subject8_limb_EMG.mat,StaticP9,S08_StaticP9_seg0003,S08_StaticP9_seg0003,4,3,Pinch,2,30241,45360,15120,1260.0,42,43
S08_personal_fold01,8,1,0,1,"per class: test=i, validation=(i+1)%8, train=remaining 6 segment indices",train,data/limb/subject08/StaticP10/subject8_limb_EMG.mat,StaticP10,S08_StaticP10_seg0003,S08_StaticP10_seg0003,5,3,Pinch,2,30241,45364,15124,1260.0,42,43
S08_personal_fold01,8,1,0,1,"per class: test=i, validation=(i+1)%8, train=remaining 6 segment indices",train,data/limb/subject08/StaticP14/subject8_limb_EMG.mat,StaticP14,S08_StaticP14_seg0003,S08_StaticP14_seg0003,6,3,Pinch,2,30241,45360,15120,1260.0,42,43
S08_personal_fold01,8,1,0,1,"per class: test=i, validation=(i+1)%8, train=remaining 6 segment indices",train,data/limb/subject08/Dynamic/subject8_limb_EMG.mat,Dynamic,S08_Dynamic_seg0003,S08_Dynamic_seg0003,7,3,Pinch,2,231347,339879,108533,1260.0,42,43
S08_personal_fold01,8,1,0,1,"per class: test=i, validation=(i+1)%8, train=remaining 6 segment indices",test,data/limb/subject08/StaticP1/subject8_limb_EMG.mat,StaticP1,S08_StaticP1_seg0004,S08_StaticP1_seg0004,0,4,Power,3,45361,60480,15120,1260.0,42,43
S08_personal_fold01,8,1,0,1,"per class: test=i, validation=(i+1)%8, train=remaining 6 segment indices",validation,data/limb/subject08/StaticP2/subject8_limb_EMG.mat,StaticP2,S08_StaticP2_seg0004,S08_StaticP2_seg0004,1,4,Power,3,45361,60480,15120,1260.0,42,43
S08_personal_fold01,8,1,0,1,"per class: test=i, validation=(i+1)%8, train=remaining 6 segment indices",train,data/limb/subject08/StaticP3/subject8_limb_EMG.mat,StaticP3,S08_StaticP3_seg0004,S08_StaticP3_seg0004,2,4,Power,3,45365,60484,15120,1260.0,42,43
S08_personal_fold01,8,1,0,1,"per class: test=i, validation=(i+1)%8, train=remaining 6 segment indices",train,data/limb/subject08/StaticP4/subject8_limb_EMG.mat,StaticP4,S08_StaticP4_seg0004,S08_StaticP4_seg0004,3,4,Power,3,45365,60484,15120,1260.0,42,43
S08_personal_fold01,8,1,0,1,"per class: test=i, validation=(i+1)%8, train=remaining 6 segment indices",train,data/limb/subject08/StaticP9/subject8_limb_EMG.mat,StaticP9,S08_StaticP9_seg0004,S08_StaticP9_seg0004,4,4,Power,3,45361,60480,15120,1260.0,42,43
S08_personal_fold01,8,1,0,1,"per class: test=i, validation=(i+1)%8, train=remaining 6 segment indices",train,data/limb/subject08/StaticP10/subject8_limb_EMG.mat,StaticP10,S08_StaticP10_seg0004,S08_StaticP10_seg0004,5,4,Power,3,45365,60484,15120,1260.0,42,43
S08_personal_fold01,8,1,0,1,"per class: test=i, validation=(i+1)%8, train=remaining 6 segment indices",train,data/limb/subject08/StaticP14/subject8_limb_EMG.mat,StaticP14,S08_StaticP14_seg0004,S08_StaticP14_seg0004,6,4,Power,3,45361,60480,15120,1260.0,42,43
S08_personal_fold01,8,1,0,1,"per class: test=i, validation=(i+1)%8, train=remaining 6 segment indices",train,data/limb/subject08/Dynamic/subject8_limb_EMG.mat,Dynamic,S08_Dynamic_seg0004,S08_Dynamic_seg0004,7,4,Power,3,339880,464121,124242,1260.0,42,43
S08_personal_fold01,8,1,0,1,"per class: test=i, validation=(i+1)%8, train=remaining 6 segment indices",test,data/limb/subject08/StaticP1/subject8_limb_EMG.mat,StaticP1,S08_StaticP1_seg0005,S08_StaticP1_seg0005,0,5,Rest,4,60481,75600,15120,1260.0,42,43
S08_personal_fold01,8,1,0,1,"per class: test=i, validation=(i+1)%8, train=remaining 6 segment indices",validation,data/limb/subject08/StaticP2/subject8_limb_EMG.mat,StaticP2,S08_StaticP2_seg0005,S08_StaticP2_seg0005,1,5,Rest,4,60481,75600,15120,1260.0,42,43
S08_personal_fold01,8,1,0,1,"per class: test=i, validation=(i+1)%8, train=remaining 6 segment indices",train,data/limb/subject08/StaticP3/subject8_limb_EMG.mat,StaticP3,S08_StaticP3_seg0005,S08_StaticP3_seg0005,2,5,Rest,4,60485,75604,15120,1260.0,42,43
S08_personal_fold01,8,1,0,1,"per class: test=i, validation=(i+1)%8, train=remaining 6 segment indices",train,data/limb/subject08/StaticP4/subject8_limb_EMG.mat,StaticP4,S08_StaticP4_seg0005,S08_StaticP4_seg0005,3,5,Rest,4,60485,75604,15120,1260.0,42,43
S08_personal_fold01,8,1,0,1,"per class: test=i, validation=(i+1)%8, train=remaining 6 segment indices",train,data/limb/subject08/StaticP9/subject8_limb_EMG.mat,StaticP9,S08_StaticP9_seg0005,S08_StaticP9_seg0005,4,5,Rest,4,60481,75600,15120,1260.0,42,43
S08_personal_fold01,8,1,0,1,"per class: test=i, validation=(i+1)%8, train=remaining 6 segment indices",train,data/limb/subject08/StaticP10/subject8_limb_EMG.mat,StaticP10,S08_StaticP10_seg0005,S08_StaticP10_seg0005,5,5,Rest,4,60485,75604,15120,1260.0,42,43
S08_personal_fold01,8,1,0,1,"per class: test=i, validation=(i+1)%8, train=remaining 6 segment indices",train,data/limb/subject08/StaticP14/subject8_limb_EMG.mat,StaticP14,S08_StaticP14_seg0005,S08_StaticP14_seg0005,6,5,Rest,4,60481,75600,15120,1260.0,42,43
S08_personal_fold01,8,1,0,1,"per class: test=i, validation=(i+1)%8, train=remaining 6 segment indices",train,data/limb/subject08/Dynamic/subject8_limb_EMG.mat,Dynamic,S08_Dynamic_seg0005,S08_Dynamic_seg0005,7,5,Rest,4,464122,698263,234142,1260.0,42,43
S08_personal_fold02,8,2,1,2,"per class: test=i, validation=(i+1)%8, train=remaining 6 segment indices",train,data/limb/subject08/StaticP1/subject8_limb_EMG.mat,StaticP1,S08_StaticP1_seg0001,S08_StaticP1_seg0001,0,1,HandOpen,0,1,15120,15120,1260.0,42,43
S08_personal_fold02,8,2,1,2,"per class: test=i, validation=(i+1)%8, train=remaining 6 segment indices",test,data/limb/subject08/StaticP2/subject8_limb_EMG.mat,StaticP2,S08_StaticP2_seg0001,S08_StaticP2_seg0001,1,1,HandOpen,0,1,15120,15120,1260.0,42,43
S08_personal_fold02,8,2,1,2,"per class: test=i, validation=(i+1)%8, train=remaining 6 segment indices",validation,data/limb/subject08/StaticP3/subject8_limb_EMG.mat,StaticP3,S08_StaticP3_seg0001,S08_StaticP3_seg0001,2,1,HandOpen,0,1,15120,15120,1260.0,42,43
S08_personal_fold02,8,2,1,2,"per class: test=i, validation=(i+1)%8, train=remaining 6 segment indices",train,data/limb/subject08/StaticP4/subject8_limb_EMG.mat,StaticP4,S08_StaticP4_seg0001,S08_StaticP4_seg0001,3,1,HandOpen,0,1,15120,15120,1260.0,42,43
S08_personal_fold02,8,2,1,2,"per class: test=i, validation=(i+1)%8, train=remaining 6 segment indices",train,data/limb/subject08/StaticP9/subject8_limb_EMG.mat,StaticP9,S08_StaticP9_seg0001,S08_StaticP9_seg0001,4,1,HandOpen,0,1,15120,15120,1260.0,42,43
S08_personal_fold02,8,2,1,2,"per class: test=i, validation=(i+1)%8, train=remaining 6 segment indices",train,data/limb/subject08/StaticP10/subject8_limb_EMG.mat,StaticP10,S08_StaticP10_seg0001,S08_StaticP10_seg0001,5,1,HandOpen,0,1,15120,15120,1260.0,42,43
S08_personal_fold02,8,2,1,2,"per class: test=i, validation=(i+1)%8, train=remaining 6 segment indices",train,data/limb/subject08/StaticP14/subject8_limb_EMG.mat,StaticP14,S08_StaticP14_seg0001,S08_StaticP14_seg0001,6,1,HandOpen,0,1,15120,15120,1260.0,42,43
S08_personal_fold02,8,2,1,2,"per class: test=i, validation=(i+1)%8, train=remaining 6 segment indices",train,data/limb/subject08/Dynamic/subject8_limb_EMG.mat,Dynamic,S08_Dynamic_seg0001,S08_Dynamic_seg0001,7,1,HandOpen,0,1,115673,115673,1260.0,42,43
S08_personal_fold02,8,2,1,2,"per class: test=i, validation=(i+1)%8, train=remaining 6 segment indices",train,data/limb/subject08/StaticP1/subject8_limb_EMG.mat,StaticP1,S08_StaticP1_seg0002,S08_StaticP1_seg0002,0,2,Lateral,1,15121,30240,15120,1260.0,42,43
S08_personal_fold02,8,2,1,2,"per class: test=i, validation=(i+1)%8, train=remaining 6 segment indices",test,data/limb/subject08/StaticP2/subject8_limb_EMG.mat,StaticP2,S08_StaticP2_seg0002,S08_StaticP2_seg0002,1,2,Lateral,1,15121,30240,15120,1260.0,42,43
S08_personal_fold02,8,2,1,2,"per class: test=i, validation=(i+1)%8, train=remaining 6 segment indices",validation,data/limb/subject08/StaticP3/subject8_limb_EMG.mat,StaticP3,S08_StaticP3_seg0002,S08_StaticP3_seg0002,2,2,Lateral,1,15121,30244,15124,1260.0,42,43
S08_personal_fold02,8,2,1,2,"per class: test=i, validation=(i+1)%8, train=remaining 6 segment indices",train,data/limb/subject08/StaticP4/subject8_limb_EMG.mat,StaticP4,S08_StaticP4_seg0002,S08_StaticP4_seg0002,3,2,Lateral,1,15121,30244,15124,1260.0,42,43
S08_personal_fold02,8,2,1,2,"per class: test=i, validation=(i+1)%8, train=remaining 6 segment indices",train,data/limb/subject08/StaticP9/subject8_limb_EMG.mat,StaticP9,S08_StaticP9_seg0002,S08_StaticP9_seg0002,4,2,Lateral,1,15121,30240,15120,1260.0,42,43
S08_personal_fold02,8,2,1,2,"per class: test=i, validation=(i+1)%8, train=remaining 6 segment indices",train,data/limb/subject08/StaticP10/subject8_limb_EMG.mat,StaticP10,S08_StaticP10_seg0002,S08_StaticP10_seg0002,5,2,Lateral,1,15121,30240,15120,1260.0,42,43
S08_personal_fold02,8,2,1,2,"per class: test=i, validation=(i+1)%8, train=remaining 6 segment indices",train,data/limb/subject08/StaticP14/subject8_limb_EMG.mat,StaticP14,S08_StaticP14_seg0002,S08_StaticP14_seg0002,6,2,Lateral,1,15121,30240,15120,1260.0,42,43
S08_personal_fold02,8,2,1,2,"per class: test=i, validation=(i+1)%8, train=remaining 6 segment indices",train,data/limb/subject08/Dynamic/subject8_limb_EMG.mat,Dynamic,S08_Dynamic_seg0002,S08_Dynamic_seg0002,7,2,Lateral,1,115674,231346,115673,1260.0,42,43
S08_personal_fold02,8,2,1,2,"per class: test=i, validation=(i+1)%8, train=remaining 6 segment indices",train,data/limb/subject08/StaticP1/subject8_limb_EMG.mat,StaticP1,S08_StaticP1_seg0003,S08_StaticP1_seg0003,0,3,Pinch,2,30241,45360,15120,1260.0,42,43
S08_personal_fold02,8,2,1,2,"per class: test=i, validation=(i+1)%8, train=remaining 6 segment indices",test,data/limb/subject08/StaticP2/subject8_limb_EMG.mat,StaticP2,S08_StaticP2_seg0003,S08_StaticP2_seg0003,1,3,Pinch,2,30241,45360,15120,1260.0,42,43
S08_personal_fold02,8,2,1,2,"per class: test=i, validation=(i+1)%8, train=remaining 6 segment indices",validation,data/limb/subject08/StaticP3/subject8_limb_EMG.mat,StaticP3,S08_StaticP3_seg0003,S08_StaticP3_seg0003,2,3,Pinch,2,30245,45364,15120,1260.0,42,43
S08_personal_fold02,8,2,1,2,"per class: test=i, validation=(i+1)%8, train=remaining 6 segment indices",train,data/limb/subject08/StaticP4/subject8_limb_EMG.mat,StaticP4,S08_StaticP4_seg0003,S08_StaticP4_seg0003,3,3,Pinch,2,30245,45364,15120,1260.0,42,43
S08_personal_fold02,8,2,1,2,"per class: test=i, validation=(i+1)%8, train=remaining 6 segment indices",train,data/limb/subject08/StaticP9/subject8_limb_EMG.mat,StaticP9,S08_StaticP9_seg0003,S08_StaticP9_seg0003,4,3,Pinch,2,30241,45360,15120,1260.0,42,43
S08_personal_fold02,8,2,1,2,"per class: test=i, validation=(i+1)%8, train=remaining 6 segment indices",train,data/limb/subject08/StaticP10/subject8_limb_EMG.mat,StaticP10,S08_StaticP10_seg0003,S08_StaticP10_seg0003,5,3,Pinch,2,30241,45364,15124,1260.0,42,43
S08_personal_fold02,8,2,1,2,"per class: test=i, validation=(i+1)%8, train=remaining 6 segment indices",train,data/limb/subject08/StaticP14/subject8_limb_EMG.mat,StaticP14,S08_StaticP14_seg0003,S08_StaticP14_seg0003,6,3,Pinch,2,30241,45360,15120,1260.0,42,43
S08_personal_fold02,8,2,1,2,"per class: test=i, validation=(i+1)%8, train=remaining 6 segment indices",train,data/limb/subject08/Dynamic/subject8_limb_EMG.mat,Dynamic,S08_Dynamic_seg0003,S08_Dynamic_seg0003,7,3,Pinch,2,231347,339879,108533,1260.0,42,43
S08_personal_fold02,8,2,1,2,"per class: test=i, validation=(i+1)%8, train=remaining 6 segment indices",train,data/limb/subject08/StaticP1/subject8_limb_EMG.mat,StaticP1,S08_StaticP1_seg0004,S08_StaticP1_seg0004,0,4,Power,3,45361,60480,15120,1260.0,42,43
S08_personal_fold02,8,2,1,2,"per class: test=i, validation=(i+1)%8, train=remaining 6 segment indices",test,data/limb/subject08/StaticP2/subject8_limb_EMG.mat,StaticP2,S08_StaticP2_seg0004,S08_StaticP2_seg0004,1,4,Power,3,45361,60480,15120,1260.0,42,43
S08_personal_fold02,8,2,1,2,"per class: test=i, validation=(i+1)%8, train=remaining 6 segment indices",validation,data/limb/subject08/StaticP3/subject8_limb_EMG.mat,StaticP3,S08_StaticP3_seg0004,S08_StaticP3_seg0004,2,4,Power,3,45365,60484,15120,1260.0,42,43
S08_personal_fold02,8,2,1,2,"per class: test=i, validation=(i+1)%8, train=remaining 6 segment indices",train,data/limb/subject08/StaticP4/subject8_limb_EMG.mat,StaticP4,S08_StaticP4_seg0004,S08_StaticP4_seg0004,3,4,Power,3,45365,60484,15120,1260.0,42,43
S08_personal_fold02,8,2,1,2,"per class: test=i, validation=(i+1)%8, train=remaining 6 segment indices",train,data/limb/subject08/StaticP9/subject8_limb_EMG.mat,StaticP9,S08_StaticP9_seg0004,S08_StaticP9_seg0004,4,4,Power,3,45361,60480,15120,1260.0,42,43
S08_personal_fold02,8,2,1,2,"per class: test=i, validation=(i+1)%8, train=remaining 6 segment indices",train,data/limb/subject08/StaticP10/subject8_limb_EMG.mat,StaticP10,S08_StaticP10_seg0004,S08_StaticP10_seg0004,5,4,Power,3,45365,60484,15120,1260.0,42,43
S08_personal_fold02,8,2,1,2,"per class: test=i, validation=(i+1)%8, train=remaining 6 segment indices",train,data/limb/subject08/StaticP14/subject8_limb_EMG.mat,StaticP14,S08_StaticP14_seg0004,S08_StaticP14_seg0004,6,4,Power,3,45361,60480,15120,1260.0,42,43
S08_personal_fold02,8,2,1,2,"per class: test=i, validation=(i+1)%8, train=remaining 6 segment indices",train,data/limb/subject08/Dynamic/subject8_limb_EMG.mat,Dynamic,S08_Dynamic_seg0004,S08_Dynamic_seg0004,7,4,Power,3,339880,464121,124242,1260.0,42,43
S08_personal_fold02,8,2,1,2,"per class: test=i, validation=(i+1)%8, train=remaining 6 segment indices",train,data/limb/subject08/StaticP1/subject8_limb_EMG.mat,StaticP1,S08_StaticP1_seg0005,S08_StaticP1_seg0005,0,5,Rest,4,60481,75600,15120,1260.0,42,43
S08_personal_fold02,8,2,1,2,"per class: test=i, validation=(i+1)%8, train=remaining 6 segment indices",test,data/limb/subject08/StaticP2/subject8_limb_EMG.mat,StaticP2,S08_StaticP2_seg0005,S08_StaticP2_seg0005,1,5,Rest,4,60481,75600,15120,1260.0,42,43
S08_personal_fold02,8,2,1,2,"per class: test=i, validation=(i+1)%8, train=remaining 6 segment indices",validation,data/limb/subject08/StaticP3/subject8_limb_EMG.mat,StaticP3,S08_StaticP3_seg0005,S08_StaticP3_seg0005,2,5,Rest,4,60485,75604,15120,1260.0,42,43
S08_personal_fold02,8,2,1,2,"per class: test=i, validation=(i+1)%8, train=remaining 6 segment indices",train,data/limb/subject08/StaticP4/subject8_limb_EMG.mat,StaticP4,S08_StaticP4_seg0005,S08_StaticP4_seg0005,3,5,Rest,4,60485,75604,15120,1260.0,42,43
S08_personal_fold02,8,2,1,2,"per class: test=i, validation=(i+1)%8, train=remaining 6 segment indices",train,data/limb/subject08/StaticP9/subject8_limb_EMG.mat,StaticP9,S08_StaticP9_seg0005,S08_StaticP9_seg0005,4,5,Rest,4,60481,75600,15120,1260.0,42,43
S08_personal_fold02,8,2,1,2,"per class: test=i, validation=(i+1)%8, train=remaining 6 segment indices",train,data/limb/subject08/StaticP10/subject8_limb_EMG.mat,StaticP10,S08_StaticP10_seg0005,S08_StaticP10_seg0005,5,5,Rest,4,60485,75604,15120,1260.0,42,43
S08_personal_fold02,8,2,1,2,"per class: test=i, validation=(i+1)%8, train=remaining 6 segment indices",train,data/limb/subject08/StaticP14/subject8_limb_EMG.mat,StaticP14,S08_StaticP14_seg0005,S08_StaticP14_seg0005,6,5,Rest,4,60481,75600,15120,1260.0,42,43
S08_personal_fold02,8,2,1,2,"per class: test=i, validation=(i+1)%8, train=remaining 6 segment indices",train,data/limb/subject08/Dynamic/subject8_limb_EMG.mat,Dynamic,S08_Dynamic_seg0005,S08_Dynamic_seg0005,7,5,Rest,4,464122,698263,234142,1260.0,42,43
S08_personal_fold03,8,3,2,3,"per class: test=i, validation=(i+1)%8, train=remaining 6 segment indices",train,data/limb/subject08/StaticP1/subject8_limb_EMG.mat,StaticP1,S08_StaticP1_seg0001,S08_StaticP1_seg0001,0,1,HandOpen,0,1,15120,15120,1260.0,42,43
S08_personal_fold03,8,3,2,3,"per class: test=i, validation=(i+1)%8, train=remaining 6 segment indices",train,data/limb/subject08/StaticP2/subject8_limb_EMG.mat,StaticP2,S08_StaticP2_seg0001,S08_StaticP2_seg0001,1,1,HandOpen,0,1,15120,15120,1260.0,42,43
S08_personal_fold03,8,3,2,3,"per class: test=i, validation=(i+1)%8, train=remaining 6 segment indices",test,data/limb/subject08/StaticP3/subject8_limb_EMG.mat,StaticP3,S08_StaticP3_seg0001,S08_StaticP3_seg0001,2,1,HandOpen,0,1,15120,15120,1260.0,42,43
S08_personal_fold03,8,3,2,3,"per class: test=i, validation=(i+1)%8, train=remaining 6 segment indices",validation,data/limb/subject08/StaticP4/subject8_limb_EMG.mat,StaticP4,S08_StaticP4_seg0001,S08_StaticP4_seg0001,3,1,HandOpen,0,1,15120,15120,1260.0,42,43
S08_personal_fold03,8,3,2,3,"per class: test=i, validation=(i+1)%8, train=remaining 6 segment indices",train,data/limb/subject08/StaticP9/subject8_limb_EMG.mat,StaticP9,S08_StaticP9_seg0001,S08_StaticP9_seg0001,4,1,HandOpen,0,1,15120,15120,1260.0,42,43
S08_personal_fold03,8,3,2,3,"per class: test=i, validation=(i+1)%8, train=remaining 6 segment indices",train,data/limb/subject08/StaticP10/subject8_limb_EMG.mat,StaticP10,S08_StaticP10_seg0001,S08_StaticP10_seg0001,5,1,HandOpen,0,1,15120,15120,1260.0,42,43
S08_personal_fold03,8,3,2,3,"per class: test=i, validation=(i+1)%8, train=remaining 6 segment indices",train,data/limb/subject08/StaticP14/subject8_limb_EMG.mat,StaticP14,S08_StaticP14_seg0001,S08_StaticP14_seg0001,6,1,HandOpen,0,1,15120,15120,1260.0,42,43
S08_personal_fold03,8,3,2,3,"per class: test=i, validation=(i+1)%8, train=remaining 6 segment indices",train,data/limb/subject08/Dynamic/subject8_limb_EMG.mat,Dynamic,S08_Dynamic_seg0001,S08_Dynamic_seg0001,7,1,HandOpen,0,1,115673,115673,1260.0,42,43
S08_personal_fold03,8,3,2,3,"per class: test=i, validation=(i+1)%8, train=remaining 6 segment indices",train,data/limb/subject08/StaticP1/subject8_limb_EMG.mat,StaticP1,S08_StaticP1_seg0002,S08_StaticP1_seg0002,0,2,Lateral,1,15121,30240,15120,1260.0,42,43
S08_personal_fold03,8,3,2,3,"per class: test=i, validation=(i+1)%8, train=remaining 6 segment indices",train,data/limb/subject08/StaticP2/subject8_limb_EMG.mat,StaticP2,S08_StaticP2_seg0002,S08_StaticP2_seg0002,1,2,Lateral,1,15121,30240,15120,1260.0,42,43
S08_personal_fold03,8,3,2,3,"per class: test=i, validation=(i+1)%8, train=remaining 6 segment indices",test,data/limb/subject08/StaticP3/subject8_limb_EMG.mat,StaticP3,S08_StaticP3_seg0002,S08_StaticP3_seg0002,2,2,Lateral,1,15121,30244,15124,1260.0,42,43
S08_personal_fold03,8,3,2,3,"per class: test=i, validation=(i+1)%8, train=remaining 6 segment indices",validation,data/limb/subject08/StaticP4/subject8_limb_EMG.mat,StaticP4,S08_StaticP4_seg0002,S08_StaticP4_seg0002,3,2,Lateral,1,15121,30244,15124,1260.0,42,43
S08_personal_fold03,8,3,2,3,"per class: test=i, validation=(i+1)%8, train=remaining 6 segment indices",train,data/limb/subject08/StaticP9/subject8_limb_EMG.mat,StaticP9,S08_StaticP9_seg0002,S08_StaticP9_seg0002,4,2,Lateral,1,15121,30240,15120,1260.0,42,43
S08_personal_fold03,8,3,2,3,"per class: test=i, validation=(i+1)%8, train=remaining 6 segment indices",train,data/limb/subject08/StaticP10/subject8_limb_EMG.mat,StaticP10,S08_StaticP10_seg0002,S08_StaticP10_seg0002,5,2,Lateral,1,15121,30240,15120,1260.0,42,43
S08_personal_fold03,8,3,2,3,"per class: test=i, validation=(i+1)%8, train=remaining 6 segment indices",train,data/limb/subject08/StaticP14/subject8_limb_EMG.mat,StaticP14,S08_StaticP14_seg0002,S08_StaticP14_seg0002,6,2,Lateral,1,15121,30240,15120,1260.0,42,43
S08_personal_fold03,8,3,2,3,"per class: test=i, validation=(i+1)%8, train=remaining 6 segment indices",train,data/limb/subject08/Dynamic/subject8_limb_EMG.mat,Dynamic,S08_Dynamic_seg0002,S08_Dynamic_seg0002,7,2,Lateral,1,115674,231346,115673,1260.0,42,43
S08_personal_fold03,8,3,2,3,"per class: test=i, validation=(i+1)%8, train=remaining 6 segment indices",train,data/limb/subject08/StaticP1/subject8_limb_EMG.mat,StaticP1,S08_StaticP1_seg0003,S08_StaticP1_seg0003,0,3,Pinch,2,30241,45360,15120,1260.0,42,43
S08_personal_fold03,8,3,2,3,"per class: test=i, validation=(i+1)%8, train=remaining 6 segment indices",train,data/limb/subject08/StaticP2/subject8_limb_EMG.mat,StaticP2,S08_StaticP2_seg0003,S08_StaticP2_seg0003,1,3,Pinch,2,30241,45360,15120,1260.0,42,43
S08_personal_fold03,8,3,2,3,"per class: test=i, validation=(i+1)%8, train=remaining 6 segment indices",test,data/limb/subject08/StaticP3/subject8_limb_EMG.mat,StaticP3,S08_StaticP3_seg0003,S08_StaticP3_seg0003,2,3,Pinch,2,30245,45364,15120,1260.0,42,43
S08_personal_fold03,8,3,2,3,"per class: test=i, validation=(i+1)%8, train=remaining 6 segment indices",validation,data/limb/subject08/StaticP4/subject8_limb_EMG.mat,StaticP4,S08_StaticP4_seg0003,S08_StaticP4_seg0003,3,3,Pinch,2,30245,45364,15120,1260.0,42,43
S08_personal_fold03,8,3,2,3,"per class: test=i, validation=(i+1)%8, train=remaining 6 segment indices",train,data/limb/subject08/StaticP9/subject8_limb_EMG.mat,StaticP9,S08_StaticP9_seg0003,S08_StaticP9_seg0003,4,3,Pinch,2,30241,45360,15120,1260.0,42,43
S08_personal_fold03,8,3,2,3,"per class: test=i, validation=(i+1)%8, train=remaining 6 segment indices",train,data/limb/subject08/StaticP10/subject8_limb_EMG.mat,StaticP10,S08_StaticP10_seg0003,S08_StaticP10_seg0003,5,3,Pinch,2,30241,45364,15124,1260.0,42,43
S08_personal_fold03,8,3,2,3,"per class: test=i, validation=(i+1)%8, train=remaining 6 segment indices",train,data/limb/subject08/StaticP14/subject8_limb_EMG.mat,StaticP14,S08_StaticP14_seg0003,S08_StaticP14_seg0003,6,3,Pinch,2,30241,45360,15120,1260.0,42,43
S08_personal_fold03,8,3,2,3,"per class: test=i, validation=(i+1)%8, train=remaining 6 segment indices",train,data/limb/subject08/Dynamic/subject8_limb_EMG.mat,Dynamic,S08_Dynamic_seg0003,S08_Dynamic_seg0003,7,3,Pinch,2,231347,339879,108533,1260.0,42,43
S08_personal_fold03,8,3,2,3,"per class: test=i, validation=(i+1)%8, train=remaining 6 segment indices",train,data/limb/subject08/StaticP1/subject8_limb_EMG.mat,StaticP1,S08_StaticP1_seg0004,S08_StaticP1_seg0004,0,4,Power,3,45361,60480,15120,1260.0,42,43
S08_personal_fold03,8,3,2,3,"per class: test=i, validation=(i+1)%8, train=remaining 6 segment indices",train,data/limb/subject08/StaticP2/subject8_limb_EMG.mat,StaticP2,S08_StaticP2_seg0004,S08_StaticP2_seg0004,1,4,Power,3,45361,60480,15120,1260.0,42,43
S08_personal_fold03,8,3,2,3,"per class: test=i, validation=(i+1)%8, train=remaining 6 segment indices",test,data/limb/subject08/StaticP3/subject8_limb_EMG.mat,StaticP3,S08_StaticP3_seg0004,S08_StaticP3_seg0004,2,4,Power,3,45365,60484,15120,1260.0,42,43
S08_personal_fold03,8,3,2,3,"per class: test=i, validation=(i+1)%8, train=remaining 6 segment indices",validation,data/limb/subject08/StaticP4/subject8_limb_EMG.mat,StaticP4,S08_StaticP4_seg0004,S08_StaticP4_seg0004,3,4,Power,3,45365,60484,15120,1260.0,42,43
S08_personal_fold03,8,3,2,3,"per class: test=i, validation=(i+1)%8, train=remaining 6 segment indices",train,data/limb/subject08/StaticP9/subject8_limb_EMG.mat,StaticP9,S08_StaticP9_seg0004,S08_StaticP9_seg0004,4,4,Power,3,45361,60480,15120,1260.0,42,43
S08_personal_fold03,8,3,2,3,"per class: test=i, validation=(i+1)%8, train=remaining 6 segment indices",train,data/limb/subject08/StaticP10/subject8_limb_EMG.mat,StaticP10,S08_StaticP10_seg0004,S08_StaticP10_seg0004,5,4,Power,3,45365,60484,15120,1260.0,42,43
S08_personal_fold03,8,3,2,3,"per class: test=i, validation=(i+1)%8, train=remaining 6 segment indices",train,data/limb/subject08/StaticP14/subject8_limb_EMG.mat,StaticP14,S08_StaticP14_seg0004,S08_StaticP14_seg0004,6,4,Power,3,45361,60480,15120,1260.0,42,43
S08_personal_fold03,8,3,2,3,"per class: test=i, validation=(i+1)%8, train=remaining 6 segment indices",train,data/limb/subject08/Dynamic/subject8_limb_EMG.mat,Dynamic,S08_Dynamic_seg0004,S08_Dynamic_seg0004,7,4,Power,3,339880,464121,124242,1260.0,42,43
S08_personal_fold03,8,3,2,3,"per class: test=i, validation=(i+1)%8, train=remaining 6 segment indices",train,data/limb/subject08/StaticP1/subject8_limb_EMG.mat,StaticP1,S08_StaticP1_seg0005,S08_StaticP1_seg0005,0,5,Rest,4,60481,75600,15120,1260.0,42,43
S08_personal_fold03,8,3,2,3,"per class: test=i, validation=(i+1)%8, train=remaining 6 segment indices",train,data/limb/subject08/StaticP2/subject8_limb_EMG.mat,StaticP2,S08_StaticP2_seg0005,S08_StaticP2_seg0005,1,5,Rest,4,60481,75600,15120,1260.0,42,43
S08_personal_fold03,8,3,2,3,"per class: test=i, validation=(i+1)%8, train=remaining 6 segment indices",test,data/limb/subject08/StaticP3/subject8_limb_EMG.mat,StaticP3,S08_StaticP3_seg0005,S08_StaticP3_seg0005,2,5,Rest,4,60485,75604,15120,1260.0,42,43
S08_personal_fold03,8,3,2,3,"per class: test=i, validation=(i+1)%8, train=remaining 6 segment indices",validation,data/limb/subject08/StaticP4/subject8_limb_EMG.mat,StaticP4,S08_StaticP4_seg0005,S08_StaticP4_seg0005,3,5,Rest,4,60485,75604,15120,1260.0,42,43
S08_personal_fold03,8,3,2,3,"per class: test=i, validation=(i+1)%8, train=remaining 6 segment indices",train,data/limb/subject08/StaticP9/subject8_limb_EMG.mat,StaticP9,S08_StaticP9_seg0005,S08_StaticP9_seg0005,4,5,Rest,4,60481,75600,15120,1260.0,42,43
S08_personal_fold03,8,3,2,3,"per class: test=i, validation=(i+1)%8, train=remaining 6 segment indices",train,data/limb/subject08/StaticP10/subject8_limb_EMG.mat,StaticP10,S08_StaticP10_seg0005,S08_StaticP10_seg0005,5,5,Rest,4,60485,75604,15120,1260.0,42,43
S08_personal_fold03,8,3,2,3,"per class: test=i, validation=(i+1)%8, train=remaining 6 segment indices",train,data/limb/subject08/StaticP14/subject8_limb_EMG.mat,StaticP14,S08_StaticP14_seg0005,S08_StaticP14_seg0005,6,5,Rest,4,60481,75600,15120,1260.0,42,43
S08_personal_fold03,8,3,2,3,"per class: test=i, validation=(i+1)%8, train=remaining 6 segment indices",train,data/limb/subject08/Dynamic/subject8_limb_EMG.mat,Dynamic,S08_Dynamic_seg0005,S08_Dynamic_seg0005,7,5,Rest,4,464122,698263,234142,1260.0,42,43
S08_personal_fold04,8,4,3,4,"per class: test=i, validation=(i+1)%8, train=remaining 6 segment indices",train,data/limb/subject08/StaticP1/subject8_limb_EMG.mat,StaticP1,S08_StaticP1_seg0001,S08_StaticP1_seg0001,0,1,HandOpen,0,1,15120,15120,1260.0,42,43
S08_personal_fold04,8,4,3,4,"per class: test=i, validation=(i+1)%8, train=remaining 6 segment indices",train,data/limb/subject08/StaticP2/subject8_limb_EMG.mat,StaticP2,S08_StaticP2_seg0001,S08_StaticP2_seg0001,1,1,HandOpen,0,1,15120,15120,1260.0,42,43
S08_personal_fold04,8,4,3,4,"per class: test=i, validation=(i+1)%8, train=remaining 6 segment indices",train,data/limb/subject08/StaticP3/subject8_limb_EMG.mat,StaticP3,S08_StaticP3_seg0001,S08_StaticP3_seg0001,2,1,HandOpen,0,1,15120,15120,1260.0,42,43
S08_personal_fold04,8,4,3,4,"per class: test=i, validation=(i+1)%8, train=remaining 6 segment indices",test,data/limb/subject08/StaticP4/subject8_limb_EMG.mat,StaticP4,S08_StaticP4_seg0001,S08_StaticP4_seg0001,3,1,HandOpen,0,1,15120,15120,1260.0,42,43
S08_personal_fold04,8,4,3,4,"per class: test=i, validation=(i+1)%8, train=remaining 6 segment indices",validation,data/limb/subject08/StaticP9/subject8_limb_EMG.mat,StaticP9,S08_StaticP9_seg0001,S08_StaticP9_seg0001,4,1,HandOpen,0,1,15120,15120,1260.0,42,43
S08_personal_fold04,8,4,3,4,"per class: test=i, validation=(i+1)%8, train=remaining 6 segment indices",train,data/limb/subject08/StaticP10/subject8_limb_EMG.mat,StaticP10,S08_StaticP10_seg0001,S08_StaticP10_seg0001,5,1,HandOpen,0,1,15120,15120,1260.0,42,43
S08_personal_fold04,8,4,3,4,"per class: test=i, validation=(i+1)%8, train=remaining 6 segment indices",train,data/limb/subject08/StaticP14/subject8_limb_EMG.mat,StaticP14,S08_StaticP14_seg0001,S08_StaticP14_seg0001,6,1,HandOpen,0,1,15120,15120,1260.0,42,43
S08_personal_fold04,8,4,3,4,"per class: test=i, validation=(i+1)%8, train=remaining 6 segment indices",train,data/limb/subject08/Dynamic/subject8_limb_EMG.mat,Dynamic,S08_Dynamic_seg0001,S08_Dynamic_seg0001,7,1,HandOpen,0,1,115673,115673,1260.0,42,43
S08_personal_fold04,8,4,3,4,"per class: test=i, validation=(i+1)%8, train=remaining 6 segment indices",train,data/limb/subject08/StaticP1/subject8_limb_EMG.mat,StaticP1,S08_StaticP1_seg0002,S08_StaticP1_seg0002,0,2,Lateral,1,15121,30240,15120,1260.0,42,43
S08_personal_fold04,8,4,3,4,"per class: test=i, validation=(i+1)%8, train=remaining 6 segment indices",train,data/limb/subject08/StaticP2/subject8_limb_EMG.mat,StaticP2,S08_StaticP2_seg0002,S08_StaticP2_seg0002,1,2,Lateral,1,15121,30240,15120,1260.0,42,43
S08_personal_fold04,8,4,3,4,"per class: test=i, validation=(i+1)%8, train=remaining 6 segment indices",train,data/limb/subject08/StaticP3/subject8_limb_EMG.mat,StaticP3,S08_StaticP3_seg0002,S08_StaticP3_seg0002,2,2,Lateral,1,15121,30244,15124,1260.0,42,43
S08_personal_fold04,8,4,3,4,"per class: test=i, validation=(i+1)%8, train=remaining 6 segment indices",test,data/limb/subject08/StaticP4/subject8_limb_EMG.mat,StaticP4,S08_StaticP4_seg0002,S08_StaticP4_seg0002,3,2,Lateral,1,15121,30244,15124,1260.0,42,43
S08_personal_fold04,8,4,3,4,"per class: test=i, validation=(i+1)%8, train=remaining 6 segment indices",validation,data/limb/subject08/StaticP9/subject8_limb_EMG.mat,StaticP9,S08_StaticP9_seg0002,S08_StaticP9_seg0002,4,2,Lateral,1,15121,30240,15120,1260.0,42,43
S08_personal_fold04,8,4,3,4,"per class: test=i, validation=(i+1)%8, train=remaining 6 segment indices",train,data/limb/subject08/StaticP10/subject8_limb_EMG.mat,StaticP10,S08_StaticP10_seg0002,S08_StaticP10_seg0002,5,2,Lateral,1,15121,30240,15120,1260.0,42,43
S08_personal_fold04,8,4,3,4,"per class: test=i, validation=(i+1)%8, train=remaining 6 segment indices",train,data/limb/subject08/StaticP14/subject8_limb_EMG.mat,StaticP14,S08_StaticP14_seg0002,S08_StaticP14_seg0002,6,2,Lateral,1,15121,30240,15120,1260.0,42,43
S08_personal_fold04,8,4,3,4,"per class: test=i, validation=(i+1)%8, train=remaining 6 segment indices",train,data/limb/subject08/Dynamic/subject8_limb_EMG.mat,Dynamic,S08_Dynamic_seg0002,S08_Dynamic_seg0002,7,2,Lateral,1,115674,231346,115673,1260.0,42,43
S08_personal_fold04,8,4,3,4,"per class: test=i, validation=(i+1)%8, train=remaining 6 segment indices",train,data/limb/subject08/StaticP1/subject8_limb_EMG.mat,StaticP1,S08_StaticP1_seg0003,S08_StaticP1_seg0003,0,3,Pinch,2,30241,45360,15120,1260.0,42,43
S08_personal_fold04,8,4,3,4,"per class: test=i, validation=(i+1)%8, train=remaining 6 segment indices",train,data/limb/subject08/StaticP2/subject8_limb_EMG.mat,StaticP2,S08_StaticP2_seg0003,S08_StaticP2_seg0003,1,3,Pinch,2,30241,45360,15120,1260.0,42,43
S08_personal_fold04,8,4,3,4,"per class: test=i, validation=(i+1)%8, train=remaining 6 segment indices",train,data/limb/subject08/StaticP3/subject8_limb_EMG.mat,StaticP3,S08_StaticP3_seg0003,S08_StaticP3_seg0003,2,3,Pinch,2,30245,45364,15120,1260.0,42,43
S08_personal_fold04,8,4,3,4,"per class: test=i, validation=(i+1)%8, train=remaining 6 segment indices",test,data/limb/subject08/StaticP4/subject8_limb_EMG.mat,StaticP4,S08_StaticP4_seg0003,S08_StaticP4_seg0003,3,3,Pinch,2,30245,45364,15120,1260.0,42,43
S08_personal_fold04,8,4,3,4,"per class: test=i, validation=(i+1)%8, train=remaining 6 segment indices",validation,data/limb/subject08/StaticP9/subject8_limb_EMG.mat,StaticP9,S08_StaticP9_seg0003,S08_StaticP9_seg0003,4,3,Pinch,2,30241,45360,15120,1260.0,42,43
S08_personal_fold04,8,4,3,4,"per class: test=i, validation=(i+1)%8, train=remaining 6 segment indices",train,data/limb/subject08/StaticP10/subject8_limb_EMG.mat,StaticP10,S08_StaticP10_seg0003,S08_StaticP10_seg0003,5,3,Pinch,2,30241,45364,15124,1260.0,42,43
S08_personal_fold04,8,4,3,4,"per class: test=i, validation=(i+1)%8, train=remaining 6 segment indices",train,data/limb/subject08/StaticP14/subject8_limb_EMG.mat,StaticP14,S08_StaticP14_seg0003,S08_StaticP14_seg0003,6,3,Pinch,2,30241,45360,15120,1260.0,42,43
S08_personal_fold04,8,4,3,4,"per class: test=i, validation=(i+1)%8, train=remaining 6 segment indices",train,data/limb/subject08/Dynamic/subject8_limb_EMG.mat,Dynamic,S08_Dynamic_seg0003,S08_Dynamic_seg0003,7,3,Pinch,2,231347,339879,108533,1260.0,42,43
S08_personal_fold04,8,4,3,4,"per class: test=i, validation=(i+1)%8, train=remaining 6 segment indices",train,data/limb/subject08/StaticP1/subject8_limb_EMG.mat,StaticP1,S08_StaticP1_seg0004,S08_StaticP1_seg0004,0,4,Power,3,45361,60480,15120,1260.0,42,43
S08_personal_fold04,8,4,3,4,"per class: test=i, validation=(i+1)%8, train=remaining 6 segment indices",train,data/limb/subject08/StaticP2/subject8_limb_EMG.mat,StaticP2,S08_StaticP2_seg0004,S08_StaticP2_seg0004,1,4,Power,3,45361,60480,15120,1260.0,42,43
S08_personal_fold04,8,4,3,4,"per class: test=i, validation=(i+1)%8, train=remaining 6 segment indices",train,data/limb/subject08/StaticP3/subject8_limb_EMG.mat,StaticP3,S08_StaticP3_seg0004,S08_StaticP3_seg0004,2,4,Power,3,45365,60484,15120,1260.0,42,43
S08_personal_fold04,8,4,3,4,"per class: test=i, validation=(i+1)%8, train=remaining 6 segment indices",test,data/limb/subject08/StaticP4/subject8_limb_EMG.mat,StaticP4,S08_StaticP4_seg0004,S08_StaticP4_seg0004,3,4,Power,3,45365,60484,15120,1260.0,42,43
S08_personal_fold04,8,4,3,4,"per class: test=i, validation=(i+1)%8, train=remaining 6 segment indices",validation,data/limb/subject08/StaticP9/subject8_limb_EMG.mat,StaticP9,S08_StaticP9_seg0004,S08_StaticP9_seg0004,4,4,Power,3,45361,60480,15120,1260.0,42,43
S08_personal_fold04,8,4,3,4,"per class: test=i, validation=(i+1)%8, train=remaining 6 segment indices",train,data/limb/subject08/StaticP10/subject8_limb_EMG.mat,StaticP10,S08_StaticP10_seg0004,S08_StaticP10_seg0004,5,4,Power,3,45365,60484,15120,1260.0,42,43
S08_personal_fold04,8,4,3,4,"per class: test=i, validation=(i+1)%8, train=remaining 6 segment indices",train,data/limb/subject08/StaticP14/subject8_limb_EMG.mat,StaticP14,S08_StaticP14_seg0004,S08_StaticP14_seg0004,6,4,Power,3,45361,60480,15120,1260.0,42,43
S08_personal_fold04,8,4,3,4,"per class: test=i, validation=(i+1)%8, train=remaining 6 segment indices",train,data/limb/subject08/Dynamic/subject8_limb_EMG.mat,Dynamic,S08_Dynamic_seg0004,S08_Dynamic_seg0004,7,4,Power,3,339880,464121,124242,1260.0,42,43
S08_personal_fold04,8,4,3,4,"per class: test=i, validation=(i+1)%8, train=remaining 6 segment indices",train,data/limb/subject08/StaticP1/subject8_limb_EMG.mat,StaticP1,S08_StaticP1_seg0005,S08_StaticP1_seg0005,0,5,Rest,4,60481,75600,15120,1260.0,42,43
S08_personal_fold04,8,4,3,4,"per class: test=i, validation=(i+1)%8, train=remaining 6 segment indices",train,data/limb/subject08/StaticP2/subject8_limb_EMG.mat,StaticP2,S08_StaticP2_seg0005,S08_StaticP2_seg0005,1,5,Rest,4,60481,75600,15120,1260.0,42,43
S08_personal_fold04,8,4,3,4,"per class: test=i, validation=(i+1)%8, train=remaining 6 segment indices",train,data/limb/subject08/StaticP3/subject8_limb_EMG.mat,StaticP3,S08_StaticP3_seg0005,S08_StaticP3_seg0005,2,5,Rest,4,60485,75604,15120,1260.0,42,43
S08_personal_fold04,8,4,3,4,"per class: test=i, validation=(i+1)%8, train=remaining 6 segment indices",test,data/limb/subject08/StaticP4/subject8_limb_EMG.mat,StaticP4,S08_StaticP4_seg0005,S08_StaticP4_seg0005,3,5,Rest,4,60485,75604,15120,1260.0,42,43
S08_personal_fold04,8,4,3,4,"per class: test=i, validation=(i+1)%8, train=remaining 6 segment indices",validation,data/limb/subject08/StaticP9/subject8_limb_EMG.mat,StaticP9,S08_StaticP9_seg0005,S08_StaticP9_seg0005,4,5,Rest,4,60481,75600,15120,1260.0,42,43
S08_personal_fold04,8,4,3,4,"per class: test=i, validation=(i+1)%8, train=remaining 6 segment indices",train,data/limb/subject08/StaticP10/subject8_limb_EMG.mat,StaticP10,S08_StaticP10_seg0005,S08_StaticP10_seg0005,5,5,Rest,4,60485,75604,15120,1260.0,42,43
S08_personal_fold04,8,4,3,4,"per class: test=i, validation=(i+1)%8, train=remaining 6 segment indices",train,data/limb/subject08/StaticP14/subject8_limb_EMG.mat,StaticP14,S08_StaticP14_seg0005,S08_StaticP14_seg0005,6,5,Rest,4,60481,75600,15120,1260.0,42,43
S08_personal_fold04,8,4,3,4,"per class: test=i, validation=(i+1)%8, train=remaining 6 segment indices",train,data/limb/subject08/Dynamic/subject8_limb_EMG.mat,Dynamic,S08_Dynamic_seg0005,S08_Dynamic_seg0005,7,5,Rest,4,464122,698263,234142,1260.0,42,43
S08_personal_fold05,8,5,4,5,"per class: test=i, validation=(i+1)%8, train=remaining 6 segment indices",train,data/limb/subject08/StaticP1/subject8_limb_EMG.mat,StaticP1,S08_StaticP1_seg0001,S08_StaticP1_seg0001,0,1,HandOpen,0,1,15120,15120,1260.0,42,43
S08_personal_fold05,8,5,4,5,"per class: test=i, validation=(i+1)%8, train=remaining 6 segment indices",train,data/limb/subject08/StaticP2/subject8_limb_EMG.mat,StaticP2,S08_StaticP2_seg0001,S08_StaticP2_seg0001,1,1,HandOpen,0,1,15120,15120,1260.0,42,43
S08_personal_fold05,8,5,4,5,"per class: test=i, validation=(i+1)%8, train=remaining 6 segment indices",train,data/limb/subject08/StaticP3/subject8_limb_EMG.mat,StaticP3,S08_StaticP3_seg0001,S08_StaticP3_seg0001,2,1,HandOpen,0,1,15120,15120,1260.0,42,43
S08_personal_fold05,8,5,4,5,"per class: test=i, validation=(i+1)%8, train=remaining 6 segment indices",train,data/limb/subject08/StaticP4/subject8_limb_EMG.mat,StaticP4,S08_StaticP4_seg0001,S08_StaticP4_seg0001,3,1,HandOpen,0,1,15120,15120,1260.0,42,43
S08_personal_fold05,8,5,4,5,"per class: test=i, validation=(i+1)%8, train=remaining 6 segment indices",test,data/limb/subject08/StaticP9/subject8_limb_EMG.mat,StaticP9,S08_StaticP9_seg0001,S08_StaticP9_seg0001,4,1,HandOpen,0,1,15120,15120,1260.0,42,43
S08_personal_fold05,8,5,4,5,"per class: test=i, validation=(i+1)%8, train=remaining 6 segment indices",validation,data/limb/subject08/StaticP10/subject8_limb_EMG.mat,StaticP10,S08_StaticP10_seg0001,S08_StaticP10_seg0001,5,1,HandOpen,0,1,15120,15120,1260.0,42,43
S08_personal_fold05,8,5,4,5,"per class: test=i, validation=(i+1)%8, train=remaining 6 segment indices",train,data/limb/subject08/StaticP14/subject8_limb_EMG.mat,StaticP14,S08_StaticP14_seg0001,S08_StaticP14_seg0001,6,1,HandOpen,0,1,15120,15120,1260.0,42,43
S08_personal_fold05,8,5,4,5,"per class: test=i, validation=(i+1)%8, train=remaining 6 segment indices",train,data/limb/subject08/Dynamic/subject8_limb_EMG.mat,Dynamic,S08_Dynamic_seg0001,S08_Dynamic_seg0001,7,1,HandOpen,0,1,115673,115673,1260.0,42,43
S08_personal_fold05,8,5,4,5,"per class: test=i, validation=(i+1)%8, train=remaining 6 segment indices",train,data/limb/subject08/StaticP1/subject8_limb_EMG.mat,StaticP1,S08_StaticP1_seg0002,S08_StaticP1_seg0002,0,2,Lateral,1,15121,30240,15120,1260.0,42,43
S08_personal_fold05,8,5,4,5,"per class: test=i, validation=(i+1)%8, train=remaining 6 segment indices",train,data/limb/subject08/StaticP2/subject8_limb_EMG.mat,StaticP2,S08_StaticP2_seg0002,S08_StaticP2_seg0002,1,2,Lateral,1,15121,30240,15120,1260.0,42,43
S08_personal_fold05,8,5,4,5,"per class: test=i, validation=(i+1)%8, train=remaining 6 segment indices",train,data/limb/subject08/StaticP3/subject8_limb_EMG.mat,StaticP3,S08_StaticP3_seg0002,S08_StaticP3_seg0002,2,2,Lateral,1,15121,30244,15124,1260.0,42,43
S08_personal_fold05,8,5,4,5,"per class: test=i, validation=(i+1)%8, train=remaining 6 segment indices",train,data/limb/subject08/StaticP4/subject8_limb_EMG.mat,StaticP4,S08_StaticP4_seg0002,S08_StaticP4_seg0002,3,2,Lateral,1,15121,30244,15124,1260.0,42,43
S08_personal_fold05,8,5,4,5,"per class: test=i, validation=(i+1)%8, train=remaining 6 segment indices",test,data/limb/subject08/StaticP9/subject8_limb_EMG.mat,StaticP9,S08_StaticP9_seg0002,S08_StaticP9_seg0002,4,2,Lateral,1,15121,30240,15120,1260.0,42,43
S08_personal_fold05,8,5,4,5,"per class: test=i, validation=(i+1)%8, train=remaining 6 segment indices",validation,data/limb/subject08/StaticP10/subject8_limb_EMG.mat,StaticP10,S08_StaticP10_seg0002,S08_StaticP10_seg0002,5,2,Lateral,1,15121,30240,15120,1260.0,42,43
S08_personal_fold05,8,5,4,5,"per class: test=i, validation=(i+1)%8, train=remaining 6 segment indices",train,data/limb/subject08/StaticP14/subject8_limb_EMG.mat,StaticP14,S08_StaticP14_seg0002,S08_StaticP14_seg0002,6,2,Lateral,1,15121,30240,15120,1260.0,42,43
S08_personal_fold05,8,5,4,5,"per class: test=i, validation=(i+1)%8, train=remaining 6 segment indices",train,data/limb/subject08/Dynamic/subject8_limb_EMG.mat,Dynamic,S08_Dynamic_seg0002,S08_Dynamic_seg0002,7,2,Lateral,1,115674,231346,115673,1260.0,42,43
S08_personal_fold05,8,5,4,5,"per class: test=i, validation=(i+1)%8, train=remaining 6 segment indices",train,data/limb/subject08/StaticP1/subject8_limb_EMG.mat,StaticP1,S08_StaticP1_seg0003,S08_StaticP1_seg0003,0,3,Pinch,2,30241,45360,15120,1260.0,42,43
S08_personal_fold05,8,5,4,5,"per class: test=i, validation=(i+1)%8, train=remaining 6 segment indices",train,data/limb/subject08/StaticP2/subject8_limb_EMG.mat,StaticP2,S08_StaticP2_seg0003,S08_StaticP2_seg0003,1,3,Pinch,2,30241,45360,15120,1260.0,42,43
S08_personal_fold05,8,5,4,5,"per class: test=i, validation=(i+1)%8, train=remaining 6 segment indices",train,data/limb/subject08/StaticP3/subject8_limb_EMG.mat,StaticP3,S08_StaticP3_seg0003,S08_StaticP3_seg0003,2,3,Pinch,2,30245,45364,15120,1260.0,42,43
S08_personal_fold05,8,5,4,5,"per class: test=i, validation=(i+1)%8, train=remaining 6 segment indices",train,data/limb/subject08/StaticP4/subject8_limb_EMG.mat,StaticP4,S08_StaticP4_seg0003,S08_StaticP4_seg0003,3,3,Pinch,2,30245,45364,15120,1260.0,42,43
S08_personal_fold05,8,5,4,5,"per class: test=i, validation=(i+1)%8, train=remaining 6 segment indices",test,data/limb/subject08/StaticP9/subject8_limb_EMG.mat,StaticP9,S08_StaticP9_seg0003,S08_StaticP9_seg0003,4,3,Pinch,2,30241,45360,15120,1260.0,42,43
S08_personal_fold05,8,5,4,5,"per class: test=i, validation=(i+1)%8, train=remaining 6 segment indices",validation,data/limb/subject08/StaticP10/subject8_limb_EMG.mat,StaticP10,S08_StaticP10_seg0003,S08_StaticP10_seg0003,5,3,Pinch,2,30241,45364,15124,1260.0,42,43
S08_personal_fold05,8,5,4,5,"per class: test=i, validation=(i+1)%8, train=remaining 6 segment indices",train,data/limb/subject08/StaticP14/subject8_limb_EMG.mat,StaticP14,S08_StaticP14_seg0003,S08_StaticP14_seg0003,6,3,Pinch,2,30241,45360,15120,1260.0,42,43
S08_personal_fold05,8,5,4,5,"per class: test=i, validation=(i+1)%8, train=remaining 6 segment indices",train,data/limb/subject08/Dynamic/subject8_limb_EMG.mat,Dynamic,S08_Dynamic_seg0003,S08_Dynamic_seg0003,7,3,Pinch,2,231347,339879,108533,1260.0,42,43
S08_personal_fold05,8,5,4,5,"per class: test=i, validation=(i+1)%8, train=remaining 6 segment indices",train,data/limb/subject08/StaticP1/subject8_limb_EMG.mat,StaticP1,S08_StaticP1_seg0004,S08_StaticP1_seg0004,0,4,Power,3,45361,60480,15120,1260.0,42,43
S08_personal_fold05,8,5,4,5,"per class: test=i, validation=(i+1)%8, train=remaining 6 segment indices",train,data/limb/subject08/StaticP2/subject8_limb_EMG.mat,StaticP2,S08_StaticP2_seg0004,S08_StaticP2_seg0004,1,4,Power,3,45361,60480,15120,1260.0,42,43
S08_personal_fold05,8,5,4,5,"per class: test=i, validation=(i+1)%8, train=remaining 6 segment indices",train,data/limb/subject08/StaticP3/subject8_limb_EMG.mat,StaticP3,S08_StaticP3_seg0004,S08_StaticP3_seg0004,2,4,Power,3,45365,60484,15120,1260.0,42,43
S08_personal_fold05,8,5,4,5,"per class: test=i, validation=(i+1)%8, train=remaining 6 segment indices",train,data/limb/subject08/StaticP4/subject8_limb_EMG.mat,StaticP4,S08_StaticP4_seg0004,S08_StaticP4_seg0004,3,4,Power,3,45365,60484,15120,1260.0,42,43
S08_personal_fold05,8,5,4,5,"per class: test=i, validation=(i+1)%8, train=remaining 6 segment indices",test,data/limb/subject08/StaticP9/subject8_limb_EMG.mat,StaticP9,S08_StaticP9_seg0004,S08_StaticP9_seg0004,4,4,Power,3,45361,60480,15120,1260.0,42,43
S08_personal_fold05,8,5,4,5,"per class: test=i, validation=(i+1)%8, train=remaining 6 segment indices",validation,data/limb/subject08/StaticP10/subject8_limb_EMG.mat,StaticP10,S08_StaticP10_seg0004,S08_StaticP10_seg0004,5,4,Power,3,45365,60484,15120,1260.0,42,43
S08_personal_fold05,8,5,4,5,"per class: test=i, validation=(i+1)%8, train=remaining 6 segment indices",train,data/limb/subject08/StaticP14/subject8_limb_EMG.mat,StaticP14,S08_StaticP14_seg0004,S08_StaticP14_seg0004,6,4,Power,3,45361,60480,15120,1260.0,42,43
S08_personal_fold05,8,5,4,5,"per class: test=i, validation=(i+1)%8, train=remaining 6 segment indices",train,data/limb/subject08/Dynamic/subject8_limb_EMG.mat,Dynamic,S08_Dynamic_seg0004,S08_Dynamic_seg0004,7,4,Power,3,339880,464121,124242,1260.0,42,43
S08_personal_fold05,8,5,4,5,"per class: test=i, validation=(i+1)%8, train=remaining 6 segment indices",train,data/limb/subject08/StaticP1/subject8_limb_EMG.mat,StaticP1,S08_StaticP1_seg0005,S08_StaticP1_seg0005,0,5,Rest,4,60481,75600,15120,1260.0,42,43
S08_personal_fold05,8,5,4,5,"per class: test=i, validation=(i+1)%8, train=remaining 6 segment indices",train,data/limb/subject08/StaticP2/subject8_limb_EMG.mat,StaticP2,S08_StaticP2_seg0005,S08_StaticP2_seg0005,1,5,Rest,4,60481,75600,15120,1260.0,42,43
S08_personal_fold05,8,5,4,5,"per class: test=i, validation=(i+1)%8, train=remaining 6 segment indices",train,data/limb/subject08/StaticP3/subject8_limb_EMG.mat,StaticP3,S08_StaticP3_seg0005,S08_StaticP3_seg0005,2,5,Rest,4,60485,75604,15120,1260.0,42,43
S08_personal_fold05,8,5,4,5,"per class: test=i, validation=(i+1)%8, train=remaining 6 segment indices",train,data/limb/subject08/StaticP4/subject8_limb_EMG.mat,StaticP4,S08_StaticP4_seg0005,S08_StaticP4_seg0005,3,5,Rest,4,60485,75604,15120,1260.0,42,43
S08_personal_fold05,8,5,4,5,"per class: test=i, validation=(i+1)%8, train=remaining 6 segment indices",test,data/limb/subject08/StaticP9/subject8_limb_EMG.mat,StaticP9,S08_StaticP9_seg0005,S08_StaticP9_seg0005,4,5,Rest,4,60481,75600,15120,1260.0,42,43
S08_personal_fold05,8,5,4,5,"per class: test=i, validation=(i+1)%8, train=remaining 6 segment indices",validation,data/limb/subject08/StaticP10/subject8_limb_EMG.mat,StaticP10,S08_StaticP10_seg0005,S08_StaticP10_seg0005,5,5,Rest,4,60485,75604,15120,1260.0,42,43
S08_personal_fold05,8,5,4,5,"per class: test=i, validation=(i+1)%8, train=remaining 6 segment indices",train,data/limb/subject08/StaticP14/subject8_limb_EMG.mat,StaticP14,S08_StaticP14_seg0005,S08_StaticP14_seg0005,6,5,Rest,4,60481,75600,15120,1260.0,42,43
S08_personal_fold05,8,5,4,5,"per class: test=i, validation=(i+1)%8, train=remaining 6 segment indices",train,data/limb/subject08/Dynamic/subject8_limb_EMG.mat,Dynamic,S08_Dynamic_seg0005,S08_Dynamic_seg0005,7,5,Rest,4,464122,698263,234142,1260.0,42,43
S08_personal_fold06,8,6,5,6,"per class: test=i, validation=(i+1)%8, train=remaining 6 segment indices",train,data/limb/subject08/StaticP1/subject8_limb_EMG.mat,StaticP1,S08_StaticP1_seg0001,S08_StaticP1_seg0001,0,1,HandOpen,0,1,15120,15120,1260.0,42,43
S08_personal_fold06,8,6,5,6,"per class: test=i, validation=(i+1)%8, train=remaining 6 segment indices",train,data/limb/subject08/StaticP2/subject8_limb_EMG.mat,StaticP2,S08_StaticP2_seg0001,S08_StaticP2_seg0001,1,1,HandOpen,0,1,15120,15120,1260.0,42,43
S08_personal_fold06,8,6,5,6,"per class: test=i, validation=(i+1)%8, train=remaining 6 segment indices",train,data/limb/subject08/StaticP3/subject8_limb_EMG.mat,StaticP3,S08_StaticP3_seg0001,S08_StaticP3_seg0001,2,1,HandOpen,0,1,15120,15120,1260.0,42,43
S08_personal_fold06,8,6,5,6,"per class: test=i, validation=(i+1)%8, train=remaining 6 segment indices",train,data/limb/subject08/StaticP4/subject8_limb_EMG.mat,StaticP4,S08_StaticP4_seg0001,S08_StaticP4_seg0001,3,1,HandOpen,0,1,15120,15120,1260.0,42,43
S08_personal_fold06,8,6,5,6,"per class: test=i, validation=(i+1)%8, train=remaining 6 segment indices",train,data/limb/subject08/StaticP9/subject8_limb_EMG.mat,StaticP9,S08_StaticP9_seg0001,S08_StaticP9_seg0001,4,1,HandOpen,0,1,15120,15120,1260.0,42,43
S08_personal_fold06,8,6,5,6,"per class: test=i, validation=(i+1)%8, train=remaining 6 segment indices",test,data/limb/subject08/StaticP10/subject8_limb_EMG.mat,StaticP10,S08_StaticP10_seg0001,S08_StaticP10_seg0001,5,1,HandOpen,0,1,15120,15120,1260.0,42,43
S08_personal_fold06,8,6,5,6,"per class: test=i, validation=(i+1)%8, train=remaining 6 segment indices",validation,data/limb/subject08/StaticP14/subject8_limb_EMG.mat,StaticP14,S08_StaticP14_seg0001,S08_StaticP14_seg0001,6,1,HandOpen,0,1,15120,15120,1260.0,42,43
S08_personal_fold06,8,6,5,6,"per class: test=i, validation=(i+1)%8, train=remaining 6 segment indices",train,data/limb/subject08/Dynamic/subject8_limb_EMG.mat,Dynamic,S08_Dynamic_seg0001,S08_Dynamic_seg0001,7,1,HandOpen,0,1,115673,115673,1260.0,42,43
S08_personal_fold06,8,6,5,6,"per class: test=i, validation=(i+1)%8, train=remaining 6 segment indices",train,data/limb/subject08/StaticP1/subject8_limb_EMG.mat,StaticP1,S08_StaticP1_seg0002,S08_StaticP1_seg0002,0,2,Lateral,1,15121,30240,15120,1260.0,42,43
S08_personal_fold06,8,6,5,6,"per class: test=i, validation=(i+1)%8, train=remaining 6 segment indices",train,data/limb/subject08/StaticP2/subject8_limb_EMG.mat,StaticP2,S08_StaticP2_seg0002,S08_StaticP2_seg0002,1,2,Lateral,1,15121,30240,15120,1260.0,42,43
S08_personal_fold06,8,6,5,6,"per class: test=i, validation=(i+1)%8, train=remaining 6 segment indices",train,data/limb/subject08/StaticP3/subject8_limb_EMG.mat,StaticP3,S08_StaticP3_seg0002,S08_StaticP3_seg0002,2,2,Lateral,1,15121,30244,15124,1260.0,42,43
S08_personal_fold06,8,6,5,6,"per class: test=i, validation=(i+1)%8, train=remaining 6 segment indices",train,data/limb/subject08/StaticP4/subject8_limb_EMG.mat,StaticP4,S08_StaticP4_seg0002,S08_StaticP4_seg0002,3,2,Lateral,1,15121,30244,15124,1260.0,42,43
S08_personal_fold06,8,6,5,6,"per class: test=i, validation=(i+1)%8, train=remaining 6 segment indices",train,data/limb/subject08/StaticP9/subject8_limb_EMG.mat,StaticP9,S08_StaticP9_seg0002,S08_StaticP9_seg0002,4,2,Lateral,1,15121,30240,15120,1260.0,42,43
S08_personal_fold06,8,6,5,6,"per class: test=i, validation=(i+1)%8, train=remaining 6 segment indices",test,data/limb/subject08/StaticP10/subject8_limb_EMG.mat,StaticP10,S08_StaticP10_seg0002,S08_StaticP10_seg0002,5,2,Lateral,1,15121,30240,15120,1260.0,42,43
S08_personal_fold06,8,6,5,6,"per class: test=i, validation=(i+1)%8, train=remaining 6 segment indices",validation,data/limb/subject08/StaticP14/subject8_limb_EMG.mat,StaticP14,S08_StaticP14_seg0002,S08_StaticP14_seg0002,6,2,Lateral,1,15121,30240,15120,1260.0,42,43
S08_personal_fold06,8,6,5,6,"per class: test=i, validation=(i+1)%8, train=remaining 6 segment indices",train,data/limb/subject08/Dynamic/subject8_limb_EMG.mat,Dynamic,S08_Dynamic_seg0002,S08_Dynamic_seg0002,7,2,Lateral,1,115674,231346,115673,1260.0,42,43
S08_personal_fold06,8,6,5,6,"per class: test=i, validation=(i+1)%8, train=remaining 6 segment indices",train,data/limb/subject08/StaticP1/subject8_limb_EMG.mat,StaticP1,S08_StaticP1_seg0003,S08_StaticP1_seg0003,0,3,Pinch,2,30241,45360,15120,1260.0,42,43
S08_personal_fold06,8,6,5,6,"per class: test=i, validation=(i+1)%8, train=remaining 6 segment indices",train,data/limb/subject08/StaticP2/subject8_limb_EMG.mat,StaticP2,S08_StaticP2_seg0003,S08_StaticP2_seg0003,1,3,Pinch,2,30241,45360,15120,1260.0,42,43
S08_personal_fold06,8,6,5,6,"per class: test=i, validation=(i+1)%8, train=remaining 6 segment indices",train,data/limb/subject08/StaticP3/subject8_limb_EMG.mat,StaticP3,S08_StaticP3_seg0003,S08_StaticP3_seg0003,2,3,Pinch,2,30245,45364,15120,1260.0,42,43
S08_personal_fold06,8,6,5,6,"per class: test=i, validation=(i+1)%8, train=remaining 6 segment indices",train,data/limb/subject08/StaticP4/subject8_limb_EMG.mat,StaticP4,S08_StaticP4_seg0003,S08_StaticP4_seg0003,3,3,Pinch,2,30245,45364,15120,1260.0,42,43
S08_personal_fold06,8,6,5,6,"per class: test=i, validation=(i+1)%8, train=remaining 6 segment indices",train,data/limb/subject08/StaticP9/subject8_limb_EMG.mat,StaticP9,S08_StaticP9_seg0003,S08_StaticP9_seg0003,4,3,Pinch,2,30241,45360,15120,1260.0,42,43
S08_personal_fold06,8,6,5,6,"per class: test=i, validation=(i+1)%8, train=remaining 6 segment indices",test,data/limb/subject08/StaticP10/subject8_limb_EMG.mat,StaticP10,S08_StaticP10_seg0003,S08_StaticP10_seg0003,5,3,Pinch,2,30241,45364,15124,1260.0,42,43
S08_personal_fold06,8,6,5,6,"per class: test=i, validation=(i+1)%8, train=remaining 6 segment indices",validation,data/limb/subject08/StaticP14/subject8_limb_EMG.mat,StaticP14,S08_StaticP14_seg0003,S08_StaticP14_seg0003,6,3,Pinch,2,30241,45360,15120,1260.0,42,43
S08_personal_fold06,8,6,5,6,"per class: test=i, validation=(i+1)%8, train=remaining 6 segment indices",train,data/limb/subject08/Dynamic/subject8_limb_EMG.mat,Dynamic,S08_Dynamic_seg0003,S08_Dynamic_seg0003,7,3,Pinch,2,231347,339879,108533,1260.0,42,43
S08_personal_fold06,8,6,5,6,"per class: test=i, validation=(i+1)%8, train=remaining 6 segment indices",train,data/limb/subject08/StaticP1/subject8_limb_EMG.mat,StaticP1,S08_StaticP1_seg0004,S08_StaticP1_seg0004,0,4,Power,3,45361,60480,15120,1260.0,42,43
S08_personal_fold06,8,6,5,6,"per class: test=i, validation=(i+1)%8, train=remaining 6 segment indices",train,data/limb/subject08/StaticP2/subject8_limb_EMG.mat,StaticP2,S08_StaticP2_seg0004,S08_StaticP2_seg0004,1,4,Power,3,45361,60480,15120,1260.0,42,43
S08_personal_fold06,8,6,5,6,"per class: test=i, validation=(i+1)%8, train=remaining 6 segment indices",train,data/limb/subject08/StaticP3/subject8_limb_EMG.mat,StaticP3,S08_StaticP3_seg0004,S08_StaticP3_seg0004,2,4,Power,3,45365,60484,15120,1260.0,42,43
S08_personal_fold06,8,6,5,6,"per class: test=i, validation=(i+1)%8, train=remaining 6 segment indices",train,data/limb/subject08/StaticP4/subject8_limb_EMG.mat,StaticP4,S08_StaticP4_seg0004,S08_StaticP4_seg0004,3,4,Power,3,45365,60484,15120,1260.0,42,43
S08_personal_fold06,8,6,5,6,"per class: test=i, validation=(i+1)%8, train=remaining 6 segment indices",train,data/limb/subject08/StaticP9/subject8_limb_EMG.mat,StaticP9,S08_StaticP9_seg0004,S08_StaticP9_seg0004,4,4,Power,3,45361,60480,15120,1260.0,42,43
S08_personal_fold06,8,6,5,6,"per class: test=i, validation=(i+1)%8, train=remaining 6 segment indices",test,data/limb/subject08/StaticP10/subject8_limb_EMG.mat,StaticP10,S08_StaticP10_seg0004,S08_StaticP10_seg0004,5,4,Power,3,45365,60484,15120,1260.0,42,43
S08_personal_fold06,8,6,5,6,"per class: test=i, validation=(i+1)%8, train=remaining 6 segment indices",validation,data/limb/subject08/StaticP14/subject8_limb_EMG.mat,StaticP14,S08_StaticP14_seg0004,S08_StaticP14_seg0004,6,4,Power,3,45361,60480,15120,1260.0,42,43
S08_personal_fold06,8,6,5,6,"per class: test=i, validation=(i+1)%8, train=remaining 6 segment indices",train,data/limb/subject08/Dynamic/subject8_limb_EMG.mat,Dynamic,S08_Dynamic_seg0004,S08_Dynamic_seg0004,7,4,Power,3,339880,464121,124242,1260.0,42,43
S08_personal_fold06,8,6,5,6,"per class: test=i, validation=(i+1)%8, train=remaining 6 segment indices",train,data/limb/subject08/StaticP1/subject8_limb_EMG.mat,StaticP1,S08_StaticP1_seg0005,S08_StaticP1_seg0005,0,5,Rest,4,60481,75600,15120,1260.0,42,43
S08_personal_fold06,8,6,5,6,"per class: test=i, validation=(i+1)%8, train=remaining 6 segment indices",train,data/limb/subject08/StaticP2/subject8_limb_EMG.mat,StaticP2,S08_StaticP2_seg0005,S08_StaticP2_seg0005,1,5,Rest,4,60481,75600,15120,1260.0,42,43
S08_personal_fold06,8,6,5,6,"per class: test=i, validation=(i+1)%8, train=remaining 6 segment indices",train,data/limb/subject08/StaticP3/subject8_limb_EMG.mat,StaticP3,S08_StaticP3_seg0005,S08_StaticP3_seg0005,2,5,Rest,4,60485,75604,15120,1260.0,42,43
S08_personal_fold06,8,6,5,6,"per class: test=i, validation=(i+1)%8, train=remaining 6 segment indices",train,data/limb/subject08/StaticP4/subject8_limb_EMG.mat,StaticP4,S08_StaticP4_seg0005,S08_StaticP4_seg0005,3,5,Rest,4,60485,75604,15120,1260.0,42,43
S08_personal_fold06,8,6,5,6,"per class: test=i, validation=(i+1)%8, train=remaining 6 segment indices",train,data/limb/subject08/StaticP9/subject8_limb_EMG.mat,StaticP9,S08_StaticP9_seg0005,S08_StaticP9_seg0005,4,5,Rest,4,60481,75600,15120,1260.0,42,43
S08_personal_fold06,8,6,5,6,"per class: test=i, validation=(i+1)%8, train=remaining 6 segment indices",test,data/limb/subject08/StaticP10/subject8_limb_EMG.mat,StaticP10,S08_StaticP10_seg0005,S08_StaticP10_seg0005,5,5,Rest,4,60485,75604,15120,1260.0,42,43
S08_personal_fold06,8,6,5,6,"per class: test=i, validation=(i+1)%8, train=remaining 6 segment indices",validation,data/limb/subject08/StaticP14/subject8_limb_EMG.mat,StaticP14,S08_StaticP14_seg0005,S08_StaticP14_seg0005,6,5,Rest,4,60481,75600,15120,1260.0,42,43
S08_personal_fold06,8,6,5,6,"per class: test=i, validation=(i+1)%8, train=remaining 6 segment indices",train,data/limb/subject08/Dynamic/subject8_limb_EMG.mat,Dynamic,S08_Dynamic_seg0005,S08_Dynamic_seg0005,7,5,Rest,4,464122,698263,234142,1260.0,42,43
S08_personal_fold07,8,7,6,7,"per class: test=i, validation=(i+1)%8, train=remaining 6 segment indices",train,data/limb/subject08/StaticP1/subject8_limb_EMG.mat,StaticP1,S08_StaticP1_seg0001,S08_StaticP1_seg0001,0,1,HandOpen,0,1,15120,15120,1260.0,42,43
S08_personal_fold07,8,7,6,7,"per class: test=i, validation=(i+1)%8, train=remaining 6 segment indices",train,data/limb/subject08/StaticP2/subject8_limb_EMG.mat,StaticP2,S08_StaticP2_seg0001,S08_StaticP2_seg0001,1,1,HandOpen,0,1,15120,15120,1260.0,42,43
S08_personal_fold07,8,7,6,7,"per class: test=i, validation=(i+1)%8, train=remaining 6 segment indices",train,data/limb/subject08/StaticP3/subject8_limb_EMG.mat,StaticP3,S08_StaticP3_seg0001,S08_StaticP3_seg0001,2,1,HandOpen,0,1,15120,15120,1260.0,42,43
S08_personal_fold07,8,7,6,7,"per class: test=i, validation=(i+1)%8, train=remaining 6 segment indices",train,data/limb/subject08/StaticP4/subject8_limb_EMG.mat,StaticP4,S08_StaticP4_seg0001,S08_StaticP4_seg0001,3,1,HandOpen,0,1,15120,15120,1260.0,42,43
S08_personal_fold07,8,7,6,7,"per class: test=i, validation=(i+1)%8, train=remaining 6 segment indices",train,data/limb/subject08/StaticP9/subject8_limb_EMG.mat,StaticP9,S08_StaticP9_seg0001,S08_StaticP9_seg0001,4,1,HandOpen,0,1,15120,15120,1260.0,42,43
S08_personal_fold07,8,7,6,7,"per class: test=i, validation=(i+1)%8, train=remaining 6 segment indices",train,data/limb/subject08/StaticP10/subject8_limb_EMG.mat,StaticP10,S08_StaticP10_seg0001,S08_StaticP10_seg0001,5,1,HandOpen,0,1,15120,15120,1260.0,42,43
S08_personal_fold07,8,7,6,7,"per class: test=i, validation=(i+1)%8, train=remaining 6 segment indices",test,data/limb/subject08/StaticP14/subject8_limb_EMG.mat,StaticP14,S08_StaticP14_seg0001,S08_StaticP14_seg0001,6,1,HandOpen,0,1,15120,15120,1260.0,42,43
S08_personal_fold07,8,7,6,7,"per class: test=i, validation=(i+1)%8, train=remaining 6 segment indices",validation,data/limb/subject08/Dynamic/subject8_limb_EMG.mat,Dynamic,S08_Dynamic_seg0001,S08_Dynamic_seg0001,7,1,HandOpen,0,1,115673,115673,1260.0,42,43
S08_personal_fold07,8,7,6,7,"per class: test=i, validation=(i+1)%8, train=remaining 6 segment indices",train,data/limb/subject08/StaticP1/subject8_limb_EMG.mat,StaticP1,S08_StaticP1_seg0002,S08_StaticP1_seg0002,0,2,Lateral,1,15121,30240,15120,1260.0,42,43
S08_personal_fold07,8,7,6,7,"per class: test=i, validation=(i+1)%8, train=remaining 6 segment indices",train,data/limb/subject08/StaticP2/subject8_limb_EMG.mat,StaticP2,S08_StaticP2_seg0002,S08_StaticP2_seg0002,1,2,Lateral,1,15121,30240,15120,1260.0,42,43
S08_personal_fold07,8,7,6,7,"per class: test=i, validation=(i+1)%8, train=remaining 6 segment indices",train,data/limb/subject08/StaticP3/subject8_limb_EMG.mat,StaticP3,S08_StaticP3_seg0002,S08_StaticP3_seg0002,2,2,Lateral,1,15121,30244,15124,1260.0,42,43
S08_personal_fold07,8,7,6,7,"per class: test=i, validation=(i+1)%8, train=remaining 6 segment indices",train,data/limb/subject08/StaticP4/subject8_limb_EMG.mat,StaticP4,S08_StaticP4_seg0002,S08_StaticP4_seg0002,3,2,Lateral,1,15121,30244,15124,1260.0,42,43
S08_personal_fold07,8,7,6,7,"per class: test=i, validation=(i+1)%8, train=remaining 6 segment indices",train,data/limb/subject08/StaticP9/subject8_limb_EMG.mat,StaticP9,S08_StaticP9_seg0002,S08_StaticP9_seg0002,4,2,Lateral,1,15121,30240,15120,1260.0,42,43
S08_personal_fold07,8,7,6,7,"per class: test=i, validation=(i+1)%8, train=remaining 6 segment indices",train,data/limb/subject08/StaticP10/subject8_limb_EMG.mat,StaticP10,S08_StaticP10_seg0002,S08_StaticP10_seg0002,5,2,Lateral,1,15121,30240,15120,1260.0,42,43
S08_personal_fold07,8,7,6,7,"per class: test=i, validation=(i+1)%8, train=remaining 6 segment indices",test,data/limb/subject08/StaticP14/subject8_limb_EMG.mat,StaticP14,S08_StaticP14_seg0002,S08_StaticP14_seg0002,6,2,Lateral,1,15121,30240,15120,1260.0,42,43
S08_personal_fold07,8,7,6,7,"per class: test=i, validation=(i+1)%8, train=remaining 6 segment indices",validation,data/limb/subject08/Dynamic/subject8_limb_EMG.mat,Dynamic,S08_Dynamic_seg0002,S08_Dynamic_seg0002,7,2,Lateral,1,115674,231346,115673,1260.0,42,43
S08_personal_fold07,8,7,6,7,"per class: test=i, validation=(i+1)%8, train=remaining 6 segment indices",train,data/limb/subject08/StaticP1/subject8_limb_EMG.mat,StaticP1,S08_StaticP1_seg0003,S08_StaticP1_seg0003,0,3,Pinch,2,30241,45360,15120,1260.0,42,43
S08_personal_fold07,8,7,6,7,"per class: test=i, validation=(i+1)%8, train=remaining 6 segment indices",train,data/limb/subject08/StaticP2/subject8_limb_EMG.mat,StaticP2,S08_StaticP2_seg0003,S08_StaticP2_seg0003,1,3,Pinch,2,30241,45360,15120,1260.0,42,43
S08_personal_fold07,8,7,6,7,"per class: test=i, validation=(i+1)%8, train=remaining 6 segment indices",train,data/limb/subject08/StaticP3/subject8_limb_EMG.mat,StaticP3,S08_StaticP3_seg0003,S08_StaticP3_seg0003,2,3,Pinch,2,30245,45364,15120,1260.0,42,43
S08_personal_fold07,8,7,6,7,"per class: test=i, validation=(i+1)%8, train=remaining 6 segment indices",train,data/limb/subject08/StaticP4/subject8_limb_EMG.mat,StaticP4,S08_StaticP4_seg0003,S08_StaticP4_seg0003,3,3,Pinch,2,30245,45364,15120,1260.0,42,43
S08_personal_fold07,8,7,6,7,"per class: test=i, validation=(i+1)%8, train=remaining 6 segment indices",train,data/limb/subject08/StaticP9/subject8_limb_EMG.mat,StaticP9,S08_StaticP9_seg0003,S08_StaticP9_seg0003,4,3,Pinch,2,30241,45360,15120,1260.0,42,43
S08_personal_fold07,8,7,6,7,"per class: test=i, validation=(i+1)%8, train=remaining 6 segment indices",train,data/limb/subject08/StaticP10/subject8_limb_EMG.mat,StaticP10,S08_StaticP10_seg0003,S08_StaticP10_seg0003,5,3,Pinch,2,30241,45364,15124,1260.0,42,43
S08_personal_fold07,8,7,6,7,"per class: test=i, validation=(i+1)%8, train=remaining 6 segment indices",test,data/limb/subject08/StaticP14/subject8_limb_EMG.mat,StaticP14,S08_StaticP14_seg0003,S08_StaticP14_seg0003,6,3,Pinch,2,30241,45360,15120,1260.0,42,43
S08_personal_fold07,8,7,6,7,"per class: test=i, validation=(i+1)%8, train=remaining 6 segment indices",validation,data/limb/subject08/Dynamic/subject8_limb_EMG.mat,Dynamic,S08_Dynamic_seg0003,S08_Dynamic_seg0003,7,3,Pinch,2,231347,339879,108533,1260.0,42,43
S08_personal_fold07,8,7,6,7,"per class: test=i, validation=(i+1)%8, train=remaining 6 segment indices",train,data/limb/subject08/StaticP1/subject8_limb_EMG.mat,StaticP1,S08_StaticP1_seg0004,S08_StaticP1_seg0004,0,4,Power,3,45361,60480,15120,1260.0,42,43
S08_personal_fold07,8,7,6,7,"per class: test=i, validation=(i+1)%8, train=remaining 6 segment indices",train,data/limb/subject08/StaticP2/subject8_limb_EMG.mat,StaticP2,S08_StaticP2_seg0004,S08_StaticP2_seg0004,1,4,Power,3,45361,60480,15120,1260.0,42,43
S08_personal_fold07,8,7,6,7,"per class: test=i, validation=(i+1)%8, train=remaining 6 segment indices",train,data/limb/subject08/StaticP3/subject8_limb_EMG.mat,StaticP3,S08_StaticP3_seg0004,S08_StaticP3_seg0004,2,4,Power,3,45365,60484,15120,1260.0,42,43
S08_personal_fold07,8,7,6,7,"per class: test=i, validation=(i+1)%8, train=remaining 6 segment indices",train,data/limb/subject08/StaticP4/subject8_limb_EMG.mat,StaticP4,S08_StaticP4_seg0004,S08_StaticP4_seg0004,3,4,Power,3,45365,60484,15120,1260.0,42,43
S08_personal_fold07,8,7,6,7,"per class: test=i, validation=(i+1)%8, train=remaining 6 segment indices",train,data/limb/subject08/StaticP9/subject8_limb_EMG.mat,StaticP9,S08_StaticP9_seg0004,S08_StaticP9_seg0004,4,4,Power,3,45361,60480,15120,1260.0,42,43
S08_personal_fold07,8,7,6,7,"per class: test=i, validation=(i+1)%8, train=remaining 6 segment indices",train,data/limb/subject08/StaticP10/subject8_limb_EMG.mat,StaticP10,S08_StaticP10_seg0004,S08_StaticP10_seg0004,5,4,Power,3,45365,60484,15120,1260.0,42,43
S08_personal_fold07,8,7,6,7,"per class: test=i, validation=(i+1)%8, train=remaining 6 segment indices",test,data/limb/subject08/StaticP14/subject8_limb_EMG.mat,StaticP14,S08_StaticP14_seg0004,S08_StaticP14_seg0004,6,4,Power,3,45361,60480,15120,1260.0,42,43
S08_personal_fold07,8,7,6,7,"per class: test=i, validation=(i+1)%8, train=remaining 6 segment indices",validation,data/limb/subject08/Dynamic/subject8_limb_EMG.mat,Dynamic,S08_Dynamic_seg0004,S08_Dynamic_seg0004,7,4,Power,3,339880,464121,124242,1260.0,42,43
S08_personal_fold07,8,7,6,7,"per class: test=i, validation=(i+1)%8, train=remaining 6 segment indices",train,data/limb/subject08/StaticP1/subject8_limb_EMG.mat,StaticP1,S08_StaticP1_seg0005,S08_StaticP1_seg0005,0,5,Rest,4,60481,75600,15120,1260.0,42,43
S08_personal_fold07,8,7,6,7,"per class: test=i, validation=(i+1)%8, train=remaining 6 segment indices",train,data/limb/subject08/StaticP2/subject8_limb_EMG.mat,StaticP2,S08_StaticP2_seg0005,S08_StaticP2_seg0005,1,5,Rest,4,60481,75600,15120,1260.0,42,43
S08_personal_fold07,8,7,6,7,"per class: test=i, validation=(i+1)%8, train=remaining 6 segment indices",train,data/limb/subject08/StaticP3/subject8_limb_EMG.mat,StaticP3,S08_StaticP3_seg0005,S08_StaticP3_seg0005,2,5,Rest,4,60485,75604,15120,1260.0,42,43
S08_personal_fold07,8,7,6,7,"per class: test=i, validation=(i+1)%8, train=remaining 6 segment indices",train,data/limb/subject08/StaticP4/subject8_limb_EMG.mat,StaticP4,S08_StaticP4_seg0005,S08_StaticP4_seg0005,3,5,Rest,4,60485,75604,15120,1260.0,42,43
S08_personal_fold07,8,7,6,7,"per class: test=i, validation=(i+1)%8, train=remaining 6 segment indices",train,data/limb/subject08/StaticP9/subject8_limb_EMG.mat,StaticP9,S08_StaticP9_seg0005,S08_StaticP9_seg0005,4,5,Rest,4,60481,75600,15120,1260.0,42,43
S08_personal_fold07,8,7,6,7,"per class: test=i, validation=(i+1)%8, train=remaining 6 segment indices",train,data/limb/subject08/StaticP10/subject8_limb_EMG.mat,StaticP10,S08_StaticP10_seg0005,S08_StaticP10_seg0005,5,5,Rest,4,60485,75604,15120,1260.0,42,43
S08_personal_fold07,8,7,6,7,"per class: test=i, validation=(i+1)%8, train=remaining 6 segment indices",test,data/limb/subject08/StaticP14/subject8_limb_EMG.mat,StaticP14,S08_StaticP14_seg0005,S08_StaticP14_seg0005,6,5,Rest,4,60481,75600,15120,1260.0,42,43
S08_personal_fold07,8,7,6,7,"per class: test=i, validation=(i+1)%8, train=remaining 6 segment indices",validation,data/limb/subject08/Dynamic/subject8_limb_EMG.mat,Dynamic,S08_Dynamic_seg0005,S08_Dynamic_seg0005,7,5,Rest,4,464122,698263,234142,1260.0,42,43
S08_personal_fold08,8,8,7,0,"per class: test=i, validation=(i+1)%8, train=remaining 6 segment indices",validation,data/limb/subject08/StaticP1/subject8_limb_EMG.mat,StaticP1,S08_StaticP1_seg0001,S08_StaticP1_seg0001,0,1,HandOpen,0,1,15120,15120,1260.0,42,43
S08_personal_fold08,8,8,7,0,"per class: test=i, validation=(i+1)%8, train=remaining 6 segment indices",train,data/limb/subject08/StaticP2/subject8_limb_EMG.mat,StaticP2,S08_StaticP2_seg0001,S08_StaticP2_seg0001,1,1,HandOpen,0,1,15120,15120,1260.0,42,43
S08_personal_fold08,8,8,7,0,"per class: test=i, validation=(i+1)%8, train=remaining 6 segment indices",train,data/limb/subject08/StaticP3/subject8_limb_EMG.mat,StaticP3,S08_StaticP3_seg0001,S08_StaticP3_seg0001,2,1,HandOpen,0,1,15120,15120,1260.0,42,43
S08_personal_fold08,8,8,7,0,"per class: test=i, validation=(i+1)%8, train=remaining 6 segment indices",train,data/limb/subject08/StaticP4/subject8_limb_EMG.mat,StaticP4,S08_StaticP4_seg0001,S08_StaticP4_seg0001,3,1,HandOpen,0,1,15120,15120,1260.0,42,43
S08_personal_fold08,8,8,7,0,"per class: test=i, validation=(i+1)%8, train=remaining 6 segment indices",train,data/limb/subject08/StaticP9/subject8_limb_EMG.mat,StaticP9,S08_StaticP9_seg0001,S08_StaticP9_seg0001,4,1,HandOpen,0,1,15120,15120,1260.0,42,43
S08_personal_fold08,8,8,7,0,"per class: test=i, validation=(i+1)%8, train=remaining 6 segment indices",train,data/limb/subject08/StaticP10/subject8_limb_EMG.mat,StaticP10,S08_StaticP10_seg0001,S08_StaticP10_seg0001,5,1,HandOpen,0,1,15120,15120,1260.0,42,43
S08_personal_fold08,8,8,7,0,"per class: test=i, validation=(i+1)%8, train=remaining 6 segment indices",train,data/limb/subject08/StaticP14/subject8_limb_EMG.mat,StaticP14,S08_StaticP14_seg0001,S08_StaticP14_seg0001,6,1,HandOpen,0,1,15120,15120,1260.0,42,43
S08_personal_fold08,8,8,7,0,"per class: test=i, validation=(i+1)%8, train=remaining 6 segment indices",test,data/limb/subject08/Dynamic/subject8_limb_EMG.mat,Dynamic,S08_Dynamic_seg0001,S08_Dynamic_seg0001,7,1,HandOpen,0,1,115673,115673,1260.0,42,43
S08_personal_fold08,8,8,7,0,"per class: test=i, validation=(i+1)%8, train=remaining 6 segment indices",validation,data/limb/subject08/StaticP1/subject8_limb_EMG.mat,StaticP1,S08_StaticP1_seg0002,S08_StaticP1_seg0002,0,2,Lateral,1,15121,30240,15120,1260.0,42,43
S08_personal_fold08,8,8,7,0,"per class: test=i, validation=(i+1)%8, train=remaining 6 segment indices",train,data/limb/subject08/StaticP2/subject8_limb_EMG.mat,StaticP2,S08_StaticP2_seg0002,S08_StaticP2_seg0002,1,2,Lateral,1,15121,30240,15120,1260.0,42,43
S08_personal_fold08,8,8,7,0,"per class: test=i, validation=(i+1)%8, train=remaining 6 segment indices",train,data/limb/subject08/StaticP3/subject8_limb_EMG.mat,StaticP3,S08_StaticP3_seg0002,S08_StaticP3_seg0002,2,2,Lateral,1,15121,30244,15124,1260.0,42,43
S08_personal_fold08,8,8,7,0,"per class: test=i, validation=(i+1)%8, train=remaining 6 segment indices",train,data/limb/subject08/StaticP4/subject8_limb_EMG.mat,StaticP4,S08_StaticP4_seg0002,S08_StaticP4_seg0002,3,2,Lateral,1,15121,30244,15124,1260.0,42,43
S08_personal_fold08,8,8,7,0,"per class: test=i, validation=(i+1)%8, train=remaining 6 segment indices",train,data/limb/subject08/StaticP9/subject8_limb_EMG.mat,StaticP9,S08_StaticP9_seg0002,S08_StaticP9_seg0002,4,2,Lateral,1,15121,30240,15120,1260.0,42,43
S08_personal_fold08,8,8,7,0,"per class: test=i, validation=(i+1)%8, train=remaining 6 segment indices",train,data/limb/subject08/StaticP10/subject8_limb_EMG.mat,StaticP10,S08_StaticP10_seg0002,S08_StaticP10_seg0002,5,2,Lateral,1,15121,30240,15120,1260.0,42,43
S08_personal_fold08,8,8,7,0,"per class: test=i, validation=(i+1)%8, train=remaining 6 segment indices",train,data/limb/subject08/StaticP14/subject8_limb_EMG.mat,StaticP14,S08_StaticP14_seg0002,S08_StaticP14_seg0002,6,2,Lateral,1,15121,30240,15120,1260.0,42,43
S08_personal_fold08,8,8,7,0,"per class: test=i, validation=(i+1)%8, train=remaining 6 segment indices",test,data/limb/subject08/Dynamic/subject8_limb_EMG.mat,Dynamic,S08_Dynamic_seg0002,S08_Dynamic_seg0002,7,2,Lateral,1,115674,231346,115673,1260.0,42,43
S08_personal_fold08,8,8,7,0,"per class: test=i, validation=(i+1)%8, train=remaining 6 segment indices",validation,data/limb/subject08/StaticP1/subject8_limb_EMG.mat,StaticP1,S08_StaticP1_seg0003,S08_StaticP1_seg0003,0,3,Pinch,2,30241,45360,15120,1260.0,42,43
S08_personal_fold08,8,8,7,0,"per class: test=i, validation=(i+1)%8, train=remaining 6 segment indices",train,data/limb/subject08/StaticP2/subject8_limb_EMG.mat,StaticP2,S08_StaticP2_seg0003,S08_StaticP2_seg0003,1,3,Pinch,2,30241,45360,15120,1260.0,42,43
S08_personal_fold08,8,8,7,0,"per class: test=i, validation=(i+1)%8, train=remaining 6 segment indices",train,data/limb/subject08/StaticP3/subject8_limb_EMG.mat,StaticP3,S08_StaticP3_seg0003,S08_StaticP3_seg0003,2,3,Pinch,2,30245,45364,15120,1260.0,42,43
S08_personal_fold08,8,8,7,0,"per class: test=i, validation=(i+1)%8, train=remaining 6 segment indices",train,data/limb/subject08/StaticP4/subject8_limb_EMG.mat,StaticP4,S08_StaticP4_seg0003,S08_StaticP4_seg0003,3,3,Pinch,2,30245,45364,15120,1260.0,42,43
S08_personal_fold08,8,8,7,0,"per class: test=i, validation=(i+1)%8, train=remaining 6 segment indices",train,data/limb/subject08/StaticP9/subject8_limb_EMG.mat,StaticP9,S08_StaticP9_seg0003,S08_StaticP9_seg0003,4,3,Pinch,2,30241,45360,15120,1260.0,42,43
S08_personal_fold08,8,8,7,0,"per class: test=i, validation=(i+1)%8, train=remaining 6 segment indices",train,data/limb/subject08/StaticP10/subject8_limb_EMG.mat,StaticP10,S08_StaticP10_seg0003,S08_StaticP10_seg0003,5,3,Pinch,2,30241,45364,15124,1260.0,42,43
S08_personal_fold08,8,8,7,0,"per class: test=i, validation=(i+1)%8, train=remaining 6 segment indices",train,data/limb/subject08/StaticP14/subject8_limb_EMG.mat,StaticP14,S08_StaticP14_seg0003,S08_StaticP14_seg0003,6,3,Pinch,2,30241,45360,15120,1260.0,42,43
S08_personal_fold08,8,8,7,0,"per class: test=i, validation=(i+1)%8, train=remaining 6 segment indices",test,data/limb/subject08/Dynamic/subject8_limb_EMG.mat,Dynamic,S08_Dynamic_seg0003,S08_Dynamic_seg0003,7,3,Pinch,2,231347,339879,108533,1260.0,42,43
S08_personal_fold08,8,8,7,0,"per class: test=i, validation=(i+1)%8, train=remaining 6 segment indices",validation,data/limb/subject08/StaticP1/subject8_limb_EMG.mat,StaticP1,S08_StaticP1_seg0004,S08_StaticP1_seg0004,0,4,Power,3,45361,60480,15120,1260.0,42,43
S08_personal_fold08,8,8,7,0,"per class: test=i, validation=(i+1)%8, train=remaining 6 segment indices",train,data/limb/subject08/StaticP2/subject8_limb_EMG.mat,StaticP2,S08_StaticP2_seg0004,S08_StaticP2_seg0004,1,4,Power,3,45361,60480,15120,1260.0,42,43
S08_personal_fold08,8,8,7,0,"per class: test=i, validation=(i+1)%8, train=remaining 6 segment indices",train,data/limb/subject08/StaticP3/subject8_limb_EMG.mat,StaticP3,S08_StaticP3_seg0004,S08_StaticP3_seg0004,2,4,Power,3,45365,60484,15120,1260.0,42,43
S08_personal_fold08,8,8,7,0,"per class: test=i, validation=(i+1)%8, train=remaining 6 segment indices",train,data/limb/subject08/StaticP4/subject8_limb_EMG.mat,StaticP4,S08_StaticP4_seg0004,S08_StaticP4_seg0004,3,4,Power,3,45365,60484,15120,1260.0,42,43
S08_personal_fold08,8,8,7,0,"per class: test=i, validation=(i+1)%8, train=remaining 6 segment indices",train,data/limb/subject08/StaticP9/subject8_limb_EMG.mat,StaticP9,S08_StaticP9_seg0004,S08_StaticP9_seg0004,4,4,Power,3,45361,60480,15120,1260.0,42,43
S08_personal_fold08,8,8,7,0,"per class: test=i, validation=(i+1)%8, train=remaining 6 segment indices",train,data/limb/subject08/StaticP10/subject8_limb_EMG.mat,StaticP10,S08_StaticP10_seg0004,S08_StaticP10_seg0004,5,4,Power,3,45365,60484,15120,1260.0,42,43
S08_personal_fold08,8,8,7,0,"per class: test=i, validation=(i+1)%8, train=remaining 6 segment indices",train,data/limb/subject08/StaticP14/subject8_limb_EMG.mat,StaticP14,S08_StaticP14_seg0004,S08_StaticP14_seg0004,6,4,Power,3,45361,60480,15120,1260.0,42,43
S08_personal_fold08,8,8,7,0,"per class: test=i, validation=(i+1)%8, train=remaining 6 segment indices",test,data/limb/subject08/Dynamic/subject8_limb_EMG.mat,Dynamic,S08_Dynamic_seg0004,S08_Dynamic_seg0004,7,4,Power,3,339880,464121,124242,1260.0,42,43
S08_personal_fold08,8,8,7,0,"per class: test=i, validation=(i+1)%8, train=remaining 6 segment indices",validation,data/limb/subject08/StaticP1/subject8_limb_EMG.mat,StaticP1,S08_StaticP1_seg0005,S08_StaticP1_seg0005,0,5,Rest,4,60481,75600,15120,1260.0,42,43
S08_personal_fold08,8,8,7,0,"per class: test=i, validation=(i+1)%8, train=remaining 6 segment indices",train,data/limb/subject08/StaticP2/subject8_limb_EMG.mat,StaticP2,S08_StaticP2_seg0005,S08_StaticP2_seg0005,1,5,Rest,4,60481,75600,15120,1260.0,42,43
S08_personal_fold08,8,8,7,0,"per class: test=i, validation=(i+1)%8, train=remaining 6 segment indices",train,data/limb/subject08/StaticP3/subject8_limb_EMG.mat,StaticP3,S08_StaticP3_seg0005,S08_StaticP3_seg0005,2,5,Rest,4,60485,75604,15120,1260.0,42,43
S08_personal_fold08,8,8,7,0,"per class: test=i, validation=(i+1)%8, train=remaining 6 segment indices",train,data/limb/subject08/StaticP4/subject8_limb_EMG.mat,StaticP4,S08_StaticP4_seg0005,S08_StaticP4_seg0005,3,5,Rest,4,60485,75604,15120,1260.0,42,43
S08_personal_fold08,8,8,7,0,"per class: test=i, validation=(i+1)%8, train=remaining 6 segment indices",train,data/limb/subject08/StaticP9/subject8_limb_EMG.mat,StaticP9,S08_StaticP9_seg0005,S08_StaticP9_seg0005,4,5,Rest,4,60481,75600,15120,1260.0,42,43
S08_personal_fold08,8,8,7,0,"per class: test=i, validation=(i+1)%8, train=remaining 6 segment indices",train,data/limb/subject08/StaticP10/subject8_limb_EMG.mat,StaticP10,S08_StaticP10_seg0005,S08_StaticP10_seg0005,5,5,Rest,4,60485,75604,15120,1260.0,42,43
S08_personal_fold08,8,8,7,0,"per class: test=i, validation=(i+1)%8, train=remaining 6 segment indices",train,data/limb/subject08/StaticP14/subject8_limb_EMG.mat,StaticP14,S08_StaticP14_seg0005,S08_StaticP14_seg0005,6,5,Rest,4,60481,75600,15120,1260.0,42,43
S08_personal_fold08,8,8,7,0,"per class: test=i, validation=(i+1)%8, train=remaining 6 segment indices",test,data/limb/subject08/Dynamic/subject8_limb_EMG.mat,Dynamic,S08_Dynamic_seg0005,S08_Dynamic_seg0005,7,5,Rest,4,464122,698263,234142,1260.0,42,43
S10_personal_fold01,10,1,0,1,"per class: test=i, validation=(i+1)%8, train=remaining 6 segment indices",test,data/limb/subject10/StaticP1/subject10_limb_EMG.mat,StaticP1,S10_StaticP1_seg0001,S10_StaticP1_seg0001,0,1,HandOpen,0,1,15120,15120,1260.0,42,43
S10_personal_fold01,10,1,0,1,"per class: test=i, validation=(i+1)%8, train=remaining 6 segment indices",validation,data/limb/subject10/StaticP2/subject10_limb_EMG.mat,StaticP2,S10_StaticP2_seg0001,S10_StaticP2_seg0001,1,1,HandOpen,0,1,15120,15120,1260.0,42,43
S10_personal_fold01,10,1,0,1,"per class: test=i, validation=(i+1)%8, train=remaining 6 segment indices",train,data/limb/subject10/StaticP3/subject10_limb_EMG.mat,StaticP3,S10_StaticP3_seg0001,S10_StaticP3_seg0001,2,1,HandOpen,0,1,15120,15120,1260.0,42,43
S10_personal_fold01,10,1,0,1,"per class: test=i, validation=(i+1)%8, train=remaining 6 segment indices",train,data/limb/subject10/StaticP4/subject10_limb_EMG.mat,StaticP4,S10_StaticP4_seg0001,S10_StaticP4_seg0001,3,1,HandOpen,0,1,15120,15120,1260.0,42,43
S10_personal_fold01,10,1,0,1,"per class: test=i, validation=(i+1)%8, train=remaining 6 segment indices",train,data/limb/subject10/StaticP9/subject10_limb_EMG.mat,StaticP9,S10_StaticP9_seg0001,S10_StaticP9_seg0001,4,1,HandOpen,0,1,15120,15120,1260.0,42,43
S10_personal_fold01,10,1,0,1,"per class: test=i, validation=(i+1)%8, train=remaining 6 segment indices",train,data/limb/subject10/StaticP10/subject10_limb_EMG.mat,StaticP10,S10_StaticP10_seg0001,S10_StaticP10_seg0001,5,1,HandOpen,0,1,15120,15120,1260.0,42,43
S10_personal_fold01,10,1,0,1,"per class: test=i, validation=(i+1)%8, train=remaining 6 segment indices",train,data/limb/subject10/StaticP14/subject10_limb_EMG.mat,StaticP14,S10_StaticP14_seg0001,S10_StaticP14_seg0001,6,1,HandOpen,0,1,15120,15120,1260.0,42,43
S10_personal_fold01,10,1,0,1,"per class: test=i, validation=(i+1)%8, train=remaining 6 segment indices",train,data/limb/subject10/Dynamic/subject10_limb_EMG.mat,Dynamic,S10_Dynamic_seg0001,S10_Dynamic_seg0001,7,1,HandOpen,0,1,84645,84645,1260.0,42,43
S10_personal_fold01,10,1,0,1,"per class: test=i, validation=(i+1)%8, train=remaining 6 segment indices",test,data/limb/subject10/StaticP1/subject10_limb_EMG.mat,StaticP1,S10_StaticP1_seg0002,S10_StaticP1_seg0002,0,2,Lateral,1,15121,30240,15120,1260.0,42,43
S10_personal_fold01,10,1,0,1,"per class: test=i, validation=(i+1)%8, train=remaining 6 segment indices",validation,data/limb/subject10/StaticP2/subject10_limb_EMG.mat,StaticP2,S10_StaticP2_seg0002,S10_StaticP2_seg0002,1,2,Lateral,1,15121,30240,15120,1260.0,42,43
S10_personal_fold01,10,1,0,1,"per class: test=i, validation=(i+1)%8, train=remaining 6 segment indices",train,data/limb/subject10/StaticP3/subject10_limb_EMG.mat,StaticP3,S10_StaticP3_seg0002,S10_StaticP3_seg0002,2,2,Lateral,1,15121,30240,15120,1260.0,42,43
S10_personal_fold01,10,1,0,1,"per class: test=i, validation=(i+1)%8, train=remaining 6 segment indices",train,data/limb/subject10/StaticP4/subject10_limb_EMG.mat,StaticP4,S10_StaticP4_seg0002,S10_StaticP4_seg0002,3,2,Lateral,1,15121,30240,15120,1260.0,42,43
S10_personal_fold01,10,1,0,1,"per class: test=i, validation=(i+1)%8, train=remaining 6 segment indices",train,data/limb/subject10/StaticP9/subject10_limb_EMG.mat,StaticP9,S10_StaticP9_seg0002,S10_StaticP9_seg0002,4,2,Lateral,1,15121,30240,15120,1260.0,42,43
S10_personal_fold01,10,1,0,1,"per class: test=i, validation=(i+1)%8, train=remaining 6 segment indices",train,data/limb/subject10/StaticP10/subject10_limb_EMG.mat,StaticP10,S10_StaticP10_seg0002,S10_StaticP10_seg0002,5,2,Lateral,1,15121,30240,15120,1260.0,42,43
S10_personal_fold01,10,1,0,1,"per class: test=i, validation=(i+1)%8, train=remaining 6 segment indices",train,data/limb/subject10/StaticP14/subject10_limb_EMG.mat,StaticP14,S10_StaticP14_seg0002,S10_StaticP14_seg0002,6,2,Lateral,1,15121,30240,15120,1260.0,42,43
S10_personal_fold01,10,1,0,1,"per class: test=i, validation=(i+1)%8, train=remaining 6 segment indices",train,data/limb/subject10/Dynamic/subject10_limb_EMG.mat,Dynamic,S10_Dynamic_seg0002,S10_Dynamic_seg0002,7,2,Lateral,1,84646,191181,106536,1260.0,42,43
S10_personal_fold01,10,1,0,1,"per class: test=i, validation=(i+1)%8, train=remaining 6 segment indices",test,data/limb/subject10/StaticP1/subject10_limb_EMG.mat,StaticP1,S10_StaticP1_seg0003,S10_StaticP1_seg0003,0,3,Pinch,2,30241,45364,15124,1260.0,42,43
S10_personal_fold01,10,1,0,1,"per class: test=i, validation=(i+1)%8, train=remaining 6 segment indices",validation,data/limb/subject10/StaticP2/subject10_limb_EMG.mat,StaticP2,S10_StaticP2_seg0003,S10_StaticP2_seg0003,1,3,Pinch,2,30241,45360,15120,1260.0,42,43
S10_personal_fold01,10,1,0,1,"per class: test=i, validation=(i+1)%8, train=remaining 6 segment indices",train,data/limb/subject10/StaticP3/subject10_limb_EMG.mat,StaticP3,S10_StaticP3_seg0003,S10_StaticP3_seg0003,2,3,Pinch,2,30241,45360,15120,1260.0,42,43
S10_personal_fold01,10,1,0,1,"per class: test=i, validation=(i+1)%8, train=remaining 6 segment indices",train,data/limb/subject10/StaticP4/subject10_limb_EMG.mat,StaticP4,S10_StaticP4_seg0003,S10_StaticP4_seg0003,3,3,Pinch,2,30241,45360,15120,1260.0,42,43
S10_personal_fold01,10,1,0,1,"per class: test=i, validation=(i+1)%8, train=remaining 6 segment indices",train,data/limb/subject10/StaticP9/subject10_limb_EMG.mat,StaticP9,S10_StaticP9_seg0003,S10_StaticP9_seg0003,4,3,Pinch,2,30241,45364,15124,1260.0,42,43
S10_personal_fold01,10,1,0,1,"per class: test=i, validation=(i+1)%8, train=remaining 6 segment indices",train,data/limb/subject10/StaticP10/subject10_limb_EMG.mat,StaticP10,S10_StaticP10_seg0003,S10_StaticP10_seg0003,5,3,Pinch,2,30241,45360,15120,1260.0,42,43
S10_personal_fold01,10,1,0,1,"per class: test=i, validation=(i+1)%8, train=remaining 6 segment indices",train,data/limb/subject10/StaticP14/subject10_limb_EMG.mat,StaticP14,S10_StaticP14_seg0003,S10_StaticP14_seg0003,6,3,Pinch,2,30241,45360,15120,1260.0,42,43
S10_personal_fold01,10,1,0,1,"per class: test=i, validation=(i+1)%8, train=remaining 6 segment indices",train,data/limb/subject10/Dynamic/subject10_limb_EMG.mat,Dynamic,S10_Dynamic_seg0003,S10_Dynamic_seg0003,7,3,Pinch,2,191182,325445,134264,1260.0,42,43
S10_personal_fold01,10,1,0,1,"per class: test=i, validation=(i+1)%8, train=remaining 6 segment indices",test,data/limb/subject10/StaticP1/subject10_limb_EMG.mat,StaticP1,S10_StaticP1_seg0004,S10_StaticP1_seg0004,0,4,Power,3,45365,60484,15120,1260.0,42,43
S10_personal_fold01,10,1,0,1,"per class: test=i, validation=(i+1)%8, train=remaining 6 segment indices",validation,data/limb/subject10/StaticP2/subject10_limb_EMG.mat,StaticP2,S10_StaticP2_seg0004,S10_StaticP2_seg0004,1,4,Power,3,45361,60480,15120,1260.0,42,43
S10_personal_fold01,10,1,0,1,"per class: test=i, validation=(i+1)%8, train=remaining 6 segment indices",train,data/limb/subject10/StaticP3/subject10_limb_EMG.mat,StaticP3,S10_StaticP3_seg0004,S10_StaticP3_seg0004,2,4,Power,3,45361,60480,15120,1260.0,42,43
S10_personal_fold01,10,1,0,1,"per class: test=i, validation=(i+1)%8, train=remaining 6 segment indices",train,data/limb/subject10/StaticP4/subject10_limb_EMG.mat,StaticP4,S10_StaticP4_seg0004,S10_StaticP4_seg0004,3,4,Power,3,45361,60480,15120,1260.0,42,43
S10_personal_fold01,10,1,0,1,"per class: test=i, validation=(i+1)%8, train=remaining 6 segment indices",train,data/limb/subject10/StaticP9/subject10_limb_EMG.mat,StaticP9,S10_StaticP9_seg0004,S10_StaticP9_seg0004,4,4,Power,3,45365,60484,15120,1260.0,42,43
S10_personal_fold01,10,1,0,1,"per class: test=i, validation=(i+1)%8, train=remaining 6 segment indices",train,data/limb/subject10/StaticP10/subject10_limb_EMG.mat,StaticP10,S10_StaticP10_seg0004,S10_StaticP10_seg0004,5,4,Power,3,45361,60480,15120,1260.0,42,43
S10_personal_fold01,10,1,0,1,"per class: test=i, validation=(i+1)%8, train=remaining 6 segment indices",train,data/limb/subject10/StaticP14/subject10_limb_EMG.mat,StaticP14,S10_StaticP14_seg0004,S10_StaticP14_seg0004,6,4,Power,3,45361,60480,15120,1260.0,42,43
S10_personal_fold01,10,1,0,1,"per class: test=i, validation=(i+1)%8, train=remaining 6 segment indices",train,data/limb/subject10/Dynamic/subject10_limb_EMG.mat,Dynamic,S10_Dynamic_seg0004,S10_Dynamic_seg0004,7,4,Power,3,325446,442195,116750,1260.0,42,43
S10_personal_fold01,10,1,0,1,"per class: test=i, validation=(i+1)%8, train=remaining 6 segment indices",test,data/limb/subject10/StaticP1/subject10_limb_EMG.mat,StaticP1,S10_StaticP1_seg0005,S10_StaticP1_seg0005,0,5,Rest,4,60485,75604,15120,1260.0,42,43
S10_personal_fold01,10,1,0,1,"per class: test=i, validation=(i+1)%8, train=remaining 6 segment indices",validation,data/limb/subject10/StaticP2/subject10_limb_EMG.mat,StaticP2,S10_StaticP2_seg0005,S10_StaticP2_seg0005,1,5,Rest,4,60481,75600,15120,1260.0,42,43
S10_personal_fold01,10,1,0,1,"per class: test=i, validation=(i+1)%8, train=remaining 6 segment indices",train,data/limb/subject10/StaticP3/subject10_limb_EMG.mat,StaticP3,S10_StaticP3_seg0005,S10_StaticP3_seg0005,2,5,Rest,4,60481,75600,15120,1260.0,42,43
S10_personal_fold01,10,1,0,1,"per class: test=i, validation=(i+1)%8, train=remaining 6 segment indices",train,data/limb/subject10/StaticP4/subject10_limb_EMG.mat,StaticP4,S10_StaticP4_seg0005,S10_StaticP4_seg0005,3,5,Rest,4,60481,75600,15120,1260.0,42,43
S10_personal_fold01,10,1,0,1,"per class: test=i, validation=(i+1)%8, train=remaining 6 segment indices",train,data/limb/subject10/StaticP9/subject10_limb_EMG.mat,StaticP9,S10_StaticP9_seg0005,S10_StaticP9_seg0005,4,5,Rest,4,60485,75604,15120,1260.0,42,43
S10_personal_fold01,10,1,0,1,"per class: test=i, validation=(i+1)%8, train=remaining 6 segment indices",train,data/limb/subject10/StaticP10/subject10_limb_EMG.mat,StaticP10,S10_StaticP10_seg0005,S10_StaticP10_seg0005,5,5,Rest,4,60481,75600,15120,1260.0,42,43
S10_personal_fold01,10,1,0,1,"per class: test=i, validation=(i+1)%8, train=remaining 6 segment indices",train,data/limb/subject10/StaticP14/subject10_limb_EMG.mat,StaticP14,S10_StaticP14_seg0005,S10_StaticP14_seg0005,6,5,Rest,4,60481,75600,15120,1260.0,42,43
S10_personal_fold01,10,1,0,1,"per class: test=i, validation=(i+1)%8, train=remaining 6 segment indices",train,data/limb/subject10/Dynamic/subject10_limb_EMG.mat,Dynamic,S10_Dynamic_seg0005,S10_Dynamic_seg0005,7,5,Rest,4,442196,672355,230160,1260.0,42,43
S10_personal_fold02,10,2,1,2,"per class: test=i, validation=(i+1)%8, train=remaining 6 segment indices",train,data/limb/subject10/StaticP1/subject10_limb_EMG.mat,StaticP1,S10_StaticP1_seg0001,S10_StaticP1_seg0001,0,1,HandOpen,0,1,15120,15120,1260.0,42,43
S10_personal_fold02,10,2,1,2,"per class: test=i, validation=(i+1)%8, train=remaining 6 segment indices",test,data/limb/subject10/StaticP2/subject10_limb_EMG.mat,StaticP2,S10_StaticP2_seg0001,S10_StaticP2_seg0001,1,1,HandOpen,0,1,15120,15120,1260.0,42,43
S10_personal_fold02,10,2,1,2,"per class: test=i, validation=(i+1)%8, train=remaining 6 segment indices",validation,data/limb/subject10/StaticP3/subject10_limb_EMG.mat,StaticP3,S10_StaticP3_seg0001,S10_StaticP3_seg0001,2,1,HandOpen,0,1,15120,15120,1260.0,42,43
S10_personal_fold02,10,2,1,2,"per class: test=i, validation=(i+1)%8, train=remaining 6 segment indices",train,data/limb/subject10/StaticP4/subject10_limb_EMG.mat,StaticP4,S10_StaticP4_seg0001,S10_StaticP4_seg0001,3,1,HandOpen,0,1,15120,15120,1260.0,42,43
S10_personal_fold02,10,2,1,2,"per class: test=i, validation=(i+1)%8, train=remaining 6 segment indices",train,data/limb/subject10/StaticP9/subject10_limb_EMG.mat,StaticP9,S10_StaticP9_seg0001,S10_StaticP9_seg0001,4,1,HandOpen,0,1,15120,15120,1260.0,42,43
S10_personal_fold02,10,2,1,2,"per class: test=i, validation=(i+1)%8, train=remaining 6 segment indices",train,data/limb/subject10/StaticP10/subject10_limb_EMG.mat,StaticP10,S10_StaticP10_seg0001,S10_StaticP10_seg0001,5,1,HandOpen,0,1,15120,15120,1260.0,42,43
S10_personal_fold02,10,2,1,2,"per class: test=i, validation=(i+1)%8, train=remaining 6 segment indices",train,data/limb/subject10/StaticP14/subject10_limb_EMG.mat,StaticP14,S10_StaticP14_seg0001,S10_StaticP14_seg0001,6,1,HandOpen,0,1,15120,15120,1260.0,42,43
S10_personal_fold02,10,2,1,2,"per class: test=i, validation=(i+1)%8, train=remaining 6 segment indices",train,data/limb/subject10/Dynamic/subject10_limb_EMG.mat,Dynamic,S10_Dynamic_seg0001,S10_Dynamic_seg0001,7,1,HandOpen,0,1,84645,84645,1260.0,42,43
S10_personal_fold02,10,2,1,2,"per class: test=i, validation=(i+1)%8, train=remaining 6 segment indices",train,data/limb/subject10/StaticP1/subject10_limb_EMG.mat,StaticP1,S10_StaticP1_seg0002,S10_StaticP1_seg0002,0,2,Lateral,1,15121,30240,15120,1260.0,42,43
S10_personal_fold02,10,2,1,2,"per class: test=i, validation=(i+1)%8, train=remaining 6 segment indices",test,data/limb/subject10/StaticP2/subject10_limb_EMG.mat,StaticP2,S10_StaticP2_seg0002,S10_StaticP2_seg0002,1,2,Lateral,1,15121,30240,15120,1260.0,42,43
S10_personal_fold02,10,2,1,2,"per class: test=i, validation=(i+1)%8, train=remaining 6 segment indices",validation,data/limb/subject10/StaticP3/subject10_limb_EMG.mat,StaticP3,S10_StaticP3_seg0002,S10_StaticP3_seg0002,2,2,Lateral,1,15121,30240,15120,1260.0,42,43
S10_personal_fold02,10,2,1,2,"per class: test=i, validation=(i+1)%8, train=remaining 6 segment indices",train,data/limb/subject10/StaticP4/subject10_limb_EMG.mat,StaticP4,S10_StaticP4_seg0002,S10_StaticP4_seg0002,3,2,Lateral,1,15121,30240,15120,1260.0,42,43
S10_personal_fold02,10,2,1,2,"per class: test=i, validation=(i+1)%8, train=remaining 6 segment indices",train,data/limb/subject10/StaticP9/subject10_limb_EMG.mat,StaticP9,S10_StaticP9_seg0002,S10_StaticP9_seg0002,4,2,Lateral,1,15121,30240,15120,1260.0,42,43
S10_personal_fold02,10,2,1,2,"per class: test=i, validation=(i+1)%8, train=remaining 6 segment indices",train,data/limb/subject10/StaticP10/subject10_limb_EMG.mat,StaticP10,S10_StaticP10_seg0002,S10_StaticP10_seg0002,5,2,Lateral,1,15121,30240,15120,1260.0,42,43
S10_personal_fold02,10,2,1,2,"per class: test=i, validation=(i+1)%8, train=remaining 6 segment indices",train,data/limb/subject10/StaticP14/subject10_limb_EMG.mat,StaticP14,S10_StaticP14_seg0002,S10_StaticP14_seg0002,6,2,Lateral,1,15121,30240,15120,1260.0,42,43
S10_personal_fold02,10,2,1,2,"per class: test=i, validation=(i+1)%8, train=remaining 6 segment indices",train,data/limb/subject10/Dynamic/subject10_limb_EMG.mat,Dynamic,S10_Dynamic_seg0002,S10_Dynamic_seg0002,7,2,Lateral,1,84646,191181,106536,1260.0,42,43
S10_personal_fold02,10,2,1,2,"per class: test=i, validation=(i+1)%8, train=remaining 6 segment indices",train,data/limb/subject10/StaticP1/subject10_limb_EMG.mat,StaticP1,S10_StaticP1_seg0003,S10_StaticP1_seg0003,0,3,Pinch,2,30241,45364,15124,1260.0,42,43
S10_personal_fold02,10,2,1,2,"per class: test=i, validation=(i+1)%8, train=remaining 6 segment indices",test,data/limb/subject10/StaticP2/subject10_limb_EMG.mat,StaticP2,S10_StaticP2_seg0003,S10_StaticP2_seg0003,1,3,Pinch,2,30241,45360,15120,1260.0,42,43
S10_personal_fold02,10,2,1,2,"per class: test=i, validation=(i+1)%8, train=remaining 6 segment indices",validation,data/limb/subject10/StaticP3/subject10_limb_EMG.mat,StaticP3,S10_StaticP3_seg0003,S10_StaticP3_seg0003,2,3,Pinch,2,30241,45360,15120,1260.0,42,43
S10_personal_fold02,10,2,1,2,"per class: test=i, validation=(i+1)%8, train=remaining 6 segment indices",train,data/limb/subject10/StaticP4/subject10_limb_EMG.mat,StaticP4,S10_StaticP4_seg0003,S10_StaticP4_seg0003,3,3,Pinch,2,30241,45360,15120,1260.0,42,43
S10_personal_fold02,10,2,1,2,"per class: test=i, validation=(i+1)%8, train=remaining 6 segment indices",train,data/limb/subject10/StaticP9/subject10_limb_EMG.mat,StaticP9,S10_StaticP9_seg0003,S10_StaticP9_seg0003,4,3,Pinch,2,30241,45364,15124,1260.0,42,43
S10_personal_fold02,10,2,1,2,"per class: test=i, validation=(i+1)%8, train=remaining 6 segment indices",train,data/limb/subject10/StaticP10/subject10_limb_EMG.mat,StaticP10,S10_StaticP10_seg0003,S10_StaticP10_seg0003,5,3,Pinch,2,30241,45360,15120,1260.0,42,43
S10_personal_fold02,10,2,1,2,"per class: test=i, validation=(i+1)%8, train=remaining 6 segment indices",train,data/limb/subject10/StaticP14/subject10_limb_EMG.mat,StaticP14,S10_StaticP14_seg0003,S10_StaticP14_seg0003,6,3,Pinch,2,30241,45360,15120,1260.0,42,43
S10_personal_fold02,10,2,1,2,"per class: test=i, validation=(i+1)%8, train=remaining 6 segment indices",train,data/limb/subject10/Dynamic/subject10_limb_EMG.mat,Dynamic,S10_Dynamic_seg0003,S10_Dynamic_seg0003,7,3,Pinch,2,191182,325445,134264,1260.0,42,43
S10_personal_fold02,10,2,1,2,"per class: test=i, validation=(i+1)%8, train=remaining 6 segment indices",train,data/limb/subject10/StaticP1/subject10_limb_EMG.mat,StaticP1,S10_StaticP1_seg0004,S10_StaticP1_seg0004,0,4,Power,3,45365,60484,15120,1260.0,42,43
S10_personal_fold02,10,2,1,2,"per class: test=i, validation=(i+1)%8, train=remaining 6 segment indices",test,data/limb/subject10/StaticP2/subject10_limb_EMG.mat,StaticP2,S10_StaticP2_seg0004,S10_StaticP2_seg0004,1,4,Power,3,45361,60480,15120,1260.0,42,43
S10_personal_fold02,10,2,1,2,"per class: test=i, validation=(i+1)%8, train=remaining 6 segment indices",validation,data/limb/subject10/StaticP3/subject10_limb_EMG.mat,StaticP3,S10_StaticP3_seg0004,S10_StaticP3_seg0004,2,4,Power,3,45361,60480,15120,1260.0,42,43
S10_personal_fold02,10,2,1,2,"per class: test=i, validation=(i+1)%8, train=remaining 6 segment indices",train,data/limb/subject10/StaticP4/subject10_limb_EMG.mat,StaticP4,S10_StaticP4_seg0004,S10_StaticP4_seg0004,3,4,Power,3,45361,60480,15120,1260.0,42,43
S10_personal_fold02,10,2,1,2,"per class: test=i, validation=(i+1)%8, train=remaining 6 segment indices",train,data/limb/subject10/StaticP9/subject10_limb_EMG.mat,StaticP9,S10_StaticP9_seg0004,S10_StaticP9_seg0004,4,4,Power,3,45365,60484,15120,1260.0,42,43
S10_personal_fold02,10,2,1,2,"per class: test=i, validation=(i+1)%8, train=remaining 6 segment indices",train,data/limb/subject10/StaticP10/subject10_limb_EMG.mat,StaticP10,S10_StaticP10_seg0004,S10_StaticP10_seg0004,5,4,Power,3,45361,60480,15120,1260.0,42,43
S10_personal_fold02,10,2,1,2,"per class: test=i, validation=(i+1)%8, train=remaining 6 segment indices",train,data/limb/subject10/StaticP14/subject10_limb_EMG.mat,StaticP14,S10_StaticP14_seg0004,S10_StaticP14_seg0004,6,4,Power,3,45361,60480,15120,1260.0,42,43
S10_personal_fold02,10,2,1,2,"per class: test=i, validation=(i+1)%8, train=remaining 6 segment indices",train,data/limb/subject10/Dynamic/subject10_limb_EMG.mat,Dynamic,S10_Dynamic_seg0004,S10_Dynamic_seg0004,7,4,Power,3,325446,442195,116750,1260.0,42,43
S10_personal_fold02,10,2,1,2,"per class: test=i, validation=(i+1)%8, train=remaining 6 segment indices",train,data/limb/subject10/StaticP1/subject10_limb_EMG.mat,StaticP1,S10_StaticP1_seg0005,S10_StaticP1_seg0005,0,5,Rest,4,60485,75604,15120,1260.0,42,43
S10_personal_fold02,10,2,1,2,"per class: test=i, validation=(i+1)%8, train=remaining 6 segment indices",test,data/limb/subject10/StaticP2/subject10_limb_EMG.mat,StaticP2,S10_StaticP2_seg0005,S10_StaticP2_seg0005,1,5,Rest,4,60481,75600,15120,1260.0,42,43
S10_personal_fold02,10,2,1,2,"per class: test=i, validation=(i+1)%8, train=remaining 6 segment indices",validation,data/limb/subject10/StaticP3/subject10_limb_EMG.mat,StaticP3,S10_StaticP3_seg0005,S10_StaticP3_seg0005,2,5,Rest,4,60481,75600,15120,1260.0,42,43
S10_personal_fold02,10,2,1,2,"per class: test=i, validation=(i+1)%8, train=remaining 6 segment indices",train,data/limb/subject10/StaticP4/subject10_limb_EMG.mat,StaticP4,S10_StaticP4_seg0005,S10_StaticP4_seg0005,3,5,Rest,4,60481,75600,15120,1260.0,42,43
S10_personal_fold02,10,2,1,2,"per class: test=i, validation=(i+1)%8, train=remaining 6 segment indices",train,data/limb/subject10/StaticP9/subject10_limb_EMG.mat,StaticP9,S10_StaticP9_seg0005,S10_StaticP9_seg0005,4,5,Rest,4,60485,75604,15120,1260.0,42,43
S10_personal_fold02,10,2,1,2,"per class: test=i, validation=(i+1)%8, train=remaining 6 segment indices",train,data/limb/subject10/StaticP10/subject10_limb_EMG.mat,StaticP10,S10_StaticP10_seg0005,S10_StaticP10_seg0005,5,5,Rest,4,60481,75600,15120,1260.0,42,43
S10_personal_fold02,10,2,1,2,"per class: test=i, validation=(i+1)%8, train=remaining 6 segment indices",train,data/limb/subject10/StaticP14/subject10_limb_EMG.mat,StaticP14,S10_StaticP14_seg0005,S10_StaticP14_seg0005,6,5,Rest,4,60481,75600,15120,1260.0,42,43
S10_personal_fold02,10,2,1,2,"per class: test=i, validation=(i+1)%8, train=remaining 6 segment indices",train,data/limb/subject10/Dynamic/subject10_limb_EMG.mat,Dynamic,S10_Dynamic_seg0005,S10_Dynamic_seg0005,7,5,Rest,4,442196,672355,230160,1260.0,42,43
S10_personal_fold03,10,3,2,3,"per class: test=i, validation=(i+1)%8, train=remaining 6 segment indices",train,data/limb/subject10/StaticP1/subject10_limb_EMG.mat,StaticP1,S10_StaticP1_seg0001,S10_StaticP1_seg0001,0,1,HandOpen,0,1,15120,15120,1260.0,42,43
S10_personal_fold03,10,3,2,3,"per class: test=i, validation=(i+1)%8, train=remaining 6 segment indices",train,data/limb/subject10/StaticP2/subject10_limb_EMG.mat,StaticP2,S10_StaticP2_seg0001,S10_StaticP2_seg0001,1,1,HandOpen,0,1,15120,15120,1260.0,42,43
S10_personal_fold03,10,3,2,3,"per class: test=i, validation=(i+1)%8, train=remaining 6 segment indices",test,data/limb/subject10/StaticP3/subject10_limb_EMG.mat,StaticP3,S10_StaticP3_seg0001,S10_StaticP3_seg0001,2,1,HandOpen,0,1,15120,15120,1260.0,42,43
S10_personal_fold03,10,3,2,3,"per class: test=i, validation=(i+1)%8, train=remaining 6 segment indices",validation,data/limb/subject10/StaticP4/subject10_limb_EMG.mat,StaticP4,S10_StaticP4_seg0001,S10_StaticP4_seg0001,3,1,HandOpen,0,1,15120,15120,1260.0,42,43
S10_personal_fold03,10,3,2,3,"per class: test=i, validation=(i+1)%8, train=remaining 6 segment indices",train,data/limb/subject10/StaticP9/subject10_limb_EMG.mat,StaticP9,S10_StaticP9_seg0001,S10_StaticP9_seg0001,4,1,HandOpen,0,1,15120,15120,1260.0,42,43
S10_personal_fold03,10,3,2,3,"per class: test=i, validation=(i+1)%8, train=remaining 6 segment indices",train,data/limb/subject10/StaticP10/subject10_limb_EMG.mat,StaticP10,S10_StaticP10_seg0001,S10_StaticP10_seg0001,5,1,HandOpen,0,1,15120,15120,1260.0,42,43
S10_personal_fold03,10,3,2,3,"per class: test=i, validation=(i+1)%8, train=remaining 6 segment indices",train,data/limb/subject10/StaticP14/subject10_limb_EMG.mat,StaticP14,S10_StaticP14_seg0001,S10_StaticP14_seg0001,6,1,HandOpen,0,1,15120,15120,1260.0,42,43
S10_personal_fold03,10,3,2,3,"per class: test=i, validation=(i+1)%8, train=remaining 6 segment indices",train,data/limb/subject10/Dynamic/subject10_limb_EMG.mat,Dynamic,S10_Dynamic_seg0001,S10_Dynamic_seg0001,7,1,HandOpen,0,1,84645,84645,1260.0,42,43
S10_personal_fold03,10,3,2,3,"per class: test=i, validation=(i+1)%8, train=remaining 6 segment indices",train,data/limb/subject10/StaticP1/subject10_limb_EMG.mat,StaticP1,S10_StaticP1_seg0002,S10_StaticP1_seg0002,0,2,Lateral,1,15121,30240,15120,1260.0,42,43
S10_personal_fold03,10,3,2,3,"per class: test=i, validation=(i+1)%8, train=remaining 6 segment indices",train,data/limb/subject10/StaticP2/subject10_limb_EMG.mat,StaticP2,S10_StaticP2_seg0002,S10_StaticP2_seg0002,1,2,Lateral,1,15121,30240,15120,1260.0,42,43
S10_personal_fold03,10,3,2,3,"per class: test=i, validation=(i+1)%8, train=remaining 6 segment indices",test,data/limb/subject10/StaticP3/subject10_limb_EMG.mat,StaticP3,S10_StaticP3_seg0002,S10_StaticP3_seg0002,2,2,Lateral,1,15121,30240,15120,1260.0,42,43
S10_personal_fold03,10,3,2,3,"per class: test=i, validation=(i+1)%8, train=remaining 6 segment indices",validation,data/limb/subject10/StaticP4/subject10_limb_EMG.mat,StaticP4,S10_StaticP4_seg0002,S10_StaticP4_seg0002,3,2,Lateral,1,15121,30240,15120,1260.0,42,43
S10_personal_fold03,10,3,2,3,"per class: test=i, validation=(i+1)%8, train=remaining 6 segment indices",train,data/limb/subject10/StaticP9/subject10_limb_EMG.mat,StaticP9,S10_StaticP9_seg0002,S10_StaticP9_seg0002,4,2,Lateral,1,15121,30240,15120,1260.0,42,43
S10_personal_fold03,10,3,2,3,"per class: test=i, validation=(i+1)%8, train=remaining 6 segment indices",train,data/limb/subject10/StaticP10/subject10_limb_EMG.mat,StaticP10,S10_StaticP10_seg0002,S10_StaticP10_seg0002,5,2,Lateral,1,15121,30240,15120,1260.0,42,43
S10_personal_fold03,10,3,2,3,"per class: test=i, validation=(i+1)%8, train=remaining 6 segment indices",train,data/limb/subject10/StaticP14/subject10_limb_EMG.mat,StaticP14,S10_StaticP14_seg0002,S10_StaticP14_seg0002,6,2,Lateral,1,15121,30240,15120,1260.0,42,43
S10_personal_fold03,10,3,2,3,"per class: test=i, validation=(i+1)%8, train=remaining 6 segment indices",train,data/limb/subject10/Dynamic/subject10_limb_EMG.mat,Dynamic,S10_Dynamic_seg0002,S10_Dynamic_seg0002,7,2,Lateral,1,84646,191181,106536,1260.0,42,43
S10_personal_fold03,10,3,2,3,"per class: test=i, validation=(i+1)%8, train=remaining 6 segment indices",train,data/limb/subject10/StaticP1/subject10_limb_EMG.mat,StaticP1,S10_StaticP1_seg0003,S10_StaticP1_seg0003,0,3,Pinch,2,30241,45364,15124,1260.0,42,43
S10_personal_fold03,10,3,2,3,"per class: test=i, validation=(i+1)%8, train=remaining 6 segment indices",train,data/limb/subject10/StaticP2/subject10_limb_EMG.mat,StaticP2,S10_StaticP2_seg0003,S10_StaticP2_seg0003,1,3,Pinch,2,30241,45360,15120,1260.0,42,43
S10_personal_fold03,10,3,2,3,"per class: test=i, validation=(i+1)%8, train=remaining 6 segment indices",test,data/limb/subject10/StaticP3/subject10_limb_EMG.mat,StaticP3,S10_StaticP3_seg0003,S10_StaticP3_seg0003,2,3,Pinch,2,30241,45360,15120,1260.0,42,43
S10_personal_fold03,10,3,2,3,"per class: test=i, validation=(i+1)%8, train=remaining 6 segment indices",validation,data/limb/subject10/StaticP4/subject10_limb_EMG.mat,StaticP4,S10_StaticP4_seg0003,S10_StaticP4_seg0003,3,3,Pinch,2,30241,45360,15120,1260.0,42,43
S10_personal_fold03,10,3,2,3,"per class: test=i, validation=(i+1)%8, train=remaining 6 segment indices",train,data/limb/subject10/StaticP9/subject10_limb_EMG.mat,StaticP9,S10_StaticP9_seg0003,S10_StaticP9_seg0003,4,3,Pinch,2,30241,45364,15124,1260.0,42,43
S10_personal_fold03,10,3,2,3,"per class: test=i, validation=(i+1)%8, train=remaining 6 segment indices",train,data/limb/subject10/StaticP10/subject10_limb_EMG.mat,StaticP10,S10_StaticP10_seg0003,S10_StaticP10_seg0003,5,3,Pinch,2,30241,45360,15120,1260.0,42,43
S10_personal_fold03,10,3,2,3,"per class: test=i, validation=(i+1)%8, train=remaining 6 segment indices",train,data/limb/subject10/StaticP14/subject10_limb_EMG.mat,StaticP14,S10_StaticP14_seg0003,S10_StaticP14_seg0003,6,3,Pinch,2,30241,45360,15120,1260.0,42,43
S10_personal_fold03,10,3,2,3,"per class: test=i, validation=(i+1)%8, train=remaining 6 segment indices",train,data/limb/subject10/Dynamic/subject10_limb_EMG.mat,Dynamic,S10_Dynamic_seg0003,S10_Dynamic_seg0003,7,3,Pinch,2,191182,325445,134264,1260.0,42,43
S10_personal_fold03,10,3,2,3,"per class: test=i, validation=(i+1)%8, train=remaining 6 segment indices",train,data/limb/subject10/StaticP1/subject10_limb_EMG.mat,StaticP1,S10_StaticP1_seg0004,S10_StaticP1_seg0004,0,4,Power,3,45365,60484,15120,1260.0,42,43
S10_personal_fold03,10,3,2,3,"per class: test=i, validation=(i+1)%8, train=remaining 6 segment indices",train,data/limb/subject10/StaticP2/subject10_limb_EMG.mat,StaticP2,S10_StaticP2_seg0004,S10_StaticP2_seg0004,1,4,Power,3,45361,60480,15120,1260.0,42,43
S10_personal_fold03,10,3,2,3,"per class: test=i, validation=(i+1)%8, train=remaining 6 segment indices",test,data/limb/subject10/StaticP3/subject10_limb_EMG.mat,StaticP3,S10_StaticP3_seg0004,S10_StaticP3_seg0004,2,4,Power,3,45361,60480,15120,1260.0,42,43
S10_personal_fold03,10,3,2,3,"per class: test=i, validation=(i+1)%8, train=remaining 6 segment indices",validation,data/limb/subject10/StaticP4/subject10_limb_EMG.mat,StaticP4,S10_StaticP4_seg0004,S10_StaticP4_seg0004,3,4,Power,3,45361,60480,15120,1260.0,42,43
S10_personal_fold03,10,3,2,3,"per class: test=i, validation=(i+1)%8, train=remaining 6 segment indices",train,data/limb/subject10/StaticP9/subject10_limb_EMG.mat,StaticP9,S10_StaticP9_seg0004,S10_StaticP9_seg0004,4,4,Power,3,45365,60484,15120,1260.0,42,43
S10_personal_fold03,10,3,2,3,"per class: test=i, validation=(i+1)%8, train=remaining 6 segment indices",train,data/limb/subject10/StaticP10/subject10_limb_EMG.mat,StaticP10,S10_StaticP10_seg0004,S10_StaticP10_seg0004,5,4,Power,3,45361,60480,15120,1260.0,42,43
S10_personal_fold03,10,3,2,3,"per class: test=i, validation=(i+1)%8, train=remaining 6 segment indices",train,data/limb/subject10/StaticP14/subject10_limb_EMG.mat,StaticP14,S10_StaticP14_seg0004,S10_StaticP14_seg0004,6,4,Power,3,45361,60480,15120,1260.0,42,43
S10_personal_fold03,10,3,2,3,"per class: test=i, validation=(i+1)%8, train=remaining 6 segment indices",train,data/limb/subject10/Dynamic/subject10_limb_EMG.mat,Dynamic,S10_Dynamic_seg0004,S10_Dynamic_seg0004,7,4,Power,3,325446,442195,116750,1260.0,42,43
S10_personal_fold03,10,3,2,3,"per class: test=i, validation=(i+1)%8, train=remaining 6 segment indices",train,data/limb/subject10/StaticP1/subject10_limb_EMG.mat,StaticP1,S10_StaticP1_seg0005,S10_StaticP1_seg0005,0,5,Rest,4,60485,75604,15120,1260.0,42,43
S10_personal_fold03,10,3,2,3,"per class: test=i, validation=(i+1)%8, train=remaining 6 segment indices",train,data/limb/subject10/StaticP2/subject10_limb_EMG.mat,StaticP2,S10_StaticP2_seg0005,S10_StaticP2_seg0005,1,5,Rest,4,60481,75600,15120,1260.0,42,43
S10_personal_fold03,10,3,2,3,"per class: test=i, validation=(i+1)%8, train=remaining 6 segment indices",test,data/limb/subject10/StaticP3/subject10_limb_EMG.mat,StaticP3,S10_StaticP3_seg0005,S10_StaticP3_seg0005,2,5,Rest,4,60481,75600,15120,1260.0,42,43
S10_personal_fold03,10,3,2,3,"per class: test=i, validation=(i+1)%8, train=remaining 6 segment indices",validation,data/limb/subject10/StaticP4/subject10_limb_EMG.mat,StaticP4,S10_StaticP4_seg0005,S10_StaticP4_seg0005,3,5,Rest,4,60481,75600,15120,1260.0,42,43
S10_personal_fold03,10,3,2,3,"per class: test=i, validation=(i+1)%8, train=remaining 6 segment indices",train,data/limb/subject10/StaticP9/subject10_limb_EMG.mat,StaticP9,S10_StaticP9_seg0005,S10_StaticP9_seg0005,4,5,Rest,4,60485,75604,15120,1260.0,42,43
S10_personal_fold03,10,3,2,3,"per class: test=i, validation=(i+1)%8, train=remaining 6 segment indices",train,data/limb/subject10/StaticP10/subject10_limb_EMG.mat,StaticP10,S10_StaticP10_seg0005,S10_StaticP10_seg0005,5,5,Rest,4,60481,75600,15120,1260.0,42,43
S10_personal_fold03,10,3,2,3,"per class: test=i, validation=(i+1)%8, train=remaining 6 segment indices",train,data/limb/subject10/StaticP14/subject10_limb_EMG.mat,StaticP14,S10_StaticP14_seg0005,S10_StaticP14_seg0005,6,5,Rest,4,60481,75600,15120,1260.0,42,43
S10_personal_fold03,10,3,2,3,"per class: test=i, validation=(i+1)%8, train=remaining 6 segment indices",train,data/limb/subject10/Dynamic/subject10_limb_EMG.mat,Dynamic,S10_Dynamic_seg0005,S10_Dynamic_seg0005,7,5,Rest,4,442196,672355,230160,1260.0,42,43
S10_personal_fold04,10,4,3,4,"per class: test=i, validation=(i+1)%8, train=remaining 6 segment indices",train,data/limb/subject10/StaticP1/subject10_limb_EMG.mat,StaticP1,S10_StaticP1_seg0001,S10_StaticP1_seg0001,0,1,HandOpen,0,1,15120,15120,1260.0,42,43
S10_personal_fold04,10,4,3,4,"per class: test=i, validation=(i+1)%8, train=remaining 6 segment indices",train,data/limb/subject10/StaticP2/subject10_limb_EMG.mat,StaticP2,S10_StaticP2_seg0001,S10_StaticP2_seg0001,1,1,HandOpen,0,1,15120,15120,1260.0,42,43
S10_personal_fold04,10,4,3,4,"per class: test=i, validation=(i+1)%8, train=remaining 6 segment indices",train,data/limb/subject10/StaticP3/subject10_limb_EMG.mat,StaticP3,S10_StaticP3_seg0001,S10_StaticP3_seg0001,2,1,HandOpen,0,1,15120,15120,1260.0,42,43
S10_personal_fold04,10,4,3,4,"per class: test=i, validation=(i+1)%8, train=remaining 6 segment indices",test,data/limb/subject10/StaticP4/subject10_limb_EMG.mat,StaticP4,S10_StaticP4_seg0001,S10_StaticP4_seg0001,3,1,HandOpen,0,1,15120,15120,1260.0,42,43
S10_personal_fold04,10,4,3,4,"per class: test=i, validation=(i+1)%8, train=remaining 6 segment indices",validation,data/limb/subject10/StaticP9/subject10_limb_EMG.mat,StaticP9,S10_StaticP9_seg0001,S10_StaticP9_seg0001,4,1,HandOpen,0,1,15120,15120,1260.0,42,43
S10_personal_fold04,10,4,3,4,"per class: test=i, validation=(i+1)%8, train=remaining 6 segment indices",train,data/limb/subject10/StaticP10/subject10_limb_EMG.mat,StaticP10,S10_StaticP10_seg0001,S10_StaticP10_seg0001,5,1,HandOpen,0,1,15120,15120,1260.0,42,43
S10_personal_fold04,10,4,3,4,"per class: test=i, validation=(i+1)%8, train=remaining 6 segment indices",train,data/limb/subject10/StaticP14/subject10_limb_EMG.mat,StaticP14,S10_StaticP14_seg0001,S10_StaticP14_seg0001,6,1,HandOpen,0,1,15120,15120,1260.0,42,43
S10_personal_fold04,10,4,3,4,"per class: test=i, validation=(i+1)%8, train=remaining 6 segment indices",train,data/limb/subject10/Dynamic/subject10_limb_EMG.mat,Dynamic,S10_Dynamic_seg0001,S10_Dynamic_seg0001,7,1,HandOpen,0,1,84645,84645,1260.0,42,43
S10_personal_fold04,10,4,3,4,"per class: test=i, validation=(i+1)%8, train=remaining 6 segment indices",train,data/limb/subject10/StaticP1/subject10_limb_EMG.mat,StaticP1,S10_StaticP1_seg0002,S10_StaticP1_seg0002,0,2,Lateral,1,15121,30240,15120,1260.0,42,43
S10_personal_fold04,10,4,3,4,"per class: test=i, validation=(i+1)%8, train=remaining 6 segment indices",train,data/limb/subject10/StaticP2/subject10_limb_EMG.mat,StaticP2,S10_StaticP2_seg0002,S10_StaticP2_seg0002,1,2,Lateral,1,15121,30240,15120,1260.0,42,43
S10_personal_fold04,10,4,3,4,"per class: test=i, validation=(i+1)%8, train=remaining 6 segment indices",train,data/limb/subject10/StaticP3/subject10_limb_EMG.mat,StaticP3,S10_StaticP3_seg0002,S10_StaticP3_seg0002,2,2,Lateral,1,15121,30240,15120,1260.0,42,43
S10_personal_fold04,10,4,3,4,"per class: test=i, validation=(i+1)%8, train=remaining 6 segment indices",test,data/limb/subject10/StaticP4/subject10_limb_EMG.mat,StaticP4,S10_StaticP4_seg0002,S10_StaticP4_seg0002,3,2,Lateral,1,15121,30240,15120,1260.0,42,43
S10_personal_fold04,10,4,3,4,"per class: test=i, validation=(i+1)%8, train=remaining 6 segment indices",validation,data/limb/subject10/StaticP9/subject10_limb_EMG.mat,StaticP9,S10_StaticP9_seg0002,S10_StaticP9_seg0002,4,2,Lateral,1,15121,30240,15120,1260.0,42,43
S10_personal_fold04,10,4,3,4,"per class: test=i, validation=(i+1)%8, train=remaining 6 segment indices",train,data/limb/subject10/StaticP10/subject10_limb_EMG.mat,StaticP10,S10_StaticP10_seg0002,S10_StaticP10_seg0002,5,2,Lateral,1,15121,30240,15120,1260.0,42,43
S10_personal_fold04,10,4,3,4,"per class: test=i, validation=(i+1)%8, train=remaining 6 segment indices",train,data/limb/subject10/StaticP14/subject10_limb_EMG.mat,StaticP14,S10_StaticP14_seg0002,S10_StaticP14_seg0002,6,2,Lateral,1,15121,30240,15120,1260.0,42,43
S10_personal_fold04,10,4,3,4,"per class: test=i, validation=(i+1)%8, train=remaining 6 segment indices",train,data/limb/subject10/Dynamic/subject10_limb_EMG.mat,Dynamic,S10_Dynamic_seg0002,S10_Dynamic_seg0002,7,2,Lateral,1,84646,191181,106536,1260.0,42,43
S10_personal_fold04,10,4,3,4,"per class: test=i, validation=(i+1)%8, train=remaining 6 segment indices",train,data/limb/subject10/StaticP1/subject10_limb_EMG.mat,StaticP1,S10_StaticP1_seg0003,S10_StaticP1_seg0003,0,3,Pinch,2,30241,45364,15124,1260.0,42,43
S10_personal_fold04,10,4,3,4,"per class: test=i, validation=(i+1)%8, train=remaining 6 segment indices",train,data/limb/subject10/StaticP2/subject10_limb_EMG.mat,StaticP2,S10_StaticP2_seg0003,S10_StaticP2_seg0003,1,3,Pinch,2,30241,45360,15120,1260.0,42,43
S10_personal_fold04,10,4,3,4,"per class: test=i, validation=(i+1)%8, train=remaining 6 segment indices",train,data/limb/subject10/StaticP3/subject10_limb_EMG.mat,StaticP3,S10_StaticP3_seg0003,S10_StaticP3_seg0003,2,3,Pinch,2,30241,45360,15120,1260.0,42,43
S10_personal_fold04,10,4,3,4,"per class: test=i, validation=(i+1)%8, train=remaining 6 segment indices",test,data/limb/subject10/StaticP4/subject10_limb_EMG.mat,StaticP4,S10_StaticP4_seg0003,S10_StaticP4_seg0003,3,3,Pinch,2,30241,45360,15120,1260.0,42,43
S10_personal_fold04,10,4,3,4,"per class: test=i, validation=(i+1)%8, train=remaining 6 segment indices",validation,data/limb/subject10/StaticP9/subject10_limb_EMG.mat,StaticP9,S10_StaticP9_seg0003,S10_StaticP9_seg0003,4,3,Pinch,2,30241,45364,15124,1260.0,42,43
S10_personal_fold04,10,4,3,4,"per class: test=i, validation=(i+1)%8, train=remaining 6 segment indices",train,data/limb/subject10/StaticP10/subject10_limb_EMG.mat,StaticP10,S10_StaticP10_seg0003,S10_StaticP10_seg0003,5,3,Pinch,2,30241,45360,15120,1260.0,42,43
S10_personal_fold04,10,4,3,4,"per class: test=i, validation=(i+1)%8, train=remaining 6 segment indices",train,data/limb/subject10/StaticP14/subject10_limb_EMG.mat,StaticP14,S10_StaticP14_seg0003,S10_StaticP14_seg0003,6,3,Pinch,2,30241,45360,15120,1260.0,42,43
S10_personal_fold04,10,4,3,4,"per class: test=i, validation=(i+1)%8, train=remaining 6 segment indices",train,data/limb/subject10/Dynamic/subject10_limb_EMG.mat,Dynamic,S10_Dynamic_seg0003,S10_Dynamic_seg0003,7,3,Pinch,2,191182,325445,134264,1260.0,42,43
S10_personal_fold04,10,4,3,4,"per class: test=i, validation=(i+1)%8, train=remaining 6 segment indices",train,data/limb/subject10/StaticP1/subject10_limb_EMG.mat,StaticP1,S10_StaticP1_seg0004,S10_StaticP1_seg0004,0,4,Power,3,45365,60484,15120,1260.0,42,43
S10_personal_fold04,10,4,3,4,"per class: test=i, validation=(i+1)%8, train=remaining 6 segment indices",train,data/limb/subject10/StaticP2/subject10_limb_EMG.mat,StaticP2,S10_StaticP2_seg0004,S10_StaticP2_seg0004,1,4,Power,3,45361,60480,15120,1260.0,42,43
S10_personal_fold04,10,4,3,4,"per class: test=i, validation=(i+1)%8, train=remaining 6 segment indices",train,data/limb/subject10/StaticP3/subject10_limb_EMG.mat,StaticP3,S10_StaticP3_seg0004,S10_StaticP3_seg0004,2,4,Power,3,45361,60480,15120,1260.0,42,43
S10_personal_fold04,10,4,3,4,"per class: test=i, validation=(i+1)%8, train=remaining 6 segment indices",test,data/limb/subject10/StaticP4/subject10_limb_EMG.mat,StaticP4,S10_StaticP4_seg0004,S10_StaticP4_seg0004,3,4,Power,3,45361,60480,15120,1260.0,42,43
S10_personal_fold04,10,4,3,4,"per class: test=i, validation=(i+1)%8, train=remaining 6 segment indices",validation,data/limb/subject10/StaticP9/subject10_limb_EMG.mat,StaticP9,S10_StaticP9_seg0004,S10_StaticP9_seg0004,4,4,Power,3,45365,60484,15120,1260.0,42,43
S10_personal_fold04,10,4,3,4,"per class: test=i, validation=(i+1)%8, train=remaining 6 segment indices",train,data/limb/subject10/StaticP10/subject10_limb_EMG.mat,StaticP10,S10_StaticP10_seg0004,S10_StaticP10_seg0004,5,4,Power,3,45361,60480,15120,1260.0,42,43
S10_personal_fold04,10,4,3,4,"per class: test=i, validation=(i+1)%8, train=remaining 6 segment indices",train,data/limb/subject10/StaticP14/subject10_limb_EMG.mat,StaticP14,S10_StaticP14_seg0004,S10_StaticP14_seg0004,6,4,Power,3,45361,60480,15120,1260.0,42,43
S10_personal_fold04,10,4,3,4,"per class: test=i, validation=(i+1)%8, train=remaining 6 segment indices",train,data/limb/subject10/Dynamic/subject10_limb_EMG.mat,Dynamic,S10_Dynamic_seg0004,S10_Dynamic_seg0004,7,4,Power,3,325446,442195,116750,1260.0,42,43
S10_personal_fold04,10,4,3,4,"per class: test=i, validation=(i+1)%8, train=remaining 6 segment indices",train,data/limb/subject10/StaticP1/subject10_limb_EMG.mat,StaticP1,S10_StaticP1_seg0005,S10_StaticP1_seg0005,0,5,Rest,4,60485,75604,15120,1260.0,42,43
S10_personal_fold04,10,4,3,4,"per class: test=i, validation=(i+1)%8, train=remaining 6 segment indices",train,data/limb/subject10/StaticP2/subject10_limb_EMG.mat,StaticP2,S10_StaticP2_seg0005,S10_StaticP2_seg0005,1,5,Rest,4,60481,75600,15120,1260.0,42,43
S10_personal_fold04,10,4,3,4,"per class: test=i, validation=(i+1)%8, train=remaining 6 segment indices",train,data/limb/subject10/StaticP3/subject10_limb_EMG.mat,StaticP3,S10_StaticP3_seg0005,S10_StaticP3_seg0005,2,5,Rest,4,60481,75600,15120,1260.0,42,43
S10_personal_fold04,10,4,3,4,"per class: test=i, validation=(i+1)%8, train=remaining 6 segment indices",test,data/limb/subject10/StaticP4/subject10_limb_EMG.mat,StaticP4,S10_StaticP4_seg0005,S10_StaticP4_seg0005,3,5,Rest,4,60481,75600,15120,1260.0,42,43
S10_personal_fold04,10,4,3,4,"per class: test=i, validation=(i+1)%8, train=remaining 6 segment indices",validation,data/limb/subject10/StaticP9/subject10_limb_EMG.mat,StaticP9,S10_StaticP9_seg0005,S10_StaticP9_seg0005,4,5,Rest,4,60485,75604,15120,1260.0,42,43
S10_personal_fold04,10,4,3,4,"per class: test=i, validation=(i+1)%8, train=remaining 6 segment indices",train,data/limb/subject10/StaticP10/subject10_limb_EMG.mat,StaticP10,S10_StaticP10_seg0005,S10_StaticP10_seg0005,5,5,Rest,4,60481,75600,15120,1260.0,42,43
S10_personal_fold04,10,4,3,4,"per class: test=i, validation=(i+1)%8, train=remaining 6 segment indices",train,data/limb/subject10/StaticP14/subject10_limb_EMG.mat,StaticP14,S10_StaticP14_seg0005,S10_StaticP14_seg0005,6,5,Rest,4,60481,75600,15120,1260.0,42,43
S10_personal_fold04,10,4,3,4,"per class: test=i, validation=(i+1)%8, train=remaining 6 segment indices",train,data/limb/subject10/Dynamic/subject10_limb_EMG.mat,Dynamic,S10_Dynamic_seg0005,S10_Dynamic_seg0005,7,5,Rest,4,442196,672355,230160,1260.0,42,43
S10_personal_fold05,10,5,4,5,"per class: test=i, validation=(i+1)%8, train=remaining 6 segment indices",train,data/limb/subject10/StaticP1/subject10_limb_EMG.mat,StaticP1,S10_StaticP1_seg0001,S10_StaticP1_seg0001,0,1,HandOpen,0,1,15120,15120,1260.0,42,43
S10_personal_fold05,10,5,4,5,"per class: test=i, validation=(i+1)%8, train=remaining 6 segment indices",train,data/limb/subject10/StaticP2/subject10_limb_EMG.mat,StaticP2,S10_StaticP2_seg0001,S10_StaticP2_seg0001,1,1,HandOpen,0,1,15120,15120,1260.0,42,43
S10_personal_fold05,10,5,4,5,"per class: test=i, validation=(i+1)%8, train=remaining 6 segment indices",train,data/limb/subject10/StaticP3/subject10_limb_EMG.mat,StaticP3,S10_StaticP3_seg0001,S10_StaticP3_seg0001,2,1,HandOpen,0,1,15120,15120,1260.0,42,43
S10_personal_fold05,10,5,4,5,"per class: test=i, validation=(i+1)%8, train=remaining 6 segment indices",train,data/limb/subject10/StaticP4/subject10_limb_EMG.mat,StaticP4,S10_StaticP4_seg0001,S10_StaticP4_seg0001,3,1,HandOpen,0,1,15120,15120,1260.0,42,43
S10_personal_fold05,10,5,4,5,"per class: test=i, validation=(i+1)%8, train=remaining 6 segment indices",test,data/limb/subject10/StaticP9/subject10_limb_EMG.mat,StaticP9,S10_StaticP9_seg0001,S10_StaticP9_seg0001,4,1,HandOpen,0,1,15120,15120,1260.0,42,43
S10_personal_fold05,10,5,4,5,"per class: test=i, validation=(i+1)%8, train=remaining 6 segment indices",validation,data/limb/subject10/StaticP10/subject10_limb_EMG.mat,StaticP10,S10_StaticP10_seg0001,S10_StaticP10_seg0001,5,1,HandOpen,0,1,15120,15120,1260.0,42,43
S10_personal_fold05,10,5,4,5,"per class: test=i, validation=(i+1)%8, train=remaining 6 segment indices",train,data/limb/subject10/StaticP14/subject10_limb_EMG.mat,StaticP14,S10_StaticP14_seg0001,S10_StaticP14_seg0001,6,1,HandOpen,0,1,15120,15120,1260.0,42,43
S10_personal_fold05,10,5,4,5,"per class: test=i, validation=(i+1)%8, train=remaining 6 segment indices",train,data/limb/subject10/Dynamic/subject10_limb_EMG.mat,Dynamic,S10_Dynamic_seg0001,S10_Dynamic_seg0001,7,1,HandOpen,0,1,84645,84645,1260.0,42,43
S10_personal_fold05,10,5,4,5,"per class: test=i, validation=(i+1)%8, train=remaining 6 segment indices",train,data/limb/subject10/StaticP1/subject10_limb_EMG.mat,StaticP1,S10_StaticP1_seg0002,S10_StaticP1_seg0002,0,2,Lateral,1,15121,30240,15120,1260.0,42,43
S10_personal_fold05,10,5,4,5,"per class: test=i, validation=(i+1)%8, train=remaining 6 segment indices",train,data/limb/subject10/StaticP2/subject10_limb_EMG.mat,StaticP2,S10_StaticP2_seg0002,S10_StaticP2_seg0002,1,2,Lateral,1,15121,30240,15120,1260.0,42,43
S10_personal_fold05,10,5,4,5,"per class: test=i, validation=(i+1)%8, train=remaining 6 segment indices",train,data/limb/subject10/StaticP3/subject10_limb_EMG.mat,StaticP3,S10_StaticP3_seg0002,S10_StaticP3_seg0002,2,2,Lateral,1,15121,30240,15120,1260.0,42,43
S10_personal_fold05,10,5,4,5,"per class: test=i, validation=(i+1)%8, train=remaining 6 segment indices",train,data/limb/subject10/StaticP4/subject10_limb_EMG.mat,StaticP4,S10_StaticP4_seg0002,S10_StaticP4_seg0002,3,2,Lateral,1,15121,30240,15120,1260.0,42,43
S10_personal_fold05,10,5,4,5,"per class: test=i, validation=(i+1)%8, train=remaining 6 segment indices",test,data/limb/subject10/StaticP9/subject10_limb_EMG.mat,StaticP9,S10_StaticP9_seg0002,S10_StaticP9_seg0002,4,2,Lateral,1,15121,30240,15120,1260.0,42,43
S10_personal_fold05,10,5,4,5,"per class: test=i, validation=(i+1)%8, train=remaining 6 segment indices",validation,data/limb/subject10/StaticP10/subject10_limb_EMG.mat,StaticP10,S10_StaticP10_seg0002,S10_StaticP10_seg0002,5,2,Lateral,1,15121,30240,15120,1260.0,42,43
S10_personal_fold05,10,5,4,5,"per class: test=i, validation=(i+1)%8, train=remaining 6 segment indices",train,data/limb/subject10/StaticP14/subject10_limb_EMG.mat,StaticP14,S10_StaticP14_seg0002,S10_StaticP14_seg0002,6,2,Lateral,1,15121,30240,15120,1260.0,42,43
S10_personal_fold05,10,5,4,5,"per class: test=i, validation=(i+1)%8, train=remaining 6 segment indices",train,data/limb/subject10/Dynamic/subject10_limb_EMG.mat,Dynamic,S10_Dynamic_seg0002,S10_Dynamic_seg0002,7,2,Lateral,1,84646,191181,106536,1260.0,42,43
S10_personal_fold05,10,5,4,5,"per class: test=i, validation=(i+1)%8, train=remaining 6 segment indices",train,data/limb/subject10/StaticP1/subject10_limb_EMG.mat,StaticP1,S10_StaticP1_seg0003,S10_StaticP1_seg0003,0,3,Pinch,2,30241,45364,15124,1260.0,42,43
S10_personal_fold05,10,5,4,5,"per class: test=i, validation=(i+1)%8, train=remaining 6 segment indices",train,data/limb/subject10/StaticP2/subject10_limb_EMG.mat,StaticP2,S10_StaticP2_seg0003,S10_StaticP2_seg0003,1,3,Pinch,2,30241,45360,15120,1260.0,42,43
S10_personal_fold05,10,5,4,5,"per class: test=i, validation=(i+1)%8, train=remaining 6 segment indices",train,data/limb/subject10/StaticP3/subject10_limb_EMG.mat,StaticP3,S10_StaticP3_seg0003,S10_StaticP3_seg0003,2,3,Pinch,2,30241,45360,15120,1260.0,42,43
S10_personal_fold05,10,5,4,5,"per class: test=i, validation=(i+1)%8, train=remaining 6 segment indices",train,data/limb/subject10/StaticP4/subject10_limb_EMG.mat,StaticP4,S10_StaticP4_seg0003,S10_StaticP4_seg0003,3,3,Pinch,2,30241,45360,15120,1260.0,42,43
S10_personal_fold05,10,5,4,5,"per class: test=i, validation=(i+1)%8, train=remaining 6 segment indices",test,data/limb/subject10/StaticP9/subject10_limb_EMG.mat,StaticP9,S10_StaticP9_seg0003,S10_StaticP9_seg0003,4,3,Pinch,2,30241,45364,15124,1260.0,42,43
S10_personal_fold05,10,5,4,5,"per class: test=i, validation=(i+1)%8, train=remaining 6 segment indices",validation,data/limb/subject10/StaticP10/subject10_limb_EMG.mat,StaticP10,S10_StaticP10_seg0003,S10_StaticP10_seg0003,5,3,Pinch,2,30241,45360,15120,1260.0,42,43
S10_personal_fold05,10,5,4,5,"per class: test=i, validation=(i+1)%8, train=remaining 6 segment indices",train,data/limb/subject10/StaticP14/subject10_limb_EMG.mat,StaticP14,S10_StaticP14_seg0003,S10_StaticP14_seg0003,6,3,Pinch,2,30241,45360,15120,1260.0,42,43
S10_personal_fold05,10,5,4,5,"per class: test=i, validation=(i+1)%8, train=remaining 6 segment indices",train,data/limb/subject10/Dynamic/subject10_limb_EMG.mat,Dynamic,S10_Dynamic_seg0003,S10_Dynamic_seg0003,7,3,Pinch,2,191182,325445,134264,1260.0,42,43
S10_personal_fold05,10,5,4,5,"per class: test=i, validation=(i+1)%8, train=remaining 6 segment indices",train,data/limb/subject10/StaticP1/subject10_limb_EMG.mat,StaticP1,S10_StaticP1_seg0004,S10_StaticP1_seg0004,0,4,Power,3,45365,60484,15120,1260.0,42,43
S10_personal_fold05,10,5,4,5,"per class: test=i, validation=(i+1)%8, train=remaining 6 segment indices",train,data/limb/subject10/StaticP2/subject10_limb_EMG.mat,StaticP2,S10_StaticP2_seg0004,S10_StaticP2_seg0004,1,4,Power,3,45361,60480,15120,1260.0,42,43
S10_personal_fold05,10,5,4,5,"per class: test=i, validation=(i+1)%8, train=remaining 6 segment indices",train,data/limb/subject10/StaticP3/subject10_limb_EMG.mat,StaticP3,S10_StaticP3_seg0004,S10_StaticP3_seg0004,2,4,Power,3,45361,60480,15120,1260.0,42,43
S10_personal_fold05,10,5,4,5,"per class: test=i, validation=(i+1)%8, train=remaining 6 segment indices",train,data/limb/subject10/StaticP4/subject10_limb_EMG.mat,StaticP4,S10_StaticP4_seg0004,S10_StaticP4_seg0004,3,4,Power,3,45361,60480,15120,1260.0,42,43
S10_personal_fold05,10,5,4,5,"per class: test=i, validation=(i+1)%8, train=remaining 6 segment indices",test,data/limb/subject10/StaticP9/subject10_limb_EMG.mat,StaticP9,S10_StaticP9_seg0004,S10_StaticP9_seg0004,4,4,Power,3,45365,60484,15120,1260.0,42,43
S10_personal_fold05,10,5,4,5,"per class: test=i, validation=(i+1)%8, train=remaining 6 segment indices",validation,data/limb/subject10/StaticP10/subject10_limb_EMG.mat,StaticP10,S10_StaticP10_seg0004,S10_StaticP10_seg0004,5,4,Power,3,45361,60480,15120,1260.0,42,43
S10_personal_fold05,10,5,4,5,"per class: test=i, validation=(i+1)%8, train=remaining 6 segment indices",train,data/limb/subject10/StaticP14/subject10_limb_EMG.mat,StaticP14,S10_StaticP14_seg0004,S10_StaticP14_seg0004,6,4,Power,3,45361,60480,15120,1260.0,42,43
S10_personal_fold05,10,5,4,5,"per class: test=i, validation=(i+1)%8, train=remaining 6 segment indices",train,data/limb/subject10/Dynamic/subject10_limb_EMG.mat,Dynamic,S10_Dynamic_seg0004,S10_Dynamic_seg0004,7,4,Power,3,325446,442195,116750,1260.0,42,43
S10_personal_fold05,10,5,4,5,"per class: test=i, validation=(i+1)%8, train=remaining 6 segment indices",train,data/limb/subject10/StaticP1/subject10_limb_EMG.mat,StaticP1,S10_StaticP1_seg0005,S10_StaticP1_seg0005,0,5,Rest,4,60485,75604,15120,1260.0,42,43
S10_personal_fold05,10,5,4,5,"per class: test=i, validation=(i+1)%8, train=remaining 6 segment indices",train,data/limb/subject10/StaticP2/subject10_limb_EMG.mat,StaticP2,S10_StaticP2_seg0005,S10_StaticP2_seg0005,1,5,Rest,4,60481,75600,15120,1260.0,42,43
S10_personal_fold05,10,5,4,5,"per class: test=i, validation=(i+1)%8, train=remaining 6 segment indices",train,data/limb/subject10/StaticP3/subject10_limb_EMG.mat,StaticP3,S10_StaticP3_seg0005,S10_StaticP3_seg0005,2,5,Rest,4,60481,75600,15120,1260.0,42,43
S10_personal_fold05,10,5,4,5,"per class: test=i, validation=(i+1)%8, train=remaining 6 segment indices",train,data/limb/subject10/StaticP4/subject10_limb_EMG.mat,StaticP4,S10_StaticP4_seg0005,S10_StaticP4_seg0005,3,5,Rest,4,60481,75600,15120,1260.0,42,43
S10_personal_fold05,10,5,4,5,"per class: test=i, validation=(i+1)%8, train=remaining 6 segment indices",test,data/limb/subject10/StaticP9/subject10_limb_EMG.mat,StaticP9,S10_StaticP9_seg0005,S10_StaticP9_seg0005,4,5,Rest,4,60485,75604,15120,1260.0,42,43
S10_personal_fold05,10,5,4,5,"per class: test=i, validation=(i+1)%8, train=remaining 6 segment indices",validation,data/limb/subject10/StaticP10/subject10_limb_EMG.mat,StaticP10,S10_StaticP10_seg0005,S10_StaticP10_seg0005,5,5,Rest,4,60481,75600,15120,1260.0,42,43
S10_personal_fold05,10,5,4,5,"per class: test=i, validation=(i+1)%8, train=remaining 6 segment indices",train,data/limb/subject10/StaticP14/subject10_limb_EMG.mat,StaticP14,S10_StaticP14_seg0005,S10_StaticP14_seg0005,6,5,Rest,4,60481,75600,15120,1260.0,42,43
S10_personal_fold05,10,5,4,5,"per class: test=i, validation=(i+1)%8, train=remaining 6 segment indices",train,data/limb/subject10/Dynamic/subject10_limb_EMG.mat,Dynamic,S10_Dynamic_seg0005,S10_Dynamic_seg0005,7,5,Rest,4,442196,672355,230160,1260.0,42,43
S10_personal_fold06,10,6,5,6,"per class: test=i, validation=(i+1)%8, train=remaining 6 segment indices",train,data/limb/subject10/StaticP1/subject10_limb_EMG.mat,StaticP1,S10_StaticP1_seg0001,S10_StaticP1_seg0001,0,1,HandOpen,0,1,15120,15120,1260.0,42,43
S10_personal_fold06,10,6,5,6,"per class: test=i, validation=(i+1)%8, train=remaining 6 segment indices",train,data/limb/subject10/StaticP2/subject10_limb_EMG.mat,StaticP2,S10_StaticP2_seg0001,S10_StaticP2_seg0001,1,1,HandOpen,0,1,15120,15120,1260.0,42,43
S10_personal_fold06,10,6,5,6,"per class: test=i, validation=(i+1)%8, train=remaining 6 segment indices",train,data/limb/subject10/StaticP3/subject10_limb_EMG.mat,StaticP3,S10_StaticP3_seg0001,S10_StaticP3_seg0001,2,1,HandOpen,0,1,15120,15120,1260.0,42,43
S10_personal_fold06,10,6,5,6,"per class: test=i, validation=(i+1)%8, train=remaining 6 segment indices",train,data/limb/subject10/StaticP4/subject10_limb_EMG.mat,StaticP4,S10_StaticP4_seg0001,S10_StaticP4_seg0001,3,1,HandOpen,0,1,15120,15120,1260.0,42,43
S10_personal_fold06,10,6,5,6,"per class: test=i, validation=(i+1)%8, train=remaining 6 segment indices",train,data/limb/subject10/StaticP9/subject10_limb_EMG.mat,StaticP9,S10_StaticP9_seg0001,S10_StaticP9_seg0001,4,1,HandOpen,0,1,15120,15120,1260.0,42,43
S10_personal_fold06,10,6,5,6,"per class: test=i, validation=(i+1)%8, train=remaining 6 segment indices",test,data/limb/subject10/StaticP10/subject10_limb_EMG.mat,StaticP10,S10_StaticP10_seg0001,S10_StaticP10_seg0001,5,1,HandOpen,0,1,15120,15120,1260.0,42,43
S10_personal_fold06,10,6,5,6,"per class: test=i, validation=(i+1)%8, train=remaining 6 segment indices",validation,data/limb/subject10/StaticP14/subject10_limb_EMG.mat,StaticP14,S10_StaticP14_seg0001,S10_StaticP14_seg0001,6,1,HandOpen,0,1,15120,15120,1260.0,42,43
S10_personal_fold06,10,6,5,6,"per class: test=i, validation=(i+1)%8, train=remaining 6 segment indices",train,data/limb/subject10/Dynamic/subject10_limb_EMG.mat,Dynamic,S10_Dynamic_seg0001,S10_Dynamic_seg0001,7,1,HandOpen,0,1,84645,84645,1260.0,42,43
S10_personal_fold06,10,6,5,6,"per class: test=i, validation=(i+1)%8, train=remaining 6 segment indices",train,data/limb/subject10/StaticP1/subject10_limb_EMG.mat,StaticP1,S10_StaticP1_seg0002,S10_StaticP1_seg0002,0,2,Lateral,1,15121,30240,15120,1260.0,42,43
S10_personal_fold06,10,6,5,6,"per class: test=i, validation=(i+1)%8, train=remaining 6 segment indices",train,data/limb/subject10/StaticP2/subject10_limb_EMG.mat,StaticP2,S10_StaticP2_seg0002,S10_StaticP2_seg0002,1,2,Lateral,1,15121,30240,15120,1260.0,42,43
S10_personal_fold06,10,6,5,6,"per class: test=i, validation=(i+1)%8, train=remaining 6 segment indices",train,data/limb/subject10/StaticP3/subject10_limb_EMG.mat,StaticP3,S10_StaticP3_seg0002,S10_StaticP3_seg0002,2,2,Lateral,1,15121,30240,15120,1260.0,42,43
S10_personal_fold06,10,6,5,6,"per class: test=i, validation=(i+1)%8, train=remaining 6 segment indices",train,data/limb/subject10/StaticP4/subject10_limb_EMG.mat,StaticP4,S10_StaticP4_seg0002,S10_StaticP4_seg0002,3,2,Lateral,1,15121,30240,15120,1260.0,42,43
S10_personal_fold06,10,6,5,6,"per class: test=i, validation=(i+1)%8, train=remaining 6 segment indices",train,data/limb/subject10/StaticP9/subject10_limb_EMG.mat,StaticP9,S10_StaticP9_seg0002,S10_StaticP9_seg0002,4,2,Lateral,1,15121,30240,15120,1260.0,42,43
S10_personal_fold06,10,6,5,6,"per class: test=i, validation=(i+1)%8, train=remaining 6 segment indices",test,data/limb/subject10/StaticP10/subject10_limb_EMG.mat,StaticP10,S10_StaticP10_seg0002,S10_StaticP10_seg0002,5,2,Lateral,1,15121,30240,15120,1260.0,42,43
S10_personal_fold06,10,6,5,6,"per class: test=i, validation=(i+1)%8, train=remaining 6 segment indices",validation,data/limb/subject10/StaticP14/subject10_limb_EMG.mat,StaticP14,S10_StaticP14_seg0002,S10_StaticP14_seg0002,6,2,Lateral,1,15121,30240,15120,1260.0,42,43
S10_personal_fold06,10,6,5,6,"per class: test=i, validation=(i+1)%8, train=remaining 6 segment indices",train,data/limb/subject10/Dynamic/subject10_limb_EMG.mat,Dynamic,S10_Dynamic_seg0002,S10_Dynamic_seg0002,7,2,Lateral,1,84646,191181,106536,1260.0,42,43
S10_personal_fold06,10,6,5,6,"per class: test=i, validation=(i+1)%8, train=remaining 6 segment indices",train,data/limb/subject10/StaticP1/subject10_limb_EMG.mat,StaticP1,S10_StaticP1_seg0003,S10_StaticP1_seg0003,0,3,Pinch,2,30241,45364,15124,1260.0,42,43
S10_personal_fold06,10,6,5,6,"per class: test=i, validation=(i+1)%8, train=remaining 6 segment indices",train,data/limb/subject10/StaticP2/subject10_limb_EMG.mat,StaticP2,S10_StaticP2_seg0003,S10_StaticP2_seg0003,1,3,Pinch,2,30241,45360,15120,1260.0,42,43
S10_personal_fold06,10,6,5,6,"per class: test=i, validation=(i+1)%8, train=remaining 6 segment indices",train,data/limb/subject10/StaticP3/subject10_limb_EMG.mat,StaticP3,S10_StaticP3_seg0003,S10_StaticP3_seg0003,2,3,Pinch,2,30241,45360,15120,1260.0,42,43
S10_personal_fold06,10,6,5,6,"per class: test=i, validation=(i+1)%8, train=remaining 6 segment indices",train,data/limb/subject10/StaticP4/subject10_limb_EMG.mat,StaticP4,S10_StaticP4_seg0003,S10_StaticP4_seg0003,3,3,Pinch,2,30241,45360,15120,1260.0,42,43
S10_personal_fold06,10,6,5,6,"per class: test=i, validation=(i+1)%8, train=remaining 6 segment indices",train,data/limb/subject10/StaticP9/subject10_limb_EMG.mat,StaticP9,S10_StaticP9_seg0003,S10_StaticP9_seg0003,4,3,Pinch,2,30241,45364,15124,1260.0,42,43
S10_personal_fold06,10,6,5,6,"per class: test=i, validation=(i+1)%8, train=remaining 6 segment indices",test,data/limb/subject10/StaticP10/subject10_limb_EMG.mat,StaticP10,S10_StaticP10_seg0003,S10_StaticP10_seg0003,5,3,Pinch,2,30241,45360,15120,1260.0,42,43
S10_personal_fold06,10,6,5,6,"per class: test=i, validation=(i+1)%8, train=remaining 6 segment indices",validation,data/limb/subject10/StaticP14/subject10_limb_EMG.mat,StaticP14,S10_StaticP14_seg0003,S10_StaticP14_seg0003,6,3,Pinch,2,30241,45360,15120,1260.0,42,43
S10_personal_fold06,10,6,5,6,"per class: test=i, validation=(i+1)%8, train=remaining 6 segment indices",train,data/limb/subject10/Dynamic/subject10_limb_EMG.mat,Dynamic,S10_Dynamic_seg0003,S10_Dynamic_seg0003,7,3,Pinch,2,191182,325445,134264,1260.0,42,43
S10_personal_fold06,10,6,5,6,"per class: test=i, validation=(i+1)%8, train=remaining 6 segment indices",train,data/limb/subject10/StaticP1/subject10_limb_EMG.mat,StaticP1,S10_StaticP1_seg0004,S10_StaticP1_seg0004,0,4,Power,3,45365,60484,15120,1260.0,42,43
S10_personal_fold06,10,6,5,6,"per class: test=i, validation=(i+1)%8, train=remaining 6 segment indices",train,data/limb/subject10/StaticP2/subject10_limb_EMG.mat,StaticP2,S10_StaticP2_seg0004,S10_StaticP2_seg0004,1,4,Power,3,45361,60480,15120,1260.0,42,43
S10_personal_fold06,10,6,5,6,"per class: test=i, validation=(i+1)%8, train=remaining 6 segment indices",train,data/limb/subject10/StaticP3/subject10_limb_EMG.mat,StaticP3,S10_StaticP3_seg0004,S10_StaticP3_seg0004,2,4,Power,3,45361,60480,15120,1260.0,42,43
S10_personal_fold06,10,6,5,6,"per class: test=i, validation=(i+1)%8, train=remaining 6 segment indices",train,data/limb/subject10/StaticP4/subject10_limb_EMG.mat,StaticP4,S10_StaticP4_seg0004,S10_StaticP4_seg0004,3,4,Power,3,45361,60480,15120,1260.0,42,43
S10_personal_fold06,10,6,5,6,"per class: test=i, validation=(i+1)%8, train=remaining 6 segment indices",train,data/limb/subject10/StaticP9/subject10_limb_EMG.mat,StaticP9,S10_StaticP9_seg0004,S10_StaticP9_seg0004,4,4,Power,3,45365,60484,15120,1260.0,42,43
S10_personal_fold06,10,6,5,6,"per class: test=i, validation=(i+1)%8, train=remaining 6 segment indices",test,data/limb/subject10/StaticP10/subject10_limb_EMG.mat,StaticP10,S10_StaticP10_seg0004,S10_StaticP10_seg0004,5,4,Power,3,45361,60480,15120,1260.0,42,43
S10_personal_fold06,10,6,5,6,"per class: test=i, validation=(i+1)%8, train=remaining 6 segment indices",validation,data/limb/subject10/StaticP14/subject10_limb_EMG.mat,StaticP14,S10_StaticP14_seg0004,S10_StaticP14_seg0004,6,4,Power,3,45361,60480,15120,1260.0,42,43
S10_personal_fold06,10,6,5,6,"per class: test=i, validation=(i+1)%8, train=remaining 6 segment indices",train,data/limb/subject10/Dynamic/subject10_limb_EMG.mat,Dynamic,S10_Dynamic_seg0004,S10_Dynamic_seg0004,7,4,Power,3,325446,442195,116750,1260.0,42,43
S10_personal_fold06,10,6,5,6,"per class: test=i, validation=(i+1)%8, train=remaining 6 segment indices",train,data/limb/subject10/StaticP1/subject10_limb_EMG.mat,StaticP1,S10_StaticP1_seg0005,S10_StaticP1_seg0005,0,5,Rest,4,60485,75604,15120,1260.0,42,43
S10_personal_fold06,10,6,5,6,"per class: test=i, validation=(i+1)%8, train=remaining 6 segment indices",train,data/limb/subject10/StaticP2/subject10_limb_EMG.mat,StaticP2,S10_StaticP2_seg0005,S10_StaticP2_seg0005,1,5,Rest,4,60481,75600,15120,1260.0,42,43
S10_personal_fold06,10,6,5,6,"per class: test=i, validation=(i+1)%8, train=remaining 6 segment indices",train,data/limb/subject10/StaticP3/subject10_limb_EMG.mat,StaticP3,S10_StaticP3_seg0005,S10_StaticP3_seg0005,2,5,Rest,4,60481,75600,15120,1260.0,42,43
S10_personal_fold06,10,6,5,6,"per class: test=i, validation=(i+1)%8, train=remaining 6 segment indices",train,data/limb/subject10/StaticP4/subject10_limb_EMG.mat,StaticP4,S10_StaticP4_seg0005,S10_StaticP4_seg0005,3,5,Rest,4,60481,75600,15120,1260.0,42,43
S10_personal_fold06,10,6,5,6,"per class: test=i, validation=(i+1)%8, train=remaining 6 segment indices",train,data/limb/subject10/StaticP9/subject10_limb_EMG.mat,StaticP9,S10_StaticP9_seg0005,S10_StaticP9_seg0005,4,5,Rest,4,60485,75604,15120,1260.0,42,43
S10_personal_fold06,10,6,5,6,"per class: test=i, validation=(i+1)%8, train=remaining 6 segment indices",test,data/limb/subject10/StaticP10/subject10_limb_EMG.mat,StaticP10,S10_StaticP10_seg0005,S10_StaticP10_seg0005,5,5,Rest,4,60481,75600,15120,1260.0,42,43
S10_personal_fold06,10,6,5,6,"per class: test=i, validation=(i+1)%8, train=remaining 6 segment indices",validation,data/limb/subject10/StaticP14/subject10_limb_EMG.mat,StaticP14,S10_StaticP14_seg0005,S10_StaticP14_seg0005,6,5,Rest,4,60481,75600,15120,1260.0,42,43
S10_personal_fold06,10,6,5,6,"per class: test=i, validation=(i+1)%8, train=remaining 6 segment indices",train,data/limb/subject10/Dynamic/subject10_limb_EMG.mat,Dynamic,S10_Dynamic_seg0005,S10_Dynamic_seg0005,7,5,Rest,4,442196,672355,230160,1260.0,42,43
S10_personal_fold07,10,7,6,7,"per class: test=i, validation=(i+1)%8, train=remaining 6 segment indices",train,data/limb/subject10/StaticP1/subject10_limb_EMG.mat,StaticP1,S10_StaticP1_seg0001,S10_StaticP1_seg0001,0,1,HandOpen,0,1,15120,15120,1260.0,42,43
S10_personal_fold07,10,7,6,7,"per class: test=i, validation=(i+1)%8, train=remaining 6 segment indices",train,data/limb/subject10/StaticP2/subject10_limb_EMG.mat,StaticP2,S10_StaticP2_seg0001,S10_StaticP2_seg0001,1,1,HandOpen,0,1,15120,15120,1260.0,42,43
S10_personal_fold07,10,7,6,7,"per class: test=i, validation=(i+1)%8, train=remaining 6 segment indices",train,data/limb/subject10/StaticP3/subject10_limb_EMG.mat,StaticP3,S10_StaticP3_seg0001,S10_StaticP3_seg0001,2,1,HandOpen,0,1,15120,15120,1260.0,42,43
S10_personal_fold07,10,7,6,7,"per class: test=i, validation=(i+1)%8, train=remaining 6 segment indices",train,data/limb/subject10/StaticP4/subject10_limb_EMG.mat,StaticP4,S10_StaticP4_seg0001,S10_StaticP4_seg0001,3,1,HandOpen,0,1,15120,15120,1260.0,42,43
S10_personal_fold07,10,7,6,7,"per class: test=i, validation=(i+1)%8, train=remaining 6 segment indices",train,data/limb/subject10/StaticP9/subject10_limb_EMG.mat,StaticP9,S10_StaticP9_seg0001,S10_StaticP9_seg0001,4,1,HandOpen,0,1,15120,15120,1260.0,42,43
S10_personal_fold07,10,7,6,7,"per class: test=i, validation=(i+1)%8, train=remaining 6 segment indices",train,data/limb/subject10/StaticP10/subject10_limb_EMG.mat,StaticP10,S10_StaticP10_seg0001,S10_StaticP10_seg0001,5,1,HandOpen,0,1,15120,15120,1260.0,42,43
S10_personal_fold07,10,7,6,7,"per class: test=i, validation=(i+1)%8, train=remaining 6 segment indices",test,data/limb/subject10/StaticP14/subject10_limb_EMG.mat,StaticP14,S10_StaticP14_seg0001,S10_StaticP14_seg0001,6,1,HandOpen,0,1,15120,15120,1260.0,42,43
S10_personal_fold07,10,7,6,7,"per class: test=i, validation=(i+1)%8, train=remaining 6 segment indices",validation,data/limb/subject10/Dynamic/subject10_limb_EMG.mat,Dynamic,S10_Dynamic_seg0001,S10_Dynamic_seg0001,7,1,HandOpen,0,1,84645,84645,1260.0,42,43
S10_personal_fold07,10,7,6,7,"per class: test=i, validation=(i+1)%8, train=remaining 6 segment indices",train,data/limb/subject10/StaticP1/subject10_limb_EMG.mat,StaticP1,S10_StaticP1_seg0002,S10_StaticP1_seg0002,0,2,Lateral,1,15121,30240,15120,1260.0,42,43
S10_personal_fold07,10,7,6,7,"per class: test=i, validation=(i+1)%8, train=remaining 6 segment indices",train,data/limb/subject10/StaticP2/subject10_limb_EMG.mat,StaticP2,S10_StaticP2_seg0002,S10_StaticP2_seg0002,1,2,Lateral,1,15121,30240,15120,1260.0,42,43
S10_personal_fold07,10,7,6,7,"per class: test=i, validation=(i+1)%8, train=remaining 6 segment indices",train,data/limb/subject10/StaticP3/subject10_limb_EMG.mat,StaticP3,S10_StaticP3_seg0002,S10_StaticP3_seg0002,2,2,Lateral,1,15121,30240,15120,1260.0,42,43
S10_personal_fold07,10,7,6,7,"per class: test=i, validation=(i+1)%8, train=remaining 6 segment indices",train,data/limb/subject10/StaticP4/subject10_limb_EMG.mat,StaticP4,S10_StaticP4_seg0002,S10_StaticP4_seg0002,3,2,Lateral,1,15121,30240,15120,1260.0,42,43
S10_personal_fold07,10,7,6,7,"per class: test=i, validation=(i+1)%8, train=remaining 6 segment indices",train,data/limb/subject10/StaticP9/subject10_limb_EMG.mat,StaticP9,S10_StaticP9_seg0002,S10_StaticP9_seg0002,4,2,Lateral,1,15121,30240,15120,1260.0,42,43
S10_personal_fold07,10,7,6,7,"per class: test=i, validation=(i+1)%8, train=remaining 6 segment indices",train,data/limb/subject10/StaticP10/subject10_limb_EMG.mat,StaticP10,S10_StaticP10_seg0002,S10_StaticP10_seg0002,5,2,Lateral,1,15121,30240,15120,1260.0,42,43
S10_personal_fold07,10,7,6,7,"per class: test=i, validation=(i+1)%8, train=remaining 6 segment indices",test,data/limb/subject10/StaticP14/subject10_limb_EMG.mat,StaticP14,S10_StaticP14_seg0002,S10_StaticP14_seg0002,6,2,Lateral,1,15121,30240,15120,1260.0,42,43
S10_personal_fold07,10,7,6,7,"per class: test=i, validation=(i+1)%8, train=remaining 6 segment indices",validation,data/limb/subject10/Dynamic/subject10_limb_EMG.mat,Dynamic,S10_Dynamic_seg0002,S10_Dynamic_seg0002,7,2,Lateral,1,84646,191181,106536,1260.0,42,43
S10_personal_fold07,10,7,6,7,"per class: test=i, validation=(i+1)%8, train=remaining 6 segment indices",train,data/limb/subject10/StaticP1/subject10_limb_EMG.mat,StaticP1,S10_StaticP1_seg0003,S10_StaticP1_seg0003,0,3,Pinch,2,30241,45364,15124,1260.0,42,43
S10_personal_fold07,10,7,6,7,"per class: test=i, validation=(i+1)%8, train=remaining 6 segment indices",train,data/limb/subject10/StaticP2/subject10_limb_EMG.mat,StaticP2,S10_StaticP2_seg0003,S10_StaticP2_seg0003,1,3,Pinch,2,30241,45360,15120,1260.0,42,43
S10_personal_fold07,10,7,6,7,"per class: test=i, validation=(i+1)%8, train=remaining 6 segment indices",train,data/limb/subject10/StaticP3/subject10_limb_EMG.mat,StaticP3,S10_StaticP3_seg0003,S10_StaticP3_seg0003,2,3,Pinch,2,30241,45360,15120,1260.0,42,43
S10_personal_fold07,10,7,6,7,"per class: test=i, validation=(i+1)%8, train=remaining 6 segment indices",train,data/limb/subject10/StaticP4/subject10_limb_EMG.mat,StaticP4,S10_StaticP4_seg0003,S10_StaticP4_seg0003,3,3,Pinch,2,30241,45360,15120,1260.0,42,43
S10_personal_fold07,10,7,6,7,"per class: test=i, validation=(i+1)%8, train=remaining 6 segment indices",train,data/limb/subject10/StaticP9/subject10_limb_EMG.mat,StaticP9,S10_StaticP9_seg0003,S10_StaticP9_seg0003,4,3,Pinch,2,30241,45364,15124,1260.0,42,43
S10_personal_fold07,10,7,6,7,"per class: test=i, validation=(i+1)%8, train=remaining 6 segment indices",train,data/limb/subject10/StaticP10/subject10_limb_EMG.mat,StaticP10,S10_StaticP10_seg0003,S10_StaticP10_seg0003,5,3,Pinch,2,30241,45360,15120,1260.0,42,43
S10_personal_fold07,10,7,6,7,"per class: test=i, validation=(i+1)%8, train=remaining 6 segment indices",test,data/limb/subject10/StaticP14/subject10_limb_EMG.mat,StaticP14,S10_StaticP14_seg0003,S10_StaticP14_seg0003,6,3,Pinch,2,30241,45360,15120,1260.0,42,43
S10_personal_fold07,10,7,6,7,"per class: test=i, validation=(i+1)%8, train=remaining 6 segment indices",validation,data/limb/subject10/Dynamic/subject10_limb_EMG.mat,Dynamic,S10_Dynamic_seg0003,S10_Dynamic_seg0003,7,3,Pinch,2,191182,325445,134264,1260.0,42,43
S10_personal_fold07,10,7,6,7,"per class: test=i, validation=(i+1)%8, train=remaining 6 segment indices",train,data/limb/subject10/StaticP1/subject10_limb_EMG.mat,StaticP1,S10_StaticP1_seg0004,S10_StaticP1_seg0004,0,4,Power,3,45365,60484,15120,1260.0,42,43
S10_personal_fold07,10,7,6,7,"per class: test=i, validation=(i+1)%8, train=remaining 6 segment indices",train,data/limb/subject10/StaticP2/subject10_limb_EMG.mat,StaticP2,S10_StaticP2_seg0004,S10_StaticP2_seg0004,1,4,Power,3,45361,60480,15120,1260.0,42,43
S10_personal_fold07,10,7,6,7,"per class: test=i, validation=(i+1)%8, train=remaining 6 segment indices",train,data/limb/subject10/StaticP3/subject10_limb_EMG.mat,StaticP3,S10_StaticP3_seg0004,S10_StaticP3_seg0004,2,4,Power,3,45361,60480,15120,1260.0,42,43
S10_personal_fold07,10,7,6,7,"per class: test=i, validation=(i+1)%8, train=remaining 6 segment indices",train,data/limb/subject10/StaticP4/subject10_limb_EMG.mat,StaticP4,S10_StaticP4_seg0004,S10_StaticP4_seg0004,3,4,Power,3,45361,60480,15120,1260.0,42,43
S10_personal_fold07,10,7,6,7,"per class: test=i, validation=(i+1)%8, train=remaining 6 segment indices",train,data/limb/subject10/StaticP9/subject10_limb_EMG.mat,StaticP9,S10_StaticP9_seg0004,S10_StaticP9_seg0004,4,4,Power,3,45365,60484,15120,1260.0,42,43
S10_personal_fold07,10,7,6,7,"per class: test=i, validation=(i+1)%8, train=remaining 6 segment indices",train,data/limb/subject10/StaticP10/subject10_limb_EMG.mat,StaticP10,S10_StaticP10_seg0004,S10_StaticP10_seg0004,5,4,Power,3,45361,60480,15120,1260.0,42,43
S10_personal_fold07,10,7,6,7,"per class: test=i, validation=(i+1)%8, train=remaining 6 segment indices",test,data/limb/subject10/StaticP14/subject10_limb_EMG.mat,StaticP14,S10_StaticP14_seg0004,S10_StaticP14_seg0004,6,4,Power,3,45361,60480,15120,1260.0,42,43
S10_personal_fold07,10,7,6,7,"per class: test=i, validation=(i+1)%8, train=remaining 6 segment indices",validation,data/limb/subject10/Dynamic/subject10_limb_EMG.mat,Dynamic,S10_Dynamic_seg0004,S10_Dynamic_seg0004,7,4,Power,3,325446,442195,116750,1260.0,42,43
S10_personal_fold07,10,7,6,7,"per class: test=i, validation=(i+1)%8, train=remaining 6 segment indices",train,data/limb/subject10/StaticP1/subject10_limb_EMG.mat,StaticP1,S10_StaticP1_seg0005,S10_StaticP1_seg0005,0,5,Rest,4,60485,75604,15120,1260.0,42,43
S10_personal_fold07,10,7,6,7,"per class: test=i, validation=(i+1)%8, train=remaining 6 segment indices",train,data/limb/subject10/StaticP2/subject10_limb_EMG.mat,StaticP2,S10_StaticP2_seg0005,S10_StaticP2_seg0005,1,5,Rest,4,60481,75600,15120,1260.0,42,43
S10_personal_fold07,10,7,6,7,"per class: test=i, validation=(i+1)%8, train=remaining 6 segment indices",train,data/limb/subject10/StaticP3/subject10_limb_EMG.mat,StaticP3,S10_StaticP3_seg0005,S10_StaticP3_seg0005,2,5,Rest,4,60481,75600,15120,1260.0,42,43
S10_personal_fold07,10,7,6,7,"per class: test=i, validation=(i+1)%8, train=remaining 6 segment indices",train,data/limb/subject10/StaticP4/subject10_limb_EMG.mat,StaticP4,S10_StaticP4_seg0005,S10_StaticP4_seg0005,3,5,Rest,4,60481,75600,15120,1260.0,42,43
S10_personal_fold07,10,7,6,7,"per class: test=i, validation=(i+1)%8, train=remaining 6 segment indices",train,data/limb/subject10/StaticP9/subject10_limb_EMG.mat,StaticP9,S10_StaticP9_seg0005,S10_StaticP9_seg0005,4,5,Rest,4,60485,75604,15120,1260.0,42,43
S10_personal_fold07,10,7,6,7,"per class: test=i, validation=(i+1)%8, train=remaining 6 segment indices",train,data/limb/subject10/StaticP10/subject10_limb_EMG.mat,StaticP10,S10_StaticP10_seg0005,S10_StaticP10_seg0005,5,5,Rest,4,60481,75600,15120,1260.0,42,43
S10_personal_fold07,10,7,6,7,"per class: test=i, validation=(i+1)%8, train=remaining 6 segment indices",test,data/limb/subject10/StaticP14/subject10_limb_EMG.mat,StaticP14,S10_StaticP14_seg0005,S10_StaticP14_seg0005,6,5,Rest,4,60481,75600,15120,1260.0,42,43
S10_personal_fold07,10,7,6,7,"per class: test=i, validation=(i+1)%8, train=remaining 6 segment indices",validation,data/limb/subject10/Dynamic/subject10_limb_EMG.mat,Dynamic,S10_Dynamic_seg0005,S10_Dynamic_seg0005,7,5,Rest,4,442196,672355,230160,1260.0,42,43
S10_personal_fold08,10,8,7,0,"per class: test=i, validation=(i+1)%8, train=remaining 6 segment indices",validation,data/limb/subject10/StaticP1/subject10_limb_EMG.mat,StaticP1,S10_StaticP1_seg0001,S10_StaticP1_seg0001,0,1,HandOpen,0,1,15120,15120,1260.0,42,43
S10_personal_fold08,10,8,7,0,"per class: test=i, validation=(i+1)%8, train=remaining 6 segment indices",train,data/limb/subject10/StaticP2/subject10_limb_EMG.mat,StaticP2,S10_StaticP2_seg0001,S10_StaticP2_seg0001,1,1,HandOpen,0,1,15120,15120,1260.0,42,43
S10_personal_fold08,10,8,7,0,"per class: test=i, validation=(i+1)%8, train=remaining 6 segment indices",train,data/limb/subject10/StaticP3/subject10_limb_EMG.mat,StaticP3,S10_StaticP3_seg0001,S10_StaticP3_seg0001,2,1,HandOpen,0,1,15120,15120,1260.0,42,43
S10_personal_fold08,10,8,7,0,"per class: test=i, validation=(i+1)%8, train=remaining 6 segment indices",train,data/limb/subject10/StaticP4/subject10_limb_EMG.mat,StaticP4,S10_StaticP4_seg0001,S10_StaticP4_seg0001,3,1,HandOpen,0,1,15120,15120,1260.0,42,43
S10_personal_fold08,10,8,7,0,"per class: test=i, validation=(i+1)%8, train=remaining 6 segment indices",train,data/limb/subject10/StaticP9/subject10_limb_EMG.mat,StaticP9,S10_StaticP9_seg0001,S10_StaticP9_seg0001,4,1,HandOpen,0,1,15120,15120,1260.0,42,43
S10_personal_fold08,10,8,7,0,"per class: test=i, validation=(i+1)%8, train=remaining 6 segment indices",train,data/limb/subject10/StaticP10/subject10_limb_EMG.mat,StaticP10,S10_StaticP10_seg0001,S10_StaticP10_seg0001,5,1,HandOpen,0,1,15120,15120,1260.0,42,43
S10_personal_fold08,10,8,7,0,"per class: test=i, validation=(i+1)%8, train=remaining 6 segment indices",train,data/limb/subject10/StaticP14/subject10_limb_EMG.mat,StaticP14,S10_StaticP14_seg0001,S10_StaticP14_seg0001,6,1,HandOpen,0,1,15120,15120,1260.0,42,43
S10_personal_fold08,10,8,7,0,"per class: test=i, validation=(i+1)%8, train=remaining 6 segment indices",test,data/limb/subject10/Dynamic/subject10_limb_EMG.mat,Dynamic,S10_Dynamic_seg0001,S10_Dynamic_seg0001,7,1,HandOpen,0,1,84645,84645,1260.0,42,43
S10_personal_fold08,10,8,7,0,"per class: test=i, validation=(i+1)%8, train=remaining 6 segment indices",validation,data/limb/subject10/StaticP1/subject10_limb_EMG.mat,StaticP1,S10_StaticP1_seg0002,S10_StaticP1_seg0002,0,2,Lateral,1,15121,30240,15120,1260.0,42,43
S10_personal_fold08,10,8,7,0,"per class: test=i, validation=(i+1)%8, train=remaining 6 segment indices",train,data/limb/subject10/StaticP2/subject10_limb_EMG.mat,StaticP2,S10_StaticP2_seg0002,S10_StaticP2_seg0002,1,2,Lateral,1,15121,30240,15120,1260.0,42,43
S10_personal_fold08,10,8,7,0,"per class: test=i, validation=(i+1)%8, train=remaining 6 segment indices",train,data/limb/subject10/StaticP3/subject10_limb_EMG.mat,StaticP3,S10_StaticP3_seg0002,S10_StaticP3_seg0002,2,2,Lateral,1,15121,30240,15120,1260.0,42,43
S10_personal_fold08,10,8,7,0,"per class: test=i, validation=(i+1)%8, train=remaining 6 segment indices",train,data/limb/subject10/StaticP4/subject10_limb_EMG.mat,StaticP4,S10_StaticP4_seg0002,S10_StaticP4_seg0002,3,2,Lateral,1,15121,30240,15120,1260.0,42,43
S10_personal_fold08,10,8,7,0,"per class: test=i, validation=(i+1)%8, train=remaining 6 segment indices",train,data/limb/subject10/StaticP9/subject10_limb_EMG.mat,StaticP9,S10_StaticP9_seg0002,S10_StaticP9_seg0002,4,2,Lateral,1,15121,30240,15120,1260.0,42,43
S10_personal_fold08,10,8,7,0,"per class: test=i, validation=(i+1)%8, train=remaining 6 segment indices",train,data/limb/subject10/StaticP10/subject10_limb_EMG.mat,StaticP10,S10_StaticP10_seg0002,S10_StaticP10_seg0002,5,2,Lateral,1,15121,30240,15120,1260.0,42,43
S10_personal_fold08,10,8,7,0,"per class: test=i, validation=(i+1)%8, train=remaining 6 segment indices",train,data/limb/subject10/StaticP14/subject10_limb_EMG.mat,StaticP14,S10_StaticP14_seg0002,S10_StaticP14_seg0002,6,2,Lateral,1,15121,30240,15120,1260.0,42,43
S10_personal_fold08,10,8,7,0,"per class: test=i, validation=(i+1)%8, train=remaining 6 segment indices",test,data/limb/subject10/Dynamic/subject10_limb_EMG.mat,Dynamic,S10_Dynamic_seg0002,S10_Dynamic_seg0002,7,2,Lateral,1,84646,191181,106536,1260.0,42,43
S10_personal_fold08,10,8,7,0,"per class: test=i, validation=(i+1)%8, train=remaining 6 segment indices",validation,data/limb/subject10/StaticP1/subject10_limb_EMG.mat,StaticP1,S10_StaticP1_seg0003,S10_StaticP1_seg0003,0,3,Pinch,2,30241,45364,15124,1260.0,42,43
S10_personal_fold08,10,8,7,0,"per class: test=i, validation=(i+1)%8, train=remaining 6 segment indices",train,data/limb/subject10/StaticP2/subject10_limb_EMG.mat,StaticP2,S10_StaticP2_seg0003,S10_StaticP2_seg0003,1,3,Pinch,2,30241,45360,15120,1260.0,42,43
S10_personal_fold08,10,8,7,0,"per class: test=i, validation=(i+1)%8, train=remaining 6 segment indices",train,data/limb/subject10/StaticP3/subject10_limb_EMG.mat,StaticP3,S10_StaticP3_seg0003,S10_StaticP3_seg0003,2,3,Pinch,2,30241,45360,15120,1260.0,42,43
S10_personal_fold08,10,8,7,0,"per class: test=i, validation=(i+1)%8, train=remaining 6 segment indices",train,data/limb/subject10/StaticP4/subject10_limb_EMG.mat,StaticP4,S10_StaticP4_seg0003,S10_StaticP4_seg0003,3,3,Pinch,2,30241,45360,15120,1260.0,42,43
S10_personal_fold08,10,8,7,0,"per class: test=i, validation=(i+1)%8, train=remaining 6 segment indices",train,data/limb/subject10/StaticP9/subject10_limb_EMG.mat,StaticP9,S10_StaticP9_seg0003,S10_StaticP9_seg0003,4,3,Pinch,2,30241,45364,15124,1260.0,42,43
S10_personal_fold08,10,8,7,0,"per class: test=i, validation=(i+1)%8, train=remaining 6 segment indices",train,data/limb/subject10/StaticP10/subject10_limb_EMG.mat,StaticP10,S10_StaticP10_seg0003,S10_StaticP10_seg0003,5,3,Pinch,2,30241,45360,15120,1260.0,42,43
S10_personal_fold08,10,8,7,0,"per class: test=i, validation=(i+1)%8, train=remaining 6 segment indices",train,data/limb/subject10/StaticP14/subject10_limb_EMG.mat,StaticP14,S10_StaticP14_seg0003,S10_StaticP14_seg0003,6,3,Pinch,2,30241,45360,15120,1260.0,42,43
S10_personal_fold08,10,8,7,0,"per class: test=i, validation=(i+1)%8, train=remaining 6 segment indices",test,data/limb/subject10/Dynamic/subject10_limb_EMG.mat,Dynamic,S10_Dynamic_seg0003,S10_Dynamic_seg0003,7,3,Pinch,2,191182,325445,134264,1260.0,42,43
S10_personal_fold08,10,8,7,0,"per class: test=i, validation=(i+1)%8, train=remaining 6 segment indices",validation,data/limb/subject10/StaticP1/subject10_limb_EMG.mat,StaticP1,S10_StaticP1_seg0004,S10_StaticP1_seg0004,0,4,Power,3,45365,60484,15120,1260.0,42,43
S10_personal_fold08,10,8,7,0,"per class: test=i, validation=(i+1)%8, train=remaining 6 segment indices",train,data/limb/subject10/StaticP2/subject10_limb_EMG.mat,StaticP2,S10_StaticP2_seg0004,S10_StaticP2_seg0004,1,4,Power,3,45361,60480,15120,1260.0,42,43
S10_personal_fold08,10,8,7,0,"per class: test=i, validation=(i+1)%8, train=remaining 6 segment indices",train,data/limb/subject10/StaticP3/subject10_limb_EMG.mat,StaticP3,S10_StaticP3_seg0004,S10_StaticP3_seg0004,2,4,Power,3,45361,60480,15120,1260.0,42,43
S10_personal_fold08,10,8,7,0,"per class: test=i, validation=(i+1)%8, train=remaining 6 segment indices",train,data/limb/subject10/StaticP4/subject10_limb_EMG.mat,StaticP4,S10_StaticP4_seg0004,S10_StaticP4_seg0004,3,4,Power,3,45361,60480,15120,1260.0,42,43
S10_personal_fold08,10,8,7,0,"per class: test=i, validation=(i+1)%8, train=remaining 6 segment indices",train,data/limb/subject10/StaticP9/subject10_limb_EMG.mat,StaticP9,S10_StaticP9_seg0004,S10_StaticP9_seg0004,4,4,Power,3,45365,60484,15120,1260.0,42,43
S10_personal_fold08,10,8,7,0,"per class: test=i, validation=(i+1)%8, train=remaining 6 segment indices",train,data/limb/subject10/StaticP10/subject10_limb_EMG.mat,StaticP10,S10_StaticP10_seg0004,S10_StaticP10_seg0004,5,4,Power,3,45361,60480,15120,1260.0,42,43
S10_personal_fold08,10,8,7,0,"per class: test=i, validation=(i+1)%8, train=remaining 6 segment indices",train,data/limb/subject10/StaticP14/subject10_limb_EMG.mat,StaticP14,S10_StaticP14_seg0004,S10_StaticP14_seg0004,6,4,Power,3,45361,60480,15120,1260.0,42,43
S10_personal_fold08,10,8,7,0,"per class: test=i, validation=(i+1)%8, train=remaining 6 segment indices",test,data/limb/subject10/Dynamic/subject10_limb_EMG.mat,Dynamic,S10_Dynamic_seg0004,S10_Dynamic_seg0004,7,4,Power,3,325446,442195,116750,1260.0,42,43
S10_personal_fold08,10,8,7,0,"per class: test=i, validation=(i+1)%8, train=remaining 6 segment indices",validation,data/limb/subject10/StaticP1/subject10_limb_EMG.mat,StaticP1,S10_StaticP1_seg0005,S10_StaticP1_seg0005,0,5,Rest,4,60485,75604,15120,1260.0,42,43
S10_personal_fold08,10,8,7,0,"per class: test=i, validation=(i+1)%8, train=remaining 6 segment indices",train,data/limb/subject10/StaticP2/subject10_limb_EMG.mat,StaticP2,S10_StaticP2_seg0005,S10_StaticP2_seg0005,1,5,Rest,4,60481,75600,15120,1260.0,42,43
S10_personal_fold08,10,8,7,0,"per class: test=i, validation=(i+1)%8, train=remaining 6 segment indices",train,data/limb/subject10/StaticP3/subject10_limb_EMG.mat,StaticP3,S10_StaticP3_seg0005,S10_StaticP3_seg0005,2,5,Rest,4,60481,75600,15120,1260.0,42,43
S10_personal_fold08,10,8,7,0,"per class: test=i, validation=(i+1)%8, train=remaining 6 segment indices",train,data/limb/subject10/StaticP4/subject10_limb_EMG.mat,StaticP4,S10_StaticP4_seg0005,S10_StaticP4_seg0005,3,5,Rest,4,60481,75600,15120,1260.0,42,43
S10_personal_fold08,10,8,7,0,"per class: test=i, validation=(i+1)%8, train=remaining 6 segment indices",train,data/limb/subject10/StaticP9/subject10_limb_EMG.mat,StaticP9,S10_StaticP9_seg0005,S10_StaticP9_seg0005,4,5,Rest,4,60485,75604,15120,1260.0,42,43
S10_personal_fold08,10,8,7,0,"per class: test=i, validation=(i+1)%8, train=remaining 6 segment indices",train,data/limb/subject10/StaticP10/subject10_limb_EMG.mat,StaticP10,S10_StaticP10_seg0005,S10_StaticP10_seg0005,5,5,Rest,4,60481,75600,15120,1260.0,42,43
S10_personal_fold08,10,8,7,0,"per class: test=i, validation=(i+1)%8, train=remaining 6 segment indices",train,data/limb/subject10/StaticP14/subject10_limb_EMG.mat,StaticP14,S10_StaticP14_seg0005,S10_StaticP14_seg0005,6,5,Rest,4,60481,75600,15120,1260.0,42,43
S10_personal_fold08,10,8,7,0,"per class: test=i, validation=(i+1)%8, train=remaining 6 segment indices",test,data/limb/subject10/Dynamic/subject10_limb_EMG.mat,Dynamic,S10_Dynamic_seg0005,S10_Dynamic_seg0005,7,5,Rest,4,442196,672355,230160,1260.0,42,43
