recording_index,recording_id,subject_id,gesture_id,class_id,trial_id,source_file,mat_file,native_time_points,frames_extracted
0,S01_G01_T01,1,1,0,1,data_public\capgmyo_dba\dba-s1.zip,001-001-001.mat,1000,64
1,S01_G01_T02,1,1,0,2,data_public\capgmyo_dba\dba-s1.zip,001-001-002.mat,1000,64
2,S01_G01_T03,1,1,0,3,data_public\capgmyo_dba\dba-s1.zip,001-001-003.mat,1000,64
3,S01_G01_T04,1,1,0,4,data_public\capgmyo_dba\dba-s1.zip,001-001-004.mat,1000,64
4,S01_G01_T05,1,1,0,5,data_public\capgmyo_dba\dba-s1.zip,001-001-005.mat,1000,64
5,S01_G01_T06,1,1,0,6,data_public\capgmyo_dba\dba-s1.zip,001-001-006.mat,1000,64
6,S01_G01_T07,1,1,0,7,data_public\capgmyo_dba\dba-s1.zip,001-001-007.mat,1000,64
7,S01_G01_T08,1,1,0,8,data_public\capgmyo_dba\dba-s1.zip,001-001-008.mat,1000,64
8,S01_G01_T09,1,1,0,9,data_public\capgmyo_dba\dba-s1.zip,001-001-009.mat,1000,64
9,S01_G01_T10,1,1,0,10,data_public\capgmyo_dba\dba-s1.zip,001-001-010.mat,1000,64
10,S01_G02_T01,1,2,1,1,data_public\capgmyo_dba\dba-s1.zip,001-002-001.mat,1000,64
11,S01_G02_T02,1,2,1,2,data_public\capgmyo_dba\dba-s1.zip,001-002-002.mat,1000,64
12,S01_G02_T03,1,2,1,3,data_public\capgmyo_dba\dba-s1.zip,001-002-003.mat,1000,64
13,S01_G02_T04,1,2,1,4,data_public\capgmyo_dba\dba-s1.zip,001-002-004.mat,1000,64
14,S01_G02_T05,1,2,1,5,data_public\capgmyo_dba\dba-s1.zip,001-002-005.mat,1000,64
15,S01_G02_T06,1,2,1,6,data_public\capgmyo_dba\dba-s1.zip,001-002-006.mat,1000,64
16,S01_G02_T07,1,2,1,7,data_public\capgmyo_dba\dba-s1.zip,001-002-007.mat,1000,64
17,S01_G02_T08,1,2,1,8,data_public\capgmyo_dba\dba-s1.zip,001-002-008.mat,1000,64
18,S01_G02_T09,1,2,1,9,data_public\capgmyo_dba\dba-s1.zip,001-002-009.mat,1000,64
19,S01_G02_T10,1,2,1,10,data_public\capgmyo_dba\dba-s1.zip,001-002-010.mat,1000,64
20,S01_G03_T01,1,3,2,1,data_public\capgmyo_dba\dba-s1.zip,001-003-001.mat,1000,64
21,S01_G03_T02,1,3,2,2,data_public\capgmyo_dba\dba-s1.zip,001-003-002.mat,1000,64
22,S01_G03_T03,1,3,2,3,data_public\capgmyo_dba\dba-s1.zip,001-003-003.mat,1000,64
23,S01_G03_T04,1,3,2,4,data_public\capgmyo_dba\dba-s1.zip,001-003-004.mat,1000,64
24,S01_G03_T05,1,3,2,5,data_public\capgmyo_dba\dba-s1.zip,001-003-005.mat,1000,64
25,S01_G03_T06,1,3,2,6,data_public\capgmyo_dba\dba-s1.zip,001-003-006.mat,1000,64
26,S01_G03_T07,1,3,2,7,data_public\capgmyo_dba\dba-s1.zip,001-003-007.mat,1000,64
27,S01_G03_T08,1,3,2,8,data_public\capgmyo_dba\dba-s1.zip,001-003-008.mat,1000,64
28,S01_G03_T09,1,3,2,9,data_public\capgmyo_dba\dba-s1.zip,001-003-009.mat,1000,64
29,S01_G03_T10,1,3,2,10,data_public\capgmyo_dba\dba-s1.zip,001-003-010.mat,1000,64
30,S01_G04_T01,1,4,3,1,data_public\capgmyo_dba\dba-s1.zip,001-004-001.mat,1000,64
31,S01_G04_T02,1,4,3,2,data_public\capgmyo_dba\dba-s1.zip,001-004-002.mat,1000,64
32,S01_G04_T03,1,4,3,3,data_public\capgmyo_dba\dba-s1.zip,001-004-003.mat,1000,64
33,S01_G04_T04,1,4,3,4,data_public\capgmyo_dba\dba-s1.zip,001-004-004.mat,1000,64
34,S01_G04_T05,1,4,3,5,data_public\capgmyo_dba\dba-s1.zip,001-004-005.mat,1000,64
35,S01_G04_T06,1,4,3,6,data_public\capgmyo_dba\dba-s1.zip,001-004-006.mat,1000,64
36,S01_G04_T07,1,4,3,7,data_public\capgmyo_dba\dba-s1.zip,001-004-007.mat,1000,64
37,S01_G04_T08,1,4,3,8,data_public\capgmyo_dba\dba-s1.zip,001-004-008.mat,1000,64
38,S01_G04_T09,1,4,3,9,data_public\capgmyo_dba\dba-s1.zip,001-004-009.mat,1000,64
39,S01_G04_T10,1,4,3,10,data_public\capgmyo_dba\dba-s1.zip,001-004-010.mat,1000,64
40,S01_G05_T01,1,5,4,1,data_public\capgmyo_dba\dba-s1.zip,001-005-001.mat,1000,64
41,S01_G05_T02,1,5,4,2,data_public\capgmyo_dba\dba-s1.zip,001-005-002.mat,1000,64
42,S01_G05_T03,1,5,4,3,data_public\capgmyo_dba\dba-s1.zip,001-005-003.mat,1000,64
43,S01_G05_T04,1,5,4,4,data_public\capgmyo_dba\dba-s1.zip,001-005-004.mat,1000,64
44,S01_G05_T05,1,5,4,5,data_public\capgmyo_dba\dba-s1.zip,001-005-005.mat,1000,64
45,S01_G05_T06,1,5,4,6,data_public\capgmyo_dba\dba-s1.zip,001-005-006.mat,1000,64
46,S01_G05_T07,1,5,4,7,data_public\capgmyo_dba\dba-s1.zip,001-005-007.mat,1000,64
47,S01_G05_T08,1,5,4,8,data_public\capgmyo_dba\dba-s1.zip,001-005-008.mat,1000,64
48,S01_G05_T09,1,5,4,9,data_public\capgmyo_dba\dba-s1.zip,001-005-009.mat,1000,64
49,S01_G05_T10,1,5,4,10,data_public\capgmyo_dba\dba-s1.zip,001-005-010.mat,1000,64
50,S01_G06_T01,1,6,5,1,data_public\capgmyo_dba\dba-s1.zip,001-006-001.mat,1000,64
51,S01_G06_T02,1,6,5,2,data_public\capgmyo_dba\dba-s1.zip,001-006-002.mat,1000,64
52,S01_G06_T03,1,6,5,3,data_public\capgmyo_dba\dba-s1.zip,001-006-003.mat,1000,64
53,S01_G06_T04,1,6,5,4,data_public\capgmyo_dba\dba-s1.zip,001-006-004.mat,1000,64
54,S01_G06_T05,1,6,5,5,data_public\capgmyo_dba\dba-s1.zip,001-006-005.mat,1000,64
55,S01_G06_T06,1,6,5,6,data_public\capgmyo_dba\dba-s1.zip,001-006-006.mat,1000,64
56,S01_G06_T07,1,6,5,7,data_public\capgmyo_dba\dba-s1.zip,001-006-007.mat,1000,64
57,S01_G06_T08,1,6,5,8,data_public\capgmyo_dba\dba-s1.zip,001-006-008.mat,1000,64
58,S01_G06_T09,1,6,5,9,data_public\capgmyo_dba\dba-s1.zip,001-006-009.mat,1000,64
59,S01_G06_T10,1,6,5,10,data_public\capgmyo_dba\dba-s1.zip,001-006-010.mat,1000,64
60,S01_G07_T01,1,7,6,1,data_public\capgmyo_dba\dba-s1.zip,001-007-001.mat,1000,64
61,S01_G07_T02,1,7,6,2,data_public\capgmyo_dba\dba-s1.zip,001-007-002.mat,1000,64
62,S01_G07_T03,1,7,6,3,data_public\capgmyo_dba\dba-s1.zip,001-007-003.mat,1000,64
63,S01_G07_T04,1,7,6,4,data_public\capgmyo_dba\dba-s1.zip,001-007-004.mat,1000,64
64,S01_G07_T05,1,7,6,5,data_public\capgmyo_dba\dba-s1.zip,001-007-005.mat,1000,64
65,S01_G07_T06,1,7,6,6,data_public\capgmyo_dba\dba-s1.zip,001-007-006.mat,1000,64
66,S01_G07_T07,1,7,6,7,data_public\capgmyo_dba\dba-s1.zip,001-007-007.mat,1000,64
67,S01_G07_T08,1,7,6,8,data_public\capgmyo_dba\dba-s1.zip,001-007-008.mat,1000,64
68,S01_G07_T09,1,7,6,9,data_public\capgmyo_dba\dba-s1.zip,001-007-009.mat,1000,64
69,S01_G07_T10,1,7,6,10,data_public\capgmyo_dba\dba-s1.zip,001-007-010.mat,1000,64
70,S01_G08_T01,1,8,7,1,data_public\capgmyo_dba\dba-s1.zip,001-008-001.mat,1000,64
71,S01_G08_T02,1,8,7,2,data_public\capgmyo_dba\dba-s1.zip,001-008-002.mat,1000,64
72,S01_G08_T03,1,8,7,3,data_public\capgmyo_dba\dba-s1.zip,001-008-003.mat,1000,64
73,S01_G08_T04,1,8,7,4,data_public\capgmyo_dba\dba-s1.zip,001-008-004.mat,1000,64
74,S01_G08_T05,1,8,7,5,data_public\capgmyo_dba\dba-s1.zip,001-008-005.mat,1000,64
75,S01_G08_T06,1,8,7,6,data_public\capgmyo_dba\dba-s1.zip,001-008-006.mat,1000,64
76,S01_G08_T07,1,8,7,7,data_public\capgmyo_dba\dba-s1.zip,001-008-007.mat,1000,64
77,S01_G08_T08,1,8,7,8,data_public\capgmyo_dba\dba-s1.zip,001-008-008.mat,1000,64
78,S01_G08_T09,1,8,7,9,data_public\capgmyo_dba\dba-s1.zip,001-008-009.mat,1000,64
79,S01_G08_T10,1,8,7,10,data_public\capgmyo_dba\dba-s1.zip,001-008-010.mat,1000,64
80,S02_G01_T01,2,1,0,1,data_public\capgmyo_dba\dba-s2.zip,002-001-001.mat,1000,64
81,S02_G01_T02,2,1,0,2,data_public\capgmyo_dba\dba-s2.zip,002-001-002.mat,1000,64
82,S02_G01_T03,2,1,0,3,data_public\capgmyo_dba\dba-s2.zip,002-001-003.mat,1000,64
83,S02_G01_T04,2,1,0,4,data_public\capgmyo_dba\dba-s2.zip,002-001-004.mat,1000,64
84,S02_G01_T05,2,1,0,5,data_public\capgmyo_dba\dba-s2.zip,002-001-005.mat,1000,64
85,S02_G01_T06,2,1,0,6,data_public\capgmyo_dba\dba-s2.zip,002-001-006.mat,1000,64
86,S02_G01_T07,2,1,0,7,data_public\capgmyo_dba\dba-s2.zip,002-001-007.mat,1000,64
87,S02_G01_T08,2,1,0,8,data_public\capgmyo_dba\dba-s2.zip,002-001-008.mat,1000,64
88,S02_G01_T09,2,1,0,9,data_public\capgmyo_dba\dba-s2.zip,002-001-009.mat,1000,64
89,S02_G01_T10,2,1,0,10,data_public\capgmyo_dba\dba-s2.zip,002-001-010.mat,1000,64
90,S02_G02_T01,2,2,1,1,data_public\capgmyo_dba\dba-s2.zip,002-002-001.mat,1000,64
91,S02_G02_T02,2,2,1,2,data_public\capgmyo_dba\dba-s2.zip,002-002-002.mat,1000,64
92,S02_G02_T03,2,2,1,3,data_public\capgmyo_dba\dba-s2.zip,002-002-003.mat,1000,64
93,S02_G02_T04,2,2,1,4,data_public\capgmyo_dba\dba-s2.zip,002-002-004.mat,1000,64
94,S02_G02_T05,2,2,1,5,data_public\capgmyo_dba\dba-s2.zip,002-002-005.mat,1000,64
95,S02_G02_T06,2,2,1,6,data_public\capgmyo_dba\dba-s2.zip,002-002-006.mat,1000,64
96,S02_G02_T07,2,2,1,7,data_public\capgmyo_dba\dba-s2.zip,002-002-007.mat,1000,64
97,S02_G02_T08,2,2,1,8,data_public\capgmyo_dba\dba-s2.zip,002-002-008.mat,1000,64
98,S02_G02_T09,2,2,1,9,data_public\capgmyo_dba\dba-s2.zip,002-002-009.mat,1000,64
99,S02_G02_T10,2,2,1,10,data_public\capgmyo_dba\dba-s2.zip,002-002-010.mat,1000,64
100,S02_G03_T01,2,3,2,1,data_public\capgmyo_dba\dba-s2.zip,002-003-001.mat,1000,64
101,S02_G03_T02,2,3,2,2,data_public\capgmyo_dba\dba-s2.zip,002-003-002.mat,1000,64
102,S02_G03_T03,2,3,2,3,data_public\capgmyo_dba\dba-s2.zip,002-003-003.mat,1000,64
103,S02_G03_T04,2,3,2,4,data_public\capgmyo_dba\dba-s2.zip,002-003-004.mat,1000,64
104,S02_G03_T05,2,3,2,5,data_public\capgmyo_dba\dba-s2.zip,002-003-005.mat,1000,64
105,S02_G03_T06,2,3,2,6,data_public\capgmyo_dba\dba-s2.zip,002-003-006.mat,1000,64
106,S02_G03_T07,2,3,2,7,data_public\capgmyo_dba\dba-s2.zip,002-003-007.mat,1000,64
107,S02_G03_T08,2,3,2,8,data_public\capgmyo_dba\dba-s2.zip,002-003-008.mat,1000,64
108,S02_G03_T09,2,3,2,9,data_public\capgmyo_dba\dba-s2.zip,002-003-009.mat,1000,64
109,S02_G03_T10,2,3,2,10,data_public\capgmyo_dba\dba-s2.zip,002-003-010.mat,1000,64
110,S02_G04_T01,2,4,3,1,data_public\capgmyo_dba\dba-s2.zip,002-004-001.mat,1000,64
111,S02_G04_T02,2,4,3,2,data_public\capgmyo_dba\dba-s2.zip,002-004-002.mat,1000,64
112,S02_G04_T03,2,4,3,3,data_public\capgmyo_dba\dba-s2.zip,002-004-003.mat,1000,64
113,S02_G04_T04,2,4,3,4,data_public\capgmyo_dba\dba-s2.zip,002-004-004.mat,1000,64
114,S02_G04_T05,2,4,3,5,data_public\capgmyo_dba\dba-s2.zip,002-004-005.mat,1000,64
115,S02_G04_T06,2,4,3,6,data_public\capgmyo_dba\dba-s2.zip,002-004-006.mat,1000,64
116,S02_G04_T07,2,4,3,7,data_public\capgmyo_dba\dba-s2.zip,002-004-007.mat,1000,64
117,S02_G04_T08,2,4,3,8,data_public\capgmyo_dba\dba-s2.zip,002-004-008.mat,1000,64
118,S02_G04_T09,2,4,3,9,data_public\capgmyo_dba\dba-s2.zip,002-004-009.mat,1000,64
119,S02_G04_T10,2,4,3,10,data_public\capgmyo_dba\dba-s2.zip,002-004-010.mat,1000,64
120,S02_G05_T01,2,5,4,1,data_public\capgmyo_dba\dba-s2.zip,002-005-001.mat,1000,64
121,S02_G05_T02,2,5,4,2,data_public\capgmyo_dba\dba-s2.zip,002-005-002.mat,1000,64
122,S02_G05_T03,2,5,4,3,data_public\capgmyo_dba\dba-s2.zip,002-005-003.mat,1000,64
123,S02_G05_T04,2,5,4,4,data_public\capgmyo_dba\dba-s2.zip,002-005-004.mat,1000,64
124,S02_G05_T05,2,5,4,5,data_public\capgmyo_dba\dba-s2.zip,002-005-005.mat,1000,64
125,S02_G05_T06,2,5,4,6,data_public\capgmyo_dba\dba-s2.zip,002-005-006.mat,1000,64
126,S02_G05_T07,2,5,4,7,data_public\capgmyo_dba\dba-s2.zip,002-005-007.mat,1000,64
127,S02_G05_T08,2,5,4,8,data_public\capgmyo_dba\dba-s2.zip,002-005-008.mat,1000,64
128,S02_G05_T09,2,5,4,9,data_public\capgmyo_dba\dba-s2.zip,002-005-009.mat,1000,64
129,S02_G05_T10,2,5,4,10,data_public\capgmyo_dba\dba-s2.zip,002-005-010.mat,1000,64
130,S02_G06_T01,2,6,5,1,data_public\capgmyo_dba\dba-s2.zip,002-006-001.mat,1000,64
131,S02_G06_T02,2,6,5,2,data_public\capgmyo_dba\dba-s2.zip,002-006-002.mat,1000,64
132,S02_G06_T03,2,6,5,3,data_public\capgmyo_dba\dba-s2.zip,002-006-003.mat,1000,64
133,S02_G06_T04,2,6,5,4,data_public\capgmyo_dba\dba-s2.zip,002-006-004.mat,1000,64
134,S02_G06_T05,2,6,5,5,data_public\capgmyo_dba\dba-s2.zip,002-006-005.mat,1000,64
135,S02_G06_T06,2,6,5,6,data_public\capgmyo_dba\dba-s2.zip,002-006-006.mat,1000,64
136,S02_G06_T07,2,6,5,7,data_public\capgmyo_dba\dba-s2.zip,002-006-007.mat,1000,64
137,S02_G06_T08,2,6,5,8,data_public\capgmyo_dba\dba-s2.zip,002-006-008.mat,1000,64
138,S02_G06_T09,2,6,5,9,data_public\capgmyo_dba\dba-s2.zip,002-006-009.mat,1000,64
139,S02_G06_T10,2,6,5,10,data_public\capgmyo_dba\dba-s2.zip,002-006-010.mat,1000,64
140,S02_G07_T01,2,7,6,1,data_public\capgmyo_dba\dba-s2.zip,002-007-001.mat,1000,64
141,S02_G07_T02,2,7,6,2,data_public\capgmyo_dba\dba-s2.zip,002-007-002.mat,1000,64
142,S02_G07_T03,2,7,6,3,data_public\capgmyo_dba\dba-s2.zip,002-007-003.mat,1000,64
143,S02_G07_T04,2,7,6,4,data_public\capgmyo_dba\dba-s2.zip,002-007-004.mat,1000,64
144,S02_G07_T05,2,7,6,5,data_public\capgmyo_dba\dba-s2.zip,002-007-005.mat,1000,64
145,S02_G07_T06,2,7,6,6,data_public\capgmyo_dba\dba-s2.zip,002-007-006.mat,1000,64
146,S02_G07_T07,2,7,6,7,data_public\capgmyo_dba\dba-s2.zip,002-007-007.mat,1000,64
147,S02_G07_T08,2,7,6,8,data_public\capgmyo_dba\dba-s2.zip,002-007-008.mat,1000,64
148,S02_G07_T09,2,7,6,9,data_public\capgmyo_dba\dba-s2.zip,002-007-009.mat,1000,64
149,S02_G07_T10,2,7,6,10,data_public\capgmyo_dba\dba-s2.zip,002-007-010.mat,1000,64
150,S02_G08_T01,2,8,7,1,data_public\capgmyo_dba\dba-s2.zip,002-008-001.mat,1000,64
151,S02_G08_T02,2,8,7,2,data_public\capgmyo_dba\dba-s2.zip,002-008-002.mat,1000,64
152,S02_G08_T03,2,8,7,3,data_public\capgmyo_dba\dba-s2.zip,002-008-003.mat,1000,64
153,S02_G08_T04,2,8,7,4,data_public\capgmyo_dba\dba-s2.zip,002-008-004.mat,1000,64
154,S02_G08_T05,2,8,7,5,data_public\capgmyo_dba\dba-s2.zip,002-008-005.mat,1000,64
155,S02_G08_T06,2,8,7,6,data_public\capgmyo_dba\dba-s2.zip,002-008-006.mat,1000,64
156,S02_G08_T07,2,8,7,7,data_public\capgmyo_dba\dba-s2.zip,002-008-007.mat,1000,64
157,S02_G08_T08,2,8,7,8,data_public\capgmyo_dba\dba-s2.zip,002-008-008.mat,1000,64
158,S02_G08_T09,2,8,7,9,data_public\capgmyo_dba\dba-s2.zip,002-008-009.mat,1000,64
159,S02_G08_T10,2,8,7,10,data_public\capgmyo_dba\dba-s2.zip,002-008-010.mat,1000,64
160,S03_G01_T01,3,1,0,1,data_public\capgmyo_dba\dba-s3.zip,003-001-001.mat,1000,64
161,S03_G01_T02,3,1,0,2,data_public\capgmyo_dba\dba-s3.zip,003-001-002.mat,1000,64
162,S03_G01_T03,3,1,0,3,data_public\capgmyo_dba\dba-s3.zip,003-001-003.mat,1000,64
163,S03_G01_T04,3,1,0,4,data_public\capgmyo_dba\dba-s3.zip,003-001-004.mat,1000,64
164,S03_G01_T05,3,1,0,5,data_public\capgmyo_dba\dba-s3.zip,003-001-005.mat,1000,64
165,S03_G01_T06,3,1,0,6,data_public\capgmyo_dba\dba-s3.zip,003-001-006.mat,1000,64
166,S03_G01_T07,3,1,0,7,data_public\capgmyo_dba\dba-s3.zip,003-001-007.mat,1000,64
167,S03_G01_T08,3,1,0,8,data_public\capgmyo_dba\dba-s3.zip,003-001-008.mat,1000,64
168,S03_G01_T09,3,1,0,9,data_public\capgmyo_dba\dba-s3.zip,003-001-009.mat,1000,64
169,S03_G01_T10,3,1,0,10,data_public\capgmyo_dba\dba-s3.zip,003-001-010.mat,1000,64
170,S03_G02_T01,3,2,1,1,data_public\capgmyo_dba\dba-s3.zip,003-002-001.mat,1000,64
171,S03_G02_T02,3,2,1,2,data_public\capgmyo_dba\dba-s3.zip,003-002-002.mat,1000,64
172,S03_G02_T03,3,2,1,3,data_public\capgmyo_dba\dba-s3.zip,003-002-003.mat,1000,64
173,S03_G02_T04,3,2,1,4,data_public\capgmyo_dba\dba-s3.zip,003-002-004.mat,1000,64
174,S03_G02_T05,3,2,1,5,data_public\capgmyo_dba\dba-s3.zip,003-002-005.mat,1000,64
175,S03_G02_T06,3,2,1,6,data_public\capgmyo_dba\dba-s3.zip,003-002-006.mat,1000,64
176,S03_G02_T07,3,2,1,7,data_public\capgmyo_dba\dba-s3.zip,003-002-007.mat,1000,64
177,S03_G02_T08,3,2,1,8,data_public\capgmyo_dba\dba-s3.zip,003-002-008.mat,1000,64
178,S03_G02_T09,3,2,1,9,data_public\capgmyo_dba\dba-s3.zip,003-002-009.mat,1000,64
179,S03_G02_T10,3,2,1,10,data_public\capgmyo_dba\dba-s3.zip,003-002-010.mat,1000,64
180,S03_G03_T01,3,3,2,1,data_public\capgmyo_dba\dba-s3.zip,003-003-001.mat,1000,64
181,S03_G03_T02,3,3,2,2,data_public\capgmyo_dba\dba-s3.zip,003-003-002.mat,1000,64
182,S03_G03_T03,3,3,2,3,data_public\capgmyo_dba\dba-s3.zip,003-003-003.mat,1000,64
183,S03_G03_T04,3,3,2,4,data_public\capgmyo_dba\dba-s3.zip,003-003-004.mat,1000,64
184,S03_G03_T05,3,3,2,5,data_public\capgmyo_dba\dba-s3.zip,003-003-005.mat,1000,64
185,S03_G03_T06,3,3,2,6,data_public\capgmyo_dba\dba-s3.zip,003-003-006.mat,1000,64
186,S03_G03_T07,3,3,2,7,data_public\capgmyo_dba\dba-s3.zip,003-003-007.mat,1000,64
187,S03_G03_T08,3,3,2,8,data_public\capgmyo_dba\dba-s3.zip,003-003-008.mat,1000,64
188,S03_G03_T09,3,3,2,9,data_public\capgmyo_dba\dba-s3.zip,003-003-009.mat,1000,64
189,S03_G03_T10,3,3,2,10,data_public\capgmyo_dba\dba-s3.zip,003-003-010.mat,1000,64
190,S03_G04_T01,3,4,3,1,data_public\capgmyo_dba\dba-s3.zip,003-004-001.mat,1000,64
191,S03_G04_T02,3,4,3,2,data_public\capgmyo_dba\dba-s3.zip,003-004-002.mat,1000,64
192,S03_G04_T03,3,4,3,3,data_public\capgmyo_dba\dba-s3.zip,003-004-003.mat,1000,64
193,S03_G04_T04,3,4,3,4,data_public\capgmyo_dba\dba-s3.zip,003-004-004.mat,1000,64
194,S03_G04_T05,3,4,3,5,data_public\capgmyo_dba\dba-s3.zip,003-004-005.mat,1000,64
195,S03_G04_T06,3,4,3,6,data_public\capgmyo_dba\dba-s3.zip,003-004-006.mat,1000,64
196,S03_G04_T07,3,4,3,7,data_public\capgmyo_dba\dba-s3.zip,003-004-007.mat,1000,64
197,S03_G04_T08,3,4,3,8,data_public\capgmyo_dba\dba-s3.zip,003-004-008.mat,1000,64
198,S03_G04_T09,3,4,3,9,data_public\capgmyo_dba\dba-s3.zip,003-004-009.mat,1000,64
199,S03_G04_T10,3,4,3,10,data_public\capgmyo_dba\dba-s3.zip,003-004-010.mat,1000,64
200,S03_G05_T01,3,5,4,1,data_public\capgmyo_dba\dba-s3.zip,003-005-001.mat,1000,64
201,S03_G05_T02,3,5,4,2,data_public\capgmyo_dba\dba-s3.zip,003-005-002.mat,1000,64
202,S03_G05_T03,3,5,4,3,data_public\capgmyo_dba\dba-s3.zip,003-005-003.mat,1000,64
203,S03_G05_T04,3,5,4,4,data_public\capgmyo_dba\dba-s3.zip,003-005-004.mat,1000,64
204,S03_G05_T05,3,5,4,5,data_public\capgmyo_dba\dba-s3.zip,003-005-005.mat,1000,64
205,S03_G05_T06,3,5,4,6,data_public\capgmyo_dba\dba-s3.zip,003-005-006.mat,1000,64
206,S03_G05_T07,3,5,4,7,data_public\capgmyo_dba\dba-s3.zip,003-005-007.mat,1000,64
207,S03_G05_T08,3,5,4,8,data_public\capgmyo_dba\dba-s3.zip,003-005-008.mat,1000,64
208,S03_G05_T09,3,5,4,9,data_public\capgmyo_dba\dba-s3.zip,003-005-009.mat,1000,64
209,S03_G05_T10,3,5,4,10,data_public\capgmyo_dba\dba-s3.zip,003-005-010.mat,1000,64
210,S03_G06_T01,3,6,5,1,data_public\capgmyo_dba\dba-s3.zip,003-006-001.mat,1000,64
211,S03_G06_T02,3,6,5,2,data_public\capgmyo_dba\dba-s3.zip,003-006-002.mat,1000,64
212,S03_G06_T03,3,6,5,3,data_public\capgmyo_dba\dba-s3.zip,003-006-003.mat,1000,64
213,S03_G06_T04,3,6,5,4,data_public\capgmyo_dba\dba-s3.zip,003-006-004.mat,1000,64
214,S03_G06_T05,3,6,5,5,data_public\capgmyo_dba\dba-s3.zip,003-006-005.mat,1000,64
215,S03_G06_T06,3,6,5,6,data_public\capgmyo_dba\dba-s3.zip,003-006-006.mat,1000,64
216,S03_G06_T07,3,6,5,7,data_public\capgmyo_dba\dba-s3.zip,003-006-007.mat,1000,64
217,S03_G06_T08,3,6,5,8,data_public\capgmyo_dba\dba-s3.zip,003-006-008.mat,1000,64
218,S03_G06_T09,3,6,5,9,data_public\capgmyo_dba\dba-s3.zip,003-006-009.mat,1000,64
219,S03_G06_T10,3,6,5,10,data_public\capgmyo_dba\dba-s3.zip,003-006-010.mat,1000,64
220,S03_G07_T01,3,7,6,1,data_public\capgmyo_dba\dba-s3.zip,003-007-001.mat,1000,64
221,S03_G07_T02,3,7,6,2,data_public\capgmyo_dba\dba-s3.zip,003-007-002.mat,1000,64
222,S03_G07_T03,3,7,6,3,data_public\capgmyo_dba\dba-s3.zip,003-007-003.mat,1000,64
223,S03_G07_T04,3,7,6,4,data_public\capgmyo_dba\dba-s3.zip,003-007-004.mat,1000,64
224,S03_G07_T05,3,7,6,5,data_public\capgmyo_dba\dba-s3.zip,003-007-005.mat,1000,64
225,S03_G07_T06,3,7,6,6,data_public\capgmyo_dba\dba-s3.zip,003-007-006.mat,1000,64
226,S03_G07_T07,3,7,6,7,data_public\capgmyo_dba\dba-s3.zip,003-007-007.mat,1000,64
227,S03_G07_T08,3,7,6,8,data_public\capgmyo_dba\dba-s3.zip,003-007-008.mat,1000,64
228,S03_G07_T09,3,7,6,9,data_public\capgmyo_dba\dba-s3.zip,003-007-009.mat,1000,64
229,S03_G07_T10,3,7,6,10,data_public\capgmyo_dba\dba-s3.zip,003-007-010.mat,1000,64
230,S03_G08_T01,3,8,7,1,data_public\capgmyo_dba\dba-s3.zip,003-008-001.mat,1000,64
231,S03_G08_T02,3,8,7,2,data_public\capgmyo_dba\dba-s3.zip,003-008-002.mat,1000,64
232,S03_G08_T03,3,8,7,3,data_public\capgmyo_dba\dba-s3.zip,003-008-003.mat,1000,64
233,S03_G08_T04,3,8,7,4,data_public\capgmyo_dba\dba-s3.zip,003-008-004.mat,1000,64
234,S03_G08_T05,3,8,7,5,data_public\capgmyo_dba\dba-s3.zip,003-008-005.mat,1000,64
235,S03_G08_T06,3,8,7,6,data_public\capgmyo_dba\dba-s3.zip,003-008-006.mat,1000,64
236,S03_G08_T07,3,8,7,7,data_public\capgmyo_dba\dba-s3.zip,003-008-007.mat,1000,64
237,S03_G08_T08,3,8,7,8,data_public\capgmyo_dba\dba-s3.zip,003-008-008.mat,1000,64
238,S03_G08_T09,3,8,7,9,data_public\capgmyo_dba\dba-s3.zip,003-008-009.mat,1000,64
239,S03_G08_T10,3,8,7,10,data_public\capgmyo_dba\dba-s3.zip,003-008-010.mat,1000,64
240,S04_G01_T01,4,1,0,1,data_public\capgmyo_dba\dba-s4.zip,004-001-001.mat,1000,64
241,S04_G01_T02,4,1,0,2,data_public\capgmyo_dba\dba-s4.zip,004-001-002.mat,1000,64
242,S04_G01_T03,4,1,0,3,data_public\capgmyo_dba\dba-s4.zip,004-001-003.mat,1000,64
243,S04_G01_T04,4,1,0,4,data_public\capgmyo_dba\dba-s4.zip,004-001-004.mat,1000,64
244,S04_G01_T05,4,1,0,5,data_public\capgmyo_dba\dba-s4.zip,004-001-005.mat,1000,64
245,S04_G01_T06,4,1,0,6,data_public\capgmyo_dba\dba-s4.zip,004-001-006.mat,1000,64
246,S04_G01_T07,4,1,0,7,data_public\capgmyo_dba\dba-s4.zip,004-001-007.mat,1000,64
247,S04_G01_T08,4,1,0,8,data_public\capgmyo_dba\dba-s4.zip,004-001-008.mat,1000,64
248,S04_G01_T09,4,1,0,9,data_public\capgmyo_dba\dba-s4.zip,004-001-009.mat,1000,64
249,S04_G01_T10,4,1,0,10,data_public\capgmyo_dba\dba-s4.zip,004-001-010.mat,1000,64
250,S04_G02_T01,4,2,1,1,data_public\capgmyo_dba\dba-s4.zip,004-002-001.mat,1000,64
251,S04_G02_T02,4,2,1,2,data_public\capgmyo_dba\dba-s4.zip,004-002-002.mat,1000,64
252,S04_G02_T03,4,2,1,3,data_public\capgmyo_dba\dba-s4.zip,004-002-003.mat,1000,64
253,S04_G02_T04,4,2,1,4,data_public\capgmyo_dba\dba-s4.zip,004-002-004.mat,1000,64
254,S04_G02_T05,4,2,1,5,data_public\capgmyo_dba\dba-s4.zip,004-002-005.mat,1000,64
255,S04_G02_T06,4,2,1,6,data_public\capgmyo_dba\dba-s4.zip,004-002-006.mat,1000,64
256,S04_G02_T07,4,2,1,7,data_public\capgmyo_dba\dba-s4.zip,004-002-007.mat,1000,64
257,S04_G02_T08,4,2,1,8,data_public\capgmyo_dba\dba-s4.zip,004-002-008.mat,1000,64
258,S04_G02_T09,4,2,1,9,data_public\capgmyo_dba\dba-s4.zip,004-002-009.mat,1000,64
259,S04_G02_T10,4,2,1,10,data_public\capgmyo_dba\dba-s4.zip,004-002-010.mat,1000,64
260,S04_G03_T01,4,3,2,1,data_public\capgmyo_dba\dba-s4.zip,004-003-001.mat,1000,64
261,S04_G03_T02,4,3,2,2,data_public\capgmyo_dba\dba-s4.zip,004-003-002.mat,1000,64
262,S04_G03_T03,4,3,2,3,data_public\capgmyo_dba\dba-s4.zip,004-003-003.mat,1000,64
263,S04_G03_T04,4,3,2,4,data_public\capgmyo_dba\dba-s4.zip,004-003-004.mat,1000,64
264,S04_G03_T05,4,3,2,5,data_public\capgmyo_dba\dba-s4.zip,004-003-005.mat,1000,64
265,S04_G03_T06,4,3,2,6,data_public\capgmyo_dba\dba-s4.zip,004-003-006.mat,1000,64
266,S04_G03_T07,4,3,2,7,data_public\capgmyo_dba\dba-s4.zip,004-003-007.mat,1000,64
267,S04_G03_T08,4,3,2,8,data_public\capgmyo_dba\dba-s4.zip,004-003-008.mat,1000,64
268,S04_G03_T09,4,3,2,9,data_public\capgmyo_dba\dba-s4.zip,004-003-009.mat,1000,64
269,S04_G03_T10,4,3,2,10,data_public\capgmyo_dba\dba-s4.zip,004-003-010.mat,1000,64
270,S04_G04_T01,4,4,3,1,data_public\capgmyo_dba\dba-s4.zip,004-004-001.mat,1000,64
271,S04_G04_T02,4,4,3,2,data_public\capgmyo_dba\dba-s4.zip,004-004-002.mat,1000,64
272,S04_G04_T03,4,4,3,3,data_public\capgmyo_dba\dba-s4.zip,004-004-003.mat,1000,64
273,S04_G04_T04,4,4,3,4,data_public\capgmyo_dba\dba-s4.zip,004-004-004.mat,1000,64
274,S04_G04_T05,4,4,3,5,data_public\capgmyo_dba\dba-s4.zip,004-004-005.mat,1000,64
275,S04_G04_T06,4,4,3,6,data_public\capgmyo_dba\dba-s4.zip,004-004-006.mat,1000,64
276,S04_G04_T07,4,4,3,7,data_public\capgmyo_dba\dba-s4.zip,004-004-007.mat,1000,64
277,S04_G04_T08,4,4,3,8,data_public\capgmyo_dba\dba-s4.zip,004-004-008.mat,1000,64
278,S04_G04_T09,4,4,3,9,data_public\capgmyo_dba\dba-s4.zip,004-004-009.mat,1000,64
279,S04_G04_T10,4,4,3,10,data_public\capgmyo_dba\dba-s4.zip,004-004-010.mat,1000,64
280,S04_G05_T01,4,5,4,1,data_public\capgmyo_dba\dba-s4.zip,004-005-001.mat,1000,64
281,S04_G05_T02,4,5,4,2,data_public\capgmyo_dba\dba-s4.zip,004-005-002.mat,1000,64
282,S04_G05_T03,4,5,4,3,data_public\capgmyo_dba\dba-s4.zip,004-005-003.mat,1000,64
283,S04_G05_T04,4,5,4,4,data_public\capgmyo_dba\dba-s4.zip,004-005-004.mat,1000,64
284,S04_G05_T05,4,5,4,5,data_public\capgmyo_dba\dba-s4.zip,004-005-005.mat,1000,64
285,S04_G05_T06,4,5,4,6,data_public\capgmyo_dba\dba-s4.zip,004-005-006.mat,1000,64
286,S04_G05_T07,4,5,4,7,data_public\capgmyo_dba\dba-s4.zip,004-005-007.mat,1000,64
287,S04_G05_T08,4,5,4,8,data_public\capgmyo_dba\dba-s4.zip,004-005-008.mat,1000,64
288,S04_G05_T09,4,5,4,9,data_public\capgmyo_dba\dba-s4.zip,004-005-009.mat,1000,64
289,S04_G05_T10,4,5,4,10,data_public\capgmyo_dba\dba-s4.zip,004-005-010.mat,1000,64
290,S04_G06_T01,4,6,5,1,data_public\capgmyo_dba\dba-s4.zip,004-006-001.mat,1000,64
291,S04_G06_T02,4,6,5,2,data_public\capgmyo_dba\dba-s4.zip,004-006-002.mat,1000,64
292,S04_G06_T03,4,6,5,3,data_public\capgmyo_dba\dba-s4.zip,004-006-003.mat,1000,64
293,S04_G06_T04,4,6,5,4,data_public\capgmyo_dba\dba-s4.zip,004-006-004.mat,1000,64
294,S04_G06_T05,4,6,5,5,data_public\capgmyo_dba\dba-s4.zip,004-006-005.mat,1000,64
295,S04_G06_T06,4,6,5,6,data_public\capgmyo_dba\dba-s4.zip,004-006-006.mat,1000,64
296,S04_G06_T07,4,6,5,7,data_public\capgmyo_dba\dba-s4.zip,004-006-007.mat,1000,64
297,S04_G06_T08,4,6,5,8,data_public\capgmyo_dba\dba-s4.zip,004-006-008.mat,1000,64
298,S04_G06_T09,4,6,5,9,data_public\capgmyo_dba\dba-s4.zip,004-006-009.mat,1000,64
299,S04_G06_T10,4,6,5,10,data_public\capgmyo_dba\dba-s4.zip,004-006-010.mat,1000,64
300,S04_G07_T01,4,7,6,1,data_public\capgmyo_dba\dba-s4.zip,004-007-001.mat,1000,64
301,S04_G07_T02,4,7,6,2,data_public\capgmyo_dba\dba-s4.zip,004-007-002.mat,1000,64
302,S04_G07_T03,4,7,6,3,data_public\capgmyo_dba\dba-s4.zip,004-007-003.mat,1000,64
303,S04_G07_T04,4,7,6,4,data_public\capgmyo_dba\dba-s4.zip,004-007-004.mat,1000,64
304,S04_G07_T05,4,7,6,5,data_public\capgmyo_dba\dba-s4.zip,004-007-005.mat,1000,64
305,S04_G07_T06,4,7,6,6,data_public\capgmyo_dba\dba-s4.zip,004-007-006.mat,1000,64
306,S04_G07_T07,4,7,6,7,data_public\capgmyo_dba\dba-s4.zip,004-007-007.mat,1000,64
307,S04_G07_T08,4,7,6,8,data_public\capgmyo_dba\dba-s4.zip,004-007-008.mat,1000,64
308,S04_G07_T09,4,7,6,9,data_public\capgmyo_dba\dba-s4.zip,004-007-009.mat,1000,64
309,S04_G07_T10,4,7,6,10,data_public\capgmyo_dba\dba-s4.zip,004-007-010.mat,1000,64
310,S04_G08_T01,4,8,7,1,data_public\capgmyo_dba\dba-s4.zip,004-008-001.mat,1000,64
311,S04_G08_T02,4,8,7,2,data_public\capgmyo_dba\dba-s4.zip,004-008-002.mat,1000,64
312,S04_G08_T03,4,8,7,3,data_public\capgmyo_dba\dba-s4.zip,004-008-003.mat,1000,64
313,S04_G08_T04,4,8,7,4,data_public\capgmyo_dba\dba-s4.zip,004-008-004.mat,1000,64
314,S04_G08_T05,4,8,7,5,data_public\capgmyo_dba\dba-s4.zip,004-008-005.mat,1000,64
315,S04_G08_T06,4,8,7,6,data_public\capgmyo_dba\dba-s4.zip,004-008-006.mat,1000,64
316,S04_G08_T07,4,8,7,7,data_public\capgmyo_dba\dba-s4.zip,004-008-007.mat,1000,64
317,S04_G08_T08,4,8,7,8,data_public\capgmyo_dba\dba-s4.zip,004-008-008.mat,1000,64
318,S04_G08_T09,4,8,7,9,data_public\capgmyo_dba\dba-s4.zip,004-008-009.mat,1000,64
319,S04_G08_T10,4,8,7,10,data_public\capgmyo_dba\dba-s4.zip,004-008-010.mat,1000,64
320,S05_G01_T01,5,1,0,1,data_public\capgmyo_dba\dba-s5.zip,005-001-001.mat,1000,64
321,S05_G01_T02,5,1,0,2,data_public\capgmyo_dba\dba-s5.zip,005-001-002.mat,1000,64
322,S05_G01_T03,5,1,0,3,data_public\capgmyo_dba\dba-s5.zip,005-001-003.mat,1000,64
323,S05_G01_T04,5,1,0,4,data_public\capgmyo_dba\dba-s5.zip,005-001-004.mat,1000,64
324,S05_G01_T05,5,1,0,5,data_public\capgmyo_dba\dba-s5.zip,005-001-005.mat,1000,64
325,S05_G01_T06,5,1,0,6,data_public\capgmyo_dba\dba-s5.zip,005-001-006.mat,1000,64
326,S05_G01_T07,5,1,0,7,data_public\capgmyo_dba\dba-s5.zip,005-001-007.mat,1000,64
327,S05_G01_T08,5,1,0,8,data_public\capgmyo_dba\dba-s5.zip,005-001-008.mat,1000,64
328,S05_G01_T09,5,1,0,9,data_public\capgmyo_dba\dba-s5.zip,005-001-009.mat,1000,64
329,S05_G01_T10,5,1,0,10,data_public\capgmyo_dba\dba-s5.zip,005-001-010.mat,1000,64
330,S05_G02_T01,5,2,1,1,data_public\capgmyo_dba\dba-s5.zip,005-002-001.mat,1000,64
331,S05_G02_T02,5,2,1,2,data_public\capgmyo_dba\dba-s5.zip,005-002-002.mat,1000,64
332,S05_G02_T03,5,2,1,3,data_public\capgmyo_dba\dba-s5.zip,005-002-003.mat,1000,64
333,S05_G02_T04,5,2,1,4,data_public\capgmyo_dba\dba-s5.zip,005-002-004.mat,1000,64
334,S05_G02_T05,5,2,1,5,data_public\capgmyo_dba\dba-s5.zip,005-002-005.mat,1000,64
335,S05_G02_T06,5,2,1,6,data_public\capgmyo_dba\dba-s5.zip,005-002-006.mat,1000,64
336,S05_G02_T07,5,2,1,7,data_public\capgmyo_dba\dba-s5.zip,005-002-007.mat,1000,64
337,S05_G02_T08,5,2,1,8,data_public\capgmyo_dba\dba-s5.zip,005-002-008.mat,1000,64
338,S05_G02_T09,5,2,1,9,data_public\capgmyo_dba\dba-s5.zip,005-002-009.mat,1000,64
339,S05_G02_T10,5,2,1,10,data_public\capgmyo_dba\dba-s5.zip,005-002-010.mat,1000,64
340,S05_G03_T01,5,3,2,1,data_public\capgmyo_dba\dba-s5.zip,005-003-001.mat,1000,64
341,S05_G03_T02,5,3,2,2,data_public\capgmyo_dba\dba-s5.zip,005-003-002.mat,1000,64
342,S05_G03_T03,5,3,2,3,data_public\capgmyo_dba\dba-s5.zip,005-003-003.mat,1000,64
343,S05_G03_T04,5,3,2,4,data_public\capgmyo_dba\dba-s5.zip,005-003-004.mat,1000,64
344,S05_G03_T05,5,3,2,5,data_public\capgmyo_dba\dba-s5.zip,005-003-005.mat,1000,64
345,S05_G03_T06,5,3,2,6,data_public\capgmyo_dba\dba-s5.zip,005-003-006.mat,1000,64
346,S05_G03_T07,5,3,2,7,data_public\capgmyo_dba\dba-s5.zip,005-003-007.mat,1000,64
347,S05_G03_T08,5,3,2,8,data_public\capgmyo_dba\dba-s5.zip,005-003-008.mat,1000,64
348,S05_G03_T09,5,3,2,9,data_public\capgmyo_dba\dba-s5.zip,005-003-009.mat,1000,64
349,S05_G03_T10,5,3,2,10,data_public\capgmyo_dba\dba-s5.zip,005-003-010.mat,1000,64
350,S05_G04_T01,5,4,3,1,data_public\capgmyo_dba\dba-s5.zip,005-004-001.mat,1000,64
351,S05_G04_T02,5,4,3,2,data_public\capgmyo_dba\dba-s5.zip,005-004-002.mat,1000,64
352,S05_G04_T03,5,4,3,3,data_public\capgmyo_dba\dba-s5.zip,005-004-003.mat,1000,64
353,S05_G04_T04,5,4,3,4,data_public\capgmyo_dba\dba-s5.zip,005-004-004.mat,1000,64
354,S05_G04_T05,5,4,3,5,data_public\capgmyo_dba\dba-s5.zip,005-004-005.mat,1000,64
355,S05_G04_T06,5,4,3,6,data_public\capgmyo_dba\dba-s5.zip,005-004-006.mat,1000,64
356,S05_G04_T07,5,4,3,7,data_public\capgmyo_dba\dba-s5.zip,005-004-007.mat,1000,64
357,S05_G04_T08,5,4,3,8,data_public\capgmyo_dba\dba-s5.zip,005-004-008.mat,1000,64
358,S05_G04_T09,5,4,3,9,data_public\capgmyo_dba\dba-s5.zip,005-004-009.mat,1000,64
359,S05_G04_T10,5,4,3,10,data_public\capgmyo_dba\dba-s5.zip,005-004-010.mat,1000,64
360,S05_G05_T01,5,5,4,1,data_public\capgmyo_dba\dba-s5.zip,005-005-001.mat,1000,64
361,S05_G05_T02,5,5,4,2,data_public\capgmyo_dba\dba-s5.zip,005-005-002.mat,1000,64
362,S05_G05_T03,5,5,4,3,data_public\capgmyo_dba\dba-s5.zip,005-005-003.mat,1000,64
363,S05_G05_T04,5,5,4,4,data_public\capgmyo_dba\dba-s5.zip,005-005-004.mat,1000,64
364,S05_G05_T05,5,5,4,5,data_public\capgmyo_dba\dba-s5.zip,005-005-005.mat,1000,64
365,S05_G05_T06,5,5,4,6,data_public\capgmyo_dba\dba-s5.zip,005-005-006.mat,1000,64
366,S05_G05_T07,5,5,4,7,data_public\capgmyo_dba\dba-s5.zip,005-005-007.mat,1000,64
367,S05_G05_T08,5,5,4,8,data_public\capgmyo_dba\dba-s5.zip,005-005-008.mat,1000,64
368,S05_G05_T09,5,5,4,9,data_public\capgmyo_dba\dba-s5.zip,005-005-009.mat,1000,64
369,S05_G05_T10,5,5,4,10,data_public\capgmyo_dba\dba-s5.zip,005-005-010.mat,1000,64
370,S05_G06_T01,5,6,5,1,data_public\capgmyo_dba\dba-s5.zip,005-006-001.mat,1000,64
371,S05_G06_T02,5,6,5,2,data_public\capgmyo_dba\dba-s5.zip,005-006-002.mat,1000,64
372,S05_G06_T03,5,6,5,3,data_public\capgmyo_dba\dba-s5.zip,005-006-003.mat,1000,64
373,S05_G06_T04,5,6,5,4,data_public\capgmyo_dba\dba-s5.zip,005-006-004.mat,1000,64
374,S05_G06_T05,5,6,5,5,data_public\capgmyo_dba\dba-s5.zip,005-006-005.mat,1000,64
375,S05_G06_T06,5,6,5,6,data_public\capgmyo_dba\dba-s5.zip,005-006-006.mat,1000,64
376,S05_G06_T07,5,6,5,7,data_public\capgmyo_dba\dba-s5.zip,005-006-007.mat,1000,64
377,S05_G06_T08,5,6,5,8,data_public\capgmyo_dba\dba-s5.zip,005-006-008.mat,1000,64
378,S05_G06_T09,5,6,5,9,data_public\capgmyo_dba\dba-s5.zip,005-006-009.mat,1000,64
379,S05_G06_T10,5,6,5,10,data_public\capgmyo_dba\dba-s5.zip,005-006-010.mat,1000,64
380,S05_G07_T01,5,7,6,1,data_public\capgmyo_dba\dba-s5.zip,005-007-001.mat,1000,64
381,S05_G07_T02,5,7,6,2,data_public\capgmyo_dba\dba-s5.zip,005-007-002.mat,1000,64
382,S05_G07_T03,5,7,6,3,data_public\capgmyo_dba\dba-s5.zip,005-007-003.mat,1000,64
383,S05_G07_T04,5,7,6,4,data_public\capgmyo_dba\dba-s5.zip,005-007-004.mat,1000,64
384,S05_G07_T05,5,7,6,5,data_public\capgmyo_dba\dba-s5.zip,005-007-005.mat,1000,64
385,S05_G07_T06,5,7,6,6,data_public\capgmyo_dba\dba-s5.zip,005-007-006.mat,1000,64
386,S05_G07_T07,5,7,6,7,data_public\capgmyo_dba\dba-s5.zip,005-007-007.mat,1000,64
387,S05_G07_T08,5,7,6,8,data_public\capgmyo_dba\dba-s5.zip,005-007-008.mat,1000,64
388,S05_G07_T09,5,7,6,9,data_public\capgmyo_dba\dba-s5.zip,005-007-009.mat,1000,64
389,S05_G07_T10,5,7,6,10,data_public\capgmyo_dba\dba-s5.zip,005-007-010.mat,1000,64
390,S05_G08_T01,5,8,7,1,data_public\capgmyo_dba\dba-s5.zip,005-008-001.mat,1000,64
391,S05_G08_T02,5,8,7,2,data_public\capgmyo_dba\dba-s5.zip,005-008-002.mat,1000,64
392,S05_G08_T03,5,8,7,3,data_public\capgmyo_dba\dba-s5.zip,005-008-003.mat,1000,64
393,S05_G08_T04,5,8,7,4,data_public\capgmyo_dba\dba-s5.zip,005-008-004.mat,1000,64
394,S05_G08_T05,5,8,7,5,data_public\capgmyo_dba\dba-s5.zip,005-008-005.mat,1000,64
395,S05_G08_T06,5,8,7,6,data_public\capgmyo_dba\dba-s5.zip,005-008-006.mat,1000,64
396,S05_G08_T07,5,8,7,7,data_public\capgmyo_dba\dba-s5.zip,005-008-007.mat,1000,64
397,S05_G08_T08,5,8,7,8,data_public\capgmyo_dba\dba-s5.zip,005-008-008.mat,1000,64
398,S05_G08_T09,5,8,7,9,data_public\capgmyo_dba\dba-s5.zip,005-008-009.mat,1000,64
399,S05_G08_T10,5,8,7,10,data_public\capgmyo_dba\dba-s5.zip,005-008-010.mat,1000,64
400,S06_G01_T01,6,1,0,1,data_public\capgmyo_dba\dba-s6.zip,006-001-001.mat,1000,64
401,S06_G01_T02,6,1,0,2,data_public\capgmyo_dba\dba-s6.zip,006-001-002.mat,1000,64
402,S06_G01_T03,6,1,0,3,data_public\capgmyo_dba\dba-s6.zip,006-001-003.mat,1000,64
403,S06_G01_T04,6,1,0,4,data_public\capgmyo_dba\dba-s6.zip,006-001-004.mat,1000,64
404,S06_G01_T05,6,1,0,5,data_public\capgmyo_dba\dba-s6.zip,006-001-005.mat,1000,64
405,S06_G01_T06,6,1,0,6,data_public\capgmyo_dba\dba-s6.zip,006-001-006.mat,1000,64
406,S06_G01_T07,6,1,0,7,data_public\capgmyo_dba\dba-s6.zip,006-001-007.mat,1000,64
407,S06_G01_T08,6,1,0,8,data_public\capgmyo_dba\dba-s6.zip,006-001-008.mat,1000,64
408,S06_G01_T09,6,1,0,9,data_public\capgmyo_dba\dba-s6.zip,006-001-009.mat,1000,64
409,S06_G01_T10,6,1,0,10,data_public\capgmyo_dba\dba-s6.zip,006-001-010.mat,1000,64
410,S06_G02_T01,6,2,1,1,data_public\capgmyo_dba\dba-s6.zip,006-002-001.mat,1000,64
411,S06_G02_T02,6,2,1,2,data_public\capgmyo_dba\dba-s6.zip,006-002-002.mat,1000,64
412,S06_G02_T03,6,2,1,3,data_public\capgmyo_dba\dba-s6.zip,006-002-003.mat,1000,64
413,S06_G02_T04,6,2,1,4,data_public\capgmyo_dba\dba-s6.zip,006-002-004.mat,1000,64
414,S06_G02_T05,6,2,1,5,data_public\capgmyo_dba\dba-s6.zip,006-002-005.mat,1000,64
415,S06_G02_T06,6,2,1,6,data_public\capgmyo_dba\dba-s6.zip,006-002-006.mat,1000,64
416,S06_G02_T07,6,2,1,7,data_public\capgmyo_dba\dba-s6.zip,006-002-007.mat,1000,64
417,S06_G02_T08,6,2,1,8,data_public\capgmyo_dba\dba-s6.zip,006-002-008.mat,1000,64
418,S06_G02_T09,6,2,1,9,data_public\capgmyo_dba\dba-s6.zip,006-002-009.mat,1000,64
419,S06_G02_T10,6,2,1,10,data_public\capgmyo_dba\dba-s6.zip,006-002-010.mat,1000,64
420,S06_G03_T01,6,3,2,1,data_public\capgmyo_dba\dba-s6.zip,006-003-001.mat,1000,64
421,S06_G03_T02,6,3,2,2,data_public\capgmyo_dba\dba-s6.zip,006-003-002.mat,1000,64
422,S06_G03_T03,6,3,2,3,data_public\capgmyo_dba\dba-s6.zip,006-003-003.mat,1000,64
423,S06_G03_T04,6,3,2,4,data_public\capgmyo_dba\dba-s6.zip,006-003-004.mat,1000,64
424,S06_G03_T05,6,3,2,5,data_public\capgmyo_dba\dba-s6.zip,006-003-005.mat,1000,64
425,S06_G03_T06,6,3,2,6,data_public\capgmyo_dba\dba-s6.zip,006-003-006.mat,1000,64
426,S06_G03_T07,6,3,2,7,data_public\capgmyo_dba\dba-s6.zip,006-003-007.mat,1000,64
427,S06_G03_T08,6,3,2,8,data_public\capgmyo_dba\dba-s6.zip,006-003-008.mat,1000,64
428,S06_G03_T09,6,3,2,9,data_public\capgmyo_dba\dba-s6.zip,006-003-009.mat,1000,64
429,S06_G03_T10,6,3,2,10,data_public\capgmyo_dba\dba-s6.zip,006-003-010.mat,1000,64
430,S06_G04_T01,6,4,3,1,data_public\capgmyo_dba\dba-s6.zip,006-004-001.mat,1000,64
431,S06_G04_T02,6,4,3,2,data_public\capgmyo_dba\dba-s6.zip,006-004-002.mat,1000,64
432,S06_G04_T03,6,4,3,3,data_public\capgmyo_dba\dba-s6.zip,006-004-003.mat,1000,64
433,S06_G04_T04,6,4,3,4,data_public\capgmyo_dba\dba-s6.zip,006-004-004.mat,1000,64
434,S06_G04_T05,6,4,3,5,data_public\capgmyo_dba\dba-s6.zip,006-004-005.mat,1000,64
435,S06_G04_T06,6,4,3,6,data_public\capgmyo_dba\dba-s6.zip,006-004-006.mat,1000,64
436,S06_G04_T07,6,4,3,7,data_public\capgmyo_dba\dba-s6.zip,006-004-007.mat,1000,64
437,S06_G04_T08,6,4,3,8,data_public\capgmyo_dba\dba-s6.zip,006-004-008.mat,1000,64
438,S06_G04_T09,6,4,3,9,data_public\capgmyo_dba\dba-s6.zip,006-004-009.mat,1000,64
439,S06_G04_T10,6,4,3,10,data_public\capgmyo_dba\dba-s6.zip,006-004-010.mat,1000,64
440,S06_G05_T01,6,5,4,1,data_public\capgmyo_dba\dba-s6.zip,006-005-001.mat,1000,64
441,S06_G05_T02,6,5,4,2,data_public\capgmyo_dba\dba-s6.zip,006-005-002.mat,1000,64
442,S06_G05_T03,6,5,4,3,data_public\capgmyo_dba\dba-s6.zip,006-005-003.mat,1000,64
443,S06_G05_T04,6,5,4,4,data_public\capgmyo_dba\dba-s6.zip,006-005-004.mat,1000,64
444,S06_G05_T05,6,5,4,5,data_public\capgmyo_dba\dba-s6.zip,006-005-005.mat,1000,64
445,S06_G05_T06,6,5,4,6,data_public\capgmyo_dba\dba-s6.zip,006-005-006.mat,1000,64
446,S06_G05_T07,6,5,4,7,data_public\capgmyo_dba\dba-s6.zip,006-005-007.mat,1000,64
447,S06_G05_T08,6,5,4,8,data_public\capgmyo_dba\dba-s6.zip,006-005-008.mat,1000,64
448,S06_G05_T09,6,5,4,9,data_public\capgmyo_dba\dba-s6.zip,006-005-009.mat,1000,64
449,S06_G05_T10,6,5,4,10,data_public\capgmyo_dba\dba-s6.zip,006-005-010.mat,1000,64
450,S06_G06_T01,6,6,5,1,data_public\capgmyo_dba\dba-s6.zip,006-006-001.mat,1000,64
451,S06_G06_T02,6,6,5,2,data_public\capgmyo_dba\dba-s6.zip,006-006-002.mat,1000,64
452,S06_G06_T03,6,6,5,3,data_public\capgmyo_dba\dba-s6.zip,006-006-003.mat,1000,64
453,S06_G06_T04,6,6,5,4,data_public\capgmyo_dba\dba-s6.zip,006-006-004.mat,1000,64
454,S06_G06_T05,6,6,5,5,data_public\capgmyo_dba\dba-s6.zip,006-006-005.mat,1000,64
455,S06_G06_T06,6,6,5,6,data_public\capgmyo_dba\dba-s6.zip,006-006-006.mat,1000,64
456,S06_G06_T07,6,6,5,7,data_public\capgmyo_dba\dba-s6.zip,006-006-007.mat,1000,64
457,S06_G06_T08,6,6,5,8,data_public\capgmyo_dba\dba-s6.zip,006-006-008.mat,1000,64
458,S06_G06_T09,6,6,5,9,data_public\capgmyo_dba\dba-s6.zip,006-006-009.mat,1000,64
459,S06_G06_T10,6,6,5,10,data_public\capgmyo_dba\dba-s6.zip,006-006-010.mat,1000,64
460,S06_G07_T01,6,7,6,1,data_public\capgmyo_dba\dba-s6.zip,006-007-001.mat,1000,64
461,S06_G07_T02,6,7,6,2,data_public\capgmyo_dba\dba-s6.zip,006-007-002.mat,1000,64
462,S06_G07_T03,6,7,6,3,data_public\capgmyo_dba\dba-s6.zip,006-007-003.mat,1000,64
463,S06_G07_T04,6,7,6,4,data_public\capgmyo_dba\dba-s6.zip,006-007-004.mat,1000,64
464,S06_G07_T05,6,7,6,5,data_public\capgmyo_dba\dba-s6.zip,006-007-005.mat,1000,64
465,S06_G07_T06,6,7,6,6,data_public\capgmyo_dba\dba-s6.zip,006-007-006.mat,1000,64
466,S06_G07_T07,6,7,6,7,data_public\capgmyo_dba\dba-s6.zip,006-007-007.mat,1000,64
467,S06_G07_T08,6,7,6,8,data_public\capgmyo_dba\dba-s6.zip,006-007-008.mat,1000,64
468,S06_G07_T09,6,7,6,9,data_public\capgmyo_dba\dba-s6.zip,006-007-009.mat,1000,64
469,S06_G07_T10,6,7,6,10,data_public\capgmyo_dba\dba-s6.zip,006-007-010.mat,1000,64
470,S06_G08_T01,6,8,7,1,data_public\capgmyo_dba\dba-s6.zip,006-008-001.mat,1000,64
471,S06_G08_T02,6,8,7,2,data_public\capgmyo_dba\dba-s6.zip,006-008-002.mat,1000,64
472,S06_G08_T03,6,8,7,3,data_public\capgmyo_dba\dba-s6.zip,006-008-003.mat,1000,64
473,S06_G08_T04,6,8,7,4,data_public\capgmyo_dba\dba-s6.zip,006-008-004.mat,1000,64
474,S06_G08_T05,6,8,7,5,data_public\capgmyo_dba\dba-s6.zip,006-008-005.mat,1000,64
475,S06_G08_T06,6,8,7,6,data_public\capgmyo_dba\dba-s6.zip,006-008-006.mat,1000,64
476,S06_G08_T07,6,8,7,7,data_public\capgmyo_dba\dba-s6.zip,006-008-007.mat,1000,64
477,S06_G08_T08,6,8,7,8,data_public\capgmyo_dba\dba-s6.zip,006-008-008.mat,1000,64
478,S06_G08_T09,6,8,7,9,data_public\capgmyo_dba\dba-s6.zip,006-008-009.mat,1000,64
479,S06_G08_T10,6,8,7,10,data_public\capgmyo_dba\dba-s6.zip,006-008-010.mat,1000,64
480,S07_G01_T01,7,1,0,1,data_public\capgmyo_dba\dba-s7.zip,007-001-001.mat,1000,64
481,S07_G01_T02,7,1,0,2,data_public\capgmyo_dba\dba-s7.zip,007-001-002.mat,1000,64
482,S07_G01_T03,7,1,0,3,data_public\capgmyo_dba\dba-s7.zip,007-001-003.mat,1000,64
483,S07_G01_T04,7,1,0,4,data_public\capgmyo_dba\dba-s7.zip,007-001-004.mat,1000,64
484,S07_G01_T05,7,1,0,5,data_public\capgmyo_dba\dba-s7.zip,007-001-005.mat,1000,64
485,S07_G01_T06,7,1,0,6,data_public\capgmyo_dba\dba-s7.zip,007-001-006.mat,1000,64
486,S07_G01_T07,7,1,0,7,data_public\capgmyo_dba\dba-s7.zip,007-001-007.mat,1000,64
487,S07_G01_T08,7,1,0,8,data_public\capgmyo_dba\dba-s7.zip,007-001-008.mat,1000,64
488,S07_G01_T09,7,1,0,9,data_public\capgmyo_dba\dba-s7.zip,007-001-009.mat,1000,64
489,S07_G01_T10,7,1,0,10,data_public\capgmyo_dba\dba-s7.zip,007-001-010.mat,1000,64
490,S07_G02_T01,7,2,1,1,data_public\capgmyo_dba\dba-s7.zip,007-002-001.mat,1000,64
491,S07_G02_T02,7,2,1,2,data_public\capgmyo_dba\dba-s7.zip,007-002-002.mat,1000,64
492,S07_G02_T03,7,2,1,3,data_public\capgmyo_dba\dba-s7.zip,007-002-003.mat,1000,64
493,S07_G02_T04,7,2,1,4,data_public\capgmyo_dba\dba-s7.zip,007-002-004.mat,1000,64
494,S07_G02_T05,7,2,1,5,data_public\capgmyo_dba\dba-s7.zip,007-002-005.mat,1000,64
495,S07_G02_T06,7,2,1,6,data_public\capgmyo_dba\dba-s7.zip,007-002-006.mat,1000,64
496,S07_G02_T07,7,2,1,7,data_public\capgmyo_dba\dba-s7.zip,007-002-007.mat,1000,64
497,S07_G02_T08,7,2,1,8,data_public\capgmyo_dba\dba-s7.zip,007-002-008.mat,1000,64
498,S07_G02_T09,7,2,1,9,data_public\capgmyo_dba\dba-s7.zip,007-002-009.mat,1000,64
499,S07_G02_T10,7,2,1,10,data_public\capgmyo_dba\dba-s7.zip,007-002-010.mat,1000,64
500,S07_G03_T01,7,3,2,1,data_public\capgmyo_dba\dba-s7.zip,007-003-001.mat,1000,64
501,S07_G03_T02,7,3,2,2,data_public\capgmyo_dba\dba-s7.zip,007-003-002.mat,1000,64
502,S07_G03_T03,7,3,2,3,data_public\capgmyo_dba\dba-s7.zip,007-003-003.mat,1000,64
503,S07_G03_T04,7,3,2,4,data_public\capgmyo_dba\dba-s7.zip,007-003-004.mat,1000,64
504,S07_G03_T05,7,3,2,5,data_public\capgmyo_dba\dba-s7.zip,007-003-005.mat,1000,64
505,S07_G03_T06,7,3,2,6,data_public\capgmyo_dba\dba-s7.zip,007-003-006.mat,1000,64
506,S07_G03_T07,7,3,2,7,data_public\capgmyo_dba\dba-s7.zip,007-003-007.mat,1000,64
507,S07_G03_T08,7,3,2,8,data_public\capgmyo_dba\dba-s7.zip,007-003-008.mat,1000,64
508,S07_G03_T09,7,3,2,9,data_public\capgmyo_dba\dba-s7.zip,007-003-009.mat,1000,64
509,S07_G03_T10,7,3,2,10,data_public\capgmyo_dba\dba-s7.zip,007-003-010.mat,1000,64
510,S07_G04_T01,7,4,3,1,data_public\capgmyo_dba\dba-s7.zip,007-004-001.mat,1000,64
511,S07_G04_T02,7,4,3,2,data_public\capgmyo_dba\dba-s7.zip,007-004-002.mat,1000,64
512,S07_G04_T03,7,4,3,3,data_public\capgmyo_dba\dba-s7.zip,007-004-003.mat,1000,64
513,S07_G04_T04,7,4,3,4,data_public\capgmyo_dba\dba-s7.zip,007-004-004.mat,1000,64
514,S07_G04_T05,7,4,3,5,data_public\capgmyo_dba\dba-s7.zip,007-004-005.mat,1000,64
515,S07_G04_T06,7,4,3,6,data_public\capgmyo_dba\dba-s7.zip,007-004-006.mat,1000,64
516,S07_G04_T07,7,4,3,7,data_public\capgmyo_dba\dba-s7.zip,007-004-007.mat,1000,64
517,S07_G04_T08,7,4,3,8,data_public\capgmyo_dba\dba-s7.zip,007-004-008.mat,1000,64
518,S07_G04_T09,7,4,3,9,data_public\capgmyo_dba\dba-s7.zip,007-004-009.mat,1000,64
519,S07_G04_T10,7,4,3,10,data_public\capgmyo_dba\dba-s7.zip,007-004-010.mat,1000,64
520,S07_G05_T01,7,5,4,1,data_public\capgmyo_dba\dba-s7.zip,007-005-001.mat,1000,64
521,S07_G05_T02,7,5,4,2,data_public\capgmyo_dba\dba-s7.zip,007-005-002.mat,1000,64
522,S07_G05_T03,7,5,4,3,data_public\capgmyo_dba\dba-s7.zip,007-005-003.mat,1000,64
523,S07_G05_T04,7,5,4,4,data_public\capgmyo_dba\dba-s7.zip,007-005-004.mat,1000,64
524,S07_G05_T05,7,5,4,5,data_public\capgmyo_dba\dba-s7.zip,007-005-005.mat,1000,64
525,S07_G05_T06,7,5,4,6,data_public\capgmyo_dba\dba-s7.zip,007-005-006.mat,1000,64
526,S07_G05_T07,7,5,4,7,data_public\capgmyo_dba\dba-s7.zip,007-005-007.mat,1000,64
527,S07_G05_T08,7,5,4,8,data_public\capgmyo_dba\dba-s7.zip,007-005-008.mat,1000,64
528,S07_G05_T09,7,5,4,9,data_public\capgmyo_dba\dba-s7.zip,007-005-009.mat,1000,64
529,S07_G05_T10,7,5,4,10,data_public\capgmyo_dba\dba-s7.zip,007-005-010.mat,1000,64
530,S07_G06_T01,7,6,5,1,data_public\capgmyo_dba\dba-s7.zip,007-006-001.mat,1000,64
531,S07_G06_T02,7,6,5,2,data_public\capgmyo_dba\dba-s7.zip,007-006-002.mat,1000,64
532,S07_G06_T03,7,6,5,3,data_public\capgmyo_dba\dba-s7.zip,007-006-003.mat,1000,64
533,S07_G06_T04,7,6,5,4,data_public\capgmyo_dba\dba-s7.zip,007-006-004.mat,1000,64
534,S07_G06_T05,7,6,5,5,data_public\capgmyo_dba\dba-s7.zip,007-006-005.mat,1000,64
535,S07_G06_T06,7,6,5,6,data_public\capgmyo_dba\dba-s7.zip,007-006-006.mat,1000,64
536,S07_G06_T07,7,6,5,7,data_public\capgmyo_dba\dba-s7.zip,007-006-007.mat,1000,64
537,S07_G06_T08,7,6,5,8,data_public\capgmyo_dba\dba-s7.zip,007-006-008.mat,1000,64
538,S07_G06_T09,7,6,5,9,data_public\capgmyo_dba\dba-s7.zip,007-006-009.mat,1000,64
539,S07_G06_T10,7,6,5,10,data_public\capgmyo_dba\dba-s7.zip,007-006-010.mat,1000,64
540,S07_G07_T01,7,7,6,1,data_public\capgmyo_dba\dba-s7.zip,007-007-001.mat,1000,64
541,S07_G07_T02,7,7,6,2,data_public\capgmyo_dba\dba-s7.zip,007-007-002.mat,1000,64
542,S07_G07_T03,7,7,6,3,data_public\capgmyo_dba\dba-s7.zip,007-007-003.mat,1000,64
543,S07_G07_T04,7,7,6,4,data_public\capgmyo_dba\dba-s7.zip,007-007-004.mat,1000,64
544,S07_G07_T05,7,7,6,5,data_public\capgmyo_dba\dba-s7.zip,007-007-005.mat,1000,64
545,S07_G07_T06,7,7,6,6,data_public\capgmyo_dba\dba-s7.zip,007-007-006.mat,1000,64
546,S07_G07_T07,7,7,6,7,data_public\capgmyo_dba\dba-s7.zip,007-007-007.mat,1000,64
547,S07_G07_T08,7,7,6,8,data_public\capgmyo_dba\dba-s7.zip,007-007-008.mat,1000,64
548,S07_G07_T09,7,7,6,9,data_public\capgmyo_dba\dba-s7.zip,007-007-009.mat,1000,64
549,S07_G07_T10,7,7,6,10,data_public\capgmyo_dba\dba-s7.zip,007-007-010.mat,1000,64
550,S07_G08_T01,7,8,7,1,data_public\capgmyo_dba\dba-s7.zip,007-008-001.mat,1000,64
551,S07_G08_T02,7,8,7,2,data_public\capgmyo_dba\dba-s7.zip,007-008-002.mat,1000,64
552,S07_G08_T03,7,8,7,3,data_public\capgmyo_dba\dba-s7.zip,007-008-003.mat,1000,64
553,S07_G08_T04,7,8,7,4,data_public\capgmyo_dba\dba-s7.zip,007-008-004.mat,1000,64
554,S07_G08_T05,7,8,7,5,data_public\capgmyo_dba\dba-s7.zip,007-008-005.mat,1000,64
555,S07_G08_T06,7,8,7,6,data_public\capgmyo_dba\dba-s7.zip,007-008-006.mat,1000,64
556,S07_G08_T07,7,8,7,7,data_public\capgmyo_dba\dba-s7.zip,007-008-007.mat,1000,64
557,S07_G08_T08,7,8,7,8,data_public\capgmyo_dba\dba-s7.zip,007-008-008.mat,1000,64
558,S07_G08_T09,7,8,7,9,data_public\capgmyo_dba\dba-s7.zip,007-008-009.mat,1000,64
559,S07_G08_T10,7,8,7,10,data_public\capgmyo_dba\dba-s7.zip,007-008-010.mat,1000,64
560,S08_G01_T01,8,1,0,1,data_public\capgmyo_dba\dba-s8.zip,008-001-001.mat,1000,64
561,S08_G01_T02,8,1,0,2,data_public\capgmyo_dba\dba-s8.zip,008-001-002.mat,1000,64
562,S08_G01_T03,8,1,0,3,data_public\capgmyo_dba\dba-s8.zip,008-001-003.mat,1000,64
563,S08_G01_T04,8,1,0,4,data_public\capgmyo_dba\dba-s8.zip,008-001-004.mat,1000,64
564,S08_G01_T05,8,1,0,5,data_public\capgmyo_dba\dba-s8.zip,008-001-005.mat,1000,64
565,S08_G01_T06,8,1,0,6,data_public\capgmyo_dba\dba-s8.zip,008-001-006.mat,1000,64
566,S08_G01_T07,8,1,0,7,data_public\capgmyo_dba\dba-s8.zip,008-001-007.mat,1000,64
567,S08_G01_T08,8,1,0,8,data_public\capgmyo_dba\dba-s8.zip,008-001-008.mat,1000,64
568,S08_G01_T09,8,1,0,9,data_public\capgmyo_dba\dba-s8.zip,008-001-009.mat,1000,64
569,S08_G01_T10,8,1,0,10,data_public\capgmyo_dba\dba-s8.zip,008-001-010.mat,1000,64
570,S08_G02_T01,8,2,1,1,data_public\capgmyo_dba\dba-s8.zip,008-002-001.mat,1000,64
571,S08_G02_T02,8,2,1,2,data_public\capgmyo_dba\dba-s8.zip,008-002-002.mat,1000,64
572,S08_G02_T03,8,2,1,3,data_public\capgmyo_dba\dba-s8.zip,008-002-003.mat,1000,64
573,S08_G02_T04,8,2,1,4,data_public\capgmyo_dba\dba-s8.zip,008-002-004.mat,1000,64
574,S08_G02_T05,8,2,1,5,data_public\capgmyo_dba\dba-s8.zip,008-002-005.mat,1000,64
575,S08_G02_T06,8,2,1,6,data_public\capgmyo_dba\dba-s8.zip,008-002-006.mat,1000,64
576,S08_G02_T07,8,2,1,7,data_public\capgmyo_dba\dba-s8.zip,008-002-007.mat,1000,64
577,S08_G02_T08,8,2,1,8,data_public\capgmyo_dba\dba-s8.zip,008-002-008.mat,1000,64
578,S08_G02_T09,8,2,1,9,data_public\capgmyo_dba\dba-s8.zip,008-002-009.mat,1000,64
579,S08_G02_T10,8,2,1,10,data_public\capgmyo_dba\dba-s8.zip,008-002-010.mat,1000,64
580,S08_G03_T01,8,3,2,1,data_public\capgmyo_dba\dba-s8.zip,008-003-001.mat,1000,64
581,S08_G03_T02,8,3,2,2,data_public\capgmyo_dba\dba-s8.zip,008-003-002.mat,1000,64
582,S08_G03_T03,8,3,2,3,data_public\capgmyo_dba\dba-s8.zip,008-003-003.mat,1000,64
583,S08_G03_T04,8,3,2,4,data_public\capgmyo_dba\dba-s8.zip,008-003-004.mat,1000,64
584,S08_G03_T05,8,3,2,5,data_public\capgmyo_dba\dba-s8.zip,008-003-005.mat,1000,64
585,S08_G03_T06,8,3,2,6,data_public\capgmyo_dba\dba-s8.zip,008-003-006.mat,1000,64
586,S08_G03_T07,8,3,2,7,data_public\capgmyo_dba\dba-s8.zip,008-003-007.mat,1000,64
587,S08_G03_T08,8,3,2,8,data_public\capgmyo_dba\dba-s8.zip,008-003-008.mat,1000,64
588,S08_G03_T09,8,3,2,9,data_public\capgmyo_dba\dba-s8.zip,008-003-009.mat,1000,64
589,S08_G03_T10,8,3,2,10,data_public\capgmyo_dba\dba-s8.zip,008-003-010.mat,1000,64
590,S08_G04_T01,8,4,3,1,data_public\capgmyo_dba\dba-s8.zip,008-004-001.mat,1000,64
591,S08_G04_T02,8,4,3,2,data_public\capgmyo_dba\dba-s8.zip,008-004-002.mat,1000,64
592,S08_G04_T03,8,4,3,3,data_public\capgmyo_dba\dba-s8.zip,008-004-003.mat,1000,64
593,S08_G04_T04,8,4,3,4,data_public\capgmyo_dba\dba-s8.zip,008-004-004.mat,1000,64
594,S08_G04_T05,8,4,3,5,data_public\capgmyo_dba\dba-s8.zip,008-004-005.mat,1000,64
595,S08_G04_T06,8,4,3,6,data_public\capgmyo_dba\dba-s8.zip,008-004-006.mat,1000,64
596,S08_G04_T07,8,4,3,7,data_public\capgmyo_dba\dba-s8.zip,008-004-007.mat,1000,64
597,S08_G04_T08,8,4,3,8,data_public\capgmyo_dba\dba-s8.zip,008-004-008.mat,1000,64
598,S08_G04_T09,8,4,3,9,data_public\capgmyo_dba\dba-s8.zip,008-004-009.mat,1000,64
599,S08_G04_T10,8,4,3,10,data_public\capgmyo_dba\dba-s8.zip,008-004-010.mat,1000,64
600,S08_G05_T01,8,5,4,1,data_public\capgmyo_dba\dba-s8.zip,008-005-001.mat,1000,64
601,S08_G05_T02,8,5,4,2,data_public\capgmyo_dba\dba-s8.zip,008-005-002.mat,1000,64
602,S08_G05_T03,8,5,4,3,data_public\capgmyo_dba\dba-s8.zip,008-005-003.mat,1000,64
603,S08_G05_T04,8,5,4,4,data_public\capgmyo_dba\dba-s8.zip,008-005-004.mat,1000,64
604,S08_G05_T05,8,5,4,5,data_public\capgmyo_dba\dba-s8.zip,008-005-005.mat,1000,64
605,S08_G05_T06,8,5,4,6,data_public\capgmyo_dba\dba-s8.zip,008-005-006.mat,1000,64
606,S08_G05_T07,8,5,4,7,data_public\capgmyo_dba\dba-s8.zip,008-005-007.mat,1000,64
607,S08_G05_T08,8,5,4,8,data_public\capgmyo_dba\dba-s8.zip,008-005-008.mat,1000,64
608,S08_G05_T09,8,5,4,9,data_public\capgmyo_dba\dba-s8.zip,008-005-009.mat,1000,64
609,S08_G05_T10,8,5,4,10,data_public\capgmyo_dba\dba-s8.zip,008-005-010.mat,1000,64
610,S08_G06_T01,8,6,5,1,data_public\capgmyo_dba\dba-s8.zip,008-006-001.mat,1000,64
611,S08_G06_T02,8,6,5,2,data_public\capgmyo_dba\dba-s8.zip,008-006-002.mat,1000,64
612,S08_G06_T03,8,6,5,3,data_public\capgmyo_dba\dba-s8.zip,008-006-003.mat,1000,64
613,S08_G06_T04,8,6,5,4,data_public\capgmyo_dba\dba-s8.zip,008-006-004.mat,1000,64
614,S08_G06_T05,8,6,5,5,data_public\capgmyo_dba\dba-s8.zip,008-006-005.mat,1000,64
615,S08_G06_T06,8,6,5,6,data_public\capgmyo_dba\dba-s8.zip,008-006-006.mat,1000,64
616,S08_G06_T07,8,6,5,7,data_public\capgmyo_dba\dba-s8.zip,008-006-007.mat,1000,64
617,S08_G06_T08,8,6,5,8,data_public\capgmyo_dba\dba-s8.zip,008-006-008.mat,1000,64
618,S08_G06_T09,8,6,5,9,data_public\capgmyo_dba\dba-s8.zip,008-006-009.mat,1000,64
619,S08_G06_T10,8,6,5,10,data_public\capgmyo_dba\dba-s8.zip,008-006-010.mat,1000,64
620,S08_G07_T01,8,7,6,1,data_public\capgmyo_dba\dba-s8.zip,008-007-001.mat,1000,64
621,S08_G07_T02,8,7,6,2,data_public\capgmyo_dba\dba-s8.zip,008-007-002.mat,1000,64
622,S08_G07_T03,8,7,6,3,data_public\capgmyo_dba\dba-s8.zip,008-007-003.mat,1000,64
623,S08_G07_T04,8,7,6,4,data_public\capgmyo_dba\dba-s8.zip,008-007-004.mat,1000,64
624,S08_G07_T05,8,7,6,5,data_public\capgmyo_dba\dba-s8.zip,008-007-005.mat,1000,64
625,S08_G07_T06,8,7,6,6,data_public\capgmyo_dba\dba-s8.zip,008-007-006.mat,1000,64
626,S08_G07_T07,8,7,6,7,data_public\capgmyo_dba\dba-s8.zip,008-007-007.mat,1000,64
627,S08_G07_T08,8,7,6,8,data_public\capgmyo_dba\dba-s8.zip,008-007-008.mat,1000,64
628,S08_G07_T09,8,7,6,9,data_public\capgmyo_dba\dba-s8.zip,008-007-009.mat,1000,64
629,S08_G07_T10,8,7,6,10,data_public\capgmyo_dba\dba-s8.zip,008-007-010.mat,1000,64
630,S08_G08_T01,8,8,7,1,data_public\capgmyo_dba\dba-s8.zip,008-008-001.mat,1000,64
631,S08_G08_T02,8,8,7,2,data_public\capgmyo_dba\dba-s8.zip,008-008-002.mat,1000,64
632,S08_G08_T03,8,8,7,3,data_public\capgmyo_dba\dba-s8.zip,008-008-003.mat,1000,64
633,S08_G08_T04,8,8,7,4,data_public\capgmyo_dba\dba-s8.zip,008-008-004.mat,1000,64
634,S08_G08_T05,8,8,7,5,data_public\capgmyo_dba\dba-s8.zip,008-008-005.mat,1000,64
635,S08_G08_T06,8,8,7,6,data_public\capgmyo_dba\dba-s8.zip,008-008-006.mat,1000,64
636,S08_G08_T07,8,8,7,7,data_public\capgmyo_dba\dba-s8.zip,008-008-007.mat,1000,64
637,S08_G08_T08,8,8,7,8,data_public\capgmyo_dba\dba-s8.zip,008-008-008.mat,1000,64
638,S08_G08_T09,8,8,7,9,data_public\capgmyo_dba\dba-s8.zip,008-008-009.mat,1000,64
639,S08_G08_T10,8,8,7,10,data_public\capgmyo_dba\dba-s8.zip,008-008-010.mat,1000,64
640,S09_G01_T01,9,1,0,1,data_public\capgmyo_dba\dba-s9.zip,009-001-001.mat,1000,64
641,S09_G01_T02,9,1,0,2,data_public\capgmyo_dba\dba-s9.zip,009-001-002.mat,1000,64
642,S09_G01_T03,9,1,0,3,data_public\capgmyo_dba\dba-s9.zip,009-001-003.mat,1000,64
643,S09_G01_T04,9,1,0,4,data_public\capgmyo_dba\dba-s9.zip,009-001-004.mat,1000,64
644,S09_G01_T05,9,1,0,5,data_public\capgmyo_dba\dba-s9.zip,009-001-005.mat,1000,64
645,S09_G01_T06,9,1,0,6,data_public\capgmyo_dba\dba-s9.zip,009-001-006.mat,1000,64
646,S09_G01_T07,9,1,0,7,data_public\capgmyo_dba\dba-s9.zip,009-001-007.mat,1000,64
647,S09_G01_T08,9,1,0,8,data_public\capgmyo_dba\dba-s9.zip,009-001-008.mat,1000,64
648,S09_G01_T09,9,1,0,9,data_public\capgmyo_dba\dba-s9.zip,009-001-009.mat,1000,64
649,S09_G01_T10,9,1,0,10,data_public\capgmyo_dba\dba-s9.zip,009-001-010.mat,1000,64
650,S09_G02_T01,9,2,1,1,data_public\capgmyo_dba\dba-s9.zip,009-002-001.mat,1000,64
651,S09_G02_T02,9,2,1,2,data_public\capgmyo_dba\dba-s9.zip,009-002-002.mat,1000,64
652,S09_G02_T03,9,2,1,3,data_public\capgmyo_dba\dba-s9.zip,009-002-003.mat,1000,64
653,S09_G02_T04,9,2,1,4,data_public\capgmyo_dba\dba-s9.zip,009-002-004.mat,1000,64
654,S09_G02_T05,9,2,1,5,data_public\capgmyo_dba\dba-s9.zip,009-002-005.mat,1000,64
655,S09_G02_T06,9,2,1,6,data_public\capgmyo_dba\dba-s9.zip,009-002-006.mat,1000,64
656,S09_G02_T07,9,2,1,7,data_public\capgmyo_dba\dba-s9.zip,009-002-007.mat,1000,64
657,S09_G02_T08,9,2,1,8,data_public\capgmyo_dba\dba-s9.zip,009-002-008.mat,1000,64
658,S09_G02_T09,9,2,1,9,data_public\capgmyo_dba\dba-s9.zip,009-002-009.mat,1000,64
659,S09_G02_T10,9,2,1,10,data_public\capgmyo_dba\dba-s9.zip,009-002-010.mat,1000,64
660,S09_G03_T01,9,3,2,1,data_public\capgmyo_dba\dba-s9.zip,009-003-001.mat,1000,64
661,S09_G03_T02,9,3,2,2,data_public\capgmyo_dba\dba-s9.zip,009-003-002.mat,1000,64
662,S09_G03_T03,9,3,2,3,data_public\capgmyo_dba\dba-s9.zip,009-003-003.mat,1000,64
663,S09_G03_T04,9,3,2,4,data_public\capgmyo_dba\dba-s9.zip,009-003-004.mat,1000,64
664,S09_G03_T05,9,3,2,5,data_public\capgmyo_dba\dba-s9.zip,009-003-005.mat,1000,64
665,S09_G03_T06,9,3,2,6,data_public\capgmyo_dba\dba-s9.zip,009-003-006.mat,1000,64
666,S09_G03_T07,9,3,2,7,data_public\capgmyo_dba\dba-s9.zip,009-003-007.mat,1000,64
667,S09_G03_T08,9,3,2,8,data_public\capgmyo_dba\dba-s9.zip,009-003-008.mat,1000,64
668,S09_G03_T09,9,3,2,9,data_public\capgmyo_dba\dba-s9.zip,009-003-009.mat,1000,64
669,S09_G03_T10,9,3,2,10,data_public\capgmyo_dba\dba-s9.zip,009-003-010.mat,1000,64
670,S09_G04_T01,9,4,3,1,data_public\capgmyo_dba\dba-s9.zip,009-004-001.mat,1000,64
671,S09_G04_T02,9,4,3,2,data_public\capgmyo_dba\dba-s9.zip,009-004-002.mat,1000,64
672,S09_G04_T03,9,4,3,3,data_public\capgmyo_dba\dba-s9.zip,009-004-003.mat,1000,64
673,S09_G04_T04,9,4,3,4,data_public\capgmyo_dba\dba-s9.zip,009-004-004.mat,1000,64
674,S09_G04_T05,9,4,3,5,data_public\capgmyo_dba\dba-s9.zip,009-004-005.mat,1000,64
675,S09_G04_T06,9,4,3,6,data_public\capgmyo_dba\dba-s9.zip,009-004-006.mat,1000,64
676,S09_G04_T07,9,4,3,7,data_public\capgmyo_dba\dba-s9.zip,009-004-007.mat,1000,64
677,S09_G04_T08,9,4,3,8,data_public\capgmyo_dba\dba-s9.zip,009-004-008.mat,1000,64
678,S09_G04_T09,9,4,3,9,data_public\capgmyo_dba\dba-s9.zip,009-004-009.mat,1000,64
679,S09_G04_T10,9,4,3,10,data_public\capgmyo_dba\dba-s9.zip,009-004-010.mat,1000,64
680,S09_G05_T01,9,5,4,1,data_public\capgmyo_dba\dba-s9.zip,009-005-001.mat,1000,64
681,S09_G05_T02,9,5,4,2,data_public\capgmyo_dba\dba-s9.zip,009-005-002.mat,1000,64
682,S09_G05_T03,9,5,4,3,data_public\capgmyo_dba\dba-s9.zip,009-005-003.mat,1000,64
683,S09_G05_T04,9,5,4,4,data_public\capgmyo_dba\dba-s9.zip,009-005-004.mat,1000,64
684,S09_G05_T05,9,5,4,5,data_public\capgmyo_dba\dba-s9.zip,009-005-005.mat,1000,64
685,S09_G05_T06,9,5,4,6,data_public\capgmyo_dba\dba-s9.zip,009-005-006.mat,1000,64
686,S09_G05_T07,9,5,4,7,data_public\capgmyo_dba\dba-s9.zip,009-005-007.mat,1000,64
687,S09_G05_T08,9,5,4,8,data_public\capgmyo_dba\dba-s9.zip,009-005-008.mat,1000,64
688,S09_G05_T09,9,5,4,9,data_public\capgmyo_dba\dba-s9.zip,009-005-009.mat,1000,64
689,S09_G05_T10,9,5,4,10,data_public\capgmyo_dba\dba-s9.zip,009-005-010.mat,1000,64
690,S09_G06_T01,9,6,5,1,data_public\capgmyo_dba\dba-s9.zip,009-006-001.mat,1000,64
691,S09_G06_T02,9,6,5,2,data_public\capgmyo_dba\dba-s9.zip,009-006-002.mat,1000,64
692,S09_G06_T03,9,6,5,3,data_public\capgmyo_dba\dba-s9.zip,009-006-003.mat,1000,64
693,S09_G06_T04,9,6,5,4,data_public\capgmyo_dba\dba-s9.zip,009-006-004.mat,1000,64
694,S09_G06_T05,9,6,5,5,data_public\capgmyo_dba\dba-s9.zip,009-006-005.mat,1000,64
695,S09_G06_T06,9,6,5,6,data_public\capgmyo_dba\dba-s9.zip,009-006-006.mat,1000,64
696,S09_G06_T07,9,6,5,7,data_public\capgmyo_dba\dba-s9.zip,009-006-007.mat,1000,64
697,S09_G06_T08,9,6,5,8,data_public\capgmyo_dba\dba-s9.zip,009-006-008.mat,1000,64
698,S09_G06_T09,9,6,5,9,data_public\capgmyo_dba\dba-s9.zip,009-006-009.mat,1000,64
699,S09_G06_T10,9,6,5,10,data_public\capgmyo_dba\dba-s9.zip,009-006-010.mat,1000,64
700,S09_G07_T01,9,7,6,1,data_public\capgmyo_dba\dba-s9.zip,009-007-001.mat,1000,64
701,S09_G07_T02,9,7,6,2,data_public\capgmyo_dba\dba-s9.zip,009-007-002.mat,1000,64
702,S09_G07_T03,9,7,6,3,data_public\capgmyo_dba\dba-s9.zip,009-007-003.mat,1000,64
703,S09_G07_T04,9,7,6,4,data_public\capgmyo_dba\dba-s9.zip,009-007-004.mat,1000,64
704,S09_G07_T05,9,7,6,5,data_public\capgmyo_dba\dba-s9.zip,009-007-005.mat,1000,64
705,S09_G07_T06,9,7,6,6,data_public\capgmyo_dba\dba-s9.zip,009-007-006.mat,1000,64
706,S09_G07_T07,9,7,6,7,data_public\capgmyo_dba\dba-s9.zip,009-007-007.mat,1000,64
707,S09_G07_T08,9,7,6,8,data_public\capgmyo_dba\dba-s9.zip,009-007-008.mat,1000,64
708,S09_G07_T09,9,7,6,9,data_public\capgmyo_dba\dba-s9.zip,009-007-009.mat,1000,64
709,S09_G07_T10,9,7,6,10,data_public\capgmyo_dba\dba-s9.zip,009-007-010.mat,1000,64
710,S09_G08_T01,9,8,7,1,data_public\capgmyo_dba\dba-s9.zip,009-008-001.mat,1000,64
711,S09_G08_T02,9,8,7,2,data_public\capgmyo_dba\dba-s9.zip,009-008-002.mat,1000,64
712,S09_G08_T03,9,8,7,3,data_public\capgmyo_dba\dba-s9.zip,009-008-003.mat,1000,64
713,S09_G08_T04,9,8,7,4,data_public\capgmyo_dba\dba-s9.zip,009-008-004.mat,1000,64
714,S09_G08_T05,9,8,7,5,data_public\capgmyo_dba\dba-s9.zip,009-008-005.mat,1000,64
715,S09_G08_T06,9,8,7,6,data_public\capgmyo_dba\dba-s9.zip,009-008-006.mat,1000,64
716,S09_G08_T07,9,8,7,7,data_public\capgmyo_dba\dba-s9.zip,009-008-007.mat,1000,64
717,S09_G08_T08,9,8,7,8,data_public\capgmyo_dba\dba-s9.zip,009-008-008.mat,1000,64
718,S09_G08_T09,9,8,7,9,data_public\capgmyo_dba\dba-s9.zip,009-008-009.mat,1000,64
719,S09_G08_T10,9,8,7,10,data_public\capgmyo_dba\dba-s9.zip,009-008-010.mat,1000,64
720,S10_G01_T01,10,1,0,1,data_public\capgmyo_dba\dba-s10.zip,010-001-001.mat,1000,64
721,S10_G01_T02,10,1,0,2,data_public\capgmyo_dba\dba-s10.zip,010-001-002.mat,1000,64
722,S10_G01_T03,10,1,0,3,data_public\capgmyo_dba\dba-s10.zip,010-001-003.mat,1000,64
723,S10_G01_T04,10,1,0,4,data_public\capgmyo_dba\dba-s10.zip,010-001-004.mat,1000,64
724,S10_G01_T05,10,1,0,5,data_public\capgmyo_dba\dba-s10.zip,010-001-005.mat,1000,64
725,S10_G01_T06,10,1,0,6,data_public\capgmyo_dba\dba-s10.zip,010-001-006.mat,1000,64
726,S10_G01_T07,10,1,0,7,data_public\capgmyo_dba\dba-s10.zip,010-001-007.mat,1000,64
727,S10_G01_T08,10,1,0,8,data_public\capgmyo_dba\dba-s10.zip,010-001-008.mat,1000,64
728,S10_G01_T09,10,1,0,9,data_public\capgmyo_dba\dba-s10.zip,010-001-009.mat,1000,64
729,S10_G01_T10,10,1,0,10,data_public\capgmyo_dba\dba-s10.zip,010-001-010.mat,1000,64
730,S10_G02_T01,10,2,1,1,data_public\capgmyo_dba\dba-s10.zip,010-002-001.mat,1000,64
731,S10_G02_T02,10,2,1,2,data_public\capgmyo_dba\dba-s10.zip,010-002-002.mat,1000,64
732,S10_G02_T03,10,2,1,3,data_public\capgmyo_dba\dba-s10.zip,010-002-003.mat,1000,64
733,S10_G02_T04,10,2,1,4,data_public\capgmyo_dba\dba-s10.zip,010-002-004.mat,1000,64
734,S10_G02_T05,10,2,1,5,data_public\capgmyo_dba\dba-s10.zip,010-002-005.mat,1000,64
735,S10_G02_T06,10,2,1,6,data_public\capgmyo_dba\dba-s10.zip,010-002-006.mat,1000,64
736,S10_G02_T07,10,2,1,7,data_public\capgmyo_dba\dba-s10.zip,010-002-007.mat,1000,64
737,S10_G02_T08,10,2,1,8,data_public\capgmyo_dba\dba-s10.zip,010-002-008.mat,1000,64
738,S10_G02_T09,10,2,1,9,data_public\capgmyo_dba\dba-s10.zip,010-002-009.mat,1000,64
739,S10_G02_T10,10,2,1,10,data_public\capgmyo_dba\dba-s10.zip,010-002-010.mat,1000,64
740,S10_G03_T01,10,3,2,1,data_public\capgmyo_dba\dba-s10.zip,010-003-001.mat,1000,64
741,S10_G03_T02,10,3,2,2,data_public\capgmyo_dba\dba-s10.zip,010-003-002.mat,1000,64
742,S10_G03_T03,10,3,2,3,data_public\capgmyo_dba\dba-s10.zip,010-003-003.mat,1000,64
743,S10_G03_T04,10,3,2,4,data_public\capgmyo_dba\dba-s10.zip,010-003-004.mat,1000,64
744,S10_G03_T05,10,3,2,5,data_public\capgmyo_dba\dba-s10.zip,010-003-005.mat,1000,64
745,S10_G03_T06,10,3,2,6,data_public\capgmyo_dba\dba-s10.zip,010-003-006.mat,1000,64
746,S10_G03_T07,10,3,2,7,data_public\capgmyo_dba\dba-s10.zip,010-003-007.mat,1000,64
747,S10_G03_T08,10,3,2,8,data_public\capgmyo_dba\dba-s10.zip,010-003-008.mat,1000,64
748,S10_G03_T09,10,3,2,9,data_public\capgmyo_dba\dba-s10.zip,010-003-009.mat,1000,64
749,S10_G03_T10,10,3,2,10,data_public\capgmyo_dba\dba-s10.zip,010-003-010.mat,1000,64
750,S10_G04_T01,10,4,3,1,data_public\capgmyo_dba\dba-s10.zip,010-004-001.mat,1000,64
751,S10_G04_T02,10,4,3,2,data_public\capgmyo_dba\dba-s10.zip,010-004-002.mat,1000,64
752,S10_G04_T03,10,4,3,3,data_public\capgmyo_dba\dba-s10.zip,010-004-003.mat,1000,64
753,S10_G04_T04,10,4,3,4,data_public\capgmyo_dba\dba-s10.zip,010-004-004.mat,1000,64
754,S10_G04_T05,10,4,3,5,data_public\capgmyo_dba\dba-s10.zip,010-004-005.mat,1000,64
755,S10_G04_T06,10,4,3,6,data_public\capgmyo_dba\dba-s10.zip,010-004-006.mat,1000,64
756,S10_G04_T07,10,4,3,7,data_public\capgmyo_dba\dba-s10.zip,010-004-007.mat,1000,64
757,S10_G04_T08,10,4,3,8,data_public\capgmyo_dba\dba-s10.zip,010-004-008.mat,1000,64
758,S10_G04_T09,10,4,3,9,data_public\capgmyo_dba\dba-s10.zip,010-004-009.mat,1000,64
759,S10_G04_T10,10,4,3,10,data_public\capgmyo_dba\dba-s10.zip,010-004-010.mat,1000,64
760,S10_G05_T01,10,5,4,1,data_public\capgmyo_dba\dba-s10.zip,010-005-001.mat,1000,64
761,S10_G05_T02,10,5,4,2,data_public\capgmyo_dba\dba-s10.zip,010-005-002.mat,1000,64
762,S10_G05_T03,10,5,4,3,data_public\capgmyo_dba\dba-s10.zip,010-005-003.mat,1000,64
763,S10_G05_T04,10,5,4,4,data_public\capgmyo_dba\dba-s10.zip,010-005-004.mat,1000,64
764,S10_G05_T05,10,5,4,5,data_public\capgmyo_dba\dba-s10.zip,010-005-005.mat,1000,64
765,S10_G05_T06,10,5,4,6,data_public\capgmyo_dba\dba-s10.zip,010-005-006.mat,1000,64
766,S10_G05_T07,10,5,4,7,data_public\capgmyo_dba\dba-s10.zip,010-005-007.mat,1000,64
767,S10_G05_T08,10,5,4,8,data_public\capgmyo_dba\dba-s10.zip,010-005-008.mat,1000,64
768,S10_G05_T09,10,5,4,9,data_public\capgmyo_dba\dba-s10.zip,010-005-009.mat,1000,64
769,S10_G05_T10,10,5,4,10,data_public\capgmyo_dba\dba-s10.zip,010-005-010.mat,1000,64
770,S10_G06_T01,10,6,5,1,data_public\capgmyo_dba\dba-s10.zip,010-006-001.mat,1000,64
771,S10_G06_T02,10,6,5,2,data_public\capgmyo_dba\dba-s10.zip,010-006-002.mat,1000,64
772,S10_G06_T03,10,6,5,3,data_public\capgmyo_dba\dba-s10.zip,010-006-003.mat,1000,64
773,S10_G06_T04,10,6,5,4,data_public\capgmyo_dba\dba-s10.zip,010-006-004.mat,1000,64
774,S10_G06_T05,10,6,5,5,data_public\capgmyo_dba\dba-s10.zip,010-006-005.mat,1000,64
775,S10_G06_T06,10,6,5,6,data_public\capgmyo_dba\dba-s10.zip,010-006-006.mat,1000,64
776,S10_G06_T07,10,6,5,7,data_public\capgmyo_dba\dba-s10.zip,010-006-007.mat,1000,64
777,S10_G06_T08,10,6,5,8,data_public\capgmyo_dba\dba-s10.zip,010-006-008.mat,1000,64
778,S10_G06_T09,10,6,5,9,data_public\capgmyo_dba\dba-s10.zip,010-006-009.mat,1000,64
779,S10_G06_T10,10,6,5,10,data_public\capgmyo_dba\dba-s10.zip,010-006-010.mat,1000,64
780,S10_G07_T01,10,7,6,1,data_public\capgmyo_dba\dba-s10.zip,010-007-001.mat,1000,64
781,S10_G07_T02,10,7,6,2,data_public\capgmyo_dba\dba-s10.zip,010-007-002.mat,1000,64
782,S10_G07_T03,10,7,6,3,data_public\capgmyo_dba\dba-s10.zip,010-007-003.mat,1000,64
783,S10_G07_T04,10,7,6,4,data_public\capgmyo_dba\dba-s10.zip,010-007-004.mat,1000,64
784,S10_G07_T05,10,7,6,5,data_public\capgmyo_dba\dba-s10.zip,010-007-005.mat,1000,64
785,S10_G07_T06,10,7,6,6,data_public\capgmyo_dba\dba-s10.zip,010-007-006.mat,1000,64
786,S10_G07_T07,10,7,6,7,data_public\capgmyo_dba\dba-s10.zip,010-007-007.mat,1000,64
787,S10_G07_T08,10,7,6,8,data_public\capgmyo_dba\dba-s10.zip,010-007-008.mat,1000,64
788,S10_G07_T09,10,7,6,9,data_public\capgmyo_dba\dba-s10.zip,010-007-009.mat,1000,64
789,S10_G07_T10,10,7,6,10,data_public\capgmyo_dba\dba-s10.zip,010-007-010.mat,1000,64
790,S10_G08_T01,10,8,7,1,data_public\capgmyo_dba\dba-s10.zip,010-008-001.mat,1000,64
791,S10_G08_T02,10,8,7,2,data_public\capgmyo_dba\dba-s10.zip,010-008-002.mat,1000,64
792,S10_G08_T03,10,8,7,3,data_public\capgmyo_dba\dba-s10.zip,010-008-003.mat,1000,64
793,S10_G08_T04,10,8,7,4,data_public\capgmyo_dba\dba-s10.zip,010-008-004.mat,1000,64
794,S10_G08_T05,10,8,7,5,data_public\capgmyo_dba\dba-s10.zip,010-008-005.mat,1000,64
795,S10_G08_T06,10,8,7,6,data_public\capgmyo_dba\dba-s10.zip,010-008-006.mat,1000,64
796,S10_G08_T07,10,8,7,7,data_public\capgmyo_dba\dba-s10.zip,010-008-007.mat,1000,64
797,S10_G08_T08,10,8,7,8,data_public\capgmyo_dba\dba-s10.zip,010-008-008.mat,1000,64
798,S10_G08_T09,10,8,7,9,data_public\capgmyo_dba\dba-s10.zip,010-008-009.mat,1000,64
799,S10_G08_T10,10,8,7,10,data_public\capgmyo_dba\dba-s10.zip,010-008-010.mat,1000,64
800,S11_G01_T01,11,1,0,1,data_public\capgmyo_dba\dba-s11.zip,011-001-001.mat,1000,64
801,S11_G01_T02,11,1,0,2,data_public\capgmyo_dba\dba-s11.zip,011-001-002.mat,1000,64
802,S11_G01_T03,11,1,0,3,data_public\capgmyo_dba\dba-s11.zip,011-001-003.mat,1000,64
803,S11_G01_T04,11,1,0,4,data_public\capgmyo_dba\dba-s11.zip,011-001-004.mat,1000,64
804,S11_G01_T05,11,1,0,5,data_public\capgmyo_dba\dba-s11.zip,011-001-005.mat,1000,64
805,S11_G01_T06,11,1,0,6,data_public\capgmyo_dba\dba-s11.zip,011-001-006.mat,1000,64
806,S11_G01_T07,11,1,0,7,data_public\capgmyo_dba\dba-s11.zip,011-001-007.mat,1000,64
807,S11_G01_T08,11,1,0,8,data_public\capgmyo_dba\dba-s11.zip,011-001-008.mat,1000,64
808,S11_G01_T09,11,1,0,9,data_public\capgmyo_dba\dba-s11.zip,011-001-009.mat,1000,64
809,S11_G01_T10,11,1,0,10,data_public\capgmyo_dba\dba-s11.zip,011-001-010.mat,1000,64
810,S11_G02_T01,11,2,1,1,data_public\capgmyo_dba\dba-s11.zip,011-002-001.mat,1000,64
811,S11_G02_T02,11,2,1,2,data_public\capgmyo_dba\dba-s11.zip,011-002-002.mat,1000,64
812,S11_G02_T03,11,2,1,3,data_public\capgmyo_dba\dba-s11.zip,011-002-003.mat,1000,64
813,S11_G02_T04,11,2,1,4,data_public\capgmyo_dba\dba-s11.zip,011-002-004.mat,1000,64
814,S11_G02_T05,11,2,1,5,data_public\capgmyo_dba\dba-s11.zip,011-002-005.mat,1000,64
815,S11_G02_T06,11,2,1,6,data_public\capgmyo_dba\dba-s11.zip,011-002-006.mat,1000,64
816,S11_G02_T07,11,2,1,7,data_public\capgmyo_dba\dba-s11.zip,011-002-007.mat,1000,64
817,S11_G02_T08,11,2,1,8,data_public\capgmyo_dba\dba-s11.zip,011-002-008.mat,1000,64
818,S11_G02_T09,11,2,1,9,data_public\capgmyo_dba\dba-s11.zip,011-002-009.mat,1000,64
819,S11_G02_T10,11,2,1,10,data_public\capgmyo_dba\dba-s11.zip,011-002-010.mat,1000,64
820,S11_G03_T01,11,3,2,1,data_public\capgmyo_dba\dba-s11.zip,011-003-001.mat,1000,64
821,S11_G03_T02,11,3,2,2,data_public\capgmyo_dba\dba-s11.zip,011-003-002.mat,1000,64
822,S11_G03_T03,11,3,2,3,data_public\capgmyo_dba\dba-s11.zip,011-003-003.mat,1000,64
823,S11_G03_T04,11,3,2,4,data_public\capgmyo_dba\dba-s11.zip,011-003-004.mat,1000,64
824,S11_G03_T05,11,3,2,5,data_public\capgmyo_dba\dba-s11.zip,011-003-005.mat,1000,64
825,S11_G03_T06,11,3,2,6,data_public\capgmyo_dba\dba-s11.zip,011-003-006.mat,1000,64
826,S11_G03_T07,11,3,2,7,data_public\capgmyo_dba\dba-s11.zip,011-003-007.mat,1000,64
827,S11_G03_T08,11,3,2,8,data_public\capgmyo_dba\dba-s11.zip,011-003-008.mat,1000,64
828,S11_G03_T09,11,3,2,9,data_public\capgmyo_dba\dba-s11.zip,011-003-009.mat,1000,64
829,S11_G03_T10,11,3,2,10,data_public\capgmyo_dba\dba-s11.zip,011-003-010.mat,1000,64
830,S11_G04_T01,11,4,3,1,data_public\capgmyo_dba\dba-s11.zip,011-004-001.mat,1000,64
831,S11_G04_T02,11,4,3,2,data_public\capgmyo_dba\dba-s11.zip,011-004-002.mat,1000,64
832,S11_G04_T03,11,4,3,3,data_public\capgmyo_dba\dba-s11.zip,011-004-003.mat,1000,64
833,S11_G04_T04,11,4,3,4,data_public\capgmyo_dba\dba-s11.zip,011-004-004.mat,1000,64
834,S11_G04_T05,11,4,3,5,data_public\capgmyo_dba\dba-s11.zip,011-004-005.mat,1000,64
835,S11_G04_T06,11,4,3,6,data_public\capgmyo_dba\dba-s11.zip,011-004-006.mat,1000,64
836,S11_G04_T07,11,4,3,7,data_public\capgmyo_dba\dba-s11.zip,011-004-007.mat,1000,64
837,S11_G04_T08,11,4,3,8,data_public\capgmyo_dba\dba-s11.zip,011-004-008.mat,1000,64
838,S11_G04_T09,11,4,3,9,data_public\capgmyo_dba\dba-s11.zip,011-004-009.mat,1000,64
839,S11_G04_T10,11,4,3,10,data_public\capgmyo_dba\dba-s11.zip,011-004-010.mat,1000,64
840,S11_G05_T01,11,5,4,1,data_public\capgmyo_dba\dba-s11.zip,011-005-001.mat,1000,64
841,S11_G05_T02,11,5,4,2,data_public\capgmyo_dba\dba-s11.zip,011-005-002.mat,1000,64
842,S11_G05_T03,11,5,4,3,data_public\capgmyo_dba\dba-s11.zip,011-005-003.mat,1000,64
843,S11_G05_T04,11,5,4,4,data_public\capgmyo_dba\dba-s11.zip,011-005-004.mat,1000,64
844,S11_G05_T05,11,5,4,5,data_public\capgmyo_dba\dba-s11.zip,011-005-005.mat,1000,64
845,S11_G05_T06,11,5,4,6,data_public\capgmyo_dba\dba-s11.zip,011-005-006.mat,1000,64
846,S11_G05_T07,11,5,4,7,data_public\capgmyo_dba\dba-s11.zip,011-005-007.mat,1000,64
847,S11_G05_T08,11,5,4,8,data_public\capgmyo_dba\dba-s11.zip,011-005-008.mat,1000,64
848,S11_G05_T09,11,5,4,9,data_public\capgmyo_dba\dba-s11.zip,011-005-009.mat,1000,64
849,S11_G05_T10,11,5,4,10,data_public\capgmyo_dba\dba-s11.zip,011-005-010.mat,1000,64
850,S11_G06_T01,11,6,5,1,data_public\capgmyo_dba\dba-s11.zip,011-006-001.mat,1000,64
851,S11_G06_T02,11,6,5,2,data_public\capgmyo_dba\dba-s11.zip,011-006-002.mat,1000,64
852,S11_G06_T03,11,6,5,3,data_public\capgmyo_dba\dba-s11.zip,011-006-003.mat,1000,64
853,S11_G06_T04,11,6,5,4,data_public\capgmyo_dba\dba-s11.zip,011-006-004.mat,1000,64
854,S11_G06_T05,11,6,5,5,data_public\capgmyo_dba\dba-s11.zip,011-006-005.mat,1000,64
855,S11_G06_T06,11,6,5,6,data_public\capgmyo_dba\dba-s11.zip,011-006-006.mat,1000,64
856,S11_G06_T07,11,6,5,7,data_public\capgmyo_dba\dba-s11.zip,011-006-007.mat,1000,64
857,S11_G06_T08,11,6,5,8,data_public\capgmyo_dba\dba-s11.zip,011-006-008.mat,1000,64
858,S11_G06_T09,11,6,5,9,data_public\capgmyo_dba\dba-s11.zip,011-006-009.mat,1000,64
859,S11_G06_T10,11,6,5,10,data_public\capgmyo_dba\dba-s11.zip,011-006-010.mat,1000,64
860,S11_G07_T01,11,7,6,1,data_public\capgmyo_dba\dba-s11.zip,011-007-001.mat,1000,64
861,S11_G07_T02,11,7,6,2,data_public\capgmyo_dba\dba-s11.zip,011-007-002.mat,1000,64
862,S11_G07_T03,11,7,6,3,data_public\capgmyo_dba\dba-s11.zip,011-007-003.mat,1000,64
863,S11_G07_T04,11,7,6,4,data_public\capgmyo_dba\dba-s11.zip,011-007-004.mat,1000,64
864,S11_G07_T05,11,7,6,5,data_public\capgmyo_dba\dba-s11.zip,011-007-005.mat,1000,64
865,S11_G07_T06,11,7,6,6,data_public\capgmyo_dba\dba-s11.zip,011-007-006.mat,1000,64
866,S11_G07_T07,11,7,6,7,data_public\capgmyo_dba\dba-s11.zip,011-007-007.mat,1000,64
867,S11_G07_T08,11,7,6,8,data_public\capgmyo_dba\dba-s11.zip,011-007-008.mat,1000,64
868,S11_G07_T09,11,7,6,9,data_public\capgmyo_dba\dba-s11.zip,011-007-009.mat,1000,64
869,S11_G07_T10,11,7,6,10,data_public\capgmyo_dba\dba-s11.zip,011-007-010.mat,1000,64
870,S11_G08_T01,11,8,7,1,data_public\capgmyo_dba\dba-s11.zip,011-008-001.mat,1000,64
871,S11_G08_T02,11,8,7,2,data_public\capgmyo_dba\dba-s11.zip,011-008-002.mat,1000,64
872,S11_G08_T03,11,8,7,3,data_public\capgmyo_dba\dba-s11.zip,011-008-003.mat,1000,64
873,S11_G08_T04,11,8,7,4,data_public\capgmyo_dba\dba-s11.zip,011-008-004.mat,1000,64
874,S11_G08_T05,11,8,7,5,data_public\capgmyo_dba\dba-s11.zip,011-008-005.mat,1000,64
875,S11_G08_T06,11,8,7,6,data_public\capgmyo_dba\dba-s11.zip,011-008-006.mat,1000,64
876,S11_G08_T07,11,8,7,7,data_public\capgmyo_dba\dba-s11.zip,011-008-007.mat,1000,64
877,S11_G08_T08,11,8,7,8,data_public\capgmyo_dba\dba-s11.zip,011-008-008.mat,1000,64
878,S11_G08_T09,11,8,7,9,data_public\capgmyo_dba\dba-s11.zip,011-008-009.mat,1000,64
879,S11_G08_T10,11,8,7,10,data_public\capgmyo_dba\dba-s11.zip,011-008-010.mat,1000,64
880,S12_G01_T01,12,1,0,1,data_public\capgmyo_dba\dba-s12.zip,012-001-001.mat,1000,64
881,S12_G01_T02,12,1,0,2,data_public\capgmyo_dba\dba-s12.zip,012-001-002.mat,1000,64
882,S12_G01_T03,12,1,0,3,data_public\capgmyo_dba\dba-s12.zip,012-001-003.mat,1000,64
883,S12_G01_T04,12,1,0,4,data_public\capgmyo_dba\dba-s12.zip,012-001-004.mat,1000,64
884,S12_G01_T05,12,1,0,5,data_public\capgmyo_dba\dba-s12.zip,012-001-005.mat,1000,64
885,S12_G01_T06,12,1,0,6,data_public\capgmyo_dba\dba-s12.zip,012-001-006.mat,1000,64
886,S12_G01_T07,12,1,0,7,data_public\capgmyo_dba\dba-s12.zip,012-001-007.mat,1000,64
887,S12_G01_T08,12,1,0,8,data_public\capgmyo_dba\dba-s12.zip,012-001-008.mat,1000,64
888,S12_G01_T09,12,1,0,9,data_public\capgmyo_dba\dba-s12.zip,012-001-009.mat,1000,64
889,S12_G01_T10,12,1,0,10,data_public\capgmyo_dba\dba-s12.zip,012-001-010.mat,1000,64
890,S12_G02_T01,12,2,1,1,data_public\capgmyo_dba\dba-s12.zip,012-002-001.mat,1000,64
891,S12_G02_T02,12,2,1,2,data_public\capgmyo_dba\dba-s12.zip,012-002-002.mat,1000,64
892,S12_G02_T03,12,2,1,3,data_public\capgmyo_dba\dba-s12.zip,012-002-003.mat,1000,64
893,S12_G02_T04,12,2,1,4,data_public\capgmyo_dba\dba-s12.zip,012-002-004.mat,1000,64
894,S12_G02_T05,12,2,1,5,data_public\capgmyo_dba\dba-s12.zip,012-002-005.mat,1000,64
895,S12_G02_T06,12,2,1,6,data_public\capgmyo_dba\dba-s12.zip,012-002-006.mat,1000,64
896,S12_G02_T07,12,2,1,7,data_public\capgmyo_dba\dba-s12.zip,012-002-007.mat,1000,64
897,S12_G02_T08,12,2,1,8,data_public\capgmyo_dba\dba-s12.zip,012-002-008.mat,1000,64
898,S12_G02_T09,12,2,1,9,data_public\capgmyo_dba\dba-s12.zip,012-002-009.mat,1000,64
899,S12_G02_T10,12,2,1,10,data_public\capgmyo_dba\dba-s12.zip,012-002-010.mat,1000,64
900,S12_G03_T01,12,3,2,1,data_public\capgmyo_dba\dba-s12.zip,012-003-001.mat,1000,64
901,S12_G03_T02,12,3,2,2,data_public\capgmyo_dba\dba-s12.zip,012-003-002.mat,1000,64
902,S12_G03_T03,12,3,2,3,data_public\capgmyo_dba\dba-s12.zip,012-003-003.mat,1000,64
903,S12_G03_T04,12,3,2,4,data_public\capgmyo_dba\dba-s12.zip,012-003-004.mat,1000,64
904,S12_G03_T05,12,3,2,5,data_public\capgmyo_dba\dba-s12.zip,012-003-005.mat,1000,64
905,S12_G03_T06,12,3,2,6,data_public\capgmyo_dba\dba-s12.zip,012-003-006.mat,1000,64
906,S12_G03_T07,12,3,2,7,data_public\capgmyo_dba\dba-s12.zip,012-003-007.mat,1000,64
907,S12_G03_T08,12,3,2,8,data_public\capgmyo_dba\dba-s12.zip,012-003-008.mat,1000,64
908,S12_G03_T09,12,3,2,9,data_public\capgmyo_dba\dba-s12.zip,012-003-009.mat,1000,64
909,S12_G03_T10,12,3,2,10,data_public\capgmyo_dba\dba-s12.zip,012-003-010.mat,1000,64
910,S12_G04_T01,12,4,3,1,data_public\capgmyo_dba\dba-s12.zip,012-004-001.mat,1000,64
911,S12_G04_T02,12,4,3,2,data_public\capgmyo_dba\dba-s12.zip,012-004-002.mat,1000,64
912,S12_G04_T03,12,4,3,3,data_public\capgmyo_dba\dba-s12.zip,012-004-003.mat,1000,64
913,S12_G04_T04,12,4,3,4,data_public\capgmyo_dba\dba-s12.zip,012-004-004.mat,1000,64
914,S12_G04_T05,12,4,3,5,data_public\capgmyo_dba\dba-s12.zip,012-004-005.mat,1000,64
915,S12_G04_T06,12,4,3,6,data_public\capgmyo_dba\dba-s12.zip,012-004-006.mat,1000,64
916,S12_G04_T07,12,4,3,7,data_public\capgmyo_dba\dba-s12.zip,012-004-007.mat,1000,64
917,S12_G04_T08,12,4,3,8,data_public\capgmyo_dba\dba-s12.zip,012-004-008.mat,1000,64
918,S12_G04_T09,12,4,3,9,data_public\capgmyo_dba\dba-s12.zip,012-004-009.mat,1000,64
919,S12_G04_T10,12,4,3,10,data_public\capgmyo_dba\dba-s12.zip,012-004-010.mat,1000,64
920,S12_G05_T01,12,5,4,1,data_public\capgmyo_dba\dba-s12.zip,012-005-001.mat,1000,64
921,S12_G05_T02,12,5,4,2,data_public\capgmyo_dba\dba-s12.zip,012-005-002.mat,1000,64
922,S12_G05_T03,12,5,4,3,data_public\capgmyo_dba\dba-s12.zip,012-005-003.mat,1000,64
923,S12_G05_T04,12,5,4,4,data_public\capgmyo_dba\dba-s12.zip,012-005-004.mat,1000,64
924,S12_G05_T05,12,5,4,5,data_public\capgmyo_dba\dba-s12.zip,012-005-005.mat,1000,64
925,S12_G05_T06,12,5,4,6,data_public\capgmyo_dba\dba-s12.zip,012-005-006.mat,1000,64
926,S12_G05_T07,12,5,4,7,data_public\capgmyo_dba\dba-s12.zip,012-005-007.mat,1000,64
927,S12_G05_T08,12,5,4,8,data_public\capgmyo_dba\dba-s12.zip,012-005-008.mat,1000,64
928,S12_G05_T09,12,5,4,9,data_public\capgmyo_dba\dba-s12.zip,012-005-009.mat,1000,64
929,S12_G05_T10,12,5,4,10,data_public\capgmyo_dba\dba-s12.zip,012-005-010.mat,1000,64
930,S12_G06_T01,12,6,5,1,data_public\capgmyo_dba\dba-s12.zip,012-006-001.mat,1000,64
931,S12_G06_T02,12,6,5,2,data_public\capgmyo_dba\dba-s12.zip,012-006-002.mat,1000,64
932,S12_G06_T03,12,6,5,3,data_public\capgmyo_dba\dba-s12.zip,012-006-003.mat,1000,64
933,S12_G06_T04,12,6,5,4,data_public\capgmyo_dba\dba-s12.zip,012-006-004.mat,1000,64
934,S12_G06_T05,12,6,5,5,data_public\capgmyo_dba\dba-s12.zip,012-006-005.mat,1000,64
935,S12_G06_T06,12,6,5,6,data_public\capgmyo_dba\dba-s12.zip,012-006-006.mat,1000,64
936,S12_G06_T07,12,6,5,7,data_public\capgmyo_dba\dba-s12.zip,012-006-007.mat,1000,64
937,S12_G06_T08,12,6,5,8,data_public\capgmyo_dba\dba-s12.zip,012-006-008.mat,1000,64
938,S12_G06_T09,12,6,5,9,data_public\capgmyo_dba\dba-s12.zip,012-006-009.mat,1000,64
939,S12_G06_T10,12,6,5,10,data_public\capgmyo_dba\dba-s12.zip,012-006-010.mat,1000,64
940,S12_G07_T01,12,7,6,1,data_public\capgmyo_dba\dba-s12.zip,012-007-001.mat,1000,64
941,S12_G07_T02,12,7,6,2,data_public\capgmyo_dba\dba-s12.zip,012-007-002.mat,1000,64
942,S12_G07_T03,12,7,6,3,data_public\capgmyo_dba\dba-s12.zip,012-007-003.mat,1000,64
943,S12_G07_T04,12,7,6,4,data_public\capgmyo_dba\dba-s12.zip,012-007-004.mat,1000,64
944,S12_G07_T05,12,7,6,5,data_public\capgmyo_dba\dba-s12.zip,012-007-005.mat,1000,64
945,S12_G07_T06,12,7,6,6,data_public\capgmyo_dba\dba-s12.zip,012-007-006.mat,1000,64
946,S12_G07_T07,12,7,6,7,data_public\capgmyo_dba\dba-s12.zip,012-007-007.mat,1000,64
947,S12_G07_T08,12,7,6,8,data_public\capgmyo_dba\dba-s12.zip,012-007-008.mat,1000,64
948,S12_G07_T09,12,7,6,9,data_public\capgmyo_dba\dba-s12.zip,012-007-009.mat,1000,64
949,S12_G07_T10,12,7,6,10,data_public\capgmyo_dba\dba-s12.zip,012-007-010.mat,1000,64
950,S12_G08_T01,12,8,7,1,data_public\capgmyo_dba\dba-s12.zip,012-008-001.mat,1000,64
951,S12_G08_T02,12,8,7,2,data_public\capgmyo_dba\dba-s12.zip,012-008-002.mat,1000,64
952,S12_G08_T03,12,8,7,3,data_public\capgmyo_dba\dba-s12.zip,012-008-003.mat,1000,64
953,S12_G08_T04,12,8,7,4,data_public\capgmyo_dba\dba-s12.zip,012-008-004.mat,1000,64
954,S12_G08_T05,12,8,7,5,data_public\capgmyo_dba\dba-s12.zip,012-008-005.mat,1000,64
955,S12_G08_T06,12,8,7,6,data_public\capgmyo_dba\dba-s12.zip,012-008-006.mat,1000,64
956,S12_G08_T07,12,8,7,7,data_public\capgmyo_dba\dba-s12.zip,012-008-007.mat,1000,64
957,S12_G08_T08,12,8,7,8,data_public\capgmyo_dba\dba-s12.zip,012-008-008.mat,1000,64
958,S12_G08_T09,12,8,7,9,data_public\capgmyo_dba\dba-s12.zip,012-008-009.mat,1000,64
959,S12_G08_T10,12,8,7,10,data_public\capgmyo_dba\dba-s12.zip,012-008-010.mat,1000,64
960,S13_G01_T01,13,1,0,1,data_public\capgmyo_dba\dba-s13.zip,013-001-001.mat,1000,64
961,S13_G01_T02,13,1,0,2,data_public\capgmyo_dba\dba-s13.zip,013-001-002.mat,1000,64
962,S13_G01_T03,13,1,0,3,data_public\capgmyo_dba\dba-s13.zip,013-001-003.mat,1000,64
963,S13_G01_T04,13,1,0,4,data_public\capgmyo_dba\dba-s13.zip,013-001-004.mat,1000,64
964,S13_G01_T05,13,1,0,5,data_public\capgmyo_dba\dba-s13.zip,013-001-005.mat,1000,64
965,S13_G01_T06,13,1,0,6,data_public\capgmyo_dba\dba-s13.zip,013-001-006.mat,1000,64
966,S13_G01_T07,13,1,0,7,data_public\capgmyo_dba\dba-s13.zip,013-001-007.mat,1000,64
967,S13_G01_T08,13,1,0,8,data_public\capgmyo_dba\dba-s13.zip,013-001-008.mat,1000,64
968,S13_G01_T09,13,1,0,9,data_public\capgmyo_dba\dba-s13.zip,013-001-009.mat,1000,64
969,S13_G01_T10,13,1,0,10,data_public\capgmyo_dba\dba-s13.zip,013-001-010.mat,1000,64
970,S13_G02_T01,13,2,1,1,data_public\capgmyo_dba\dba-s13.zip,013-002-001.mat,1000,64
971,S13_G02_T02,13,2,1,2,data_public\capgmyo_dba\dba-s13.zip,013-002-002.mat,1000,64
972,S13_G02_T03,13,2,1,3,data_public\capgmyo_dba\dba-s13.zip,013-002-003.mat,1000,64
973,S13_G02_T04,13,2,1,4,data_public\capgmyo_dba\dba-s13.zip,013-002-004.mat,1000,64
974,S13_G02_T05,13,2,1,5,data_public\capgmyo_dba\dba-s13.zip,013-002-005.mat,1000,64
975,S13_G02_T06,13,2,1,6,data_public\capgmyo_dba\dba-s13.zip,013-002-006.mat,1000,64
976,S13_G02_T07,13,2,1,7,data_public\capgmyo_dba\dba-s13.zip,013-002-007.mat,1000,64
977,S13_G02_T08,13,2,1,8,data_public\capgmyo_dba\dba-s13.zip,013-002-008.mat,1000,64
978,S13_G02_T09,13,2,1,9,data_public\capgmyo_dba\dba-s13.zip,013-002-009.mat,1000,64
979,S13_G02_T10,13,2,1,10,data_public\capgmyo_dba\dba-s13.zip,013-002-010.mat,1000,64
980,S13_G03_T01,13,3,2,1,data_public\capgmyo_dba\dba-s13.zip,013-003-001.mat,1000,64
981,S13_G03_T02,13,3,2,2,data_public\capgmyo_dba\dba-s13.zip,013-003-002.mat,1000,64
982,S13_G03_T03,13,3,2,3,data_public\capgmyo_dba\dba-s13.zip,013-003-003.mat,1000,64
983,S13_G03_T04,13,3,2,4,data_public\capgmyo_dba\dba-s13.zip,013-003-004.mat,1000,64
984,S13_G03_T05,13,3,2,5,data_public\capgmyo_dba\dba-s13.zip,013-003-005.mat,1000,64
985,S13_G03_T06,13,3,2,6,data_public\capgmyo_dba\dba-s13.zip,013-003-006.mat,1000,64
986,S13_G03_T07,13,3,2,7,data_public\capgmyo_dba\dba-s13.zip,013-003-007.mat,1000,64
987,S13_G03_T08,13,3,2,8,data_public\capgmyo_dba\dba-s13.zip,013-003-008.mat,1000,64
988,S13_G03_T09,13,3,2,9,data_public\capgmyo_dba\dba-s13.zip,013-003-009.mat,1000,64
989,S13_G03_T10,13,3,2,10,data_public\capgmyo_dba\dba-s13.zip,013-003-010.mat,1000,64
990,S13_G04_T01,13,4,3,1,data_public\capgmyo_dba\dba-s13.zip,013-004-001.mat,1000,64
991,S13_G04_T02,13,4,3,2,data_public\capgmyo_dba\dba-s13.zip,013-004-002.mat,1000,64
992,S13_G04_T03,13,4,3,3,data_public\capgmyo_dba\dba-s13.zip,013-004-003.mat,1000,64
993,S13_G04_T04,13,4,3,4,data_public\capgmyo_dba\dba-s13.zip,013-004-004.mat,1000,64
994,S13_G04_T05,13,4,3,5,data_public\capgmyo_dba\dba-s13.zip,013-004-005.mat,1000,64
995,S13_G04_T06,13,4,3,6,data_public\capgmyo_dba\dba-s13.zip,013-004-006.mat,1000,64
996,S13_G04_T07,13,4,3,7,data_public\capgmyo_dba\dba-s13.zip,013-004-007.mat,1000,64
997,S13_G04_T08,13,4,3,8,data_public\capgmyo_dba\dba-s13.zip,013-004-008.mat,1000,64
998,S13_G04_T09,13,4,3,9,data_public\capgmyo_dba\dba-s13.zip,013-004-009.mat,1000,64
999,S13_G04_T10,13,4,3,10,data_public\capgmyo_dba\dba-s13.zip,013-004-010.mat,1000,64
1000,S13_G05_T01,13,5,4,1,data_public\capgmyo_dba\dba-s13.zip,013-005-001.mat,1000,64
1001,S13_G05_T02,13,5,4,2,data_public\capgmyo_dba\dba-s13.zip,013-005-002.mat,1000,64
1002,S13_G05_T03,13,5,4,3,data_public\capgmyo_dba\dba-s13.zip,013-005-003.mat,1000,64
1003,S13_G05_T04,13,5,4,4,data_public\capgmyo_dba\dba-s13.zip,013-005-004.mat,1000,64
1004,S13_G05_T05,13,5,4,5,data_public\capgmyo_dba\dba-s13.zip,013-005-005.mat,1000,64
1005,S13_G05_T06,13,5,4,6,data_public\capgmyo_dba\dba-s13.zip,013-005-006.mat,1000,64
1006,S13_G05_T07,13,5,4,7,data_public\capgmyo_dba\dba-s13.zip,013-005-007.mat,1000,64
1007,S13_G05_T08,13,5,4,8,data_public\capgmyo_dba\dba-s13.zip,013-005-008.mat,1000,64
1008,S13_G05_T09,13,5,4,9,data_public\capgmyo_dba\dba-s13.zip,013-005-009.mat,1000,64
1009,S13_G05_T10,13,5,4,10,data_public\capgmyo_dba\dba-s13.zip,013-005-010.mat,1000,64
1010,S13_G06_T01,13,6,5,1,data_public\capgmyo_dba\dba-s13.zip,013-006-001.mat,1000,64
1011,S13_G06_T02,13,6,5,2,data_public\capgmyo_dba\dba-s13.zip,013-006-002.mat,1000,64
1012,S13_G06_T03,13,6,5,3,data_public\capgmyo_dba\dba-s13.zip,013-006-003.mat,1000,64
1013,S13_G06_T04,13,6,5,4,data_public\capgmyo_dba\dba-s13.zip,013-006-004.mat,1000,64
1014,S13_G06_T05,13,6,5,5,data_public\capgmyo_dba\dba-s13.zip,013-006-005.mat,1000,64
1015,S13_G06_T06,13,6,5,6,data_public\capgmyo_dba\dba-s13.zip,013-006-006.mat,1000,64
1016,S13_G06_T07,13,6,5,7,data_public\capgmyo_dba\dba-s13.zip,013-006-007.mat,1000,64
1017,S13_G06_T08,13,6,5,8,data_public\capgmyo_dba\dba-s13.zip,013-006-008.mat,1000,64
1018,S13_G06_T09,13,6,5,9,data_public\capgmyo_dba\dba-s13.zip,013-006-009.mat,1000,64
1019,S13_G06_T10,13,6,5,10,data_public\capgmyo_dba\dba-s13.zip,013-006-010.mat,1000,64
1020,S13_G07_T01,13,7,6,1,data_public\capgmyo_dba\dba-s13.zip,013-007-001.mat,1000,64
1021,S13_G07_T02,13,7,6,2,data_public\capgmyo_dba\dba-s13.zip,013-007-002.mat,1000,64
1022,S13_G07_T03,13,7,6,3,data_public\capgmyo_dba\dba-s13.zip,013-007-003.mat,1000,64
1023,S13_G07_T04,13,7,6,4,data_public\capgmyo_dba\dba-s13.zip,013-007-004.mat,1000,64
1024,S13_G07_T05,13,7,6,5,data_public\capgmyo_dba\dba-s13.zip,013-007-005.mat,1000,64
1025,S13_G07_T06,13,7,6,6,data_public\capgmyo_dba\dba-s13.zip,013-007-006.mat,1000,64
1026,S13_G07_T07,13,7,6,7,data_public\capgmyo_dba\dba-s13.zip,013-007-007.mat,1000,64
1027,S13_G07_T08,13,7,6,8,data_public\capgmyo_dba\dba-s13.zip,013-007-008.mat,1000,64
1028,S13_G07_T09,13,7,6,9,data_public\capgmyo_dba\dba-s13.zip,013-007-009.mat,1000,64
1029,S13_G07_T10,13,7,6,10,data_public\capgmyo_dba\dba-s13.zip,013-007-010.mat,1000,64
1030,S13_G08_T01,13,8,7,1,data_public\capgmyo_dba\dba-s13.zip,013-008-001.mat,1000,64
1031,S13_G08_T02,13,8,7,2,data_public\capgmyo_dba\dba-s13.zip,013-008-002.mat,1000,64
1032,S13_G08_T03,13,8,7,3,data_public\capgmyo_dba\dba-s13.zip,013-008-003.mat,1000,64
1033,S13_G08_T04,13,8,7,4,data_public\capgmyo_dba\dba-s13.zip,013-008-004.mat,1000,64
1034,S13_G08_T05,13,8,7,5,data_public\capgmyo_dba\dba-s13.zip,013-008-005.mat,1000,64
1035,S13_G08_T06,13,8,7,6,data_public\capgmyo_dba\dba-s13.zip,013-008-006.mat,1000,64
1036,S13_G08_T07,13,8,7,7,data_public\capgmyo_dba\dba-s13.zip,013-008-007.mat,1000,64
1037,S13_G08_T08,13,8,7,8,data_public\capgmyo_dba\dba-s13.zip,013-008-008.mat,1000,64
1038,S13_G08_T09,13,8,7,9,data_public\capgmyo_dba\dba-s13.zip,013-008-009.mat,1000,64
1039,S13_G08_T10,13,8,7,10,data_public\capgmyo_dba\dba-s13.zip,013-008-010.mat,1000,64
1040,S14_G01_T01,14,1,0,1,data_public\capgmyo_dba\dba-s14.zip,014-001-001.mat,1000,64
1041,S14_G01_T02,14,1,0,2,data_public\capgmyo_dba\dba-s14.zip,014-001-002.mat,1000,64
1042,S14_G01_T03,14,1,0,3,data_public\capgmyo_dba\dba-s14.zip,014-001-003.mat,1000,64
1043,S14_G01_T04,14,1,0,4,data_public\capgmyo_dba\dba-s14.zip,014-001-004.mat,1000,64
1044,S14_G01_T05,14,1,0,5,data_public\capgmyo_dba\dba-s14.zip,014-001-005.mat,1000,64
1045,S14_G01_T06,14,1,0,6,data_public\capgmyo_dba\dba-s14.zip,014-001-006.mat,1000,64
1046,S14_G01_T07,14,1,0,7,data_public\capgmyo_dba\dba-s14.zip,014-001-007.mat,1000,64
1047,S14_G01_T08,14,1,0,8,data_public\capgmyo_dba\dba-s14.zip,014-001-008.mat,1000,64
1048,S14_G01_T09,14,1,0,9,data_public\capgmyo_dba\dba-s14.zip,014-001-009.mat,1000,64
1049,S14_G01_T10,14,1,0,10,data_public\capgmyo_dba\dba-s14.zip,014-001-010.mat,1000,64
1050,S14_G02_T01,14,2,1,1,data_public\capgmyo_dba\dba-s14.zip,014-002-001.mat,1000,64
1051,S14_G02_T02,14,2,1,2,data_public\capgmyo_dba\dba-s14.zip,014-002-002.mat,1000,64
1052,S14_G02_T03,14,2,1,3,data_public\capgmyo_dba\dba-s14.zip,014-002-003.mat,1000,64
1053,S14_G02_T04,14,2,1,4,data_public\capgmyo_dba\dba-s14.zip,014-002-004.mat,1000,64
1054,S14_G02_T05,14,2,1,5,data_public\capgmyo_dba\dba-s14.zip,014-002-005.mat,1000,64
1055,S14_G02_T06,14,2,1,6,data_public\capgmyo_dba\dba-s14.zip,014-002-006.mat,1000,64
1056,S14_G02_T07,14,2,1,7,data_public\capgmyo_dba\dba-s14.zip,014-002-007.mat,1000,64
1057,S14_G02_T08,14,2,1,8,data_public\capgmyo_dba\dba-s14.zip,014-002-008.mat,1000,64
1058,S14_G02_T09,14,2,1,9,data_public\capgmyo_dba\dba-s14.zip,014-002-009.mat,1000,64
1059,S14_G02_T10,14,2,1,10,data_public\capgmyo_dba\dba-s14.zip,014-002-010.mat,1000,64
1060,S14_G03_T01,14,3,2,1,data_public\capgmyo_dba\dba-s14.zip,014-003-001.mat,1000,64
1061,S14_G03_T02,14,3,2,2,data_public\capgmyo_dba\dba-s14.zip,014-003-002.mat,1000,64
1062,S14_G03_T03,14,3,2,3,data_public\capgmyo_dba\dba-s14.zip,014-003-003.mat,1000,64
1063,S14_G03_T04,14,3,2,4,data_public\capgmyo_dba\dba-s14.zip,014-003-004.mat,1000,64
1064,S14_G03_T05,14,3,2,5,data_public\capgmyo_dba\dba-s14.zip,014-003-005.mat,1000,64
1065,S14_G03_T06,14,3,2,6,data_public\capgmyo_dba\dba-s14.zip,014-003-006.mat,1000,64
1066,S14_G03_T07,14,3,2,7,data_public\capgmyo_dba\dba-s14.zip,014-003-007.mat,1000,64
1067,S14_G03_T08,14,3,2,8,data_public\capgmyo_dba\dba-s14.zip,014-003-008.mat,1000,64
1068,S14_G03_T09,14,3,2,9,data_public\capgmyo_dba\dba-s14.zip,014-003-009.mat,1000,64
1069,S14_G03_T10,14,3,2,10,data_public\capgmyo_dba\dba-s14.zip,014-003-010.mat,1000,64
1070,S14_G04_T01,14,4,3,1,data_public\capgmyo_dba\dba-s14.zip,014-004-001.mat,1000,64
1071,S14_G04_T02,14,4,3,2,data_public\capgmyo_dba\dba-s14.zip,014-004-002.mat,1000,64
1072,S14_G04_T03,14,4,3,3,data_public\capgmyo_dba\dba-s14.zip,014-004-003.mat,1000,64
1073,S14_G04_T04,14,4,3,4,data_public\capgmyo_dba\dba-s14.zip,014-004-004.mat,1000,64
1074,S14_G04_T05,14,4,3,5,data_public\capgmyo_dba\dba-s14.zip,014-004-005.mat,1000,64
1075,S14_G04_T06,14,4,3,6,data_public\capgmyo_dba\dba-s14.zip,014-004-006.mat,1000,64
1076,S14_G04_T07,14,4,3,7,data_public\capgmyo_dba\dba-s14.zip,014-004-007.mat,1000,64
1077,S14_G04_T08,14,4,3,8,data_public\capgmyo_dba\dba-s14.zip,014-004-008.mat,1000,64
1078,S14_G04_T09,14,4,3,9,data_public\capgmyo_dba\dba-s14.zip,014-004-009.mat,1000,64
1079,S14_G04_T10,14,4,3,10,data_public\capgmyo_dba\dba-s14.zip,014-004-010.mat,1000,64
1080,S14_G05_T01,14,5,4,1,data_public\capgmyo_dba\dba-s14.zip,014-005-001.mat,1000,64
1081,S14_G05_T02,14,5,4,2,data_public\capgmyo_dba\dba-s14.zip,014-005-002.mat,1000,64
1082,S14_G05_T03,14,5,4,3,data_public\capgmyo_dba\dba-s14.zip,014-005-003.mat,1000,64
1083,S14_G05_T04,14,5,4,4,data_public\capgmyo_dba\dba-s14.zip,014-005-004.mat,1000,64
1084,S14_G05_T05,14,5,4,5,data_public\capgmyo_dba\dba-s14.zip,014-005-005.mat,1000,64
1085,S14_G05_T06,14,5,4,6,data_public\capgmyo_dba\dba-s14.zip,014-005-006.mat,1000,64
1086,S14_G05_T07,14,5,4,7,data_public\capgmyo_dba\dba-s14.zip,014-005-007.mat,1000,64
1087,S14_G05_T08,14,5,4,8,data_public\capgmyo_dba\dba-s14.zip,014-005-008.mat,1000,64
1088,S14_G05_T09,14,5,4,9,data_public\capgmyo_dba\dba-s14.zip,014-005-009.mat,1000,64
1089,S14_G05_T10,14,5,4,10,data_public\capgmyo_dba\dba-s14.zip,014-005-010.mat,1000,64
1090,S14_G06_T01,14,6,5,1,data_public\capgmyo_dba\dba-s14.zip,014-006-001.mat,1000,64
1091,S14_G06_T02,14,6,5,2,data_public\capgmyo_dba\dba-s14.zip,014-006-002.mat,1000,64
1092,S14_G06_T03,14,6,5,3,data_public\capgmyo_dba\dba-s14.zip,014-006-003.mat,1000,64
1093,S14_G06_T04,14,6,5,4,data_public\capgmyo_dba\dba-s14.zip,014-006-004.mat,1000,64
1094,S14_G06_T05,14,6,5,5,data_public\capgmyo_dba\dba-s14.zip,014-006-005.mat,1000,64
1095,S14_G06_T06,14,6,5,6,data_public\capgmyo_dba\dba-s14.zip,014-006-006.mat,1000,64
1096,S14_G06_T07,14,6,5,7,data_public\capgmyo_dba\dba-s14.zip,014-006-007.mat,1000,64
1097,S14_G06_T08,14,6,5,8,data_public\capgmyo_dba\dba-s14.zip,014-006-008.mat,1000,64
1098,S14_G06_T09,14,6,5,9,data_public\capgmyo_dba\dba-s14.zip,014-006-009.mat,1000,64
1099,S14_G06_T10,14,6,5,10,data_public\capgmyo_dba\dba-s14.zip,014-006-010.mat,1000,64
1100,S14_G07_T01,14,7,6,1,data_public\capgmyo_dba\dba-s14.zip,014-007-001.mat,1000,64
1101,S14_G07_T02,14,7,6,2,data_public\capgmyo_dba\dba-s14.zip,014-007-002.mat,1000,64
1102,S14_G07_T03,14,7,6,3,data_public\capgmyo_dba\dba-s14.zip,014-007-003.mat,1000,64
1103,S14_G07_T04,14,7,6,4,data_public\capgmyo_dba\dba-s14.zip,014-007-004.mat,1000,64
1104,S14_G07_T05,14,7,6,5,data_public\capgmyo_dba\dba-s14.zip,014-007-005.mat,1000,64
1105,S14_G07_T06,14,7,6,6,data_public\capgmyo_dba\dba-s14.zip,014-007-006.mat,1000,64
1106,S14_G07_T07,14,7,6,7,data_public\capgmyo_dba\dba-s14.zip,014-007-007.mat,1000,64
1107,S14_G07_T08,14,7,6,8,data_public\capgmyo_dba\dba-s14.zip,014-007-008.mat,1000,64
1108,S14_G07_T09,14,7,6,9,data_public\capgmyo_dba\dba-s14.zip,014-007-009.mat,1000,64
1109,S14_G07_T10,14,7,6,10,data_public\capgmyo_dba\dba-s14.zip,014-007-010.mat,1000,64
1110,S14_G08_T01,14,8,7,1,data_public\capgmyo_dba\dba-s14.zip,014-008-001.mat,1000,64
1111,S14_G08_T02,14,8,7,2,data_public\capgmyo_dba\dba-s14.zip,014-008-002.mat,1000,64
1112,S14_G08_T03,14,8,7,3,data_public\capgmyo_dba\dba-s14.zip,014-008-003.mat,1000,64
1113,S14_G08_T04,14,8,7,4,data_public\capgmyo_dba\dba-s14.zip,014-008-004.mat,1000,64
1114,S14_G08_T05,14,8,7,5,data_public\capgmyo_dba\dba-s14.zip,014-008-005.mat,1000,64
1115,S14_G08_T06,14,8,7,6,data_public\capgmyo_dba\dba-s14.zip,014-008-006.mat,1000,64
1116,S14_G08_T07,14,8,7,7,data_public\capgmyo_dba\dba-s14.zip,014-008-007.mat,1000,64
1117,S14_G08_T08,14,8,7,8,data_public\capgmyo_dba\dba-s14.zip,014-008-008.mat,1000,64
1118,S14_G08_T09,14,8,7,9,data_public\capgmyo_dba\dba-s14.zip,014-008-009.mat,1000,64
1119,S14_G08_T10,14,8,7,10,data_public\capgmyo_dba\dba-s14.zip,014-008-010.mat,1000,64
1120,S15_G01_T01,15,1,0,1,data_public\capgmyo_dba\dba-s15.zip,015-001-001.mat,1000,64
1121,S15_G01_T02,15,1,0,2,data_public\capgmyo_dba\dba-s15.zip,015-001-002.mat,1000,64
1122,S15_G01_T03,15,1,0,3,data_public\capgmyo_dba\dba-s15.zip,015-001-003.mat,1000,64
1123,S15_G01_T04,15,1,0,4,data_public\capgmyo_dba\dba-s15.zip,015-001-004.mat,1000,64
1124,S15_G01_T05,15,1,0,5,data_public\capgmyo_dba\dba-s15.zip,015-001-005.mat,1000,64
1125,S15_G01_T06,15,1,0,6,data_public\capgmyo_dba\dba-s15.zip,015-001-006.mat,1000,64
1126,S15_G01_T07,15,1,0,7,data_public\capgmyo_dba\dba-s15.zip,015-001-007.mat,1000,64
1127,S15_G01_T08,15,1,0,8,data_public\capgmyo_dba\dba-s15.zip,015-001-008.mat,1000,64
1128,S15_G01_T09,15,1,0,9,data_public\capgmyo_dba\dba-s15.zip,015-001-009.mat,1000,64
1129,S15_G01_T10,15,1,0,10,data_public\capgmyo_dba\dba-s15.zip,015-001-010.mat,1000,64
1130,S15_G02_T01,15,2,1,1,data_public\capgmyo_dba\dba-s15.zip,015-002-001.mat,1000,64
1131,S15_G02_T02,15,2,1,2,data_public\capgmyo_dba\dba-s15.zip,015-002-002.mat,1000,64
1132,S15_G02_T03,15,2,1,3,data_public\capgmyo_dba\dba-s15.zip,015-002-003.mat,1000,64
1133,S15_G02_T04,15,2,1,4,data_public\capgmyo_dba\dba-s15.zip,015-002-004.mat,1000,64
1134,S15_G02_T05,15,2,1,5,data_public\capgmyo_dba\dba-s15.zip,015-002-005.mat,1000,64
1135,S15_G02_T06,15,2,1,6,data_public\capgmyo_dba\dba-s15.zip,015-002-006.mat,1000,64
1136,S15_G02_T07,15,2,1,7,data_public\capgmyo_dba\dba-s15.zip,015-002-007.mat,1000,64
1137,S15_G02_T08,15,2,1,8,data_public\capgmyo_dba\dba-s15.zip,015-002-008.mat,1000,64
1138,S15_G02_T09,15,2,1,9,data_public\capgmyo_dba\dba-s15.zip,015-002-009.mat,1000,64
1139,S15_G02_T10,15,2,1,10,data_public\capgmyo_dba\dba-s15.zip,015-002-010.mat,1000,64
1140,S15_G03_T01,15,3,2,1,data_public\capgmyo_dba\dba-s15.zip,015-003-001.mat,1000,64
1141,S15_G03_T02,15,3,2,2,data_public\capgmyo_dba\dba-s15.zip,015-003-002.mat,1000,64
1142,S15_G03_T03,15,3,2,3,data_public\capgmyo_dba\dba-s15.zip,015-003-003.mat,1000,64
1143,S15_G03_T04,15,3,2,4,data_public\capgmyo_dba\dba-s15.zip,015-003-004.mat,1000,64
1144,S15_G03_T05,15,3,2,5,data_public\capgmyo_dba\dba-s15.zip,015-003-005.mat,1000,64
1145,S15_G03_T06,15,3,2,6,data_public\capgmyo_dba\dba-s15.zip,015-003-006.mat,1000,64
1146,S15_G03_T07,15,3,2,7,data_public\capgmyo_dba\dba-s15.zip,015-003-007.mat,1000,64
1147,S15_G03_T08,15,3,2,8,data_public\capgmyo_dba\dba-s15.zip,015-003-008.mat,1000,64
1148,S15_G03_T09,15,3,2,9,data_public\capgmyo_dba\dba-s15.zip,015-003-009.mat,1000,64
1149,S15_G03_T10,15,3,2,10,data_public\capgmyo_dba\dba-s15.zip,015-003-010.mat,1000,64
1150,S15_G04_T01,15,4,3,1,data_public\capgmyo_dba\dba-s15.zip,015-004-001.mat,1000,64
1151,S15_G04_T02,15,4,3,2,data_public\capgmyo_dba\dba-s15.zip,015-004-002.mat,1000,64
1152,S15_G04_T03,15,4,3,3,data_public\capgmyo_dba\dba-s15.zip,015-004-003.mat,1000,64
1153,S15_G04_T04,15,4,3,4,data_public\capgmyo_dba\dba-s15.zip,015-004-004.mat,1000,64
1154,S15_G04_T05,15,4,3,5,data_public\capgmyo_dba\dba-s15.zip,015-004-005.mat,1000,64
1155,S15_G04_T06,15,4,3,6,data_public\capgmyo_dba\dba-s15.zip,015-004-006.mat,1000,64
1156,S15_G04_T07,15,4,3,7,data_public\capgmyo_dba\dba-s15.zip,015-004-007.mat,1000,64
1157,S15_G04_T08,15,4,3,8,data_public\capgmyo_dba\dba-s15.zip,015-004-008.mat,1000,64
1158,S15_G04_T09,15,4,3,9,data_public\capgmyo_dba\dba-s15.zip,015-004-009.mat,1000,64
1159,S15_G04_T10,15,4,3,10,data_public\capgmyo_dba\dba-s15.zip,015-004-010.mat,1000,64
1160,S15_G05_T01,15,5,4,1,data_public\capgmyo_dba\dba-s15.zip,015-005-001.mat,1000,64
1161,S15_G05_T02,15,5,4,2,data_public\capgmyo_dba\dba-s15.zip,015-005-002.mat,1000,64
1162,S15_G05_T03,15,5,4,3,data_public\capgmyo_dba\dba-s15.zip,015-005-003.mat,1000,64
1163,S15_G05_T04,15,5,4,4,data_public\capgmyo_dba\dba-s15.zip,015-005-004.mat,1000,64
1164,S15_G05_T05,15,5,4,5,data_public\capgmyo_dba\dba-s15.zip,015-005-005.mat,1000,64
1165,S15_G05_T06,15,5,4,6,data_public\capgmyo_dba\dba-s15.zip,015-005-006.mat,1000,64
1166,S15_G05_T07,15,5,4,7,data_public\capgmyo_dba\dba-s15.zip,015-005-007.mat,1000,64
1167,S15_G05_T08,15,5,4,8,data_public\capgmyo_dba\dba-s15.zip,015-005-008.mat,1000,64
1168,S15_G05_T09,15,5,4,9,data_public\capgmyo_dba\dba-s15.zip,015-005-009.mat,1000,64
1169,S15_G05_T10,15,5,4,10,data_public\capgmyo_dba\dba-s15.zip,015-005-010.mat,1000,64
1170,S15_G06_T01,15,6,5,1,data_public\capgmyo_dba\dba-s15.zip,015-006-001.mat,1000,64
1171,S15_G06_T02,15,6,5,2,data_public\capgmyo_dba\dba-s15.zip,015-006-002.mat,1000,64
1172,S15_G06_T03,15,6,5,3,data_public\capgmyo_dba\dba-s15.zip,015-006-003.mat,1000,64
1173,S15_G06_T04,15,6,5,4,data_public\capgmyo_dba\dba-s15.zip,015-006-004.mat,1000,64
1174,S15_G06_T05,15,6,5,5,data_public\capgmyo_dba\dba-s15.zip,015-006-005.mat,1000,64
1175,S15_G06_T06,15,6,5,6,data_public\capgmyo_dba\dba-s15.zip,015-006-006.mat,1000,64
1176,S15_G06_T07,15,6,5,7,data_public\capgmyo_dba\dba-s15.zip,015-006-007.mat,1000,64
1177,S15_G06_T08,15,6,5,8,data_public\capgmyo_dba\dba-s15.zip,015-006-008.mat,1000,64
1178,S15_G06_T09,15,6,5,9,data_public\capgmyo_dba\dba-s15.zip,015-006-009.mat,1000,64
1179,S15_G06_T10,15,6,5,10,data_public\capgmyo_dba\dba-s15.zip,015-006-010.mat,1000,64
1180,S15_G07_T01,15,7,6,1,data_public\capgmyo_dba\dba-s15.zip,015-007-001.mat,1000,64
1181,S15_G07_T02,15,7,6,2,data_public\capgmyo_dba\dba-s15.zip,015-007-002.mat,1000,64
1182,S15_G07_T03,15,7,6,3,data_public\capgmyo_dba\dba-s15.zip,015-007-003.mat,1000,64
1183,S15_G07_T04,15,7,6,4,data_public\capgmyo_dba\dba-s15.zip,015-007-004.mat,1000,64
1184,S15_G07_T05,15,7,6,5,data_public\capgmyo_dba\dba-s15.zip,015-007-005.mat,1000,64
1185,S15_G07_T06,15,7,6,6,data_public\capgmyo_dba\dba-s15.zip,015-007-006.mat,1000,64
1186,S15_G07_T07,15,7,6,7,data_public\capgmyo_dba\dba-s15.zip,015-007-007.mat,1000,64
1187,S15_G07_T08,15,7,6,8,data_public\capgmyo_dba\dba-s15.zip,015-007-008.mat,1000,64
1188,S15_G07_T09,15,7,6,9,data_public\capgmyo_dba\dba-s15.zip,015-007-009.mat,1000,64
1189,S15_G07_T10,15,7,6,10,data_public\capgmyo_dba\dba-s15.zip,015-007-010.mat,1000,64
1190,S15_G08_T01,15,8,7,1,data_public\capgmyo_dba\dba-s15.zip,015-008-001.mat,1000,64
1191,S15_G08_T02,15,8,7,2,data_public\capgmyo_dba\dba-s15.zip,015-008-002.mat,1000,64
1192,S15_G08_T03,15,8,7,3,data_public\capgmyo_dba\dba-s15.zip,015-008-003.mat,1000,64
1193,S15_G08_T04,15,8,7,4,data_public\capgmyo_dba\dba-s15.zip,015-008-004.mat,1000,64
1194,S15_G08_T05,15,8,7,5,data_public\capgmyo_dba\dba-s15.zip,015-008-005.mat,1000,64
1195,S15_G08_T06,15,8,7,6,data_public\capgmyo_dba\dba-s15.zip,015-008-006.mat,1000,64
1196,S15_G08_T07,15,8,7,7,data_public\capgmyo_dba\dba-s15.zip,015-008-007.mat,1000,64
1197,S15_G08_T08,15,8,7,8,data_public\capgmyo_dba\dba-s15.zip,015-008-008.mat,1000,64
1198,S15_G08_T09,15,8,7,9,data_public\capgmyo_dba\dba-s15.zip,015-008-009.mat,1000,64
1199,S15_G08_T10,15,8,7,10,data_public\capgmyo_dba\dba-s15.zip,015-008-010.mat,1000,64
1200,S16_G01_T01,16,1,0,1,data_public\capgmyo_dba\dba-s16.zip,016-001-001.mat,1000,64
1201,S16_G01_T02,16,1,0,2,data_public\capgmyo_dba\dba-s16.zip,016-001-002.mat,1000,64
1202,S16_G01_T03,16,1,0,3,data_public\capgmyo_dba\dba-s16.zip,016-001-003.mat,1000,64
1203,S16_G01_T04,16,1,0,4,data_public\capgmyo_dba\dba-s16.zip,016-001-004.mat,1000,64
1204,S16_G01_T05,16,1,0,5,data_public\capgmyo_dba\dba-s16.zip,016-001-005.mat,1000,64
1205,S16_G01_T06,16,1,0,6,data_public\capgmyo_dba\dba-s16.zip,016-001-006.mat,1000,64
1206,S16_G01_T07,16,1,0,7,data_public\capgmyo_dba\dba-s16.zip,016-001-007.mat,1000,64
1207,S16_G01_T08,16,1,0,8,data_public\capgmyo_dba\dba-s16.zip,016-001-008.mat,1000,64
1208,S16_G01_T09,16,1,0,9,data_public\capgmyo_dba\dba-s16.zip,016-001-009.mat,1000,64
1209,S16_G01_T10,16,1,0,10,data_public\capgmyo_dba\dba-s16.zip,016-001-010.mat,1000,64
1210,S16_G02_T01,16,2,1,1,data_public\capgmyo_dba\dba-s16.zip,016-002-001.mat,1000,64
1211,S16_G02_T02,16,2,1,2,data_public\capgmyo_dba\dba-s16.zip,016-002-002.mat,1000,64
1212,S16_G02_T03,16,2,1,3,data_public\capgmyo_dba\dba-s16.zip,016-002-003.mat,1000,64
1213,S16_G02_T04,16,2,1,4,data_public\capgmyo_dba\dba-s16.zip,016-002-004.mat,1000,64
1214,S16_G02_T05,16,2,1,5,data_public\capgmyo_dba\dba-s16.zip,016-002-005.mat,1000,64
1215,S16_G02_T06,16,2,1,6,data_public\capgmyo_dba\dba-s16.zip,016-002-006.mat,1000,64
1216,S16_G02_T07,16,2,1,7,data_public\capgmyo_dba\dba-s16.zip,016-002-007.mat,1000,64
1217,S16_G02_T08,16,2,1,8,data_public\capgmyo_dba\dba-s16.zip,016-002-008.mat,1000,64
1218,S16_G02_T09,16,2,1,9,data_public\capgmyo_dba\dba-s16.zip,016-002-009.mat,1000,64
1219,S16_G02_T10,16,2,1,10,data_public\capgmyo_dba\dba-s16.zip,016-002-010.mat,1000,64
1220,S16_G03_T01,16,3,2,1,data_public\capgmyo_dba\dba-s16.zip,016-003-001.mat,1000,64
1221,S16_G03_T02,16,3,2,2,data_public\capgmyo_dba\dba-s16.zip,016-003-002.mat,1000,64
1222,S16_G03_T03,16,3,2,3,data_public\capgmyo_dba\dba-s16.zip,016-003-003.mat,1000,64
1223,S16_G03_T04,16,3,2,4,data_public\capgmyo_dba\dba-s16.zip,016-003-004.mat,1000,64
1224,S16_G03_T05,16,3,2,5,data_public\capgmyo_dba\dba-s16.zip,016-003-005.mat,1000,64
1225,S16_G03_T06,16,3,2,6,data_public\capgmyo_dba\dba-s16.zip,016-003-006.mat,1000,64
1226,S16_G03_T07,16,3,2,7,data_public\capgmyo_dba\dba-s16.zip,016-003-007.mat,1000,64
1227,S16_G03_T08,16,3,2,8,data_public\capgmyo_dba\dba-s16.zip,016-003-008.mat,1000,64
1228,S16_G03_T09,16,3,2,9,data_public\capgmyo_dba\dba-s16.zip,016-003-009.mat,1000,64
1229,S16_G03_T10,16,3,2,10,data_public\capgmyo_dba\dba-s16.zip,016-003-010.mat,1000,64
1230,S16_G04_T01,16,4,3,1,data_public\capgmyo_dba\dba-s16.zip,016-004-001.mat,1000,64
1231,S16_G04_T02,16,4,3,2,data_public\capgmyo_dba\dba-s16.zip,016-004-002.mat,1000,64
1232,S16_G04_T03,16,4,3,3,data_public\capgmyo_dba\dba-s16.zip,016-004-003.mat,1000,64
1233,S16_G04_T04,16,4,3,4,data_public\capgmyo_dba\dba-s16.zip,016-004-004.mat,1000,64
1234,S16_G04_T05,16,4,3,5,data_public\capgmyo_dba\dba-s16.zip,016-004-005.mat,1000,64
1235,S16_G04_T06,16,4,3,6,data_public\capgmyo_dba\dba-s16.zip,016-004-006.mat,1000,64
1236,S16_G04_T07,16,4,3,7,data_public\capgmyo_dba\dba-s16.zip,016-004-007.mat,1000,64
1237,S16_G04_T08,16,4,3,8,data_public\capgmyo_dba\dba-s16.zip,016-004-008.mat,1000,64
1238,S16_G04_T09,16,4,3,9,data_public\capgmyo_dba\dba-s16.zip,016-004-009.mat,1000,64
1239,S16_G04_T10,16,4,3,10,data_public\capgmyo_dba\dba-s16.zip,016-004-010.mat,1000,64
1240,S16_G05_T01,16,5,4,1,data_public\capgmyo_dba\dba-s16.zip,016-005-001.mat,1000,64
1241,S16_G05_T02,16,5,4,2,data_public\capgmyo_dba\dba-s16.zip,016-005-002.mat,1000,64
1242,S16_G05_T03,16,5,4,3,data_public\capgmyo_dba\dba-s16.zip,016-005-003.mat,1000,64
1243,S16_G05_T04,16,5,4,4,data_public\capgmyo_dba\dba-s16.zip,016-005-004.mat,1000,64
1244,S16_G05_T05,16,5,4,5,data_public\capgmyo_dba\dba-s16.zip,016-005-005.mat,1000,64
1245,S16_G05_T06,16,5,4,6,data_public\capgmyo_dba\dba-s16.zip,016-005-006.mat,1000,64
1246,S16_G05_T07,16,5,4,7,data_public\capgmyo_dba\dba-s16.zip,016-005-007.mat,1000,64
1247,S16_G05_T08,16,5,4,8,data_public\capgmyo_dba\dba-s16.zip,016-005-008.mat,1000,64
1248,S16_G05_T09,16,5,4,9,data_public\capgmyo_dba\dba-s16.zip,016-005-009.mat,1000,64
1249,S16_G05_T10,16,5,4,10,data_public\capgmyo_dba\dba-s16.zip,016-005-010.mat,1000,64
1250,S16_G06_T01,16,6,5,1,data_public\capgmyo_dba\dba-s16.zip,016-006-001.mat,1000,64
1251,S16_G06_T02,16,6,5,2,data_public\capgmyo_dba\dba-s16.zip,016-006-002.mat,1000,64
1252,S16_G06_T03,16,6,5,3,data_public\capgmyo_dba\dba-s16.zip,016-006-003.mat,1000,64
1253,S16_G06_T04,16,6,5,4,data_public\capgmyo_dba\dba-s16.zip,016-006-004.mat,1000,64
1254,S16_G06_T05,16,6,5,5,data_public\capgmyo_dba\dba-s16.zip,016-006-005.mat,1000,64
1255,S16_G06_T06,16,6,5,6,data_public\capgmyo_dba\dba-s16.zip,016-006-006.mat,1000,64
1256,S16_G06_T07,16,6,5,7,data_public\capgmyo_dba\dba-s16.zip,016-006-007.mat,1000,64
1257,S16_G06_T08,16,6,5,8,data_public\capgmyo_dba\dba-s16.zip,016-006-008.mat,1000,64
1258,S16_G06_T09,16,6,5,9,data_public\capgmyo_dba\dba-s16.zip,016-006-009.mat,1000,64
1259,S16_G06_T10,16,6,5,10,data_public\capgmyo_dba\dba-s16.zip,016-006-010.mat,1000,64
1260,S16_G07_T01,16,7,6,1,data_public\capgmyo_dba\dba-s16.zip,016-007-001.mat,1000,64
1261,S16_G07_T02,16,7,6,2,data_public\capgmyo_dba\dba-s16.zip,016-007-002.mat,1000,64
1262,S16_G07_T03,16,7,6,3,data_public\capgmyo_dba\dba-s16.zip,016-007-003.mat,1000,64
1263,S16_G07_T04,16,7,6,4,data_public\capgmyo_dba\dba-s16.zip,016-007-004.mat,1000,64
1264,S16_G07_T05,16,7,6,5,data_public\capgmyo_dba\dba-s16.zip,016-007-005.mat,1000,64
1265,S16_G07_T06,16,7,6,6,data_public\capgmyo_dba\dba-s16.zip,016-007-006.mat,1000,64
1266,S16_G07_T07,16,7,6,7,data_public\capgmyo_dba\dba-s16.zip,016-007-007.mat,1000,64
1267,S16_G07_T08,16,7,6,8,data_public\capgmyo_dba\dba-s16.zip,016-007-008.mat,1000,64
1268,S16_G07_T09,16,7,6,9,data_public\capgmyo_dba\dba-s16.zip,016-007-009.mat,1000,64
1269,S16_G07_T10,16,7,6,10,data_public\capgmyo_dba\dba-s16.zip,016-007-010.mat,1000,64
1270,S16_G08_T01,16,8,7,1,data_public\capgmyo_dba\dba-s16.zip,016-008-001.mat,1000,64
1271,S16_G08_T02,16,8,7,2,data_public\capgmyo_dba\dba-s16.zip,016-008-002.mat,1000,64
1272,S16_G08_T03,16,8,7,3,data_public\capgmyo_dba\dba-s16.zip,016-008-003.mat,1000,64
1273,S16_G08_T04,16,8,7,4,data_public\capgmyo_dba\dba-s16.zip,016-008-004.mat,1000,64
1274,S16_G08_T05,16,8,7,5,data_public\capgmyo_dba\dba-s16.zip,016-008-005.mat,1000,64
1275,S16_G08_T06,16,8,7,6,data_public\capgmyo_dba\dba-s16.zip,016-008-006.mat,1000,64
1276,S16_G08_T07,16,8,7,7,data_public\capgmyo_dba\dba-s16.zip,016-008-007.mat,1000,64
1277,S16_G08_T08,16,8,7,8,data_public\capgmyo_dba\dba-s16.zip,016-008-008.mat,1000,64
1278,S16_G08_T09,16,8,7,9,data_public\capgmyo_dba\dba-s16.zip,016-008-009.mat,1000,64
1279,S16_G08_T10,16,8,7,10,data_public\capgmyo_dba\dba-s16.zip,016-008-010.mat,1000,64
1280,S17_G01_T01,17,1,0,1,data_public\capgmyo_dba\dba-s17.zip,017-001-001.mat,1000,64
1281,S17_G01_T02,17,1,0,2,data_public\capgmyo_dba\dba-s17.zip,017-001-002.mat,1000,64
1282,S17_G01_T03,17,1,0,3,data_public\capgmyo_dba\dba-s17.zip,017-001-003.mat,1000,64
1283,S17_G01_T04,17,1,0,4,data_public\capgmyo_dba\dba-s17.zip,017-001-004.mat,1000,64
1284,S17_G01_T05,17,1,0,5,data_public\capgmyo_dba\dba-s17.zip,017-001-005.mat,1000,64
1285,S17_G01_T06,17,1,0,6,data_public\capgmyo_dba\dba-s17.zip,017-001-006.mat,1000,64
1286,S17_G01_T07,17,1,0,7,data_public\capgmyo_dba\dba-s17.zip,017-001-007.mat,1000,64
1287,S17_G01_T08,17,1,0,8,data_public\capgmyo_dba\dba-s17.zip,017-001-008.mat,1000,64
1288,S17_G01_T09,17,1,0,9,data_public\capgmyo_dba\dba-s17.zip,017-001-009.mat,1000,64
1289,S17_G01_T10,17,1,0,10,data_public\capgmyo_dba\dba-s17.zip,017-001-010.mat,1000,64
1290,S17_G02_T01,17,2,1,1,data_public\capgmyo_dba\dba-s17.zip,017-002-001.mat,1000,64
1291,S17_G02_T02,17,2,1,2,data_public\capgmyo_dba\dba-s17.zip,017-002-002.mat,1000,64
1292,S17_G02_T03,17,2,1,3,data_public\capgmyo_dba\dba-s17.zip,017-002-003.mat,1000,64
1293,S17_G02_T04,17,2,1,4,data_public\capgmyo_dba\dba-s17.zip,017-002-004.mat,1000,64
1294,S17_G02_T05,17,2,1,5,data_public\capgmyo_dba\dba-s17.zip,017-002-005.mat,1000,64
1295,S17_G02_T06,17,2,1,6,data_public\capgmyo_dba\dba-s17.zip,017-002-006.mat,1000,64
1296,S17_G02_T07,17,2,1,7,data_public\capgmyo_dba\dba-s17.zip,017-002-007.mat,1000,64
1297,S17_G02_T08,17,2,1,8,data_public\capgmyo_dba\dba-s17.zip,017-002-008.mat,1000,64
1298,S17_G02_T09,17,2,1,9,data_public\capgmyo_dba\dba-s17.zip,017-002-009.mat,1000,64
1299,S17_G02_T10,17,2,1,10,data_public\capgmyo_dba\dba-s17.zip,017-002-010.mat,1000,64
1300,S17_G03_T01,17,3,2,1,data_public\capgmyo_dba\dba-s17.zip,017-003-001.mat,1000,64
1301,S17_G03_T02,17,3,2,2,data_public\capgmyo_dba\dba-s17.zip,017-003-002.mat,1000,64
1302,S17_G03_T03,17,3,2,3,data_public\capgmyo_dba\dba-s17.zip,017-003-003.mat,1000,64
1303,S17_G03_T04,17,3,2,4,data_public\capgmyo_dba\dba-s17.zip,017-003-004.mat,1000,64
1304,S17_G03_T05,17,3,2,5,data_public\capgmyo_dba\dba-s17.zip,017-003-005.mat,1000,64
1305,S17_G03_T06,17,3,2,6,data_public\capgmyo_dba\dba-s17.zip,017-003-006.mat,1000,64
1306,S17_G03_T07,17,3,2,7,data_public\capgmyo_dba\dba-s17.zip,017-003-007.mat,1000,64
1307,S17_G03_T08,17,3,2,8,data_public\capgmyo_dba\dba-s17.zip,017-003-008.mat,1000,64
1308,S17_G03_T09,17,3,2,9,data_public\capgmyo_dba\dba-s17.zip,017-003-009.mat,1000,64
1309,S17_G03_T10,17,3,2,10,data_public\capgmyo_dba\dba-s17.zip,017-003-010.mat,1000,64
1310,S17_G04_T01,17,4,3,1,data_public\capgmyo_dba\dba-s17.zip,017-004-001.mat,1000,64
1311,S17_G04_T02,17,4,3,2,data_public\capgmyo_dba\dba-s17.zip,017-004-002.mat,1000,64
1312,S17_G04_T03,17,4,3,3,data_public\capgmyo_dba\dba-s17.zip,017-004-003.mat,1000,64
1313,S17_G04_T04,17,4,3,4,data_public\capgmyo_dba\dba-s17.zip,017-004-004.mat,1000,64
1314,S17_G04_T05,17,4,3,5,data_public\capgmyo_dba\dba-s17.zip,017-004-005.mat,1000,64
1315,S17_G04_T06,17,4,3,6,data_public\capgmyo_dba\dba-s17.zip,017-004-006.mat,1000,64
1316,S17_G04_T07,17,4,3,7,data_public\capgmyo_dba\dba-s17.zip,017-004-007.mat,1000,64
1317,S17_G04_T08,17,4,3,8,data_public\capgmyo_dba\dba-s17.zip,017-004-008.mat,1000,64
1318,S17_G04_T09,17,4,3,9,data_public\capgmyo_dba\dba-s17.zip,017-004-009.mat,1000,64
1319,S17_G04_T10,17,4,3,10,data_public\capgmyo_dba\dba-s17.zip,017-004-010.mat,1000,64
1320,S17_G05_T01,17,5,4,1,data_public\capgmyo_dba\dba-s17.zip,017-005-001.mat,1000,64
1321,S17_G05_T02,17,5,4,2,data_public\capgmyo_dba\dba-s17.zip,017-005-002.mat,1000,64
1322,S17_G05_T03,17,5,4,3,data_public\capgmyo_dba\dba-s17.zip,017-005-003.mat,1000,64
1323,S17_G05_T04,17,5,4,4,data_public\capgmyo_dba\dba-s17.zip,017-005-004.mat,1000,64
1324,S17_G05_T05,17,5,4,5,data_public\capgmyo_dba\dba-s17.zip,017-005-005.mat,1000,64
1325,S17_G05_T06,17,5,4,6,data_public\capgmyo_dba\dba-s17.zip,017-005-006.mat,1000,64
1326,S17_G05_T07,17,5,4,7,data_public\capgmyo_dba\dba-s17.zip,017-005-007.mat,1000,64
1327,S17_G05_T08,17,5,4,8,data_public\capgmyo_dba\dba-s17.zip,017-005-008.mat,1000,64
1328,S17_G05_T09,17,5,4,9,data_public\capgmyo_dba\dba-s17.zip,017-005-009.mat,1000,64
1329,S17_G05_T10,17,5,4,10,data_public\capgmyo_dba\dba-s17.zip,017-005-010.mat,1000,64
1330,S17_G06_T01,17,6,5,1,data_public\capgmyo_dba\dba-s17.zip,017-006-001.mat,1000,64
1331,S17_G06_T02,17,6,5,2,data_public\capgmyo_dba\dba-s17.zip,017-006-002.mat,1000,64
1332,S17_G06_T03,17,6,5,3,data_public\capgmyo_dba\dba-s17.zip,017-006-003.mat,1000,64
1333,S17_G06_T04,17,6,5,4,data_public\capgmyo_dba\dba-s17.zip,017-006-004.mat,1000,64
1334,S17_G06_T05,17,6,5,5,data_public\capgmyo_dba\dba-s17.zip,017-006-005.mat,1000,64
1335,S17_G06_T06,17,6,5,6,data_public\capgmyo_dba\dba-s17.zip,017-006-006.mat,1000,64
1336,S17_G06_T07,17,6,5,7,data_public\capgmyo_dba\dba-s17.zip,017-006-007.mat,1000,64
1337,S17_G06_T08,17,6,5,8,data_public\capgmyo_dba\dba-s17.zip,017-006-008.mat,1000,64
1338,S17_G06_T09,17,6,5,9,data_public\capgmyo_dba\dba-s17.zip,017-006-009.mat,1000,64
1339,S17_G06_T10,17,6,5,10,data_public\capgmyo_dba\dba-s17.zip,017-006-010.mat,1000,64
1340,S17_G07_T01,17,7,6,1,data_public\capgmyo_dba\dba-s17.zip,017-007-001.mat,1000,64
1341,S17_G07_T02,17,7,6,2,data_public\capgmyo_dba\dba-s17.zip,017-007-002.mat,1000,64
1342,S17_G07_T03,17,7,6,3,data_public\capgmyo_dba\dba-s17.zip,017-007-003.mat,1000,64
1343,S17_G07_T04,17,7,6,4,data_public\capgmyo_dba\dba-s17.zip,017-007-004.mat,1000,64
1344,S17_G07_T05,17,7,6,5,data_public\capgmyo_dba\dba-s17.zip,017-007-005.mat,1000,64
1345,S17_G07_T06,17,7,6,6,data_public\capgmyo_dba\dba-s17.zip,017-007-006.mat,1000,64
1346,S17_G07_T07,17,7,6,7,data_public\capgmyo_dba\dba-s17.zip,017-007-007.mat,1000,64
1347,S17_G07_T08,17,7,6,8,data_public\capgmyo_dba\dba-s17.zip,017-007-008.mat,1000,64
1348,S17_G07_T09,17,7,6,9,data_public\capgmyo_dba\dba-s17.zip,017-007-009.mat,1000,64
1349,S17_G07_T10,17,7,6,10,data_public\capgmyo_dba\dba-s17.zip,017-007-010.mat,1000,64
1350,S17_G08_T01,17,8,7,1,data_public\capgmyo_dba\dba-s17.zip,017-008-001.mat,1000,64
1351,S17_G08_T02,17,8,7,2,data_public\capgmyo_dba\dba-s17.zip,017-008-002.mat,1000,64
1352,S17_G08_T03,17,8,7,3,data_public\capgmyo_dba\dba-s17.zip,017-008-003.mat,1000,64
1353,S17_G08_T04,17,8,7,4,data_public\capgmyo_dba\dba-s17.zip,017-008-004.mat,1000,64
1354,S17_G08_T05,17,8,7,5,data_public\capgmyo_dba\dba-s17.zip,017-008-005.mat,1000,64
1355,S17_G08_T06,17,8,7,6,data_public\capgmyo_dba\dba-s17.zip,017-008-006.mat,1000,64
1356,S17_G08_T07,17,8,7,7,data_public\capgmyo_dba\dba-s17.zip,017-008-007.mat,1000,64
1357,S17_G08_T08,17,8,7,8,data_public\capgmyo_dba\dba-s17.zip,017-008-008.mat,1000,64
1358,S17_G08_T09,17,8,7,9,data_public\capgmyo_dba\dba-s17.zip,017-008-009.mat,1000,64
1359,S17_G08_T10,17,8,7,10,data_public\capgmyo_dba\dba-s17.zip,017-008-010.mat,1000,64
1360,S18_G01_T01,18,1,0,1,data_public\capgmyo_dba\dba-s18.zip,018-001-001.mat,1000,64
1361,S18_G01_T02,18,1,0,2,data_public\capgmyo_dba\dba-s18.zip,018-001-002.mat,1000,64
1362,S18_G01_T03,18,1,0,3,data_public\capgmyo_dba\dba-s18.zip,018-001-003.mat,1000,64
1363,S18_G01_T04,18,1,0,4,data_public\capgmyo_dba\dba-s18.zip,018-001-004.mat,1000,64
1364,S18_G01_T05,18,1,0,5,data_public\capgmyo_dba\dba-s18.zip,018-001-005.mat,1000,64
1365,S18_G01_T06,18,1,0,6,data_public\capgmyo_dba\dba-s18.zip,018-001-006.mat,1000,64
1366,S18_G01_T07,18,1,0,7,data_public\capgmyo_dba\dba-s18.zip,018-001-007.mat,1000,64
1367,S18_G01_T08,18,1,0,8,data_public\capgmyo_dba\dba-s18.zip,018-001-008.mat,1000,64
1368,S18_G01_T09,18,1,0,9,data_public\capgmyo_dba\dba-s18.zip,018-001-009.mat,1000,64
1369,S18_G01_T10,18,1,0,10,data_public\capgmyo_dba\dba-s18.zip,018-001-010.mat,1000,64
1370,S18_G02_T01,18,2,1,1,data_public\capgmyo_dba\dba-s18.zip,018-002-001.mat,1000,64
1371,S18_G02_T02,18,2,1,2,data_public\capgmyo_dba\dba-s18.zip,018-002-002.mat,1000,64
1372,S18_G02_T03,18,2,1,3,data_public\capgmyo_dba\dba-s18.zip,018-002-003.mat,1000,64
1373,S18_G02_T04,18,2,1,4,data_public\capgmyo_dba\dba-s18.zip,018-002-004.mat,1000,64
1374,S18_G02_T05,18,2,1,5,data_public\capgmyo_dba\dba-s18.zip,018-002-005.mat,1000,64
1375,S18_G02_T06,18,2,1,6,data_public\capgmyo_dba\dba-s18.zip,018-002-006.mat,1000,64
1376,S18_G02_T07,18,2,1,7,data_public\capgmyo_dba\dba-s18.zip,018-002-007.mat,1000,64
1377,S18_G02_T08,18,2,1,8,data_public\capgmyo_dba\dba-s18.zip,018-002-008.mat,1000,64
1378,S18_G02_T09,18,2,1,9,data_public\capgmyo_dba\dba-s18.zip,018-002-009.mat,1000,64
1379,S18_G02_T10,18,2,1,10,data_public\capgmyo_dba\dba-s18.zip,018-002-010.mat,1000,64
1380,S18_G03_T01,18,3,2,1,data_public\capgmyo_dba\dba-s18.zip,018-003-001.mat,1000,64
1381,S18_G03_T02,18,3,2,2,data_public\capgmyo_dba\dba-s18.zip,018-003-002.mat,1000,64
1382,S18_G03_T03,18,3,2,3,data_public\capgmyo_dba\dba-s18.zip,018-003-003.mat,1000,64
1383,S18_G03_T04,18,3,2,4,data_public\capgmyo_dba\dba-s18.zip,018-003-004.mat,1000,64
1384,S18_G03_T05,18,3,2,5,data_public\capgmyo_dba\dba-s18.zip,018-003-005.mat,1000,64
1385,S18_G03_T06,18,3,2,6,data_public\capgmyo_dba\dba-s18.zip,018-003-006.mat,1000,64
1386,S18_G03_T07,18,3,2,7,data_public\capgmyo_dba\dba-s18.zip,018-003-007.mat,1000,64
1387,S18_G03_T08,18,3,2,8,data_public\capgmyo_dba\dba-s18.zip,018-003-008.mat,1000,64
1388,S18_G03_T09,18,3,2,9,data_public\capgmyo_dba\dba-s18.zip,018-003-009.mat,1000,64
1389,S18_G03_T10,18,3,2,10,data_public\capgmyo_dba\dba-s18.zip,018-003-010.mat,1000,64
1390,S18_G04_T01,18,4,3,1,data_public\capgmyo_dba\dba-s18.zip,018-004-001.mat,1000,64
1391,S18_G04_T02,18,4,3,2,data_public\capgmyo_dba\dba-s18.zip,018-004-002.mat,1000,64
1392,S18_G04_T03,18,4,3,3,data_public\capgmyo_dba\dba-s18.zip,018-004-003.mat,1000,64
1393,S18_G04_T04,18,4,3,4,data_public\capgmyo_dba\dba-s18.zip,018-004-004.mat,1000,64
1394,S18_G04_T05,18,4,3,5,data_public\capgmyo_dba\dba-s18.zip,018-004-005.mat,1000,64
1395,S18_G04_T06,18,4,3,6,data_public\capgmyo_dba\dba-s18.zip,018-004-006.mat,1000,64
1396,S18_G04_T07,18,4,3,7,data_public\capgmyo_dba\dba-s18.zip,018-004-007.mat,1000,64
1397,S18_G04_T08,18,4,3,8,data_public\capgmyo_dba\dba-s18.zip,018-004-008.mat,1000,64
1398,S18_G04_T09,18,4,3,9,data_public\capgmyo_dba\dba-s18.zip,018-004-009.mat,1000,64
1399,S18_G04_T10,18,4,3,10,data_public\capgmyo_dba\dba-s18.zip,018-004-010.mat,1000,64
1400,S18_G05_T01,18,5,4,1,data_public\capgmyo_dba\dba-s18.zip,018-005-001.mat,1000,64
1401,S18_G05_T02,18,5,4,2,data_public\capgmyo_dba\dba-s18.zip,018-005-002.mat,1000,64
1402,S18_G05_T03,18,5,4,3,data_public\capgmyo_dba\dba-s18.zip,018-005-003.mat,1000,64
1403,S18_G05_T04,18,5,4,4,data_public\capgmyo_dba\dba-s18.zip,018-005-004.mat,1000,64
1404,S18_G05_T05,18,5,4,5,data_public\capgmyo_dba\dba-s18.zip,018-005-005.mat,1000,64
1405,S18_G05_T06,18,5,4,6,data_public\capgmyo_dba\dba-s18.zip,018-005-006.mat,1000,64
1406,S18_G05_T07,18,5,4,7,data_public\capgmyo_dba\dba-s18.zip,018-005-007.mat,1000,64
1407,S18_G05_T08,18,5,4,8,data_public\capgmyo_dba\dba-s18.zip,018-005-008.mat,1000,64
1408,S18_G05_T09,18,5,4,9,data_public\capgmyo_dba\dba-s18.zip,018-005-009.mat,1000,64
1409,S18_G05_T10,18,5,4,10,data_public\capgmyo_dba\dba-s18.zip,018-005-010.mat,1000,64
1410,S18_G06_T01,18,6,5,1,data_public\capgmyo_dba\dba-s18.zip,018-006-001.mat,1000,64
1411,S18_G06_T02,18,6,5,2,data_public\capgmyo_dba\dba-s18.zip,018-006-002.mat,1000,64
1412,S18_G06_T03,18,6,5,3,data_public\capgmyo_dba\dba-s18.zip,018-006-003.mat,1000,64
1413,S18_G06_T04,18,6,5,4,data_public\capgmyo_dba\dba-s18.zip,018-006-004.mat,1000,64
1414,S18_G06_T05,18,6,5,5,data_public\capgmyo_dba\dba-s18.zip,018-006-005.mat,1000,64
1415,S18_G06_T06,18,6,5,6,data_public\capgmyo_dba\dba-s18.zip,018-006-006.mat,1000,64
1416,S18_G06_T07,18,6,5,7,data_public\capgmyo_dba\dba-s18.zip,018-006-007.mat,1000,64
1417,S18_G06_T08,18,6,5,8,data_public\capgmyo_dba\dba-s18.zip,018-006-008.mat,1000,64
1418,S18_G06_T09,18,6,5,9,data_public\capgmyo_dba\dba-s18.zip,018-006-009.mat,1000,64
1419,S18_G06_T10,18,6,5,10,data_public\capgmyo_dba\dba-s18.zip,018-006-010.mat,1000,64
1420,S18_G07_T01,18,7,6,1,data_public\capgmyo_dba\dba-s18.zip,018-007-001.mat,1000,64
1421,S18_G07_T02,18,7,6,2,data_public\capgmyo_dba\dba-s18.zip,018-007-002.mat,1000,64
1422,S18_G07_T03,18,7,6,3,data_public\capgmyo_dba\dba-s18.zip,018-007-003.mat,1000,64
1423,S18_G07_T04,18,7,6,4,data_public\capgmyo_dba\dba-s18.zip,018-007-004.mat,1000,64
1424,S18_G07_T05,18,7,6,5,data_public\capgmyo_dba\dba-s18.zip,018-007-005.mat,1000,64
1425,S18_G07_T06,18,7,6,6,data_public\capgmyo_dba\dba-s18.zip,018-007-006.mat,1000,64
1426,S18_G07_T07,18,7,6,7,data_public\capgmyo_dba\dba-s18.zip,018-007-007.mat,1000,64
1427,S18_G07_T08,18,7,6,8,data_public\capgmyo_dba\dba-s18.zip,018-007-008.mat,1000,64
1428,S18_G07_T09,18,7,6,9,data_public\capgmyo_dba\dba-s18.zip,018-007-009.mat,1000,64
1429,S18_G07_T10,18,7,6,10,data_public\capgmyo_dba\dba-s18.zip,018-007-010.mat,1000,64
1430,S18_G08_T01,18,8,7,1,data_public\capgmyo_dba\dba-s18.zip,018-008-001.mat,1000,64
1431,S18_G08_T02,18,8,7,2,data_public\capgmyo_dba\dba-s18.zip,018-008-002.mat,1000,64
1432,S18_G08_T03,18,8,7,3,data_public\capgmyo_dba\dba-s18.zip,018-008-003.mat,1000,64
1433,S18_G08_T04,18,8,7,4,data_public\capgmyo_dba\dba-s18.zip,018-008-004.mat,1000,64
1434,S18_G08_T05,18,8,7,5,data_public\capgmyo_dba\dba-s18.zip,018-008-005.mat,1000,64
1435,S18_G08_T06,18,8,7,6,data_public\capgmyo_dba\dba-s18.zip,018-008-006.mat,1000,64
1436,S18_G08_T07,18,8,7,7,data_public\capgmyo_dba\dba-s18.zip,018-008-007.mat,1000,64
1437,S18_G08_T08,18,8,7,8,data_public\capgmyo_dba\dba-s18.zip,018-008-008.mat,1000,64
1438,S18_G08_T09,18,8,7,9,data_public\capgmyo_dba\dba-s18.zip,018-008-009.mat,1000,64
1439,S18_G08_T10,18,8,7,10,data_public\capgmyo_dba\dba-s18.zip,018-008-010.mat,1000,64
